A,Y,W,W2,Z,X_crop,X_ea
50.0,2.5649493574615367,13.0,5.3,0.8936170212765957,1,0
50.0,5.860786223465865,13.0,5.3,0.8936170212765957,2,0
50.0,3.4339872044851463,13.0,2.2,0.8936170212765957,1,0
25.0,2.833213344056216,13.0,3.1,0.8936170212765957,2,0
25.0,2.70805020110221,14.0,1.3,0.8936170212765957,2,0
75.0,1.6094379124341003,15.0,4.8,0.8936170212765957,1,0
50.0,1.791759469228055,13.0,6.4,0.8936170212765957,1,0
25.0,3.8918202981106265,14.0,5.2,0.8936170212765957,1,0
25.0,3.713572066704308,13.0,5.3,0.8936170212765957,1,0
25.0,2.5649493574615367,13.0,5.3,0.8936170212765957,2,0
25.0,3.713572066704308,13.0,5.4,0.8936170212765957,2,0
50.0,5.017279836814924,14.0,1.9,0.8936170212765957,2,0
50.0,1.3862943611198906,12.0,7.7,0.8936170212765957,2,0
33.0,2.772588722239781,14.0,2.9,0.8936170212765957,2,0
25.0,0.6931471805599453,14.0,2.9,0.8936170212765957,1,0
50.0,1.6094379124341003,14.0,2.4,0.8936170212765957,2,0
33.0,1.6094379124341003,13.0,3.0,0.8936170212765957,2,0
25.0,3.713572066704308,14.0,6.0,0.8936170212765957,1,0
25.0,2.0794415416798357,13.0,6.3,0.8936170212765957,2,0
25.0,0.6931471805599453,14.0,7.1,0.8936170212765957,2,0
50.0,1.6094379124341003,10.0,17.1,0.6861313868613139,1,1
0.0,0.6931471805599453,10.0,30.2,0.6861313868613139,3,1
0.0,0.6931471805599453,10.0,19.2,0.6861313868613139,3,1
0.0,1.0986122886681098,10.0,19.3,0.6861313868613139,0,1
50.0,0.6931471805599453,13.0,1.7,0.6861313868613139,3,1
0.0,1.0986122886681098,14.0,2.3,0.6861313868613139,3,1
50.0,0.6931471805599453,15.0,0.9,0.6861313868613139,3,1
50.0,1.0986122886681098,13.0,5.7,0.6861313868613139,1,1
50.0,1.0986122886681098,12.0,21.6,0.6861313868613139,1,1
0.0,1.6094379124341003,14.0,4.6,0.6861313868613139,3,1
0.0,1.0986122886681098,14.0,4.6,0.6861313868613139,3,1
33.0,0.6931471805599453,13.0,3.6,0.6861313868613139,1,1
33.0,1.3862943611198906,14.0,3.6,0.6861313868613139,1,1
33.0,0.6931471805599453,14.0,1.0,0.6861313868613139,3,1
33.0,1.3862943611198906,14.0,1.2,0.6861313868613139,3,1
25.0,0.6931471805599453,14.0,1.2,0.6861313868613139,3,1
25.0,1.3862943611198906,13.0,3.2,0.6861313868613139,3,1
33.0,1.3862943611198906,11.0,6.7,0.6861313868613139,1,1
0.0,1.0986122886681098,12.0,13.6,0.6861313868613139,3,1
0.0,1.791759469228055,13.0,1.8,0.6861313868613139,1,1
50.0,0.6931471805599453,14.0,2.2,0.6861313868613139,3,1
0.0,1.3862943611198906,14.0,3.0,0.6861313868613139,3,1
0.0,1.0986122886681098,13.0,2.8,0.6861313868613139,3,1
0.0,1.0986122886681098,13.0,22.3,0.6861313868613139,1,1
33.0,1.0986122886681098,11.0,9.8,0.6861313868613139,1,1
50.0,1.6094379124341003,12.0,10.9,0.6861313868613139,0,1
25.0,1.0986122886681098,14.0,3.4,0.6861313868613139,1,1
50.0,3.044522437723423,10.0,22.9,0.6861313868613139,3,1
25.0,1.252762968495368,15.0,2.6,0.6861313868613139,3,1
0.0,1.6094379124341003,12.0,7.2,0.6861313868613139,1,1
33.0,0.6931471805599453,14.0,4.3,0.6861313868613139,3,1
33.0,0.6931471805599453,14.0,2.8,0.6861313868613139,3,1
33.0,0.6931471805599453,13.0,2.5,0.6861313868613139,3,1
25.0,0.6931471805599453,14.0,4.4,0.6861313868613139,3,1
50.0,0.6931471805599453,12.0,2.5,0.6861313868613139,3,1
33.0,3.044522437723423,12.0,2.6,0.6861313868613139,3,1
33.0,2.3978952727983707,13.0,3.0,0.6861313868613139,3,1
25.0,0.6931471805599453,13.0,3.1,0.6861313868613139,3,1
25.0,2.3978952727983707,12.0,9.5,0.6861313868613139,1,1
25.0,2.6390573296152584,13.0,6.7,0.6861313868613139,0,1
50.0,1.3862943611198906,12.0,13.7,0.6861313868613139,3,1
33.0,0.9162907318741551,12.0,12.1,0.6861313868613139,3,1
25.0,1.0986122886681098,12.0,14.4,0.6861313868613139,3,1
25.0,1.6094379124341003,12.0,19.1,0.6861313868613139,3,1
33.0,2.70805020110221,11.0,29.9,0.6861313868613139,0,1
50.0,2.3978952727983707,12.0,6.3,0.6861313868613139,1,1
33.0,2.3978952727983707,12.0,6.3,0.6861313868613139,1,1
50.0,0.6931471805599453,13.0,10.5,0.6861313868613139,3,1
50.0,0.6931471805599453,15.0,1.4,0.6861313868613139,3,1
50.0,1.0986122886681098,11.0,29.4,0.6861313868613139,3,1
0.0,2.3978952727983707,12.0,7.8,0.6861313868613139,1,1
33.0,1.0986122886681098,14.0,2.0,0.6861313868613139,3,1
33.0,0.6931471805599453,13.0,2.1,0.6861313868613139,3,1
50.0,1.3862943611198906,14.0,2.4,0.6861313868613139,3,1
0.0,0.6931471805599453,15.0,2.7,0.6861313868613139,3,1
0.0,1.0986122886681098,12.0,18.2,0.6861313868613139,1,1
0.0,0.6931471805599453,11.0,19.6,0.6861313868613139,1,1
95.0,1.0986122886681098,12.0,17.8,0.6861313868613139,0,1
33.0,1.6094379124341003,15.0,2.1,0.6861313868613139,3,1
33.0,0.9162907318741551,14.0,3.1,0.6861313868613139,3,1
33.0,0.6931471805599453,12.0,6.3,0.6861313868613139,3,1
0.0,2.0794415416798357,14.0,12.1,0.6861313868613139,1,1
50.0,1.0986122886681098,17.0,5.5,0.6861313868613139,3,1
0.0,1.0986122886681098,12.0,11.5,0.6861313868613139,3,1
0.0,0.6931471805599453,15.0,21.3,0.6861313868613139,3,1
40.0,4.110873864173311,19.0,3.7,0.1,3,2
50.0,1.0986122886681098,14.0,8.7,0.8348623853211009,1,3
50.0,1.0986122886681098,14.0,8.7,0.8348623853211009,1,3
50.0,0.6931471805599453,14.0,8.5,0.8348623853211009,1,3
50.0,0.6931471805599453,14.0,8.5,0.8348623853211009,1,3
25.0,3.8918202981106265,11.0,11.6,0.8348623853211009,3,3
25.0,3.258096538021482,12.0,13.0,0.8348623853211009,3,3
50.0,1.0986122886681098,12.0,9.3,0.8348623853211009,1,3
50.0,1.0986122886681098,12.0,9.3,0.8348623853211009,1,3
50.0,3.258096538021482,12.0,8.5,0.8348623853211009,1,3
50.0,3.258096538021482,12.0,8.5,0.8348623853211009,1,3
50.0,3.58351893845611,14.0,3.6,0.8348623853211009,3,3
50.0,3.58351893845611,13.0,4.6,0.8348623853211009,3,3
0.0,1.6094379124341003,14.0,5.4,0.8348623853211009,1,3
0.0,1.6094379124341003,14.0,5.4,0.8348623853211009,1,3
0.0,3.044522437723423,13.0,3.4,0.8348623853211009,1,3
0.0,2.3978952727983707,13.0,3.8,0.8348623853211009,1,3
0.0,3.258096538021482,12.0,14.0,0.8348623853211009,3,3
0.0,3.258096538021482,13.0,10.9,0.8348623853211009,3,3
0.0,0.6931471805599453,11.0,26.2,0.8348623853211009,1,3
33.0,3.044522437723423,11.0,27.7,0.8348623853211009,1,3
50.0,1.0986122886681098,11.0,26.9,0.8348623853211009,1,3
50.0,1.0986122886681098,11.0,26.9,0.8348623853211009,1,3
25.0,1.6094379124341003,12.0,6.1,0.8348623853211009,1,3
33.0,1.6094379124341003,12.0,6.1,0.8348623853211009,1,3
25.0,2.833213344056216,12.0,4.1,0.8348623853211009,1,3
33.0,1.0986122886681098,15.0,5.7,0.8348623853211009,3,3
25.0,4.51085950651685,12.0,18.7,0.8348623853211009,3,3
33.0,3.4965075614664802,11.0,37.7,0.8348623853211009,3,3
25.0,2.3978952727983707,12.0,9.3,0.8348623853211009,1,3
33.0,3.4965075614664802,12.0,6.6,0.8348623853211009,1,3
33.0,3.4965075614664802,12.0,6.6,0.8348623853211009,1,3
0.0,3.4965075614664802,13.0,5.5,0.8348623853211009,3,3
33.0,4.574710978503383,12.0,9.0,0.8348623853211009,1,3
33.0,4.574710978503383,12.0,9.0,0.8348623853211009,1,3
33.0,2.833213344056216,11.0,10.0,0.8348623853211009,1,3
33.0,2.833213344056216,11.0,10.0,0.8348623853211009,1,3
33.0,0.6931471805599453,11.0,11.5,0.8348623853211009,1,3
33.0,0.6931471805599453,11.0,11.5,0.8348623853211009,1,3
33.0,1.3862943611198906,12.0,11.8,0.8348623853211009,1,3
33.0,3.4965075614664802,11.0,32.9,0.8348623853211009,3,3
50.0,1.3862943611198906,11.0,24.2,0.8348623853211009,3,3
33.0,1.791759469228055,12.0,13.9,0.8348623853211009,1,3
25.0,3.5263605246161616,12.0,15.7,0.8348623853211009,3,3
25.0,0.6931471805599453,12.0,7.9,0.8348623853211009,3,3
25.0,1.6094379124341003,13.0,37.7,0.8348623853211009,1,3
50.0,1.6094379124341003,13.0,37.7,0.8348623853211009,1,3
25.0,0.6931471805599453,12.0,41.6,0.8348623853211009,1,3
25.0,0.6931471805599453,12.0,41.6,0.8348623853211009,1,3
33.0,0.6931471805599453,11.0,17.5,0.8348623853211009,3,3
33.0,0.6931471805599453,12.0,37.6,0.8348623853211009,3,3
33.0,1.9459101490553132,14.0,3.0,0.8823529411764706,2,4
25.0,3.4339872044851463,13.0,3.8,0.8823529411764706,1,4
33.0,1.0986122886681098,13.0,6.8,0.8823529411764706,2,4
33.0,1.0986122886681098,13.0,6.8,0.8823529411764706,2,4
33.0,1.6094379124341003,13.0,6.8,0.8823529411764706,2,4
33.0,1.791759469228055,11.0,26.3,0.8823529411764706,2,4
25.0,3.044522437723423,12.0,8.7,0.8823529411764706,1,4
33.0,1.0986122886681098,12.0,9.1,0.8823529411764706,2,4
25.0,2.3978952727983707,12.0,8.1,0.8823529411764706,1,4
33.0,1.0986122886681098,12.0,8.3,0.8823529411764706,2,4
33.0,1.3862943611198906,12.0,8.4,0.8823529411764706,2,4
33.0,1.0986122886681098,12.0,4.2,0.8823529411764706,2,4
50.0,2.772588722239781,12.0,7.4,0.8823529411764706,1,4
33.0,1.6094379124341003,13.0,5.2,0.8823529411764706,2,4
33.0,1.3862943611198906,12.0,8.5,0.8823529411764706,2,4
33.0,1.0986122886681098,12.0,8.5,0.8823529411764706,2,4
33.0,0.6931471805599453,12.0,6.7,0.8823529411764706,1,4
33.0,1.6094379124341003,13.0,4.6,0.8823529411764706,2,4
25.0,2.3978952727983707,12.0,5.8,0.8823529411764706,1,4
25.0,1.3862943611198906,12.0,5.6,0.8823529411764706,2,4
33.0,0.6931471805599453,12.0,10.8,0.8823529411764706,1,4
50.0,0.6931471805599453,12.0,8.0,0.8823529411764706,2,4
50.0,1.0986122886681098,12.0,9.4,0.8823529411764706,2,4
10.0,2.3978952727983707,12.0,6.2,0.8823529411764706,1,4
25.0,1.3862943611198906,12.0,6.3,0.8823529411764706,2,4
15.0,2.772588722239781,13.0,6.2,0.8823529411764706,1,4
15.0,2.3978952727983707,12.0,6.3,0.8823529411764706,1,4
33.0,1.3862943611198906,12.0,6.3,0.8823529411764706,2,4
33.0,1.0986122886681098,12.0,5.8,0.8823529411764706,2,4
33.0,1.3862943611198906,12.0,6.1,0.8823529411764706,2,4
33.0,1.0986122886681098,12.0,4.5,0.8823529411764706,2,4
75.0,3.258096538021482,12.0,3.6,0.5196078431372549,1,5
67.0,0.6931471805599453,13.0,3.8,0.5196078431372549,2,5
0.0,1.0986122886681098,13.0,2.6,0.5196078431372549,1,5
0.0,0.6931471805599453,13.0,2.3,0.5196078431372549,2,5
67.0,1.9459101490553132,14.0,1.5,0.5196078431372549,1,5
50.0,3.713572066704308,14.0,2.6,0.5196078431372549,2,5
50.0,2.5649493574615367,12.0,22.9,0.5196078431372549,2,5
50.0,3.044522437723423,15.0,2.9,0.5196078431372549,2,5
50.0,2.5649493574615367,12.0,20.4,0.5196078431372549,2,5
0.0,1.0986122886681098,14.0,5.6,0.5196078431372549,3,5
75.0,0.6931471805599453,13.0,0.4,0.5196078431372549,2,5
50.0,1.0986122886681098,13.0,2.5,0.5196078431372549,1,5
50.0,1.0986122886681098,13.0,2.5,0.5196078431372549,1,5
50.0,3.258096538021482,13.0,2.5,0.5196078431372549,2,5
50.0,3.258096538021482,13.0,2.5,0.5196078431372549,2,5
50.0,2.3978952727983707,13.0,2.5,0.5196078431372549,1,5
50.0,2.3978952727983707,13.0,2.5,0.5196078431372549,1,5
50.0,3.044522437723423,13.0,2.5,0.5196078431372549,2,5
50.0,3.044522437723423,13.0,2.5,0.5196078431372549,2,5
50.0,0.6931471805599453,13.0,2.6,0.5196078431372549,2,5
0.0,3.2188758248682006,12.0,7.6,0.5196078431372549,2,5
0.0,0.6931471805599453,16.0,5.4,0.5196078431372549,3,5
50.0,0.6931471805599453,13.0,2.8,0.5196078431372549,2,5
50.0,1.0986122886681098,13.0,3.2,0.5196078431372549,2,5
50.0,1.9459101490553132,15.0,2.9,0.5196078431372549,2,5
67.0,1.6094379124341003,12.0,3.5,0.5196078431372549,2,5
67.0,1.6094379124341003,13.0,3.9,0.5196078431372549,1,5
67.0,1.791759469228055,12.0,2.9,0.5196078431372549,2,5
67.0,1.3862943611198906,13.0,2.7,0.5196078431372549,2,5
33.0,1.6094379124341003,11.0,17.6,0.5196078431372549,1,5
33.0,1.0986122886681098,11.0,14.5,0.5196078431372549,2,5
33.0,0.6931471805599453,12.0,6.8,0.5196078431372549,2,5
0.0,3.258096538021482,12.0,5.1,0.5196078431372549,3,5
0.0,2.70805020110221,13.0,4.5,0.5196078431372549,2,5
0.0,1.6094379124341003,15.0,3.8,0.5196078431372549,2,5
0.0,1.0986122886681098,11.0,25.5,0.5196078431372549,2,5
0.0,0.6931471805599453,12.0,11.0,0.5196078431372549,2,5
0.0,1.0986122886681098,12.0,9.3,0.5196078431372549,1,5
0.0,1.0986122886681098,13.0,5.2,0.5196078431372549,2,5
0.0,2.833213344056216,13.0,8.2,0.5196078431372549,2,5
0.0,0.6931471805599453,10.0,39.8,0.5196078431372549,2,5
0.0,1.0986122886681098,11.0,14.0,0.5196078431372549,1,5
0.0,1.0986122886681098,11.0,14.0,0.5196078431372549,1,5
0.0,1.0986122886681098,11.0,14.0,0.5196078431372549,2,5
0.0,1.0986122886681098,11.0,14.0,0.5196078431372549,2,5
0.0,1.3862943611198906,11.0,12.6,0.5196078431372549,2,5
0.0,1.0986122886681098,11.0,13.8,0.5196078431372549,1,5
0.0,3.295836866004329,11.0,6.1,0.5196078431372549,2,5
0.0,2.1972245773362196,14.0,3.1,0.5196078431372549,2,5
0.0,1.0986122886681098,13.0,3.0,0.5196078431372549,3,5
33.0,2.833213344056216,13.0,2.6,0.5196078431372549,1,5
25.0,2.833213344056216,13.0,3.2,0.5196078431372549,2,5
0.0,1.0986122886681098,10.0,26.5,0.5196078431372549,2,5
25.0,1.0986122886681098,13.0,2.0,0.5196078431372549,2,5
33.0,1.0986122886681098,14.0,2.1,0.5196078431372549,3,5
50.0,1.791759469228055,13.0,1.7,0.5196078431372549,2,5
0.0,0.6931471805599453,13.0,4.4,0.5196078431372549,1,5
0.0,0.6931471805599453,13.0,3.7,0.5196078431372549,2,5
0.0,1.0986122886681098,11.0,16.0,0.5196078431372549,2,5
0.0,3.9318256327243257,14.0,2.8,0.5196078431372549,3,5
50.0,1.791759469228055,13.0,2.7,0.5196078431372549,1,5
33.0,1.791759469228055,13.0,2.7,0.5196078431372549,1,5
50.0,3.4339872044851463,13.0,2.7,0.5196078431372549,2,5
33.0,3.4339872044851463,13.0,2.7,0.5196078431372549,2,5
33.0,2.5649493574615367,14.0,2.1,0.5196078431372549,2,5
50.0,1.0986122886681098,13.0,1.3,0.5196078431372549,1,5
33.0,1.3862943611198906,13.0,1.5,0.5196078431372549,2,5
30.0,0.6931471805599453,12.0,19.5,0.9423076923076923,1,6
20.0,0.6931471805599453,12.0,19.5,0.9423076923076923,1,6
30.0,0.6931471805599453,12.0,19.5,0.9423076923076923,2,6
20.0,0.6931471805599453,12.0,19.5,0.9423076923076923,2,6
25.0,1.6094379124341003,13.0,15.7,0.9423076923076923,2,6
20.0,1.0986122886681098,13.0,17.4,0.9423076923076923,3,6
20.0,0.6931471805599453,15.0,7.5,0.9423076923076923,2,6
25.0,0.6931471805599453,13.0,20.7,0.9423076923076923,3,6
50.0,0.6931471805599453,11.0,7.5,0.9423076923076923,1,6
25.0,0.6931471805599453,11.0,7.5,0.9423076923076923,1,6
50.0,1.0986122886681098,11.0,7.5,0.9423076923076923,2,6
25.0,1.0986122886681098,11.0,7.5,0.9423076923076923,2,6
25.0,1.3862943611198906,11.0,10.6,0.9423076923076923,2,6
30.0,2.3978952727983707,12.0,13.7,0.9423076923076923,1,6
25.0,1.3862943611198906,11.0,10.7,0.9423076923076923,2,6
30.0,0.6931471805599453,12.0,8.4,0.9423076923076923,1,6
25.0,1.6094379124341003,12.0,9.2,0.9423076923076923,2,6
0.0,2.3978952727983707,12.0,12.0,0.9423076923076923,0,6
30.0,0.6931471805599453,12.0,17.7,0.9423076923076923,3,6
40.0,1.791759469228055,12.0,4.5,0.9423076923076923,1,6
20.0,1.791759469228055,12.0,4.5,0.9423076923076923,1,6
40.0,2.3978952727983707,12.0,4.5,0.9423076923076923,2,6
20.0,2.3978952727983707,12.0,4.5,0.9423076923076923,2,6
40.0,0.6931471805599453,13.0,4.2,0.9423076923076923,1,6
20.0,0.6931471805599453,13.0,4.2,0.9423076923076923,1,6
40.0,1.0986122886681098,13.0,4.2,0.9423076923076923,2,6
20.0,1.0986122886681098,13.0,4.2,0.9423076923076923,2,6
25.0,1.3862943611198906,15.0,4.9,0.9423076923076923,2,6
20.0,0.6931471805599453,15.0,5.1,0.9423076923076923,2,6
15.0,0.6931471805599453,15.0,5.1,0.9423076923076923,2,6
25.0,0.6931471805599453,15.0,4.7,0.9423076923076923,3,6
15.0,0.6931471805599453,14.0,5.2,0.9423076923076923,2,6
10.0,0.6931471805599453,14.0,5.2,0.9423076923076923,2,6
30.0,0.6931471805599453,13.0,7.4,0.9423076923076923,1,6
20.0,0.6931471805599453,13.0,7.4,0.9423076923076923,1,6
30.0,0.6931471805599453,13.0,7.4,0.9423076923076923,2,6
20.0,0.6931471805599453,13.0,7.4,0.9423076923076923,2,6
30.0,1.3862943611198906,13.0,6.6,0.9423076923076923,2,6
40.0,2.3978952727983707,13.0,7.3,0.9423076923076923,1,6
15.0,1.6094379124341003,12.0,8.1,0.9423076923076923,3,6
33.0,0.6931471805599453,12.0,8.9,0.9423076923076923,1,6
20.0,0.6931471805599453,12.0,8.9,0.9423076923076923,1,6
33.0,1.3862943611198906,12.0,8.9,0.9423076923076923,2,6
20.0,1.3862943611198906,12.0,8.9,0.9423076923076923,2,6
15.0,1.0986122886681098,12.0,9.8,0.9423076923076923,0,6
25.0,1.6094379124341003,15.0,15.6,0.9423076923076923,2,6
33.0,0.6931471805599453,11.0,8.5,0.9423076923076923,1,6
25.0,0.6931471805599453,11.0,8.5,0.9423076923076923,1,6
33.0,0.6931471805599453,11.0,8.5,0.9423076923076923,2,6
25.0,0.6931471805599453,11.0,8.5,0.9423076923076923,2,6
25.0,1.0986122886681098,11.0,8.6,0.9423076923076923,2,6
10.0,1.791759469228055,11.0,9.3,0.9423076923076923,0,6
20.0,1.3862943611198906,11.0,10.6,0.9423076923076923,2,6
15.0,1.0986122886681098,12.0,5.8,0.9423076923076923,3,6
33.0,2.3978952727983707,12.0,5.7,1.0,1,7
15.0,3.258096538021482,12.0,6.6,1.0,0,7
50.0,3.258096538021482,12.0,8.5,1.0,3,7
33.0,3.044522437723423,12.0,8.7,1.0,4,7
33.0,0.6931471805599453,12.0,6.6,1.0,3,7
33.0,3.4339872044851463,12.0,5.6,1.0,3,7
25.0,1.0986122886681098,11.0,8.0,1.0,3,7
50.0,2.3978952727983707,12.0,9.3,1.0,4,7
75.0,2.5649493574615367,12.0,12.3,1.0,1,7
50.0,2.3978952727983707,13.0,11.3,1.0,0,7
25.0,0.6931471805599453,13.0,9.7,1.0,3,7
33.0,1.791759469228055,13.0,9.9,1.0,0,7
67.0,3.6375861597263857,13.0,10.3,1.0,3,7
25.0,3.6375861597263857,13.0,9.8,1.0,3,7
33.0,1.9459101490553132,12.0,16.1,1.0,1,7
25.0,3.258096538021482,12.0,17.3,1.0,0,7
67.0,1.0986122886681098,12.0,9.7,1.0,3,7
33.0,1.0986122886681098,12.0,14.4,1.0,3,7
25.0,0.9162907318741551,11.0,11.7,1.0,3,7
33.0,2.772588722239781,12.0,13.3,1.0,1,7
25.0,0.6931471805599453,11.0,14.0,1.0,3,7
33.0,3.9318256327243257,11.0,14.1,1.0,4,7
67.0,1.9459101490553132,12.0,13.5,1.0,0,7
25.0,3.4339872044851463,12.0,13.5,1.0,3,7
67.0,1.0986122886681098,12.0,13.0,1.0,3,7
67.0,2.772588722239781,13.0,3.6,1.0,1,7
50.0,0.6931471805599453,13.0,3.6,1.0,3,7
50.0,0.6931471805599453,12.0,4.1,1.0,4,7
50.0,0.4054651081081644,12.0,4.2,1.0,3,7
33.0,0.4054651081081644,13.0,5.0,1.0,3,7
33.0,1.0986122886681098,12.0,4.6,1.0,3,7
67.0,2.1972245773362196,14.0,2.4,1.0,1,7
33.0,0.4054651081081644,13.0,7.1,1.0,3,7
25.0,0.6931471805599453,13.0,3.8,1.0,3,7
25.0,0.9162907318741551,13.0,3.7,1.0,3,7
25.0,2.3978952727983707,13.0,3.2,1.0,1,7
33.0,0.4054651081081644,14.0,2.0,1.0,3,7
25.0,0.9162907318741551,13.0,2.8,1.0,3,7
33.0,1.0986122886681098,13.0,4.9,1.0,3,7
50.0,0.6931471805599453,14.0,1.4,1.0,3,7
15.0,0.6931471805599453,12.0,2.0,1.0,3,7
25.0,0.4054651081081644,12.0,3.2,1.0,3,7
25.0,0.6931471805599453,13.0,3.5,1.0,3,7
33.0,0.6931471805599453,13.0,3.3,1.0,3,7
25.0,2.1972245773362196,12.0,2.5,1.0,1,7
50.0,0.6931471805599453,14.0,3.8,1.0,3,7
75.0,1.9459101490553132,11.0,12.2,1.0,1,7
33.0,0.6931471805599453,11.0,13.7,1.0,3,7
50.0,3.258096538021482,11.0,14.3,1.0,0,7
25.0,1.0986122886681098,12.0,9.2,1.0,3,7
25.0,0.4054651081081644,11.0,12.7,1.0,3,7
25.0,0.9162907318741551,11.0,13.5,1.0,3,7
67.0,2.1972245773362196,12.0,12.9,1.0,4,7
33.0,0.6931471805599453,12.0,13.3,1.0,3,7
15.0,3.044522437723423,14.0,6.4,1.0,1,7
67.0,1.3862943611198906,15.0,5.8,1.0,0,7
25.0,0.6931471805599453,16.0,2.9,1.0,3,7
25.0,0.6931471805599453,14.0,10.4,1.0,3,7
33.0,1.0986122886681098,14.0,5.1,1.0,3,7
33.0,1.0986122886681098,11.0,19.2,1.0,3,7
25.0,0.6931471805599453,14.0,8.3,1.0,3,7
15.0,2.1972245773362196,12.0,12.3,1.0,1,7
33.0,0.6931471805599453,16.0,0.8,1.0,3,7
25.0,0.6931471805599453,14.0,4.6,1.0,3,7
0.0,3.58351893845611,10.0,38.0,0.35802469135802467,1,8
0.0,4.330733340286331,10.0,38.9,0.35802469135802467,4,8
0.0,4.330733340286331,10.0,38.9,0.35802469135802467,4,8
0.0,0.9162907318741551,11.0,40.9,0.35802469135802467,3,8
0.0,0.6931471805599453,11.0,40.3,0.35802469135802467,3,8
0.0,0.6931471805599453,12.0,3.6,0.35802469135802467,3,8
0.0,3.58351893845611,13.0,4.9,0.35802469135802467,3,8
0.0,4.330733340286331,10.0,44.7,0.35802469135802467,4,8
0.0,1.0986122886681098,10.0,39.4,0.35802469135802467,4,8
0.0,1.252762968495368,12.0,25.8,0.35802469135802467,4,8
80.0,1.0986122886681098,12.0,11.3,0.35802469135802467,1,8
0.0,1.0986122886681098,12.0,11.3,0.35802469135802467,1,8
0.0,1.0986122886681098,12.0,10.5,0.35802469135802467,3,8
0.0,4.330733340286331,12.0,14.3,0.35802469135802467,4,8
0.0,0.6931471805599453,12.0,24.0,0.35802469135802467,1,8
0.0,0.6931471805599453,12.0,21.3,0.35802469135802467,4,8
0.0,1.0986122886681098,12.0,25.1,0.35802469135802467,3,8
0.0,0.6931471805599453,12.0,19.2,0.35802469135802467,0,8
33.0,1.3862943611198906,12.0,12.0,0.35802469135802467,4,8
50.0,1.3862943611198906,12.0,11.8,0.35802469135802467,3,8
50.0,4.330733340286331,13.0,16.6,0.35802469135802467,2,8
80.0,0.6931471805599453,12.0,22.1,0.35802469135802467,1,8
0.0,0.6931471805599453,12.0,22.1,0.35802469135802467,1,8
0.0,0.6931471805599453,12.0,22.1,0.35802469135802467,1,8
0.0,4.330733340286331,13.0,9.2,0.35802469135802467,3,8
0.0,1.0986122886681098,14.0,8.4,0.35802469135802467,4,8
0.0,0.9162907318741551,13.0,24.3,0.35802469135802467,3,8
0.0,0.9162907318741551,13.0,24.3,0.35802469135802467,3,8
0.0,0.9162907318741551,13.0,24.3,0.35802469135802467,3,8
0.0,1.5040773967762742,13.0,19.5,0.35802469135802467,4,8
25.0,0.6931471805599453,10.0,38.5,0.35802469135802467,4,8
20.0,4.330733340286331,11.0,35.4,0.35802469135802467,4,8
20.0,4.330733340286331,11.0,40.2,0.35802469135802467,4,8
50.0,3.58351893845611,11.0,37.9,0.35802469135802467,1,8
50.0,3.58351893845611,11.0,36.6,0.35802469135802467,1,8
25.0,3.58351893845611,11.0,37.9,0.35802469135802467,1,8
25.0,3.58351893845611,11.0,36.6,0.35802469135802467,1,8
0.0,1.0986122886681098,11.0,30.2,0.35802469135802467,2,8
0.0,1.0986122886681098,11.0,40.5,0.35802469135802467,2,8
75.0,1.0986122886681098,11.0,30.2,0.35802469135802467,2,8
75.0,1.0986122886681098,11.0,40.5,0.35802469135802467,2,8
0.0,1.3862943611198906,11.0,30.4,0.35802469135802467,4,8
0.0,1.3862943611198906,11.0,40.8,0.35802469135802467,4,8
20.0,1.3862943611198906,11.0,30.4,0.35802469135802467,4,8
20.0,1.3862943611198906,11.0,40.8,0.35802469135802467,4,8
0.0,4.330733340286331,11.0,34.9,0.35802469135802467,0,8
0.0,4.330733340286331,10.0,43.6,0.35802469135802467,0,8
50.0,1.0986122886681098,11.0,37.9,0.35802469135802467,2,8
50.0,1.0986122886681098,11.0,36.6,0.35802469135802467,2,8
25.0,1.0986122886681098,11.0,37.9,0.35802469135802467,2,8
25.0,1.0986122886681098,11.0,36.6,0.35802469135802467,2,8
0.0,0.6931471805599453,11.0,30.2,0.35802469135802467,1,8
0.0,0.6931471805599453,11.0,40.5,0.35802469135802467,1,8
75.0,0.6931471805599453,11.0,30.2,0.35802469135802467,1,8
75.0,0.6931471805599453,11.0,40.5,0.35802469135802467,1,8
0.0,1.5040773967762742,11.0,30.4,0.35802469135802467,4,8
0.0,1.5040773967762742,11.0,40.8,0.35802469135802467,4,8
20.0,1.5040773967762742,11.0,30.4,0.35802469135802467,4,8
20.0,1.5040773967762742,11.0,40.8,0.35802469135802467,4,8
0.0,1.3862943611198906,11.0,14.2,0.35802469135802467,2,8
0.0,0.6931471805599453,12.0,10.7,0.35802469135802467,3,8
20.0,0.9162907318741551,12.0,6.6,0.35802469135802467,4,8
0.0,0.9162907318741551,12.0,6.6,0.35802469135802467,4,8
20.0,1.0986122886681098,12.0,12.2,0.35802469135802467,3,8
25.0,4.330733340286331,12.0,14.0,0.35802469135802467,4,8
25.0,4.330733340286331,11.0,12.6,0.35802469135802467,4,8
25.0,0.6931471805599453,12.0,13.7,0.35802469135802467,4,8
25.0,3.9318256327243257,12.0,23.2,0.35802469135802467,4,8
20.0,1.0986122886681098,12.0,11.6,0.35802469135802467,4,8
85.0,0.6931471805599453,12.0,9.0,0.35802469135802467,1,8
0.0,1.0986122886681098,12.0,6.3,0.35802469135802467,4,8
0.0,0.6931471805599453,11.0,5.7,0.35802469135802467,0,8
0.0,0.6931471805599453,11.0,5.7,0.35802469135802467,0,8
0.0,0.6931471805599453,11.0,5.7,0.35802469135802467,4,8
0.0,0.6931471805599453,11.0,5.7,0.35802469135802467,4,8
0.0,0.6931471805599453,11.0,5.1,0.35802469135802467,4,8
33.0,0.6931471805599453,11.0,11.2,0.35802469135802467,3,8
67.0,0.6931471805599453,12.0,9.5,0.35802469135802467,4,8
0.0,4.330733340286331,11.0,18.6,0.23529411764705882,0,9
0.0,5.017279836814924,11.0,16.6,0.23529411764705882,4,9
0.0,0.6931471805599453,12.0,12.1,0.23529411764705882,3,9
0.0,0.6931471805599453,12.0,18.2,0.23529411764705882,3,9
0.0,3.9318256327243257,12.0,18.1,0.23529411764705882,0,9
0.0,3.9318256327243257,12.0,13.7,0.23529411764705882,0,9
50.0,0.6931471805599453,12.0,18.5,0.23529411764705882,4,9
0.0,3.044522437723423,12.0,21.7,0.23529411764705882,1,9
60.0,3.9318256327243257,12.0,22.0,0.23529411764705882,2,9
70.0,3.9318256327243257,12.0,19.6,0.23529411764705882,4,9
0.0,0.6931471805599453,12.0,17.7,0.23529411764705882,2,9
0.0,3.4339872044851463,12.0,14.0,0.23529411764705882,1,9
0.0,4.2626798770413155,18.0,13.9,0.23529411764705882,0,9
0.0,4.2626798770413155,18.0,13.9,0.23529411764705882,0,9
0.0,1.0986122886681098,18.0,13.9,0.23529411764705882,4,9
0.0,1.0986122886681098,18.0,13.9,0.23529411764705882,4,9
0.0,3.4339872044851463,16.0,13.2,0.23529411764705882,0,9
0.0,0.6931471805599453,11.0,8.9,0.23529411764705882,3,9
0.0,1.0986122886681098,11.0,15.9,0.23529411764705882,2,9
0.0,2.3978952727983707,11.0,31.7,0.23529411764705882,1,9
0.0,1.0986122886681098,12.0,12.1,0.23529411764705882,3,9
10.0,1.0986122886681098,15.0,11.8,0.23529411764705882,4,9
0.0,3.9318256327243257,12.0,24.9,0.23529411764705882,1,9
0.0,0.6931471805599453,12.0,14.0,0.23529411764705882,2,9
0.0,1.0986122886681098,11.0,15.0,0.23529411764705882,2,9
0.0,3.9318256327243257,12.0,4.8,0.23529411764705882,3,9
0.0,3.9318256327243257,12.0,4.8,0.23529411764705882,3,9
0.0,1.791759469228055,12.0,6.1,0.23529411764705882,0,9
60.0,0.6931471805599453,12.0,12.0,0.23529411764705882,2,9
40.0,3.044522437723423,16.0,7.7,0.23529411764705882,1,9
0.0,1.0986122886681098,11.0,10.4,0.23529411764705882,3,9
0.0,0.6931471805599453,11.0,21.2,0.23529411764705882,3,9
70.0,3.258096538021482,12.0,7.2,0.23529411764705882,0,9
30.0,3.9318256327243257,13.0,19.7,0.23529411764705882,2,9
20.0,0.6931471805599453,11.0,14.1,0.23529411764705882,2,9
25.0,3.9318256327243257,14.0,4.2,0.23529411764705882,2,9
0.0,0.6931471805599453,12.0,7.1,0.23529411764705882,3,9
0.0,1.0986122886681098,11.0,22.0,0.23529411764705882,3,9
0.0,3.9318256327243257,17.0,6.1,0.23529411764705882,4,9
0.0,0.6931471805599453,16.0,6.0,0.23529411764705882,3,9
0.0,3.9318256327243257,11.0,15.8,0.23529411764705882,0,9
0.0,3.258096538021482,12.0,16.8,0.23529411764705882,3,9
0.0,3.258096538021482,11.0,14.4,0.23529411764705882,3,9
0.0,3.4339872044851463,12.0,15.5,0.23529411764705882,4,9
0.0,3.4339872044851463,11.0,14.5,0.23529411764705882,4,9
0.0,3.713572066704308,12.0,16.7,0.23529411764705882,4,9
25.0,0.6931471805599453,12.0,11.4,0.6065573770491803,1,10
50.0,3.8918202981106265,12.0,12.1,0.6065573770491803,3,10
0.0,1.3862943611198906,12.0,9.9,0.6065573770491803,3,10
33.0,1.3862943611198906,11.0,13.5,0.6065573770491803,1,10
25.0,3.4965075614664802,11.0,17.1,0.6065573770491803,0,10
33.0,0.9162907318741551,12.0,11.7,0.6065573770491803,3,10
33.0,1.252762968495368,14.0,2.2,0.6065573770491803,3,10
33.0,0.6931471805599453,12.0,10.9,0.6065573770491803,3,10
35.0,3.2188758248682006,12.0,3.5,0.6065573770491803,3,10
50.0,3.9318256327243257,13.0,4.3,0.6065573770491803,3,10
0.0,1.0986122886681098,13.0,2.9,0.6065573770491803,3,10
33.0,1.3862943611198906,12.0,8.2,0.6065573770491803,1,10
0.0,3.4965075614664802,12.0,9.1,0.6065573770491803,0,10
33.0,0.9162907318741551,15.0,5.3,0.6065573770491803,3,10
0.0,1.0986122886681098,13.0,7.5,0.6065573770491803,3,10
25.0,3.9318256327243257,13.0,7.0,0.6065573770491803,3,10
25.0,0.6931471805599453,14.0,2.4,0.6065573770491803,3,10
25.0,0.6931471805599453,14.0,2.7,0.6065573770491803,3,10
33.0,1.252762968495368,14.0,19.3,0.6065573770491803,1,10
0.0,0.6931471805599453,12.0,9.5,0.6065573770491803,3,10
25.0,1.252762968495368,13.0,12.1,0.6065573770491803,3,10
50.0,0.9162907318741551,13.0,8.9,0.6065573770491803,3,10
33.0,0.6931471805599453,12.0,3.6,0.6065573770491803,3,10
0.0,0.9162907318741551,13.0,2.6,0.6065573770491803,3,10
25.0,1.791759469228055,14.0,4.1,0.6065573770491803,1,10
0.0,0.9162907318741551,12.0,20.0,0.6065573770491803,0,10
0.0,1.252762968495368,12.0,14.5,0.6065573770491803,3,10
0.0,0.6931471805599453,13.0,10.8,0.6065573770491803,3,10
0.0,0.9162907318741551,14.0,7.0,0.6065573770491803,3,10
0.0,1.791759469228055,13.0,6.3,0.6065573770491803,3,10
0.0,1.0986122886681098,12.0,5.6,0.6065573770491803,3,10
25.0,2.0794415416798357,12.0,16.4,0.6065573770491803,1,10
0.0,0.6931471805599453,14.0,3.4,0.6065573770491803,3,10
0.0,1.0986122886681098,12.0,8.3,0.6065573770491803,3,10
33.0,2.1972245773362196,13.0,3.2,0.6065573770491803,3,10
0.0,1.3862943611198906,13.0,5.9,0.6065573770491803,3,10
0.0,0.6931471805599453,12.0,6.0,0.6065573770491803,3,10
0.0,3.4965075614664802,14.0,4.3,0.6065573770491803,3,10
0.0,1.6094379124341003,11.0,23.9,0.6065573770491803,1,10
0.0,1.0986122886681098,12.0,11.1,0.6065573770491803,3,10
0.0,1.0986122886681098,12.0,10.6,0.6065573770491803,3,10
0.0,0.6931471805599453,17.0,15.5,0.6065573770491803,1,10
0.0,3.4965075614664802,13.0,4.2,0.6065573770491803,3,10
25.0,3.4965075614664802,12.0,8.1,0.6065573770491803,1,10
0.0,1.3862943611198906,12.0,12.1,0.0,3,11
0.0,3.7612001156935624,13.0,3.5,0.0,1,11
0.0,3.4011973816621555,13.0,3.3,0.0,1,11
0.0,2.0794415416798357,13.0,3.3,0.0,1,11
0.0,2.0794415416798357,13.0,3.3,0.0,1,11
0.0,1.3862943611198906,13.0,11.1,0.0,1,11
0.0,2.772588722239781,14.0,4.2,0.0,1,11
0.0,4.465908118654584,12.0,7.5,0.0,1,11
33.0,1.0986122886681098,11.0,17.5,0.7123287671232876,1,12
50.0,2.3978952727983707,11.0,15.7,0.7123287671232876,0,12
25.0,1.3862943611198906,11.0,21.3,0.7123287671232876,2,12
25.0,1.3862943611198906,11.0,15.6,0.7123287671232876,2,12
25.0,3.8066624897703196,11.0,15.7,0.7123287671232876,2,12
0.0,3.258096538021482,14.0,25.7,0.7123287671232876,3,12
33.0,1.0986122886681098,12.0,12.6,0.7123287671232876,1,12
25.0,1.0986122886681098,12.0,12.0,0.7123287671232876,2,12
0.0,3.2188758248682006,12.0,9.3,0.7123287671232876,3,12
0.0,3.2188758248682006,11.0,16.5,0.7123287671232876,3,12
33.0,0.6931471805599453,12.0,37.7,0.7123287671232876,1,12
50.0,2.70805020110221,12.0,38.6,0.7123287671232876,0,12
50.0,2.8903717578961645,11.0,42.0,0.7123287671232876,0,12
25.0,0.6931471805599453,10.0,42.6,0.7123287671232876,2,12
25.0,2.3978952727983707,10.0,42.2,0.7123287671232876,2,12
25.0,1.0986122886681098,10.0,40.6,0.7123287671232876,2,12
25.0,0.4054651081081644,10.0,39.0,0.7123287671232876,2,12
0.0,0.6931471805599453,10.0,37.2,0.7123287671232876,3,12
25.0,1.0986122886681098,11.0,9.3,0.7123287671232876,1,12
13.0,1.0986122886681098,11.0,18.9,0.7123287671232876,2,12
13.0,1.3862943611198906,11.0,17.0,0.7123287671232876,2,12
0.0,0.6931471805599453,18.0,34.7,0.7123287671232876,3,12
50.0,1.3862943611198906,13.0,45.5,0.7123287671232876,1,12
0.0,3.044522437723423,12.0,42.9,0.7123287671232876,2,12
0.0,2.302585092994046,13.0,34.1,0.7123287671232876,2,12
33.0,0.4054651081081644,11.0,28.0,0.7123287671232876,0,12
25.0,0.4054651081081644,10.0,22.2,0.7123287671232876,0,12
0.0,2.302585092994046,10.0,10.0,0.7123287671232876,2,12
13.0,2.6390573296152584,11.0,13.2,0.7123287671232876,3,12
33.0,2.9444389791664403,12.0,10.6,0.7123287671232876,1,12
50.0,2.70805020110221,12.0,13.5,0.7123287671232876,0,12
0.0,2.70805020110221,12.0,10.9,0.7123287671232876,3,12
50.0,2.70805020110221,12.0,9.0,0.7123287671232876,0,12
0.0,2.6390573296152584,12.0,13.0,0.7123287671232876,3,12
50.0,2.772588722239781,12.0,14.2,0.7123287671232876,0,12
0.0,2.1972245773362196,13.0,4.5,0.7123287671232876,3,12
0.0,2.302585092994046,12.0,3.5,0.7123287671232876,3,12
0.0,2.70805020110221,14.0,11.8,0.7123287671232876,3,12
0.0,2.3978952727983707,13.0,13.7,0.7123287671232876,3,12
33.0,3.970291913552122,11.0,7.4,0.7123287671232876,1,12
25.0,3.044522437723423,12.0,7.0,0.7123287671232876,2,12
0.0,0.6931471805599453,11.0,37.7,0.7123287671232876,3,12
33.0,0.6931471805599453,10.0,24.1,0.7123287671232876,1,12
50.0,0.4054651081081644,10.0,22.5,0.7123287671232876,0,12
17.0,0.6931471805599453,12.0,25.7,0.7123287671232876,3,12
33.0,1.9459101490553132,11.0,36.7,0.7123287671232876,1,12
0.0,0.6931471805599453,12.0,36.4,0.7123287671232876,3,12
25.0,3.258096538021482,12.0,44.1,0.7123287671232876,2,12
25.0,3.258096538021482,11.0,36.1,0.7123287671232876,2,12
25.0,3.258096538021482,11.0,33.9,0.7123287671232876,2,12
50.0,0.6931471805599453,11.0,43.1,0.7123287671232876,0,12
0.0,2.1972245773362196,11.0,28.9,0.7123287671232876,3,12
0.0,2.1972245773362196,11.0,44.9,0.7123287671232876,3,12
33.0,2.995732273553991,13.0,34.4,0.7123287671232876,1,12
25.0,0.6931471805599453,12.0,33.0,0.7123287671232876,2,12
33.0,1.9459101490553132,12.0,33.1,0.7123287671232876,1,12
0.0,3.4339872044851463,12.0,32.6,0.7123287671232876,3,12
33.0,2.1972245773362196,12.0,32.8,0.7123287671232876,0,12
0.0,3.367295829986474,12.0,32.6,0.7123287671232876,3,12
50.0,1.6094379124341003,15.0,11.3,0.9682539682539683,4,13
50.0,0.6931471805599453,11.0,10.7,0.9682539682539683,4,13
100.0,3.044522437723423,12.0,13.3,0.9682539682539683,1,13
50.0,3.044522437723423,12.0,13.3,0.9682539682539683,1,13
50.0,1.0986122886681098,12.0,11.8,0.9682539682539683,4,13
50.0,0.6931471805599453,12.0,12.3,0.9682539682539683,2,13
50.0,1.6094379124341003,12.0,13.7,0.9682539682539683,3,13
50.0,1.0986122886681098,11.0,16.0,0.9682539682539683,0,13
50.0,0.4054651081081644,15.0,8.6,0.9682539682539683,4,13
50.0,1.3862943611198906,14.0,17.3,0.9682539682539683,0,13
50.0,1.0986122886681098,11.0,26.2,0.9682539682539683,4,13
50.0,2.1972245773362196,13.0,23.1,0.9682539682539683,2,13
50.0,0.6931471805599453,13.0,5.4,0.9682539682539683,4,13
50.0,0.6931471805599453,13.0,7.9,0.9682539682539683,4,13
75.0,2.1972245773362196,15.0,5.3,0.9682539682539683,3,13
75.0,1.0986122886681098,11.0,10.3,0.9682539682539683,4,13
50.0,0.6931471805599453,12.0,7.0,0.9682539682539683,4,13
50.0,0.6931471805599453,15.0,6.2,0.9682539682539683,4,13
50.0,0.6931471805599453,14.0,5.5,0.9682539682539683,2,13
75.0,0.6931471805599453,11.0,18.6,0.9682539682539683,2,13
75.0,0.6931471805599453,11.0,18.4,0.9682539682539683,4,13
75.0,3.044522437723423,12.0,17.9,0.9682539682539683,3,13
75.0,0.6931471805599453,12.0,7.3,0.9682539682539683,0,13
100.0,2.772588722239781,14.0,19.3,0.9682539682539683,1,13
100.0,1.6094379124341003,14.0,4.9,0.9682539682539683,2,13
75.0,2.772588722239781,15.0,4.7,0.9682539682539683,4,13
75.0,3.044522437723423,11.0,21.8,0.9682539682539683,4,13
80.0,1.0986122886681098,14.0,5.2,0.8235294117647058,4,14
90.0,0.6931471805599453,13.0,5.3,0.8235294117647058,4,14
90.0,0.6931471805599453,13.0,6.2,0.8235294117647058,4,14
50.0,0.6931471805599453,20.0,4.4,0.8235294117647058,4,14
80.0,0.6931471805599453,13.0,5.3,0.8235294117647058,4,14
95.0,0.6931471805599453,11.0,23.1,0.8235294117647058,0,14
90.0,1.6094379124341003,12.0,9.9,0.8235294117647058,0,14
100.0,1.9459101490553132,11.0,8.9,0.8235294117647058,0,14
100.0,2.3978952727983707,12.0,10.2,0.8235294117647058,4,14
80.0,2.1972245773362196,12.0,10.2,0.8235294117647058,4,14
0.0,2.3978952727983707,11.0,34.1,0.2,0,15
0.0,2.3978952727983707,11.0,36.0,0.2,0,15
0.0,2.0794415416798357,11.0,34.9,0.2,0,15
0.0,1.9459101490553132,11.0,32.9,0.2,0,15
0.0,0.6931471805599453,11.0,31.9,0.2,4,15
0.0,0.6931471805599453,11.0,33.6,0.2,0,15
0.0,3.713572066704308,11.0,38.7,0.2,0,15
0.0,3.4339872044851463,14.0,8.6,0.2,0,15
0.0,3.4339872044851463,14.0,8.6,0.2,0,15
0.0,4.330733340286331,14.0,8.5,0.2,0,15
0.0,4.330733340286331,12.0,11.9,0.2,0,15
0.0,0.6931471805599453,11.0,28.9,0.2,0,15
0.0,4.330733340286331,12.0,14.7,0.2,0,15
33.0,0.6931471805599453,16.0,6.1,0.2,0,15
0.0,3.9318256327243257,17.0,6.5,0.2,0,15
0.0,4.330733340286331,17.0,6.6,0.2,0,15
0.0,4.330733340286331,14.0,4.8,0.2,4,15
0.0,1.0986122886681098,15.0,4.8,0.2,4,15
0.0,2.1972245773362196,11.0,17.4,0.2,0,15
0.0,3.9318256327243257,11.0,17.4,0.2,0,15
0.0,3.4339872044851463,11.0,17.7,0.2,0,15
0.0,2.3978952727983707,11.0,18.0,0.2,0,15
0.0,4.2626798770413155,11.0,18.1,0.2,0,15
0.0,2.5649493574615367,12.0,15.5,0.2,0,15
0.0,1.3862943611198906,12.0,15.9,0.2,4,15
0.0,4.330733340286331,11.0,17.0,0.2,0,15
0.0,0.6931471805599453,12.0,17.9,0.2,0,15
0.0,4.2626798770413155,12.0,17.4,0.2,0,15
0.0,0.6931471805599453,12.0,16.9,0.2,0,15
0.0,0.6931471805599453,12.0,15.3,0.2,0,15
0.0,2.772588722239781,12.0,14.9,0.2,1,15
0.0,0.6931471805599453,12.0,14.3,0.2,4,15
0.0,2.772588722239781,12.0,14.1,0.2,1,15
0.0,0.6931471805599453,12.0,13.8,0.2,0,15
0.0,3.4339872044851463,13.0,13.1,0.2,0,15
0.0,4.02535169073515,13.0,13.4,0.2,0,15
0.0,0.6931471805599453,13.0,13.5,0.2,0,15
0.0,1.252762968495368,13.0,13.7,0.2,0,15
0.0,3.713572066704308,13.0,14.6,0.2,0,15
0.0,0.9162907318741551,12.0,14.1,0.2,0,15
0.0,3.58351893845611,12.0,13.9,0.2,0,15
0.0,1.3862943611198906,13.0,4.4,0.2,0,15
0.0,4.2626798770413155,13.0,3.8,0.2,0,15
0.0,3.258096538021482,13.0,4.6,0.2,0,15
0.0,0.6931471805599453,13.0,2.6,0.2,0,15
0.0,4.2626798770413155,13.0,4.6,0.2,4,15
0.0,0.6931471805599453,13.0,4.6,0.2,0,15
0.0,0.6931471805599453,13.0,4.8,0.2,0,15
0.0,0.6931471805599453,14.0,4.6,0.2,0,15
0.0,0.6931471805599453,12.0,13.1,0.2,0,15
0.0,2.772588722239781,11.0,16.3,0.2,0,15
10.0,3.713572066704308,11.0,17.5,0.2,0,15
33.0,1.3862943611198906,11.0,16.7,0.2,1,15
0.0,3.044522437723423,11.0,13.6,0.2,4,15
0.0,0.6931471805599453,12.0,14.8,0.2,0,15
0.0,3.4339872044851463,12.0,20.0,0.2,0,15
0.0,3.258096538021482,11.0,18.9,0.2,0,15
0.0,3.258096538021482,11.0,12.8,0.2,0,15
25.0,5.017279836814924,13.0,9.9,0.2,0,15
0.0,2.3978952727983707,11.0,15.8,0.2,4,15
0.0,3.044522437723423,12.0,16.4,0.2,0,15
0.0,3.258096538021482,12.0,14.3,0.2,0,15
0.0,3.58351893845611,12.0,16.5,0.2,0,15
0.0,3.258096538021482,12.0,14.7,0.2,0,15
0.0,3.044522437723423,13.0,12.9,0.2,0,15
15.0,2.3978952727983707,12.0,12.4,0.2,0,15
33.0,3.58351893845611,12.0,13.0,0.2,0,15
15.0,3.258096538021482,11.0,13.8,0.2,0,15
15.0,2.772588722239781,11.0,13.9,0.2,0,15
33.0,2.772588722239781,16.0,8.3,0.2,0,15
25.0,2.772588722239781,16.0,8.2,0.2,0,15
0.0,3.044522437723423,16.0,7.8,0.2,0,15
0.0,2.772588722239781,16.0,7.7,0.2,0,15
0.0,0.6931471805599453,16.0,8.4,0.2,0,15
0.0,0.6931471805599453,16.0,7.7,0.2,0,15
0.0,0.6931471805599453,16.0,7.7,0.2,0,15
0.0,0.6931471805599453,16.0,7.7,0.2,1,15
0.0,0.6931471805599453,16.0,7.7,0.2,1,15
0.0,1.0986122886681098,16.0,10.5,0.2,4,15
0.0,0.6931471805599453,12.0,12.3,0.2,4,15
0.0,0.6931471805599453,12.0,13.2,0.2,0,15
0.0,0.6931471805599453,12.0,13.5,0.2,0,15
33.0,3.258096538021482,14.0,10.1,0.2,0,15
33.0,3.258096538021482,14.0,9.7,0.2,0,15
33.0,0.6931471805599453,14.0,8.3,0.2,0,15
50.0,0.6931471805599453,13.0,16.3,0.8941176470588236,4,16
50.0,3.044522437723423,11.0,14.4,0.8941176470588236,4,16
50.0,0.6931471805599453,11.0,19.2,0.8941176470588236,4,16
33.0,0.6931471805599453,11.0,18.3,0.8941176470588236,3,16
25.0,3.258096538021482,11.0,13.0,0.8941176470588236,4,16
25.0,0.6931471805599453,11.0,30.3,0.8941176470588236,4,16
50.0,1.3862943611198906,11.0,13.9,0.8941176470588236,4,16
50.0,0.6931471805599453,15.0,7.1,0.8941176470588236,3,16
50.0,1.0986122886681098,12.0,14.5,0.8941176470588236,4,16
75.0,0.6931471805599453,12.0,28.4,0.8941176470588236,4,16
50.0,0.6931471805599453,12.0,25.9,0.8941176470588236,0,16
75.0,0.6931471805599453,12.0,25.9,0.8941176470588236,0,16
50.0,1.0986122886681098,12.0,25.9,0.8941176470588236,4,16
75.0,1.0986122886681098,12.0,25.9,0.8941176470588236,4,16
85.0,1.0986122886681098,12.0,25.3,0.8941176470588236,4,16
75.0,0.6931471805599453,12.0,26.7,0.8941176470588236,3,16
50.0,3.044522437723423,13.0,24.6,0.8941176470588236,3,16
75.0,2.70805020110221,13.0,22.5,0.8941176470588236,1,16
75.0,0.6931471805599453,14.0,5.7,0.8941176470588236,3,16
75.0,1.0986122886681098,13.0,4.4,0.8941176470588236,4,16
75.0,1.0986122886681098,14.0,3.7,0.8941176470588236,0,16
75.0,1.0986122886681098,14.0,3.7,0.8941176470588236,0,16
75.0,1.0986122886681098,14.0,3.7,0.8941176470588236,4,16
75.0,1.0986122886681098,14.0,3.7,0.8941176470588236,4,16
75.0,0.6931471805599453,12.0,4.4,0.8941176470588236,4,16
75.0,3.258096538021482,13.0,4.1,0.8941176470588236,2,16
50.0,1.0986122886681098,13.0,5.3,0.8941176470588236,3,16
75.0,0.6931471805599453,16.0,6.0,0.8941176470588236,4,16
33.0,0.6931471805599453,14.0,16.1,0.8941176470588236,2,16
33.0,1.0986122886681098,12.0,7.1,0.8941176470588236,2,16
75.0,1.0986122886681098,12.0,10.7,0.8941176470588236,4,16
50.0,0.6931471805599453,13.0,18.5,0.8941176470588236,2,16
33.0,0.6931471805599453,13.0,18.5,0.8941176470588236,2,16
75.0,2.5649493574615367,12.0,20.3,0.8941176470588236,1,16
75.0,1.0986122886681098,13.0,5.6,0.8941176470588236,2,16
75.0,1.3862943611198906,15.0,3.2,0.8941176470588236,2,16
75.0,0.6931471805599453,11.0,10.6,0.8941176470588236,4,16
50.0,1.3862943611198906,14.0,12.5,0.8941176470588236,3,16
75.0,1.0986122886681098,13.0,5.9,0.8941176470588236,2,16
75.0,1.0986122886681098,11.0,10.2,0.8941176470588236,4,16
50.0,1.0986122886681098,12.0,7.5,0.8941176470588236,4,16
33.0,0.6931471805599453,12.0,6.8,0.8941176470588236,2,16
50.0,1.6094379124341003,12.0,6.9,0.8941176470588236,4,16
50.0,1.6094379124341003,14.0,13.0,0.8941176470588236,2,16
50.0,1.3862943611198906,12.0,6.7,0.8941176470588236,0,16
75.0,0.6931471805599453,14.0,8.9,0.8941176470588236,2,16
50.0,1.0986122886681098,10.0,34.0,0.8941176470588236,4,16
50.0,2.772588722239781,12.0,12.5,0.8941176470588236,0,16
75.0,1.0986122886681098,12.0,8.9,0.8941176470588236,3,16
50.0,1.3862943611198906,12.0,7.1,0.8941176470588236,2,16
50.0,0.6931471805599453,11.0,11.4,0.8941176470588236,3,16
87.0,0.6931471805599453,12.0,13.6,0.8941176470588236,1,16
75.0,1.0986122886681098,11.0,9.2,0.8941176470588236,0,16
75.0,1.0986122886681098,11.0,9.2,0.8941176470588236,0,16
75.0,1.3862943611198906,11.0,9.2,0.8941176470588236,4,16
75.0,1.3862943611198906,11.0,9.2,0.8941176470588236,4,16
75.0,1.0986122886681098,12.0,7.6,0.8941176470588236,4,16
50.0,1.0986122886681098,12.0,11.0,0.8941176470588236,3,16
50.0,1.0986122886681098,12.0,7.0,0.8941176470588236,2,16
75.0,0.6931471805599453,12.0,7.2,0.8941176470588236,4,16
50.0,1.0986122886681098,14.0,5.5,0.8941176470588236,2,16
75.0,1.0986122886681098,12.0,12.8,0.8941176470588236,3,16
50.0,2.3978952727983707,13.0,4.8,0.8785714285714286,0,17
50.0,2.3978952727983707,13.0,4.8,0.8785714285714286,0,17
50.0,2.3978952727983707,13.0,4.8,0.8785714285714286,4,17
50.0,2.3978952727983707,13.0,4.8,0.8785714285714286,4,17
33.0,2.3978952727983707,13.0,4.2,0.8785714285714286,2,17
33.0,1.791759469228055,13.0,3.7,0.8785714285714286,2,17
67.0,3.58351893845611,13.0,4.0,0.8785714285714286,4,17
50.0,0.6931471805599453,13.0,3.2,0.8785714285714286,4,17
50.0,3.713572066704308,13.0,3.2,0.8785714285714286,0,17
50.0,2.772588722239781,13.0,4.9,0.8785714285714286,0,17
50.0,2.772588722239781,13.0,4.9,0.8785714285714286,0,17
50.0,2.772588722239781,13.0,4.9,0.8785714285714286,4,17
50.0,2.772588722239781,13.0,4.9,0.8785714285714286,4,17
50.0,1.3862943611198906,13.0,5.4,0.8785714285714286,0,17
50.0,1.3862943611198906,13.0,5.4,0.8785714285714286,0,17
50.0,1.3862943611198906,13.0,5.4,0.8785714285714286,4,17
50.0,1.3862943611198906,13.0,5.4,0.8785714285714286,4,17
50.0,1.0986122886681098,12.0,5.7,0.8785714285714286,0,17
50.0,1.0986122886681098,12.0,5.7,0.8785714285714286,0,17
50.0,0.6931471805599453,12.0,5.7,0.8785714285714286,4,17
50.0,0.6931471805599453,12.0,5.7,0.8785714285714286,4,17
50.0,1.0986122886681098,10.0,20.8,0.8785714285714286,4,17
67.0,0.6931471805599453,12.0,4.7,0.8785714285714286,0,17
50.0,1.3862943611198906,12.0,5.1,0.8785714285714286,4,17
33.0,0.4054651081081644,12.0,6.0,0.8785714285714286,0,17
33.0,0.4054651081081644,12.0,6.0,0.8785714285714286,0,17
33.0,0.4054651081081644,12.0,6.0,0.8785714285714286,4,17
33.0,0.4054651081081644,12.0,6.0,0.8785714285714286,4,17
67.0,0.4054651081081644,12.0,7.8,0.8785714285714286,0,17
67.0,0.6931471805599453,12.0,7.8,0.8785714285714286,0,17
50.0,1.0986122886681098,14.0,2.8,0.8785714285714286,0,17
50.0,1.0986122886681098,14.0,2.8,0.8785714285714286,0,17
50.0,1.0986122886681098,14.0,2.8,0.8785714285714286,4,17
50.0,1.0986122886681098,14.0,2.8,0.8785714285714286,4,17
50.0,1.3862943611198906,13.0,3.5,0.8785714285714286,0,17
50.0,1.3862943611198906,13.0,3.5,0.8785714285714286,0,17
50.0,1.3862943611198906,13.0,3.5,0.8785714285714286,4,17
50.0,1.3862943611198906,13.0,3.5,0.8785714285714286,4,17
50.0,1.3862943611198906,14.0,2.8,0.8785714285714286,4,17
67.0,0.6931471805599453,13.0,3.2,0.8785714285714286,0,17
50.0,0.4054651081081644,13.0,3.9,0.8785714285714286,0,17
50.0,0.4054651081081644,13.0,3.9,0.8785714285714286,0,17
50.0,0.6931471805599453,13.0,3.9,0.8785714285714286,4,17
50.0,0.6931471805599453,13.0,3.9,0.8785714285714286,4,17
50.0,0.6931471805599453,14.0,2.8,0.8785714285714286,4,17
100.0,2.5649493574615367,14.0,3.3,0.8785714285714286,2,17
67.0,1.6094379124341003,15.0,2.7,0.8785714285714286,4,17
50.0,1.3862943611198906,14.0,1.4,0.8785714285714286,4,17
67.0,1.0986122886681098,15.0,1.3,0.8785714285714286,0,17
67.0,1.0986122886681098,15.0,1.3,0.8785714285714286,0,17
67.0,0.6931471805599453,15.0,1.3,0.8785714285714286,4,17
67.0,0.6931471805599453,15.0,1.3,0.8785714285714286,4,17
67.0,2.1972245773362196,15.0,1.5,0.8785714285714286,0,17
50.0,0.6931471805599453,13.0,5.2,0.8785714285714286,0,17
67.0,0.4054651081081644,14.0,3.4,0.8785714285714286,0,17
67.0,0.4054651081081644,14.0,3.4,0.8785714285714286,0,17
67.0,0.4054651081081644,14.0,3.4,0.8785714285714286,4,17
67.0,0.4054651081081644,14.0,3.4,0.8785714285714286,4,17
50.0,3.044522437723423,13.0,6.3,0.8785714285714286,0,17
50.0,3.044522437723423,13.0,6.3,0.8785714285714286,0,17
50.0,2.3978952727983707,13.0,6.3,0.8785714285714286,4,17
50.0,2.3978952727983707,13.0,6.3,0.8785714285714286,4,17
50.0,1.3862943611198906,13.0,6.3,0.8785714285714286,0,17
50.0,3.4339872044851463,12.0,6.5,0.8785714285714286,4,17
50.0,3.4339872044851463,14.0,7.4,0.8785714285714286,4,17
50.0,0.6931471805599453,12.0,3.3,0.8785714285714286,3,17
50.0,3.713572066704308,15.0,2.5,0.8785714285714286,4,17
50.0,2.3978952727983707,15.0,4.8,0.8785714285714286,0,17
50.0,2.3978952727983707,15.0,4.8,0.8785714285714286,0,17
50.0,1.791759469228055,15.0,4.8,0.8785714285714286,4,17
50.0,1.791759469228055,15.0,4.8,0.8785714285714286,4,17
33.0,0.6931471805599453,13.0,1.6,0.8785714285714286,1,17
0.0,0.4054651081081644,14.0,2.9,0.8785714285714286,4,17
33.0,0.6931471805599453,13.0,1.4,0.8785714285714286,0,17
0.0,1.0986122886681098,13.0,2.3,0.8785714285714286,0,17
0.0,1.0986122886681098,13.0,2.3,0.8785714285714286,0,17
0.0,0.6931471805599453,13.0,2.3,0.8785714285714286,4,17
0.0,0.6931471805599453,13.0,2.3,0.8785714285714286,4,17
33.0,0.6931471805599453,14.0,1.6,0.8785714285714286,4,17
33.0,1.3862943611198906,14.0,3.0,0.8785714285714286,4,17
33.0,1.3862943611198906,13.0,2.7,0.8785714285714286,4,17
50.0,0.6931471805599453,14.0,2.9,0.8785714285714286,0,17
50.0,0.6931471805599453,14.0,2.8,0.8785714285714286,4,17
50.0,1.3862943611198906,14.0,2.2,0.8785714285714286,0,17
50.0,1.3862943611198906,14.0,2.2,0.8785714285714286,0,17
50.0,1.3862943611198906,14.0,2.2,0.8785714285714286,4,17
50.0,1.3862943611198906,14.0,2.2,0.8785714285714286,4,17
67.0,0.6931471805599453,13.0,3.1,0.8785714285714286,1,17
33.0,1.3862943611198906,13.0,2.9,0.8785714285714286,0,17
67.0,0.6931471805599453,13.0,2.2,0.8785714285714286,1,17
67.0,0.6931471805599453,13.0,2.2,0.8785714285714286,4,17
67.0,0.6931471805599453,13.0,2.2,0.8785714285714286,0,17
67.0,1.6094379124341003,14.0,2.6,0.8785714285714286,1,17
67.0,2.833213344056216,13.0,2.3,0.8785714285714286,0,17
100.0,1.6094379124341003,14.0,4.8,0.8785714285714286,4,17
67.0,1.0986122886681098,16.0,3.9,0.8785714285714286,4,17
50.0,1.0986122886681098,15.0,3.4,0.8785714285714286,0,17
50.0,1.0986122886681098,14.0,3.9,0.8785714285714286,4,17
67.0,1.0986122886681098,14.0,3.1,0.8785714285714286,4,17
67.0,0.6931471805599453,14.0,3.1,0.8785714285714286,0,17
67.0,0.6931471805599453,17.0,2.2,0.8785714285714286,0,17
67.0,0.6931471805599453,17.0,2.2,0.8785714285714286,0,17
67.0,1.0986122886681098,17.0,2.2,0.8785714285714286,4,17
67.0,1.0986122886681098,17.0,2.2,0.8785714285714286,4,17
67.0,0.4054651081081644,16.0,2.3,0.8785714285714286,4,17
50.0,0.6931471805599453,12.0,5.3,0.8785714285714286,0,17
50.0,2.3978952727983707,12.0,6.0,0.8785714285714286,0,17
50.0,0.6931471805599453,12.0,6.0,0.8785714285714286,0,17
50.0,1.0986122886681098,12.0,6.3,0.8785714285714286,4,17
50.0,0.6931471805599453,12.0,6.2,0.8785714285714286,4,17
50.0,0.6931471805599453,12.0,6.6,0.8785714285714286,4,17
50.0,0.6931471805599453,12.0,6.8,0.8785714285714286,0,17
50.0,0.6931471805599453,12.0,6.8,0.8785714285714286,0,17
50.0,0.6931471805599453,12.0,6.8,0.8785714285714286,4,17
50.0,0.6931471805599453,12.0,6.8,0.8785714285714286,4,17
50.0,0.6931471805599453,12.0,6.5,0.8785714285714286,0,17
50.0,0.6931471805599453,12.0,6.5,0.8785714285714286,0,17
50.0,0.6931471805599453,12.0,6.5,0.8785714285714286,4,17
50.0,0.6931471805599453,12.0,6.5,0.8785714285714286,4,17
50.0,0.6931471805599453,12.0,5.5,0.8785714285714286,4,17
0.0,0.4054651081081644,12.0,5.9,0.8785714285714286,0,17
50.0,0.6931471805599453,13.0,2.7,0.8785714285714286,0,17
50.0,0.6931471805599453,13.0,2.7,0.8785714285714286,0,17
50.0,0.6931471805599453,13.0,2.7,0.8785714285714286,4,17
50.0,0.6931471805599453,13.0,2.7,0.8785714285714286,4,17
67.0,0.6931471805599453,14.0,2.3,0.8785714285714286,0,17
67.0,0.6931471805599453,14.0,2.3,0.8785714285714286,0,17
67.0,0.6931471805599453,14.0,2.3,0.8785714285714286,4,17
67.0,0.6931471805599453,14.0,2.3,0.8785714285714286,4,17
90.0,1.791759469228055,16.0,1.6,0.9523809523809523,2,18
100.0,1.791759469228055,16.0,1.6,0.9523809523809523,2,18
100.0,1.791759469228055,17.0,1.5,0.9523809523809523,2,18
75.0,1.791759469228055,17.0,1.7,0.9523809523809523,2,18
75.0,1.791759469228055,15.0,2.9,0.9523809523809523,2,18
75.0,1.791759469228055,16.0,2.9,0.9523809523809523,2,18
100.0,1.3862943611198906,18.0,1.8,0.9523809523809523,3,18
100.0,2.4849066497880004,13.0,2.7,0.9523809523809523,4,18
100.0,0.6931471805599453,13.0,6.8,0.9523809523809523,3,18
67.0,1.6094379124341003,12.0,22.9,0.9523809523809523,0,18
67.0,2.0794415416798357,13.0,3.5,0.9523809523809523,4,18
50.0,2.1972245773362196,15.0,5.9,0.9523809523809523,0,18
67.0,2.1972245773362196,15.0,5.9,0.9523809523809523,0,18
50.0,2.1972245773362196,15.0,5.9,0.9523809523809523,4,18
67.0,2.1972245773362196,15.0,5.9,0.9523809523809523,4,18
75.0,0.6931471805599453,14.0,6.7,0.9523809523809523,4,18
75.0,0.6931471805599453,14.0,7.0,0.9523809523809523,3,18
50.0,0.6931471805599453,14.0,7.6,0.9523809523809523,0,18
75.0,0.6931471805599453,14.0,7.6,0.9523809523809523,0,18
50.0,0.6931471805599453,14.0,7.6,0.9523809523809523,4,18
75.0,0.6931471805599453,14.0,7.6,0.9523809523809523,4,18
50.0,1.9459101490553132,16.0,4.8,0.9523809523809523,2,18
50.0,0.6931471805599453,14.0,7.6,0.9523809523809523,0,18
50.0,0.6931471805599453,14.0,7.6,0.9523809523809523,0,18
50.0,0.6931471805599453,14.0,7.6,0.9523809523809523,4,18
50.0,0.6931471805599453,14.0,7.6,0.9523809523809523,4,18
50.0,1.0986122886681098,15.0,20.5,0.9523809523809523,3,18
67.0,2.1972245773362196,13.0,16.1,0.9523809523809523,4,18
67.0,2.1972245773362196,12.0,7.7,0.9523809523809523,4,18
100.0,2.1972245773362196,14.0,4.2,0.9523809523809523,4,18
100.0,0.6931471805599453,14.0,4.3,0.9523809523809523,4,18
100.0,1.6094379124341003,15.0,1.5,0.9523809523809523,4,18
100.0,1.0986122886681098,17.0,1.8,0.9523809523809523,3,18
50.0,2.3978952727983707,15.0,1.1,0.9523809523809523,4,18
100.0,2.1972245773362196,26.0,1.9,0.9523809523809523,4,18
0.0,0.9162907318741551,14.0,2.1,0.8461538461538461,4,19
50.0,0.6931471805599453,11.0,9.2,0.8461538461538461,0,19
50.0,0.6931471805599453,13.0,2.9,0.8461538461538461,0,19
50.0,2.1972245773362196,12.0,18.0,0.8461538461538461,0,19
50.0,0.6931471805599453,15.0,4.2,0.8461538461538461,4,19
50.0,0.4054651081081644,15.0,4.3,0.8461538461538461,0,19
25.0,0.4054651081081644,14.0,3.4,0.8461538461538461,0,19
25.0,0.6931471805599453,15.0,5.2,0.8461538461538461,0,19
75.0,0.6931471805599453,12.0,22.8,0.9101123595505618,4,20
50.0,0.6931471805599453,11.0,22.4,0.9101123595505618,4,20
75.0,2.3978952727983707,12.0,25.4,0.9101123595505618,4,20
75.0,1.0986122886681098,12.0,15.2,0.9101123595505618,4,20
25.0,0.6931471805599453,11.0,17.4,0.9101123595505618,0,20
33.0,0.6931471805599453,14.0,7.1,0.9101123595505618,0,20
25.0,0.6931471805599453,15.0,5.1,0.9101123595505618,0,20
25.0,4.727387818712341,15.0,3.0,0.9101123595505618,1,20
33.0,0.6931471805599453,15.0,1.7,0.9101123595505618,0,20
33.0,0.6931471805599453,14.0,7.3,0.9101123595505618,0,20
50.0,0.6931471805599453,12.0,7.9,0.9101123595505618,0,20
50.0,1.6094379124341003,12.0,8.0,0.9101123595505618,0,20
90.0,1.0986122886681098,13.0,7.1,0.9101123595505618,0,20
25.0,0.6931471805599453,13.0,7.9,0.9101123595505618,4,20
50.0,0.6931471805599453,15.0,7.4,0.9101123595505618,0,20
33.0,0.6931471805599453,14.0,8.1,0.9101123595505618,0,20
50.0,0.6931471805599453,14.0,8.0,0.9101123595505618,4,20
0.0,0.6931471805599453,14.0,7.5,0.9101123595505618,1,20
33.0,1.3862943611198906,13.0,9.0,0.9101123595505618,4,20
25.0,0.6931471805599453,15.0,6.8,0.9101123595505618,4,20
25.0,0.6931471805599453,17.0,4.8,0.9101123595505618,4,20
33.0,0.6931471805599453,13.0,14.8,0.9101123595505618,0,20
50.0,1.0986122886681098,13.0,12.3,0.9101123595505618,0,20
50.0,1.0986122886681098,13.0,20.8,0.9101123595505618,0,20
50.0,1.0986122886681098,13.0,10.2,0.9101123595505618,0,20
33.0,1.0986122886681098,13.0,10.2,0.9101123595505618,4,20
33.0,1.6094379124341003,13.0,9.3,0.9101123595505618,1,20
75.0,0.6931471805599453,13.0,9.0,0.9101123595505618,0,20
50.0,1.0986122886681098,11.0,16.7,0.9101123595505618,0,20
33.0,0.6931471805599453,13.0,6.2,0.9101123595505618,4,20
25.0,1.0986122886681098,13.0,6.7,0.9101123595505618,0,20
25.0,0.6931471805599453,12.0,7.0,0.9101123595505618,0,20
25.0,1.3862943611198906,12.0,6.8,0.9101123595505618,0,20
67.0,0.6931471805599453,11.0,18.0,0.9101123595505618,0,20
50.0,0.6931471805599453,10.0,20.8,0.9101123595505618,0,20
50.0,1.0986122886681098,10.0,21.2,0.9101123595505618,0,20
75.0,0.6931471805599453,11.0,17.7,0.9101123595505618,4,20
33.0,1.3862943611198906,14.0,15.0,0.9101123595505618,1,20
50.0,0.6931471805599453,14.0,15.4,0.9101123595505618,0,20
0.0,0.6931471805599453,13.0,12.1,0.9101123595505618,4,20
0.0,0.6931471805599453,14.0,11.8,0.9101123595505618,0,20
33.0,1.3862943611198906,14.0,17.1,0.9101123595505618,0,20
75.0,1.0986122886681098,12.0,9.2,0.9101123595505618,1,20
33.0,0.6931471805599453,12.0,8.4,0.9101123595505618,4,20
50.0,0.6931471805599453,12.0,8.8,0.9101123595505618,0,20
25.0,0.6931471805599453,13.0,8.1,0.9101123595505618,3,20
50.0,0.6931471805599453,13.0,7.8,0.9101123595505618,0,20
50.0,0.6931471805599453,13.0,6.6,0.9101123595505618,0,20
33.0,0.6931471805599453,14.0,5.7,0.9101123595505618,0,20
75.0,1.0986122886681098,14.0,5.6,0.9101123595505618,0,20
0.0,0.6931471805599453,14.0,5.6,0.9101123595505618,4,20
0.0,3.044522437723423,13.0,6.6,0.9101123595505618,4,20
0.0,1.0986122886681098,12.0,9.8,0.23255813953488372,1,21
0.0,1.0986122886681098,12.0,9.8,0.23255813953488372,1,21
0.0,0.6931471805599453,12.0,9.8,0.23255813953488372,2,21
0.0,0.6931471805599453,12.0,9.8,0.23255813953488372,2,21
0.0,1.0986122886681098,14.0,20.4,0.23255813953488372,1,21
0.0,1.0986122886681098,14.0,20.4,0.23255813953488372,1,21
0.0,1.0986122886681098,14.0,20.4,0.23255813953488372,2,21
0.0,1.0986122886681098,14.0,20.4,0.23255813953488372,2,21
0.0,0.6931471805599453,16.0,17.4,0.23255813953488372,1,21
0.0,0.6931471805599453,16.0,17.4,0.23255813953488372,1,21
0.0,1.0986122886681098,16.0,17.4,0.23255813953488372,2,21
0.0,1.0986122886681098,16.0,17.4,0.23255813953488372,2,21
0.0,0.6931471805599453,14.0,1.5,0.23255813953488372,2,21
0.0,0.6931471805599453,15.0,4.3,0.23255813953488372,2,21
0.0,2.3978952727983707,13.0,2.9,0.23255813953488372,2,21
0.0,0.9162907318741551,13.0,3.8,0.23255813953488372,3,21
0.0,1.0986122886681098,15.0,4.6,0.23255813953488372,2,21
50.0,0.4054651081081644,13.0,3.4,0.23255813953488372,2,21
0.0,1.0986122886681098,13.0,2.9,0.23255813953488372,2,21
0.0,0.6931471805599453,16.0,3.4,0.23255813953488372,3,21
0.0,2.3978952727983707,12.0,15.6,0.23255813953488372,1,21
0.0,1.3862943611198906,13.0,2.8,0.23255813953488372,2,21
0.0,1.0986122886681098,14.0,1.8,0.23255813953488372,3,21
0.0,1.9459101490553132,12.0,18.2,0.23255813953488372,1,21
0.0,2.0794415416798357,12.0,15.1,0.23255813953488372,1,21
0.0,2.1972245773362196,12.0,11.2,0.23255813953488372,1,21
0.0,1.791759469228055,12.0,10.8,0.23255813953488372,1,21
0.0,2.833213344056216,11.0,30.3,0.23255813953488372,1,21
0.0,1.0986122886681098,11.0,20.8,0.23255813953488372,1,21
0.0,2.3978952727983707,12.0,20.6,0.23255813953488372,1,21
0.0,3.258096538021482,12.0,12.5,0.23255813953488372,1,21
0.0,1.9459101490553132,13.0,2.8,0.23255813953488372,2,21
0.0,1.791759469228055,16.0,2.6,0.23255813953488372,2,21
25.0,1.6094379124341003,14.0,3.6,0.23255813953488372,3,21
25.0,2.772588722239781,15.0,4.0,0.23255813953488372,3,21
33.0,2.0794415416798357,16.0,1.7,0.23255813953488372,3,21
0.0,2.70805020110221,15.0,1.4,0.23255813953488372,2,21
50.0,1.9459101490553132,11.0,18.7,0.23255813953488372,0,21
0.0,3.258096538021482,11.0,18.5,0.23255813953488372,1,21
0.0,1.791759469228055,13.0,6.5,0.23255813953488372,1,21
0.0,2.1972245773362196,17.0,1.2,0.23255813953488372,3,21
0.0,2.1972245773362196,13.0,3.0,0.23255813953488372,2,21
0.0,2.9444389791664403,13.0,3.0,0.23255813953488372,2,21
50.0,2.3978952727983707,13.0,2.6,0.23255813953488372,2,21
50.0,0.6931471805599453,13.0,3.9,0.23255813953488372,2,21
50.0,1.0986122886681098,15.0,28.7,0.23255813953488372,2,21
0.0,1.0986122886681098,13.0,2.5,0.23255813953488372,3,21
0.0,1.6094379124341003,15.0,3.4,0.23255813953488372,0,21
0.0,1.3862943611198906,13.0,6.8,0.23255813953488372,1,21
0.0,1.6094379124341003,13.0,1.7,0.23255813953488372,2,21
0.0,1.791759469228055,14.0,1.8,0.23255813953488372,2,21
25.0,3.044522437723423,15.0,0.8,0.23255813953488372,3,21
0.0,3.295836866004329,15.0,1.6,0.23255813953488372,3,21
0.0,1.6094379124341003,13.0,1.8,0.23255813953488372,2,21
0.0,1.0986122886681098,13.0,6.4,0.23255813953488372,3,21
0.0,3.044522437723423,13.0,6.2,0.23255813953488372,1,21
0.0,3.044522437723423,13.0,6.2,0.23255813953488372,1,21
0.0,3.4339872044851463,13.0,6.2,0.23255813953488372,2,21
0.0,3.4339872044851463,13.0,6.2,0.23255813953488372,2,21
50.0,0.6931471805599453,13.0,6.2,0.23255813953488372,2,21
50.0,2.772588722239781,12.0,26.4,0.23255813953488372,0,21
50.0,1.9459101490553132,12.0,25.5,0.23255813953488372,0,21
0.0,1.791759469228055,13.0,26.6,0.23255813953488372,1,21
0.0,3.258096538021482,15.0,13.7,0.23255813953488372,1,21
0.0,2.5649493574615367,14.0,2.7,0.23255813953488372,2,21
0.0,2.4423470353692043,14.0,3.0,0.23255813953488372,2,21
0.0,1.3862943611198906,16.0,1.8,0.23255813953488372,3,21
50.0,1.252762968495368,15.0,2.5,0.23255813953488372,0,21
0.0,1.0986122886681098,13.0,1.9,0.23255813953488372,2,21
0.0,3.713572066704308,15.0,11.6,0.23255813953488372,1,21
0.0,3.9318256327243257,12.0,19.9,0.23255813953488372,1,21
0.0,2.5649493574615367,14.0,2.9,0.23255813953488372,2,21
0.0,1.791759469228055,14.0,1.9,0.23255813953488372,3,21
0.0,1.3862943611198906,13.0,1.8,0.23255813953488372,1,21
0.0,1.3862943611198906,14.0,2.9,0.23255813953488372,3,21
0.0,1.3862943611198906,14.0,2.1,0.23255813953488372,3,21
0.0,1.9459101490553132,11.0,25.8,0.23255813953488372,2,21
0.0,1.0986122886681098,13.0,3.3,0.23255813953488372,3,21
0.0,1.0986122886681098,14.0,2.4,0.23255813953488372,3,21
0.0,2.772588722239781,14.0,2.4,0.23255813953488372,3,21
0.0,1.8718021769015913,13.0,2.8,0.23255813953488372,2,21
0.0,0.9162907318741551,13.0,4.0,0.23255813953488372,3,21
0.0,1.6094379124341003,13.0,3.9,0.23255813953488372,2,21
0.0,0.6931471805599453,12.0,7.4,0.23255813953488372,1,21
0.0,1.0986122886681098,12.0,7.4,0.23255813953488372,2,21
0.0,2.3978952727983707,14.0,1.4,0.23255813953488372,2,21
0.0,0.6931471805599453,14.0,9.2,0.23255813953488372,3,21
33.0,2.3978952727983707,13.0,13.3,0.23255813953488372,2,21
33.0,1.3862943611198906,12.0,15.4,0.23255813953488372,2,21
50.0,1.0986122886681098,15.0,3.4,0.23255813953488372,3,21
0.0,1.0986122886681098,15.0,3.4,0.23255813953488372,3,21
90.0,1.0986122886681098,15.0,3.4,0.23255813953488372,3,21
0.0,3.367295829986474,11.0,17.1,0.23255813953488372,1,21
0.0,3.367295829986474,11.0,17.1,0.23255813953488372,1,21
0.0,3.332204510175204,11.0,17.1,0.23255813953488372,2,21
0.0,3.332204510175204,11.0,17.1,0.23255813953488372,2,21
0.0,0.9162907318741551,16.0,11.7,0.23255813953488372,2,21
0.0,1.9459101490553132,14.0,0.5,0.23255813953488372,2,21
0.0,0.6931471805599453,14.0,2.5,0.23255813953488372,3,21
0.0,0.6931471805599453,16.0,4.4,0.23255813953488372,3,21
0.0,1.0986122886681098,13.0,2.3,0.23255813953488372,2,21
0.0,1.0986122886681098,14.0,8.9,0.23255813953488372,2,21
50.0,1.791759469228055,12.0,6.2,0.23255813953488372,0,21
50.0,1.791759469228055,12.0,7.4,0.23255813953488372,0,21
0.0,1.0986122886681098,12.0,4.4,0.23255813953488372,1,21
0.0,1.3862943611198906,11.0,8.5,0.23255813953488372,2,21
0.0,3.044522437723423,12.0,3.4,0.23255813953488372,0,21
0.0,1.6094379124341003,15.0,0.8,0.23255813953488372,2,21
0.0,1.3862943611198906,18.0,1.9,0.23255813953488372,2,21
0.0,0.6931471805599453,12.0,2.5,0.23255813953488372,3,21
0.0,2.9444389791664403,12.0,5.6,0.23255813953488372,3,21
0.0,3.044522437723423,13.0,9.3,0.23255813953488372,3,21
33.0,1.0986122886681098,13.0,2.4,1.0,4,22
50.0,4.51085950651685,14.0,1.5,1.0,3,22
30.0,2.0794415416798357,17.0,1.7,1.0,0,22
30.0,1.3862943611198906,14.0,2.9,1.0,4,22
50.0,3.258096538021482,14.0,11.5,0.7701149425287356,3,23
0.0,1.9459101490553132,14.0,11.4,0.7701149425287356,1,23
50.0,0.6931471805599453,14.0,12.4,0.7701149425287356,2,23
33.0,0.6931471805599453,14.0,12.4,0.7701149425287356,2,23
50.0,0.6931471805599453,14.0,12.4,0.7701149425287356,3,23
33.0,0.6931471805599453,14.0,12.4,0.7701149425287356,3,23
0.0,1.0986122886681098,12.0,7.9,0.7701149425287356,0,23
67.0,0.6931471805599453,14.0,11.7,0.7701149425287356,0,23
67.0,0.6931471805599453,12.0,9.9,0.7701149425287356,0,23
67.0,0.6931471805599453,13.0,14.6,0.7701149425287356,0,23
67.0,0.6931471805599453,14.0,11.7,0.7701149425287356,0,23
67.0,0.6931471805599453,12.0,9.9,0.7701149425287356,0,23
67.0,0.6931471805599453,13.0,14.6,0.7701149425287356,0,23
67.0,1.0986122886681098,14.0,11.7,0.7701149425287356,4,23
67.0,1.0986122886681098,12.0,9.9,0.7701149425287356,4,23
67.0,1.0986122886681098,13.0,14.6,0.7701149425287356,4,23
67.0,1.0986122886681098,14.0,11.7,0.7701149425287356,4,23
67.0,1.0986122886681098,12.0,9.9,0.7701149425287356,4,23
67.0,1.0986122886681098,13.0,14.6,0.7701149425287356,4,23
50.0,2.3978952727983707,12.0,16.7,0.7701149425287356,1,23
75.0,1.3862943611198906,13.0,13.2,0.7701149425287356,0,23
75.0,1.0986122886681098,13.0,12.4,0.7701149425287356,4,23
50.0,1.0986122886681098,14.0,4.5,0.7701149425287356,3,23
50.0,1.3862943611198906,12.0,9.8,0.7701149425287356,0,23
75.0,0.6931471805599453,15.0,6.9,0.7701149425287356,3,23
80.0,1.791759469228055,13.0,7.0,0.7701149425287356,2,23
90.0,2.3978952727983707,13.0,7.0,0.7701149425287356,2,23
75.0,1.0986122886681098,13.0,4.9,0.7701149425287356,2,23
75.0,1.0986122886681098,13.0,4.9,0.7701149425287356,2,23
75.0,3.044522437723423,13.0,4.9,0.7701149425287356,4,23
75.0,3.044522437723423,13.0,4.9,0.7701149425287356,4,23
50.0,1.0986122886681098,12.0,6.8,0.7701149425287356,3,23
0.0,1.0986122886681098,14.0,4.9,0.7701149425287356,4,23
33.0,0.6931471805599453,13.0,5.2,0.7701149425287356,0,23
50.0,0.6931471805599453,12.0,15.7,0.7701149425287356,0,23
75.0,2.772588722239781,13.0,2.7,0.7701149425287356,3,23
75.0,3.044522437723423,16.0,6.3,0.7701149425287356,2,23
50.0,0.6931471805599453,13.0,9.0,0.7701149425287356,1,23
30.0,1.0986122886681098,13.0,2.0,0.7701149425287356,4,23
60.0,0.6931471805599453,14.0,2.6,0.7701149425287356,0,23
20.0,1.3862943611198906,15.0,3.1,0.7701149425287356,0,23
20.0,1.0986122886681098,18.0,2.3,0.7701149425287356,3,23
10.0,0.6931471805599453,13.0,2.0,0.7701149425287356,3,23
0.0,3.044522437723423,14.0,9.7,0.7701149425287356,3,23
0.0,0.6931471805599453,16.0,7.6,0.7701149425287356,3,23
0.0,1.6094379124341003,14.0,4.7,0.7701149425287356,0,23
25.0,0.6931471805599453,14.0,3.6,0.7701149425287356,2,23
0.0,0.6931471805599453,12.0,6.5,0.7701149425287356,3,23
75.0,0.6931471805599453,13.0,9.2,0.7701149425287356,0,23
0.0,0.6931471805599453,11.0,10.1,0.7701149425287356,3,23
33.0,0.6931471805599453,11.0,13.1,0.7701149425287356,4,23
33.0,1.6094379124341003,11.0,15.4,0.7701149425287356,0,23
33.0,0.6931471805599453,12.0,6.7,0.7701149425287356,4,23
50.0,1.0986122886681098,15.0,5.6,0.7701149425287356,0,23
0.0,1.3862943611198906,13.0,7.0,0.7701149425287356,4,23
33.0,0.6931471805599453,13.0,7.0,0.7701149425287356,3,23
33.0,1.0986122886681098,12.0,4.9,0.7701149425287356,4,23
50.0,1.9459101490553132,18.0,6.5,0.7701149425287356,0,23
33.0,1.6094379124341003,12.0,4.6,0.7701149425287356,0,23
33.0,1.0986122886681098,13.0,3.8,0.7701149425287356,3,23
0.0,1.0986122886681098,14.0,10.3,0.7701149425287356,3,23
50.0,1.0986122886681098,12.0,4.4,0.7701149425287356,2,23
33.0,0.6931471805599453,12.0,3.8,0.7701149425287356,0,23
33.0,0.6931471805599453,12.0,3.8,0.7701149425287356,0,23
50.0,0.6931471805599453,12.0,3.8,0.7701149425287356,0,23
33.0,0.6931471805599453,12.0,3.8,0.7701149425287356,4,23
50.0,0.6931471805599453,12.0,3.8,0.7701149425287356,4,23
80.0,0.6931471805599453,12.0,2.7,0.7701149425287356,4,23
50.0,3.044522437723423,12.0,3.5,0.7701149425287356,0,23
0.0,1.3862943611198906,16.0,3.6,0.7701149425287356,4,23
50.0,0.6931471805599453,15.0,3.3,0.7701149425287356,0,23
50.0,0.6931471805599453,20.0,4.3,0.7701149425287356,4,23
75.0,1.791759469228055,15.0,2.3,0.7701149425287356,3,23
50.0,0.6931471805599453,14.0,2.1,0.7701149425287356,3,23
50.0,0.6931471805599453,14.0,17.9,0.7701149425287356,3,23
50.0,1.0986122886681098,20.0,1.4,0.7701149425287356,0,23
50.0,1.3862943611198906,14.0,2.7,0.7701149425287356,0,23
75.0,0.6931471805599453,14.0,3.1,0.7701149425287356,3,23
33.0,1.6094379124341003,13.0,10.2,0.7701149425287356,0,23
33.0,0.6931471805599453,13.0,1.4,0.7701149425287356,4,23
33.0,1.3862943611198906,13.0,5.0,0.7701149425287356,3,23
33.0,0.6931471805599453,15.0,3.0,0.7701149425287356,3,23
25.0,0.6931471805599453,14.0,3.2,0.7701149425287356,4,23
75.0,0.6931471805599453,15.0,3.2,0.7701149425287356,2,23
75.0,0.6931471805599453,15.0,3.2,0.7701149425287356,2,23
75.0,0.6931471805599453,15.0,3.2,0.7701149425287356,4,23
75.0,0.6931471805599453,15.0,3.2,0.7701149425287356,4,23
50.0,0.6931471805599453,13.0,6.1,0.7701149425287356,4,23
25.0,1.0986122886681098,14.0,5.7,0.7701149425287356,0,23
25.0,1.9459101490553132,11.0,18.5,0.8888888888888888,2,24
33.0,1.3862943611198906,16.0,15.5,0.8888888888888888,4,24
25.0,1.6094379124341003,11.0,21.0,0.8888888888888888,2,24
33.0,1.791759469228055,11.0,19.2,0.8888888888888888,2,24
33.0,1.791759469228055,11.0,21.1,0.8888888888888888,2,24
75.0,3.044522437723423,14.0,13.8,0.8888888888888888,1,24
50.0,3.58351893845611,14.0,13.9,0.8888888888888888,0,24
50.0,4.394449154672439,14.0,18.2,0.8888888888888888,0,24
33.0,2.1972245773362196,11.0,17.7,0.8888888888888888,2,24
33.0,1.0986122886681098,13.0,22.9,0.8888888888888888,1,24
25.0,2.0794415416798357,13.0,5.4,0.8888888888888888,2,24
25.0,1.6094379124341003,12.0,14.7,0.8888888888888888,3,24
33.0,1.6094379124341003,12.0,13.3,0.8888888888888888,2,24
50.0,1.6094379124341003,14.0,16.6,0.8888888888888888,3,24
33.0,1.791759469228055,12.0,11.3,0.8888888888888888,4,24
33.0,1.9459101490553132,12.0,28.4,0.8888888888888888,1,24
40.0,1.791759469228055,10.0,93.5,0.8888888888888888,3,24
33.0,1.9459101490553132,13.0,17.1,0.8888888888888888,2,24
50.0,1.6094379124341003,12.0,18.0,0.8888888888888888,2,24
25.0,1.0986122886681098,15.0,33.9,0.8888888888888888,0,24
50.0,1.3862943611198906,16.0,14.9,0.8888888888888888,4,24
50.0,1.3862943611198906,11.0,16.8,0.8888888888888888,2,24
33.0,4.394449154672439,12.0,26.2,0.8888888888888888,0,24
25.0,1.6094379124341003,12.0,17.3,0.8888888888888888,4,24
50.0,1.0986122886681098,12.0,24.6,0.8888888888888888,1,24
33.0,1.9459101490553132,12.0,11.2,0.8888888888888888,3,24
33.0,2.772588722239781,11.0,24.8,0.8888888888888888,0,24
25.0,1.9459101490553132,12.0,13.3,0.8888888888888888,4,24
25.0,1.6094379124341003,11.0,20.3,0.8888888888888888,3,24
33.0,1.3862943611198906,13.0,12.5,0.9662921348314607,4,25
85.0,2.6390573296152584,13.0,19.4,0.9662921348314607,1,25
85.0,2.5649493574615367,13.0,14.9,0.9662921348314607,1,25
75.0,1.3862943611198906,12.0,11.4,0.9662921348314607,3,25
75.0,2.0794415416798357,12.0,23.3,0.9662921348314607,2,25
50.0,1.3862943611198906,11.0,19.9,0.9662921348314607,3,25
85.0,1.3862943611198906,11.0,20.3,0.9662921348314607,2,25
75.0,0.6931471805599453,16.0,19.7,0.9662921348314607,2,25
33.0,1.3862943611198906,12.0,18.3,0.9662921348314607,4,25
75.0,0.6931471805599453,12.0,17.1,0.9662921348314607,1,25
75.0,0.6931471805599453,12.0,19.2,0.9662921348314607,1,25
50.0,1.3862943611198906,12.0,31.5,0.9662921348314607,4,25
33.0,1.0986122886681098,12.0,29.8,0.9662921348314607,3,25
33.0,0.6931471805599453,11.0,31.6,0.9662921348314607,3,25
90.0,1.0986122886681098,13.0,12.7,0.9662921348314607,2,25
50.0,1.3862943611198906,11.0,25.1,0.9662921348314607,0,25
33.0,0.6931471805599453,12.0,42.1,0.9662921348314607,4,25
33.0,1.0986122886681098,12.0,57.8,0.9662921348314607,4,25
50.0,2.5649493574615367,11.0,23.8,0.9662921348314607,1,25
33.0,0.6931471805599453,13.0,17.5,0.9662921348314607,4,25
75.0,1.6094379124341003,12.0,32.1,0.9662921348314607,2,25
0.0,2.3978952727983707,11.0,37.8,0.9662921348314607,3,25
75.0,1.0986122886681098,12.0,17.5,0.9662921348314607,2,25
0.0,1.3862943611198906,12.0,13.0,0.9662921348314607,0,25
75.0,0.6931471805599453,11.0,19.7,0.9662921348314607,2,25
85.0,2.3978952727983707,13.0,12.5,0.9662921348314607,1,25
85.0,2.3978952727983707,13.0,12.8,0.9662921348314607,1,25
50.0,0.6931471805599453,12.0,17.0,0.9662921348314607,1,25
95.0,2.70805020110221,12.0,16.0,0.9662921348314607,2,25
95.0,0.6931471805599453,11.0,34.3,0.9662921348314607,2,25
23.0,1.0986122886681098,14.0,6.8,0.9662921348314607,4,25
50.0,1.791759469228055,19.0,40.1,0.9662921348314607,0,25
75.0,1.3862943611198906,11.0,11.3,0.9662921348314607,0,25
25.0,1.0986122886681098,11.0,11.8,0.9662921348314607,3,25
33.0,1.3862943611198906,11.0,16.2,0.9662921348314607,4,25
33.0,1.6094379124341003,11.0,28.4,0.9662921348314607,4,25
50.0,1.6094379124341003,11.0,10.7,0.9662921348314607,2,25
50.0,1.3862943611198906,11.0,10.9,0.9662921348314607,1,25
50.0,1.6094379124341003,12.0,19.8,0.9662921348314607,0,25
50.0,2.70805020110221,12.0,7.8,0.9662921348314607,0,25
25.0,1.0986122886681098,11.0,34.2,0.9662921348314607,4,25
33.0,1.6094379124341003,12.0,32.8,0.9662921348314607,0,25
10.0,1.0986122886681098,12.0,32.8,0.9662921348314607,3,25
60.0,1.6094379124341003,12.0,9.7,0.9662921348314607,0,25
33.0,1.3862943611198906,12.0,9.9,0.9662921348314607,4,25
25.0,0.6931471805599453,13.0,10.4,0.9662921348314607,3,25
75.0,1.3862943611198906,11.0,22.7,0.9662921348314607,0,25
33.0,0.6931471805599453,11.0,26.1,0.9662921348314607,4,25
50.0,1.0986122886681098,13.0,43.1,0.9662921348314607,4,25
50.0,1.0986122886681098,13.0,42.9,0.9662921348314607,0,25
33.0,2.0794415416798357,10.0,39.0,0.9662921348314607,4,25
75.0,2.3978952727983707,12.0,24.0,0.9662921348314607,1,25
50.0,1.0986122886681098,10.0,50.8,0.9662921348314607,0,25
33.0,0.6931471805599453,10.0,29.2,0.9662921348314607,4,25
50.0,1.9459101490553132,12.0,21.2,0.9662921348314607,0,25
50.0,1.0986122886681098,12.0,7.9,0.9662921348314607,0,25
33.0,1.9459101490553132,10.0,50.1,0.9662921348314607,4,25
50.0,1.6094379124341003,10.0,45.1,0.9662921348314607,0,25
75.0,1.9459101490553132,11.0,20.1,0.9662921348314607,1,25
50.0,1.3862943611198906,11.0,52.2,0.9662921348314607,0,25
50.0,1.0986122886681098,11.0,17.4,0.9662921348314607,0,25
33.0,1.3862943611198906,11.0,34.3,0.9662921348314607,4,25
33.0,0.6931471805599453,12.0,90.0,0.9662921348314607,4,25
50.0,1.0986122886681098,11.0,24.2,0.9662921348314607,0,25
90.0,2.3978952727983707,13.0,9.9,0.7368421052631579,3,26
75.0,2.302585092994046,13.0,3.7,0.7368421052631579,2,26
80.0,2.0794415416798357,14.0,2.4,0.7368421052631579,3,26
85.0,1.791759469228055,12.0,8.4,0.7368421052631579,3,26
95.0,3.4339872044851463,12.0,2.1,0.7368421052631579,0,26
50.0,1.791759469228055,13.0,6.3,0.7368421052631579,2,26
0.0,4.795790545596741,11.0,32.0,0.4915254237288136,3,27
0.0,1.0986122886681098,11.0,14.9,0.4915254237288136,4,27
0.0,1.3862943611198906,12.0,14.3,0.4915254237288136,4,27
0.0,0.6931471805599453,11.0,14.5,0.4915254237288136,4,27
0.0,1.0986122886681098,12.0,14.7,0.4915254237288136,4,27
25.0,1.0986122886681098,13.0,56.1,0.4915254237288136,0,27
25.0,2.3978952727983707,13.0,13.6,0.4915254237288136,0,27
0.0,1.6094379124341003,11.0,34.7,0.4915254237288136,0,27
0.0,1.9459101490553132,11.0,34.8,0.4915254237288136,0,27
0.0,1.6094379124341003,12.0,35.0,0.4915254237288136,0,27
25.0,1.6094379124341003,12.0,9.6,0.4915254237288136,4,27
33.0,1.3862943611198906,11.0,9.2,0.4915254237288136,4,27
0.0,1.9459101490553132,16.0,12.2,0.4915254237288136,0,27
0.0,1.3862943611198906,14.0,11.0,0.4915254237288136,0,27
0.0,0.6931471805599453,15.0,9.8,0.4915254237288136,0,27
25.0,1.3862943611198906,15.0,6.6,0.4915254237288136,0,27
25.0,1.3862943611198906,11.0,26.4,0.4915254237288136,4,27
25.0,1.0986122886681098,11.0,26.1,0.4915254237288136,0,27
25.0,2.0794415416798357,14.0,12.5,0.4915254237288136,4,27
0.0,1.6094379124341003,15.0,7.8,0.4915254237288136,0,27
0.0,2.0794415416798357,13.0,42.5,0.4915254237288136,0,27
0.0,1.0986122886681098,10.0,29.7,0.4915254237288136,0,27
0.0,1.3862943611198906,18.0,36.1,0.4915254237288136,0,27
33.0,1.0986122886681098,14.0,15.5,0.4915254237288136,4,27
33.0,1.0986122886681098,14.0,18.4,0.4915254237288136,4,27
25.0,1.3862943611198906,15.0,21.8,0.4915254237288136,4,27
33.0,1.0986122886681098,10.0,24.3,0.4915254237288136,4,27
25.0,1.3862943611198906,14.0,20.4,0.4915254237288136,4,27
0.0,1.6094379124341003,12.0,13.5,0.4915254237288136,4,27
10.0,1.6094379124341003,14.0,8.1,0.4915254237288136,4,27
0.0,1.6094379124341003,14.0,6.8,0.4915254237288136,4,27
0.0,1.0986122886681098,11.0,12.0,0.4915254237288136,0,27
0.0,1.0986122886681098,12.0,27.1,0.4915254237288136,1,27
33.0,4.51085950651685,13.0,17.3,0.4915254237288136,0,27
33.0,4.110873864173311,12.0,22.6,0.4915254237288136,0,27
33.0,4.110873864173311,15.0,7.2,0.4915254237288136,4,27
60.0,2.4849066497880004,15.0,0.8,1.0,2,28
65.0,2.0794415416798357,14.0,1.6,1.0,2,28
50.0,3.258096538021482,15.0,0.9,1.0,2,28
50.0,3.258096538021482,14.0,2.0,1.0,2,28
100.0,0.6931471805599453,13.0,2.0,1.0,2,28
100.0,1.3862943611198906,14.0,1.7,1.0,2,28
100.0,1.791759469228055,15.0,0.6,1.0,2,28
70.0,1.3862943611198906,14.0,1.3,1.0,2,28
90.0,2.0794415416798357,14.0,1.4,1.0,2,28
100.0,0.6931471805599453,17.0,0.8,1.0,2,28
100.0,1.791759469228055,19.0,0.3,1.0,2,28
70.0,2.3978952727983707,15.0,0.6,1.0,2,28
65.0,1.6094379124341003,15.0,0.6,1.0,2,28
80.0,0.6931471805599453,15.0,0.6,1.0,2,28
50.0,3.2188758248682006,14.0,3.6,0.6571428571428571,1,29
50.0,1.6094379124341003,16.0,4.1,0.6571428571428571,2,29
50.0,3.044522437723423,14.0,1.4,0.6571428571428571,1,29
0.0,1.3862943611198906,13.0,3.4,0.6571428571428571,2,29
80.0,3.044522437723423,15.0,1.1,0.6571428571428571,1,29
0.0,3.8918202981106265,13.0,3.3,0.6571428571428571,2,29
80.0,3.2188758248682006,12.0,3.5,0.6571428571428571,1,29
50.0,3.4965075614664802,12.0,3.3,0.6571428571428571,1,29
25.0,1.6094379124341003,14.0,4.4,0.6571428571428571,2,29
0.0,4.574710978503383,13.0,2.7,0.6571428571428571,1,29
25.0,0.6931471805599453,13.0,3.7,0.6571428571428571,1,29
75.0,1.0986122886681098,11.0,13.7,0.6571428571428571,2,29
50.0,3.8918202981106265,14.0,1.5,0.6571428571428571,1,29
50.0,0.6931471805599453,14.0,2.4,0.6571428571428571,2,29
20.0,1.0986122886681098,11.0,13.8,0.6571428571428571,1,29
20.0,2.772588722239781,15.0,2.7,0.6571428571428571,2,29
20.0,2.772588722239781,14.0,3.1,0.6571428571428571,2,29
63.0,1.3862943611198906,14.0,13.3,0.6571428571428571,2,29
90.0,1.9459101490553132,12.0,9.7,0.5357142857142857,1,30
50.0,2.3978952727983707,13.0,8.0,0.5357142857142857,1,30
50.0,0.6931471805599453,11.0,10.8,0.5357142857142857,2,30
0.0,1.3862943611198906,11.0,10.5,0.5357142857142857,1,30
0.0,2.3978952727983707,11.0,10.2,0.5357142857142857,1,30
0.0,2.3978952727983707,11.0,10.2,0.5357142857142857,1,30
0.0,2.3978952727983707,11.0,10.2,0.5357142857142857,1,30
50.0,3.9318256327243257,13.0,7.0,0.5357142857142857,3,30
0.0,0.9162907318741551,12.0,34.8,0.5357142857142857,3,30
10.0,2.772588722239781,11.0,12.3,0.5357142857142857,1,30
15.0,1.252762968495368,11.0,12.9,0.5357142857142857,2,30
10.0,1.0986122886681098,11.0,11.5,0.5357142857142857,3,30
20.0,2.9444389791664403,11.0,12.7,0.5357142857142857,1,30
5.0,1.3862943611198906,11.0,10.3,0.5357142857142857,2,30
0.0,1.3862943611198906,11.0,10.3,0.5357142857142857,2,30
25.0,1.0986122886681098,12.0,10.8,0.5357142857142857,1,30
25.0,0.9162907318741551,11.0,15.0,0.5357142857142857,3,30
0.0,3.4339872044851463,14.0,2.6,0.5357142857142857,2,30
50.0,1.0986122886681098,12.0,7.1,0.5357142857142857,1,30
25.0,0.6931471805599453,12.0,7.4,0.5357142857142857,2,30
25.0,0.6931471805599453,12.0,8.0,0.5357142857142857,3,30
0.0,0.6931471805599453,11.0,14.4,0.5357142857142857,1,30
0.0,0.6931471805599453,11.0,14.4,0.5357142857142857,1,30
0.0,0.6931471805599453,11.0,14.4,0.5357142857142857,1,30
0.0,2.1972245773362196,12.0,16.8,0.5357142857142857,2,30
0.0,2.1972245773362196,12.0,16.8,0.5357142857142857,2,30
20.0,5.5254529391317835,12.0,22.4,0.5357142857142857,3,30
0.0,1.3862943611198906,11.0,19.8,0.5357142857142857,3,30
0.0,2.0794415416798357,13.0,16.0,0.5357142857142857,1,30
0.0,0.6931471805599453,11.0,21.4,0.5072463768115942,1,31
25.0,4.61512051684126,11.0,21.5,0.5072463768115942,3,31
0.0,1.6094379124341003,13.0,3.3,0.5072463768115942,2,31
33.0,3.9318256327243257,11.0,30.2,0.5072463768115942,1,31
25.0,4.61512051684126,11.0,30.5,0.5072463768115942,3,31
25.0,4.61512051684126,11.0,31.3,0.5072463768115942,3,31
33.0,2.9444389791664403,15.0,2.6,0.5072463768115942,2,31
10.0,3.2188758248682006,12.0,21.9,0.5072463768115942,1,31
15.0,2.8903717578961645,12.0,3.0,0.5072463768115942,2,31
0.0,3.295836866004329,13.0,10.0,0.5072463768115942,1,31
0.0,3.295836866004329,13.0,10.0,0.5072463768115942,1,31
25.0,1.0986122886681098,12.0,12.2,0.5072463768115942,3,31
33.0,2.1972245773362196,19.0,4.0,0.5072463768115942,2,31
25.0,0.4054651081081644,11.0,17.0,0.5072463768115942,2,31
33.0,1.252762968495368,13.0,14.2,0.5072463768115942,2,31
50.0,0.6931471805599453,11.0,19.1,0.5072463768115942,1,31
0.0,3.4339872044851463,12.0,14.8,0.5072463768115942,1,31
0.0,2.772588722239781,12.0,15.8,0.5072463768115942,1,31
0.0,2.772588722239781,12.0,15.8,0.5072463768115942,1,31
0.0,1.9459101490553132,13.0,16.3,0.5072463768115942,2,31
0.0,0.6931471805599453,14.0,5.6,0.5072463768115942,2,31
0.0,1.6094379124341003,11.0,19.6,0.5072463768115942,3,31
0.0,0.6931471805599453,13.0,3.4,0.5072463768115942,1,31
50.0,1.3862943611198906,18.0,4.9,0.5072463768115942,2,31
0.0,1.3862943611198906,17.0,5.1,0.5072463768115942,2,31
0.0,3.044522437723423,12.0,9.5,0.5072463768115942,2,31
0.0,2.5649493574615367,12.0,8.8,0.5072463768115942,1,31
0.0,1.0986122886681098,12.0,9.6,0.5072463768115942,2,31
33.0,3.044522437723423,12.0,26.1,0.5072463768115942,1,31
25.0,0.6931471805599453,12.0,23.2,0.5072463768115942,1,31
0.0,1.6094379124341003,12.0,25.8,0.5072463768115942,2,31
33.0,1.791759469228055,12.0,21.1,0.5072463768115942,3,31
50.0,1.6094379124341003,12.0,15.6,0.5072463768115942,1,31
0.0,2.1972245773362196,12.0,47.0,0.5072463768115942,3,31
25.0,2.6741486494265287,12.0,41.4,0.5072463768115942,2,31
0.0,3.9318256327243257,12.0,9.1,0.045454545454545456,1,32
0.0,2.772588722239781,12.0,11.2,0.045454545454545456,2,32
0.0,3.9318256327243257,12.0,9.1,0.045454545454545456,1,32
0.0,2.3978952727983707,13.0,7.4,0.045454545454545456,2,32
0.0,2.833213344056216,11.0,13.2,0.045454545454545456,2,32
0.0,1.3862943611198906,11.0,13.0,0.045454545454545456,1,32
0.0,3.4339872044851463,16.0,2.8,0.045454545454545456,1,32
0.0,2.772588722239781,12.0,16.2,0.045454545454545456,2,32
33.0,2.5649493574615367,14.0,4.9,0.045454545454545456,2,32
0.0,3.58351893845611,13.0,5.6,0.045454545454545456,2,32
0.0,1.6094379124341003,15.0,3.3,0.045454545454545456,2,32
0.0,0.6931471805599453,12.0,5.7,0.045454545454545456,1,32
25.0,0.6931471805599453,11.0,13.5,0.2876712328767123,1,33
25.0,2.8903717578961645,13.0,19.5,0.2876712328767123,2,33
20.0,1.9459101490553132,14.0,18.7,0.2876712328767123,2,33
0.0,1.0986122886681098,11.0,44.1,0.2876712328767123,1,33
0.0,3.056356895370426,10.0,42.9,0.2876712328767123,2,33
0.0,4.30406509320417,15.0,24.5,0.2876712328767123,1,33
0.0,2.6390573296152584,11.0,29.3,0.2876712328767123,2,33
0.0,4.219507705176107,11.0,5.3,0.2876712328767123,1,33
0.0,2.545531271604435,10.0,18.0,0.2876712328767123,2,33
0.0,3.9318256327243257,11.0,20.6,0.2876712328767123,2,33
0.0,3.9318256327243257,11.0,20.4,0.2876712328767123,1,33
0.0,3.044522437723423,11.0,18.4,0.2876712328767123,2,33
0.0,1.4655675420143985,11.0,29.5,0.2876712328767123,2,33
0.0,2.1972245773362196,11.0,23.5,0.2876712328767123,2,33
0.0,3.9318256327243257,11.0,22.1,0.2876712328767123,1,33
0.0,2.70805020110221,11.0,16.3,0.2876712328767123,2,33
0.0,0.9162907318741551,11.0,14.3,0.2876712328767123,1,33
0.0,2.5649493574615367,11.0,34.3,0.2876712328767123,2,33
25.0,1.9459101490553132,14.0,6.2,0.2876712328767123,2,33
75.0,2.70805020110221,15.0,24.5,0.2876712328767123,1,33
0.0,1.791759469228055,15.0,5.9,0.2876712328767123,2,33
20.0,0.6931471805599453,12.0,5.0,0.2876712328767123,1,33
33.0,1.6094379124341003,13.0,3.9,0.2876712328767123,2,33
33.0,4.394449154672439,12.0,4.3,0.2876712328767123,1,33
25.0,2.772588722239781,12.0,8.1,0.2876712328767123,2,33
40.0,3.713572066704308,11.0,29.8,0.2876712328767123,1,33
0.0,2.0476928433652555,19.0,25.1,0.2876712328767123,2,33
0.0,2.3978952727983707,16.0,1.7,0.0,1,34
0.0,3.332204510175204,15.0,0.2,0.0,1,34
0.0,2.3978952727983707,14.0,1.6,0.07142857142857142,1,35
0.0,2.772588722239781,23.0,1.4,0.07142857142857142,1,35
0.0,2.772588722239781,23.0,1.4,0.07142857142857142,1,35
0.0,1.6094379124341003,19.0,1.6,0.0,1,36
0.0,1.9459101490553132,16.0,1.5,0.0,1,36
70.0,2.3978952727983707,11.0,23.6,1.0,2,37
60.0,2.1972245773362196,11.0,29.1,1.0,3,37
80.0,1.3862943611198906,15.0,6.8,1.0,3,37
60.0,1.791759469228055,15.0,1.1,1.0,3,37
90.0,1.0986122886681098,11.0,46.9,1.0,2,37
75.0,1.3862943611198906,12.0,19.3,1.0,3,37
90.0,2.0794415416798357,11.0,10.1,1.0,2,37
90.0,1.6094379124341003,11.0,21.9,1.0,2,37
70.0,2.0794415416798357,11.0,36.9,1.0,2,37
95.0,0.6931471805599453,11.0,37.6,1.0,1,37
95.0,1.0986122886681098,12.0,4.8,1.0,2,37
75.0,2.1972245773362196,12.0,8.5,1.0,3,37
25.0,5.017279836814924,11.0,14.0,0.2413793103448276,1,38
50.0,6.2166061010848646,11.0,18.7,0.2413793103448276,2,38
0.0,5.303304908059076,12.0,25.4,0.2413793103448276,2,38
0.0,4.912654885736052,12.0,10.6,0.2413793103448276,1,38
0.0,3.044522437723423,12.0,10.4,0.2413793103448276,2,38
0.0,5.993961427306569,10.0,44.9,0.2413793103448276,2,38
0.0,4.875197323201151,10.0,37.1,0.2413793103448276,3,38
50.0,5.303304908059076,12.0,35.0,0.2413793103448276,2,38
0.0,5.303304908059076,12.0,8.6,0.2413793103448276,2,38
50.0,5.081404364984463,11.0,9.9,0.2413793103448276,1,38
0.0,5.993961427306569,11.0,14.1,0.2413793103448276,2,38
50.0,4.61512051684126,12.0,13.2,0.2413793103448276,1,38
0.0,4.61512051684126,12.0,12.7,0.2413793103448276,2,38
0.0,5.303304908059076,11.0,30.9,0.2413793103448276,2,38
0.0,5.442417710521793,10.0,44.4,0.2413793103448276,1,38
0.0,3.9318256327243257,11.0,20.3,0.2413793103448276,1,38
0.0,5.017279836814924,10.0,41.0,0.2413793103448276,2,38
0.0,4.61512051684126,10.0,34.6,0.2413793103448276,3,38
0.0,4.948759890378168,10.0,37.9,0.2413793103448276,3,38
0.0,6.398594934535208,11.0,21.3,0.2413793103448276,2,38
33.0,4.709530201312334,12.0,9.3,0.2413793103448276,1,38
0.0,5.303304908059076,11.0,18.3,0.2413793103448276,2,38
0.0,5.303304908059076,12.0,16.2,0.2413793103448276,2,38
50.0,3.9318256327243257,11.0,13.0,0.2413793103448276,2,38
0.0,5.707110264748875,12.0,5.9,0.2413793103448276,2,38
0.0,5.707110264748875,10.0,22.9,0.2413793103448276,1,38
0.0,5.303304908059076,10.0,23.8,0.2413793103448276,2,38
25.0,7.313886831633462,11.0,46.6,0.2413793103448276,2,38
50.0,3.9318256327243257,11.0,12.1,0.2413793103448276,1,38
50.0,6.2166061010848646,10.0,12.9,0.2413793103448276,2,38
33.0,1.6094379124341003,11.0,24.3,0.6458333333333334,1,39
33.0,3.7954891891721947,11.0,23.9,0.6458333333333334,2,39
25.0,0.9162907318741551,11.0,23.6,0.6458333333333334,3,39
25.0,0.6931471805599453,11.0,26.7,0.6458333333333334,1,39
0.0,3.4339872044851463,14.0,21.6,0.6458333333333334,2,39
50.0,0.6931471805599453,11.0,19.8,0.6458333333333334,2,39
0.0,3.044522437723423,11.0,24.4,0.6458333333333334,1,39
0.0,5.484796933490655,11.0,28.7,0.6458333333333334,2,39
25.0,3.9318256327243257,11.0,14.8,0.6458333333333334,1,39
25.0,0.6931471805599453,12.0,27.2,0.6458333333333334,2,39
25.0,0.6931471805599453,12.0,12.9,0.6458333333333334,2,39
33.0,4.110873864173311,11.0,39.6,0.6458333333333334,2,39
33.0,3.713572066704308,11.0,23.2,0.6458333333333334,2,39
33.0,2.772588722239781,13.0,26.2,0.6458333333333334,3,39
50.0,3.9318256327243257,11.0,35.6,0.6458333333333334,1,39
33.0,2.772588722239781,10.0,53.3,0.6458333333333334,2,39
33.0,1.0986122886681098,10.0,40.2,0.6458333333333334,2,39
50.0,1.6094379124341003,15.0,11.4,0.6458333333333334,1,39
0.0,0.6931471805599453,10.0,25.5,0.6458333333333334,3,39
33.0,1.6094379124341003,11.0,17.7,0.6458333333333334,2,39
50.0,1.0986122886681098,11.0,17.5,0.6458333333333334,2,39
33.0,3.9318256327243257,11.0,19.3,0.6458333333333334,1,39
33.0,3.4339872044851463,11.0,19.3,0.6458333333333334,2,39
33.0,0.6931471805599453,12.0,17.1,0.6458333333333334,2,39
50.0,1.6094379124341003,14.0,13.1,0.6458333333333334,2,39
0.0,3.9318256327243257,11.0,26.4,0.6458333333333334,3,39
25.0,1.0986122886681098,12.0,23.6,0.6458333333333334,1,39
0.0,1.0986122886681098,13.0,18.8,0.6458333333333334,1,39
0.0,1.0986122886681098,13.0,18.8,0.6458333333333334,1,39
0.0,0.6931471805599453,13.0,18.8,0.6458333333333334,2,39
0.0,0.6931471805599453,13.0,18.8,0.6458333333333334,2,39
0.0,1.3862943611198906,13.0,18.5,0.6458333333333334,2,39
0.0,1.0986122886681098,13.0,17.0,0.6458333333333334,3,39
0.0,1.0986122886681098,12.0,43.3,0.6458333333333334,2,39
33.0,0.6931471805599453,11.0,42.1,0.6458333333333334,1,39
0.0,4.2626798770413155,13.0,23.9,0.3564356435643564,1,40
0.0,4.2626798770413155,13.0,23.9,0.3564356435643564,1,40
50.0,4.2626798770413155,13.0,23.9,0.3564356435643564,1,40
0.0,4.2626798770413155,13.0,23.9,0.3564356435643564,1,40
0.0,3.4965075614664802,14.0,5.7,0.3564356435643564,2,40
0.0,2.833213344056216,16.0,5.8,0.3564356435643564,1,40
0.0,1.0986122886681098,13.0,24.3,0.3564356435643564,1,40
0.0,1.0986122886681098,12.0,24.5,0.3564356435643564,1,40
0.0,1.0986122886681098,13.0,24.3,0.3564356435643564,1,40
0.0,1.0986122886681098,12.0,24.5,0.3564356435643564,1,40
0.0,1.0986122886681098,13.0,24.3,0.3564356435643564,1,40
0.0,1.0986122886681098,12.0,24.5,0.3564356435643564,1,40
0.0,1.6094379124341003,13.0,16.4,0.3564356435643564,1,40
0.0,1.6094379124341003,13.0,16.4,0.3564356435643564,1,40
0.0,2.1972245773362196,13.0,14.6,0.3564356435643564,1,40
0.0,2.1972245773362196,13.0,14.6,0.3564356435643564,1,40
0.0,2.1972245773362196,13.0,14.6,0.3564356435643564,1,40
33.0,4.795790545596741,15.0,21.2,0.3564356435643564,2,40
50.0,3.4965075614664802,12.0,17.2,0.3564356435643564,1,40
0.0,3.4965075614664802,12.0,17.2,0.3564356435643564,1,40
33.0,2.833213344056216,13.0,15.8,0.3564356435643564,3,40
50.0,2.1972245773362196,11.0,19.9,0.3564356435643564,3,40
25.0,1.6094379124341003,10.0,29.2,0.3564356435643564,1,40
0.0,1.6094379124341003,10.0,29.2,0.3564356435643564,1,40
33.0,1.3862943611198906,11.0,31.1,0.3564356435643564,1,40
50.0,2.1972245773362196,12.0,37.0,0.3564356435643564,2,40
50.0,2.0794415416798357,12.0,22.4,0.3564356435643564,3,40
50.0,2.0794415416798357,12.0,20.6,0.3564356435643564,2,40
50.0,1.791759469228055,12.0,20.9,0.3564356435643564,3,40
0.0,3.713572066704308,11.0,25.2,0.3564356435643564,1,40
0.0,3.713572066704308,11.0,25.2,0.3564356435643564,1,40
0.0,1.6094379124341003,12.0,25.0,0.3564356435643564,1,40
0.0,1.6094379124341003,12.0,25.0,0.3564356435643564,1,40
0.0,1.6094379124341003,12.0,25.0,0.3564356435643564,1,40
0.0,3.2188758248682006,12.0,46.2,0.3564356435643564,2,40
0.0,1.6094379124341003,13.0,14.9,0.3564356435643564,1,40
0.0,2.833213344056216,11.0,15.8,0.3564356435643564,2,40
33.0,2.833213344056216,11.0,15.8,0.3564356435643564,2,40
0.0,4.859812404361672,11.0,19.3,0.3564356435643564,1,40
0.0,4.859812404361672,11.0,19.3,0.3564356435643564,1,40
0.0,4.859812404361672,14.0,16.8,0.3564356435643564,1,40
0.0,4.574710978503383,12.0,16.1,0.3564356435643564,2,40
33.0,4.859812404361672,12.0,10.0,0.3564356435643564,3,40
50.0,3.4965075614664802,11.0,22.1,0.3564356435643564,1,40
33.0,3.4965075614664802,11.0,22.1,0.3564356435643564,1,40
60.0,2.1972245773362196,12.0,10.2,0.3564356435643564,3,40
0.0,2.833213344056216,16.0,11.3,0.3564356435643564,2,40
50.0,3.4965075614664802,11.0,13.0,0.3564356435643564,1,40
50.0,3.6635616461296463,12.0,8.4,0.3564356435643564,1,40
0.0,3.6635616461296463,12.0,8.4,0.3564356435643564,1,40
0.0,3.6635616461296463,12.0,8.4,0.3564356435643564,1,40
100.0,1.3862943611198906,12.0,23.5,0.3564356435643564,1,40
75.0,1.3862943611198906,12.0,23.5,0.3564356435643564,1,40
25.0,0.6931471805599453,12.0,19.6,0.3564356435643564,1,40
0.0,0.6931471805599453,12.0,19.6,0.3564356435643564,1,40
75.0,0.6931471805599453,12.0,19.6,0.3564356435643564,1,40
90.0,1.0986122886681098,11.0,23.6,0.3564356435643564,1,40
90.0,1.0986122886681098,11.0,23.6,0.3564356435643564,1,40
90.0,1.0986122886681098,12.0,23.3,0.3564356435643564,1,40
90.0,1.0986122886681098,12.0,23.3,0.3564356435643564,1,40
67.0,2.833213344056216,11.0,11.4,0.3564356435643564,3,40
0.0,0.6931471805599453,13.0,1.7,0.5487804878048781,0,41
50.0,0.6931471805599453,12.0,7.7,0.5487804878048781,0,41
0.0,1.791759469228055,13.0,10.4,0.5487804878048781,4,41
50.0,1.0986122886681098,12.0,4.6,0.5487804878048781,4,41
75.0,3.044522437723423,12.0,4.0,0.5487804878048781,1,41
0.0,1.791759469228055,12.0,4.2,0.5487804878048781,0,41
0.0,1.791759469228055,12.0,4.2,0.5487804878048781,0,41
0.0,1.791759469228055,12.0,4.2,0.5487804878048781,4,41
0.0,1.791759469228055,12.0,4.2,0.5487804878048781,4,41
0.0,1.6094379124341003,11.0,26.2,0.5487804878048781,4,41
33.0,0.6931471805599453,12.0,9.7,0.5487804878048781,0,41
50.0,2.0794415416798357,12.0,13.3,0.5487804878048781,0,41
50.0,2.0794415416798357,12.0,13.3,0.5487804878048781,0,41
50.0,2.0794415416798357,12.0,13.3,0.5487804878048781,4,41
50.0,2.0794415416798357,12.0,13.3,0.5487804878048781,4,41
0.0,1.3862943611198906,12.0,15.5,0.5487804878048781,3,41
75.0,1.3862943611198906,12.0,15.7,0.5487804878048781,4,41
50.0,1.3862943611198906,13.0,2.6,0.5487804878048781,0,41
50.0,1.3862943611198906,13.0,2.6,0.5487804878048781,0,41
50.0,1.0986122886681098,13.0,2.6,0.5487804878048781,4,41
50.0,1.0986122886681098,13.0,2.6,0.5487804878048781,4,41
25.0,1.0986122886681098,13.0,3.5,0.5487804878048781,4,41
25.0,1.6094379124341003,13.0,3.3,0.5487804878048781,0,41
25.0,1.6094379124341003,13.0,3.3,0.5487804878048781,0,41
25.0,1.6094379124341003,13.0,3.3,0.5487804878048781,4,41
25.0,1.6094379124341003,13.0,3.3,0.5487804878048781,4,41
0.0,2.6390573296152584,13.0,3.2,0.5487804878048781,3,41
0.0,1.0986122886681098,12.0,10.8,0.5487804878048781,0,41
50.0,0.6931471805599453,16.0,4.9,0.5487804878048781,1,41
67.0,1.6094379124341003,13.0,3.6,0.5487804878048781,0,41
33.0,1.6094379124341003,13.0,3.6,0.5487804878048781,0,41
67.0,1.6094379124341003,13.0,3.6,0.5487804878048781,4,41
33.0,1.6094379124341003,13.0,3.6,0.5487804878048781,4,41
33.0,2.3978952727983707,16.0,4.6,0.5487804878048781,4,41
0.0,1.0986122886681098,16.0,4.7,0.5487804878048781,3,41
50.0,1.3862943611198906,11.0,38.6,0.5487804878048781,0,41
50.0,1.3862943611198906,11.0,38.6,0.5487804878048781,0,41
50.0,1.0986122886681098,11.0,38.6,0.5487804878048781,4,41
50.0,1.0986122886681098,11.0,38.6,0.5487804878048781,4,41
50.0,1.6094379124341003,12.0,11.4,0.5487804878048781,0,41
50.0,1.6094379124341003,12.0,11.4,0.5487804878048781,0,41
50.0,1.0986122886681098,12.0,11.4,0.5487804878048781,4,41
50.0,1.0986122886681098,12.0,11.4,0.5487804878048781,4,41
0.0,2.1972245773362196,13.0,6.7,0.5487804878048781,3,41
50.0,1.0986122886681098,12.0,6.9,0.5487804878048781,3,41
0.0,1.6094379124341003,12.0,8.2,0.5487804878048781,0,41
25.0,1.6094379124341003,12.0,8.2,0.5487804878048781,0,41
0.0,1.9459101490553132,12.0,8.2,0.5487804878048781,4,41
25.0,1.9459101490553132,12.0,8.2,0.5487804878048781,4,41
25.0,1.9459101490553132,14.0,8.7,0.5487804878048781,4,41
25.0,2.3978952727983707,13.0,7.7,0.5487804878048781,4,41
25.0,0.6931471805599453,13.0,9.7,0.5487804878048781,1,41
15.0,2.5649493574615367,13.0,7.5,0.5487804878048781,3,41
0.0,2.1972245773362196,13.0,8.8,0.5487804878048781,0,41
0.0,2.1972245773362196,13.0,8.8,0.5487804878048781,0,41
0.0,2.1972245773362196,13.0,8.8,0.5487804878048781,4,41
0.0,2.1972245773362196,13.0,8.8,0.5487804878048781,4,41
0.0,2.70805020110221,13.0,7.5,0.5487804878048781,4,41
50.0,2.0794415416798357,13.0,7.5,0.5487804878048781,4,41
0.0,1.0986122886681098,12.0,8.3,0.5487804878048781,4,41
0.0,1.0986122886681098,12.0,8.3,0.5487804878048781,4,41
0.0,1.0986122886681098,12.0,23.4,0.5487804878048781,0,41
0.0,1.0986122886681098,12.0,23.4,0.5487804878048781,0,41
0.0,1.3862943611198906,12.0,23.4,0.5487804878048781,4,41
0.0,1.3862943611198906,12.0,23.4,0.5487804878048781,4,41
0.0,1.6094379124341003,13.0,12.0,0.5487804878048781,4,41
50.0,2.1972245773362196,10.0,29.5,0.5487804878048781,4,41
0.0,1.9459101490553132,12.0,22.2,0.5487804878048781,4,41
0.0,0.6931471805599453,12.0,14.8,0.5487804878048781,1,41
0.0,1.3862943611198906,12.0,7.9,0.5487804878048781,3,41
0.0,2.3978952727983707,12.0,7.7,0.5487804878048781,4,41
0.0,1.3862943611198906,13.0,3.0,0.5487804878048781,0,41
0.0,1.3862943611198906,13.0,3.0,0.5487804878048781,0,41
0.0,1.3862943611198906,13.0,3.0,0.5487804878048781,4,41
0.0,1.3862943611198906,13.0,3.0,0.5487804878048781,4,41
0.0,1.9459101490553132,11.0,20.4,0.22641509433962265,1,42
25.0,1.3862943611198906,13.0,25.4,0.22641509433962265,1,42
20.0,3.044522437723423,14.0,13.1,0.22641509433962265,2,42
0.0,1.791759469228055,13.0,17.8,0.22641509433962265,2,42
50.0,1.9459101490553132,11.0,25.6,0.22641509433962265,1,42
0.0,2.772588722239781,12.0,38.9,0.22641509433962265,2,42
0.0,1.791759469228055,14.0,20.4,0.22641509433962265,1,42
25.0,3.2188758248682006,13.0,18.2,0.22641509433962265,2,42
0.0,1.6094379124341003,13.0,21.3,0.22641509433962265,3,42
0.0,2.833213344056216,16.0,25.7,0.22641509433962265,1,42
0.0,1.791759469228055,11.0,46.9,0.22641509433962265,3,42
40.0,3.713572066704308,13.0,20.4,0.22641509433962265,2,42
0.0,1.791759469228055,13.0,31.5,0.22641509433962265,1,42
25.0,2.3978952727983707,10.0,16.4,0.22641509433962265,2,42
20.0,1.791759469228055,11.0,22.3,0.22641509433962265,2,42
67.0,1.6094379124341003,11.0,19.9,0.22641509433962265,1,42
25.0,2.3978952727983707,11.0,17.9,0.22641509433962265,3,42
0.0,3.713572066704308,18.0,6.7,0.22641509433962265,2,42
0.0,0.6931471805599453,12.0,2.7,0.22641509433962265,1,42
50.0,2.3978952727983707,13.0,2.2,0.22641509433962265,2,42
0.0,2.1972245773362196,11.0,31.0,0.22641509433962265,1,42
0.0,2.772588722239781,14.0,14.1,0.22641509433962265,2,42
0.0,1.9459101490553132,11.0,16.6,0.22641509433962265,3,42
33.0,2.9444389791664403,10.0,41.8,0.22641509433962265,2,42
25.0,2.70805020110221,13.0,32.4,0.22641509433962265,2,42
0.0,1.6094379124341003,11.0,11.8,0.22641509433962265,1,42
0.0,2.833213344056216,10.0,19.0,0.22641509433962265,2,42
0.0,3.091042453358316,12.0,10.2,0.22641509433962265,1,42
0.0,1.6094379124341003,11.0,12.2,0.22641509433962265,3,42
0.0,3.367295829986474,11.0,22.1,0.22641509433962265,2,42
50.0,0.9162907318741551,13.0,2.8,0.717948717948718,1,43
0.0,3.044522437723423,15.0,2.6,0.717948717948718,2,43
33.0,4.430816798843313,13.0,2.5,0.717948717948718,1,43
50.0,1.0986122886681098,20.0,3.0,0.717948717948718,1,43
20.0,3.4339872044851463,15.0,0.9,0.717948717948718,2,43
90.0,0.6931471805599453,14.0,4.3,0.717948717948718,1,43
0.0,1.0986122886681098,23.0,4.7,0.717948717948718,1,43
0.0,0.6931471805599453,15.0,2.3,0.717948717948718,1,43
0.0,3.4339872044851463,13.0,17.3,0.717948717948718,2,43
50.0,1.3862943611198906,14.0,6.6,0.717948717948718,3,43
10.0,0.6931471805599453,14.0,0.6,0.717948717948718,1,43
20.0,2.3978952727983707,18.0,2.8,0.717948717948718,2,43
30.0,0.9162907318741551,15.0,1.9,0.717948717948718,1,43
0.0,3.4339872044851463,13.0,2.5,0.717948717948718,1,43
0.0,2.302585092994046,17.0,2.9,0.717948717948718,2,43
0.0,1.3862943611198906,11.0,16.7,0.06493506493506493,1,44
0.0,0.4054651081081644,12.0,17.3,0.06493506493506493,1,44
0.0,0.4054651081081644,12.0,17.3,0.06493506493506493,1,44
0.0,1.3862943611198906,12.0,16.9,0.06493506493506493,1,44
0.0,1.3862943611198906,12.0,16.9,0.06493506493506493,1,44
0.0,1.3862943611198906,13.0,5.7,0.06493506493506493,2,44
0.0,1.3862943611198906,13.0,5.7,0.06493506493506493,2,44
0.0,1.6094379124341003,13.0,5.7,0.06493506493506493,3,44
0.0,1.6094379124341003,13.0,5.7,0.06493506493506493,3,44
0.0,2.70805020110221,12.0,2.4,0.06493506493506493,2,44
0.0,0.4054651081081644,12.0,8.3,0.06493506493506493,2,44
0.0,0.4054651081081644,12.0,8.3,0.06493506493506493,2,44
0.0,1.791759469228055,12.0,8.3,0.06493506493506493,3,44
0.0,1.791759469228055,12.0,8.3,0.06493506493506493,3,44
0.0,0.6931471805599453,10.0,42.0,0.06493506493506493,1,44
0.0,0.6931471805599453,13.0,7.2,0.06493506493506493,2,44
0.0,0.6931471805599453,13.0,7.2,0.06493506493506493,2,44
0.0,1.9459101490553132,13.0,7.2,0.06493506493506493,3,44
0.0,1.9459101490553132,13.0,7.2,0.06493506493506493,3,44
0.0,0.6931471805599453,11.0,36.9,0.06493506493506493,1,44
0.0,1.0986122886681098,13.0,12.1,0.06493506493506493,2,44
0.0,2.5649493574615367,12.0,8.3,0.06493506493506493,2,44
0.0,2.5649493574615367,12.0,8.3,0.06493506493506493,2,44
0.0,1.9459101490553132,12.0,8.3,0.06493506493506493,3,44
0.0,1.9459101490553132,12.0,8.3,0.06493506493506493,3,44
0.0,2.1972245773362196,14.0,14.8,0.06493506493506493,3,44
0.0,2.3978952727983707,11.0,25.9,0.06493506493506493,2,44
0.0,1.0986122886681098,12.0,15.4,0.06493506493506493,1,44
0.0,1.3862943611198906,12.0,14.7,0.06493506493506493,1,44
0.0,2.0794415416798357,13.0,12.1,0.06493506493506493,2,44
0.0,2.0794415416798357,13.0,12.1,0.06493506493506493,2,44
0.0,2.1972245773362196,12.0,33.7,0.06493506493506493,2,44
0.0,3.044522437723423,11.0,18.1,0.06493506493506493,1,44
0.0,1.6094379124341003,12.0,13.0,0.06493506493506493,3,44
0.0,1.0986122886681098,15.0,11.1,0.06493506493506493,2,44
0.0,1.0986122886681098,12.0,13.0,0.06493506493506493,2,44
0.0,1.3862943611198906,12.0,12.9,0.06493506493506493,2,44
0.0,1.3862943611198906,12.0,12.9,0.06493506493506493,2,44
0.0,1.0986122886681098,12.0,12.9,0.06493506493506493,3,44
0.0,1.0986122886681098,12.0,12.9,0.06493506493506493,3,44
0.0,4.110873864173311,13.0,19.4,0.06493506493506493,1,44
0.0,2.9444389791664403,13.0,9.1,0.06493506493506493,2,44
0.0,2.3978952727983707,12.0,19.4,0.06493506493506493,3,44
0.0,4.02535169073515,11.0,19.7,0.06493506493506493,1,44
0.0,4.02535169073515,11.0,19.7,0.06493506493506493,1,44
0.0,2.3978952727983707,11.0,19.0,0.06493506493506493,1,44
0.0,2.3978952727983707,11.0,19.0,0.06493506493506493,1,44
0.0,1.791759469228055,13.0,18.6,0.06493506493506493,3,44
0.0,1.6094379124341003,13.0,7.1,0.06493506493506493,2,44
0.0,1.791759469228055,15.0,3.7,0.06493506493506493,2,44
10.0,1.791759469228055,15.0,3.7,0.06493506493506493,2,44
0.0,1.6094379124341003,15.0,3.7,0.06493506493506493,3,44
10.0,1.6094379124341003,15.0,3.7,0.06493506493506493,3,44
0.0,4.110873864173311,11.0,15.9,0.06493506493506493,1,44
0.0,0.6931471805599453,12.0,15.5,0.06493506493506493,2,44
20.0,2.5649493574615367,12.0,15.2,0.06493506493506493,2,44
40.0,4.51085950651685,12.0,6.8,0.06493506493506493,3,44
0.0,2.3978952727983707,13.0,8.6,0.06493506493506493,1,44
0.0,1.791759469228055,12.0,9.1,0.06493506493506493,3,44
0.0,1.3862943611198906,15.0,5.5,0.06493506493506493,2,44
0.0,1.0986122886681098,12.0,2.7,0.06493506493506493,2,44
0.0,1.0986122886681098,12.0,2.7,0.06493506493506493,2,44
0.0,1.0986122886681098,12.0,2.7,0.06493506493506493,3,44
0.0,1.0986122886681098,12.0,2.7,0.06493506493506493,3,44
66.0,0.6931471805599453,12.0,2.7,0.975,1,45
50.0,1.3862943611198906,11.0,17.2,0.975,3,45
50.0,1.6094379124341003,11.0,31.7,0.975,3,45
75.0,0.6931471805599453,12.0,10.5,0.975,1,45
50.0,1.6094379124341003,11.0,14.6,0.975,3,45
100.0,0.6931471805599453,12.0,22.0,0.975,2,45
50.0,1.791759469228055,11.0,30.0,0.975,0,45
50.0,0.6931471805599453,11.0,33.3,0.975,4,45
33.0,1.3862943611198906,11.0,22.3,0.975,3,45
90.0,1.791759469228055,12.0,18.3,0.975,1,45
66.0,1.0986122886681098,11.0,30.3,0.975,3,45
100.0,2.1972245773362196,11.0,8.1,0.975,2,45
75.0,0.6931471805599453,12.0,19.2,0.975,1,45
75.0,1.791759469228055,12.0,31.1,0.975,1,45
50.0,1.3862943611198906,11.0,12.1,0.975,3,45
50.0,1.0986122886681098,11.0,39.5,0.975,3,45
50.0,0.6931471805599453,11.0,18.5,0.975,3,45
50.0,1.791759469228055,11.0,27.9,0.975,3,45
0.0,1.791759469228055,12.0,16.2,0.975,1,45
75.0,1.0986122886681098,10.0,26.0,0.975,3,45
33.0,0.6931471805599453,10.0,42.0,0.975,3,45
75.0,1.791759469228055,11.0,27.9,0.975,1,45
66.0,1.791759469228055,11.0,13.0,0.975,1,45
85.0,2.772588722239781,11.0,23.0,0.975,1,45
90.0,3.4339872044851463,11.0,22.2,0.975,1,45
90.0,3.4339872044851463,11.0,17.8,0.975,1,45
50.0,1.0986122886681098,10.0,33.6,0.975,1,45
75.0,2.3978952727983707,10.0,40.4,0.975,0,45
85.0,0.6931471805599453,10.0,36.1,0.975,2,45
50.0,1.791759469228055,11.0,18.9,0.975,3,45
50.0,1.0986122886681098,11.0,31.6,0.975,3,45
70.0,1.0986122886681098,10.0,43.7,0.975,3,45
50.0,1.3862943611198906,11.0,6.6,0.975,3,45
50.0,1.3862943611198906,11.0,27.4,0.975,3,45
0.0,1.3862943611198906,11.0,33.4,0.975,1,45
80.0,1.791759469228055,11.0,33.3,0.975,1,45
80.0,1.0986122886681098,11.0,13.0,0.975,1,45
80.0,1.0986122886681098,11.0,13.7,0.975,1,45
80.0,1.9459101490553132,11.0,14.8,0.975,3,45
33.0,1.9459101490553132,13.0,14.6,0.975,3,45
75.0,1.0986122886681098,10.0,35.6,0.975,2,45
75.0,0.6931471805599453,10.0,35.6,0.975,0,45
100.0,1.3862943611198906,10.0,35.7,0.975,1,45
50.0,2.3978952727983707,11.0,13.6,0.975,1,45
75.0,1.3862943611198906,11.0,32.7,0.975,3,45
75.0,1.3862943611198906,11.0,33.2,0.975,3,45
75.0,1.3862943611198906,11.0,41.7,0.975,3,45
0.0,1.0986122886681098,12.0,6.5,0.3644859813084112,1,46
0.0,1.0986122886681098,12.0,7.0,0.3644859813084112,3,46
0.0,1.0986122886681098,12.0,7.3,0.3644859813084112,1,46
0.0,3.044522437723423,14.0,2.3,0.3644859813084112,3,46
25.0,0.6931471805599453,12.0,5.2,0.3644859813084112,4,46
20.0,0.6931471805599453,15.0,1.9,0.3644859813084112,4,46
0.0,1.0986122886681098,15.0,2.0,0.3644859813084112,3,46
0.0,0.6931471805599453,14.0,3.5,0.3644859813084112,1,46
0.0,0.6931471805599453,12.0,6.1,0.3644859813084112,1,46
25.0,0.6931471805599453,12.0,4.1,0.3644859813084112,1,46
10.0,2.9444389791664403,12.0,3.4,0.3644859813084112,3,46
10.0,0.6931471805599453,12.0,4.7,0.3644859813084112,3,46
0.0,3.044522437723423,21.0,0.4,0.3644859813084112,3,46
10.0,1.3862943611198906,17.0,1.4,0.3644859813084112,3,46
25.0,0.6931471805599453,12.0,2.9,0.3644859813084112,1,46
15.0,2.3978952727983707,13.0,2.4,0.3644859813084112,4,46
0.0,1.0986122886681098,14.0,2.2,0.3644859813084112,1,46
0.0,2.3978952727983707,13.0,1.4,0.3644859813084112,1,46
0.0,2.4849066497880004,13.0,1.2,0.3644859813084112,2,46
20.0,2.4849066497880004,13.0,1.2,0.3644859813084112,2,46
20.0,1.0986122886681098,13.0,4.7,0.3644859813084112,1,46
10.0,1.3862943611198906,12.0,5.2,0.3644859813084112,3,46
50.0,1.0986122886681098,14.0,4.4,0.3644859813084112,1,46
0.0,0.6931471805599453,13.0,4.5,0.3644859813084112,4,46
0.0,1.0986122886681098,14.0,4.4,0.3644859813084112,3,46
0.0,0.6931471805599453,24.0,2.3,0.3644859813084112,3,46
10.0,1.0986122886681098,13.0,3.8,0.3644859813084112,1,46
33.0,0.6931471805599453,12.0,8.5,0.3644859813084112,3,46
10.0,1.0986122886681098,15.0,3.0,0.3644859813084112,1,46
0.0,0.6931471805599453,15.0,3.3,0.3644859813084112,1,46
25.0,0.6931471805599453,14.0,3.2,0.3644859813084112,3,46
10.0,0.6931471805599453,13.0,2.9,0.3644859813084112,3,46
25.0,1.0986122886681098,13.0,4.1,0.3644859813084112,1,46
25.0,1.0986122886681098,18.0,4.6,0.3644859813084112,3,46
0.0,1.0986122886681098,13.0,2.6,0.3644859813084112,1,46
0.0,1.3862943611198906,15.0,3.0,0.3644859813084112,3,46
0.0,0.6931471805599453,13.0,3.2,0.3644859813084112,3,46
0.0,0.6931471805599453,18.0,6.8,0.3644859813084112,3,46
0.0,0.6931471805599453,18.0,6.5,0.3644859813084112,3,46
0.0,2.3978952727983707,13.0,22.1,0.3191489361702128,1,47
0.0,1.791759469228055,12.0,21.9,0.3191489361702128,4,47
15.0,1.3862943611198906,12.0,21.6,0.3191489361702128,3,47
0.0,0.6931471805599453,12.0,21.9,0.3191489361702128,0,47
0.0,1.791759469228055,12.0,21.9,0.3191489361702128,3,47
0.0,1.0986122886681098,10.0,30.2,0.3191489361702128,4,47
0.0,3.2188758248682006,11.0,20.6,0.3191489361702128,3,47
0.0,0.6931471805599453,12.0,18.1,0.3191489361702128,4,47
0.0,0.6931471805599453,14.0,18.6,0.3191489361702128,4,47
0.0,0.4054651081081644,12.0,6.7,0.3191489361702128,0,47
0.0,1.791759469228055,12.0,5.4,0.3191489361702128,4,47
0.0,0.6931471805599453,13.0,16.4,0.3191489361702128,0,47
0.0,3.4339872044851463,12.0,16.6,0.3191489361702128,3,47
0.0,0.6931471805599453,13.0,15.1,0.3191489361702128,0,47
0.0,1.0986122886681098,13.0,14.6,0.3191489361702128,4,47
0.0,3.713572066704308,13.0,16.9,0.3191489361702128,3,47
15.0,1.3862943611198906,11.0,9.4,0.3191489361702128,4,47
50.0,1.6094379124341003,13.0,6.7,0.3191489361702128,0,47
33.0,1.6094379124341003,12.0,7.8,0.3191489361702128,4,47
33.0,1.0986122886681098,11.0,31.2,0.3191489361702128,4,47
25.0,1.0986122886681098,12.0,15.8,0.3191489361702128,3,47
25.0,1.0986122886681098,12.0,23.1,0.3191489361702128,4,47
25.0,0.6931471805599453,12.0,23.9,0.3191489361702128,4,47
0.0,1.791759469228055,12.0,21.9,0.3191489361702128,4,47
0.0,1.9459101490553132,12.0,10.1,0.3191489361702128,4,47
0.0,1.3862943611198906,12.0,12.3,0.3191489361702128,4,47
50.0,1.0986122886681098,11.0,37.4,0.3191489361702128,1,47
0.0,0.6931471805599453,15.0,11.2,0.3191489361702128,0,47
0.0,1.6094379124341003,13.0,7.9,0.3191489361702128,3,47
60.0,1.0986122886681098,12.0,3.8,0.3191489361702128,4,47
0.0,0.4054651081081644,12.0,3.4,0.3191489361702128,0,47
0.0,1.9459101490553132,12.0,11.3,0.3191489361702128,4,47
0.0,1.6094379124341003,12.0,8.7,0.3191489361702128,4,47
0.0,0.4054651081081644,12.0,9.5,0.3191489361702128,4,47
0.0,1.3862943611198906,12.0,10.0,0.3191489361702128,0,47
0.0,1.3862943611198906,12.0,9.5,0.3191489361702128,1,47
25.0,1.6094379124341003,11.0,38.1,0.3191489361702128,4,47
0.0,1.9459101490553132,11.0,22.2,0.3191489361702128,4,47
50.0,0.6931471805599453,12.0,4.3,0.3191489361702128,1,47
0.0,0.6931471805599453,12.0,3.7,0.3191489361702128,0,47
50.0,2.0794415416798357,11.0,21.9,0.3191489361702128,4,47
0.0,1.3862943611198906,12.0,4.4,0.3191489361702128,4,47
50.0,0.6931471805599453,12.0,26.2,0.3191489361702128,4,47
33.0,0.6931471805599453,12.0,3.7,0.3191489361702128,4,47
0.0,1.0986122886681098,11.0,23.2,0.3191489361702128,4,47
0.0,1.3862943611198906,12.0,25.9,0.3191489361702128,0,47
0.0,1.9459101490553132,12.0,20.1,0.3191489361702128,4,47
10.0,1.6094379124341003,12.0,3.1,0.3191489361702128,4,47
0.0,1.0986122886681098,12.0,8.2,0.3191489361702128,0,47
25.0,2.0794415416798357,12.0,11.2,0.3191489361702128,4,47
0.0,1.6094379124341003,11.0,14.7,0.3191489361702128,4,47
0.0,1.0986122886681098,21.0,9.9,0.3191489361702128,3,47
0.0,2.4849066497880004,11.0,14.7,0.3191489361702128,4,47
0.0,0.6931471805599453,11.0,10.1,0.3191489361702128,0,47
0.0,1.3862943611198906,11.0,10.3,0.3191489361702128,4,47
0.0,0.6931471805599453,12.0,7.6,0.3191489361702128,3,47
50.0,1.3862943611198906,11.0,6.5,0.3191489361702128,0,47
0.0,1.6094379124341003,13.0,7.9,0.3191489361702128,4,47
0.0,1.791759469228055,11.0,12.7,0.3191489361702128,4,47
25.0,1.6094379124341003,12.0,18.3,0.3191489361702128,4,47
0.0,1.0986122886681098,12.0,15.3,0.3191489361702128,3,47
0.0,0.6931471805599453,12.0,15.9,0.3191489361702128,0,47
0.0,1.0986122886681098,11.0,23.1,0.3191489361702128,4,47
0.0,0.6931471805599453,11.0,20.8,0.3191489361702128,4,47
0.0,1.6094379124341003,11.0,21.2,0.2905982905982906,0,48
0.0,0.6931471805599453,12.0,11.0,0.2905982905982906,0,48
0.0,1.0986122886681098,12.0,14.4,0.2905982905982906,0,48
0.0,2.0794415416798357,11.0,29.3,0.2905982905982906,4,48
0.0,1.3862943611198906,13.0,21.6,0.2905982905982906,0,48
0.0,0.6931471805599453,12.0,8.0,0.2905982905982906,0,48
0.0,0.6931471805599453,12.0,13.6,0.2905982905982906,0,48
0.0,0.6931471805599453,12.0,11.7,0.2905982905982906,0,48
0.0,0.6931471805599453,12.0,10.4,0.2905982905982906,0,48
0.0,1.0986122886681098,12.0,8.9,0.2905982905982906,4,48
0.0,0.6931471805599453,12.0,24.2,0.2905982905982906,4,48
0.0,0.6931471805599453,12.0,26.9,0.2905982905982906,0,48
0.0,0.6931471805599453,12.0,26.9,0.2905982905982906,0,48
0.0,0.6931471805599453,12.0,26.9,0.2905982905982906,4,48
0.0,0.6931471805599453,12.0,26.9,0.2905982905982906,4,48
50.0,1.0986122886681098,12.0,28.2,0.2905982905982906,0,48
50.0,1.0986122886681098,12.0,28.2,0.2905982905982906,0,48
50.0,1.0986122886681098,12.0,28.2,0.2905982905982906,4,48
50.0,1.0986122886681098,12.0,28.2,0.2905982905982906,4,48
0.0,1.0986122886681098,11.0,15.0,0.2905982905982906,4,48
0.0,1.0986122886681098,12.0,25.8,0.2905982905982906,4,48
0.0,1.0986122886681098,10.0,27.1,0.2905982905982906,0,48
0.0,0.6931471805599453,13.0,19.8,0.2905982905982906,0,48
0.0,0.6931471805599453,13.0,19.8,0.2905982905982906,0,48
0.0,1.0986122886681098,13.0,19.8,0.2905982905982906,4,48
0.0,1.0986122886681098,13.0,19.8,0.2905982905982906,4,48
0.0,0.6931471805599453,13.0,19.8,0.2905982905982906,0,48
0.0,0.6931471805599453,13.0,19.8,0.2905982905982906,0,48
0.0,0.6931471805599453,13.0,19.8,0.2905982905982906,4,48
0.0,0.6931471805599453,13.0,19.8,0.2905982905982906,4,48
0.0,1.3862943611198906,11.0,17.8,0.2905982905982906,0,48
0.0,1.6094379124341003,12.0,13.2,0.2905982905982906,0,48
0.0,0.6931471805599453,13.0,14.6,0.2905982905982906,0,48
33.0,0.6931471805599453,15.0,7.5,0.2905982905982906,0,48
0.0,1.0986122886681098,12.0,17.2,0.2905982905982906,0,48
0.0,1.3862943611198906,12.0,29.0,0.2905982905982906,0,48
0.0,1.0986122886681098,12.0,22.5,0.2905982905982906,0,48
0.0,1.0986122886681098,13.0,21.7,0.2905982905982906,0,48
25.0,0.6931471805599453,11.0,26.7,0.2905982905982906,4,48
25.0,1.0986122886681098,11.0,26.9,0.2905982905982906,0,48
25.0,1.0986122886681098,11.0,26.9,0.2905982905982906,0,48
25.0,1.0986122886681098,11.0,26.9,0.2905982905982906,4,48
25.0,1.0986122886681098,11.0,26.9,0.2905982905982906,4,48
0.0,0.6931471805599453,11.0,26.9,0.2905982905982906,0,48
0.0,0.6931471805599453,11.0,27.0,0.2905982905982906,0,48
0.0,0.6931471805599453,11.0,34.3,0.2905982905982906,0,48
0.0,0.6931471805599453,11.0,34.3,0.2905982905982906,0,48
0.0,0.6931471805599453,11.0,34.3,0.2905982905982906,4,48
0.0,0.6931471805599453,11.0,34.3,0.2905982905982906,4,48
33.0,0.6931471805599453,11.0,22.2,0.2905982905982906,0,48
33.0,0.6931471805599453,11.0,22.2,0.2905982905982906,0,48
33.0,0.6931471805599453,11.0,22.2,0.2905982905982906,4,48
33.0,0.6931471805599453,11.0,22.2,0.2905982905982906,4,48
25.0,1.0986122886681098,13.0,9.9,0.2905982905982906,0,48
0.0,1.3862943611198906,13.0,14.9,0.2905982905982906,4,48
0.0,1.791759469228055,14.0,14.1,0.2905982905982906,0,48
0.0,1.791759469228055,14.0,14.1,0.2905982905982906,0,48
0.0,1.791759469228055,14.0,14.1,0.2905982905982906,4,48
0.0,1.791759469228055,14.0,14.1,0.2905982905982906,4,48
50.0,1.0986122886681098,13.0,18.3,0.2905982905982906,0,48
50.0,1.0986122886681098,13.0,18.3,0.2905982905982906,0,48
50.0,1.0986122886681098,13.0,18.3,0.2905982905982906,4,48
50.0,1.0986122886681098,13.0,18.3,0.2905982905982906,4,48
33.0,1.0986122886681098,12.0,18.2,0.2905982905982906,0,48
50.0,1.3862943611198906,14.0,19.6,0.2905982905982906,0,48
50.0,1.3862943611198906,14.0,19.6,0.2905982905982906,0,48
50.0,1.3862943611198906,14.0,19.6,0.2905982905982906,4,48
50.0,1.3862943611198906,14.0,19.6,0.2905982905982906,4,48
0.0,0.6931471805599453,14.0,22.9,0.2905982905982906,4,48
25.0,1.0986122886681098,12.0,31.8,0.2905982905982906,0,48
25.0,1.0986122886681098,12.0,31.8,0.2905982905982906,0,48
25.0,0.6931471805599453,12.0,31.8,0.2905982905982906,4,48
25.0,0.6931471805599453,12.0,31.8,0.2905982905982906,4,48
0.0,1.6094379124341003,11.0,11.5,0.2905982905982906,4,48
25.0,1.0986122886681098,11.0,34.3,0.2905982905982906,4,48
25.0,0.6931471805599453,12.0,34.2,0.2905982905982906,4,48
33.0,1.3862943611198906,12.0,15.1,0.2905982905982906,4,48
0.0,0.6931471805599453,13.0,22.1,0.2905982905982906,0,48
0.0,0.6931471805599453,13.0,22.1,0.2905982905982906,0,48
0.0,1.0986122886681098,13.0,22.1,0.2905982905982906,4,48
0.0,1.0986122886681098,13.0,22.1,0.2905982905982906,4,48
0.0,0.6931471805599453,13.0,22.0,0.2905982905982906,0,48
0.0,0.6931471805599453,12.0,28.0,0.2905982905982906,0,48
0.0,0.6931471805599453,12.0,29.7,0.2905982905982906,0,48
0.0,0.6931471805599453,12.0,29.7,0.2905982905982906,0,48
0.0,0.6931471805599453,12.0,29.7,0.2905982905982906,4,48
0.0,0.6931471805599453,12.0,29.7,0.2905982905982906,4,48
0.0,0.6931471805599453,13.0,14.7,0.2905982905982906,0,48
0.0,0.6931471805599453,13.0,14.7,0.2905982905982906,0,48
0.0,0.6931471805599453,13.0,14.7,0.2905982905982906,4,48
0.0,0.6931471805599453,13.0,14.7,0.2905982905982906,4,48
0.0,0.6931471805599453,11.0,36.9,0.2905982905982906,0,48
0.0,1.0986122886681098,10.0,37.4,0.2905982905982906,4,48
33.0,1.6094379124341003,11.0,16.9,0.2905982905982906,0,48
50.0,1.0986122886681098,11.0,22.5,0.2905982905982906,0,48
50.0,0.6931471805599453,11.0,12.2,0.2905982905982906,0,48
0.0,1.6094379124341003,12.0,14.8,0.3177570093457944,1,49
0.0,1.0986122886681098,12.0,19.3,0.3177570093457944,3,49
0.0,1.0986122886681098,13.0,16.1,0.3177570093457944,3,49
50.0,1.6094379124341003,17.0,3.2,0.3177570093457944,3,49
0.0,0.6931471805599453,17.0,3.3,0.3177570093457944,1,49
75.0,0.6931471805599453,14.0,7.4,0.3177570093457944,1,49
0.0,0.6931471805599453,14.0,7.4,0.3177570093457944,1,49
0.0,0.6931471805599453,14.0,7.4,0.3177570093457944,1,49
75.0,1.0986122886681098,14.0,7.4,0.3177570093457944,2,49
0.0,1.0986122886681098,14.0,7.4,0.3177570093457944,2,49
0.0,1.0986122886681098,14.0,7.4,0.3177570093457944,2,49
0.0,2.6390573296152584,12.0,16.1,0.3177570093457944,1,49
33.0,2.4849066497880004,12.0,16.5,0.3177570093457944,3,49
33.0,0.6931471805599453,13.0,6.8,0.3177570093457944,3,49
0.0,1.0986122886681098,11.0,17.2,0.3177570093457944,1,49
33.0,1.791759469228055,12.0,13.3,0.3177570093457944,3,49
0.0,1.0986122886681098,13.0,3.0,0.3177570093457944,3,49
0.0,0.6931471805599453,13.0,4.3,0.3177570093457944,3,49
50.0,0.6931471805599453,16.0,8.1,0.3177570093457944,3,49
0.0,0.6931471805599453,11.0,23.3,0.3177570093457944,3,49
25.0,0.6931471805599453,12.0,12.9,0.3177570093457944,1,49
25.0,0.6931471805599453,11.0,7.9,0.3177570093457944,1,49
0.0,0.6931471805599453,11.0,7.9,0.3177570093457944,1,49
75.0,0.6931471805599453,11.0,7.9,0.3177570093457944,1,49
0.0,0.6931471805599453,11.0,6.8,0.3177570093457944,4,49
0.0,2.70805020110221,12.0,14.6,0.3177570093457944,3,49
0.0,2.1972245773362196,12.0,13.0,0.3177570093457944,3,49
10.0,1.791759469228055,13.0,2.6,0.3177570093457944,3,49
10.0,0.6931471805599453,11.0,12.5,0.3177570093457944,3,49
0.0,0.6931471805599453,12.0,5.1,0.3177570093457944,4,49
25.0,1.791759469228055,13.0,18.8,0.3177570093457944,1,49
0.0,1.0986122886681098,15.0,4.7,0.3177570093457944,3,49
0.0,1.0986122886681098,10.0,19.9,0.3177570093457944,3,49
0.0,1.0986122886681098,14.0,5.2,0.3177570093457944,3,49
0.0,1.791759469228055,13.0,10.0,0.3177570093457944,3,49
0.0,1.0986122886681098,12.0,8.5,0.3177570093457944,3,49
0.0,0.9162907318741551,12.0,4.2,0.3177570093457944,2,49
50.0,1.3862943611198906,11.0,13.7,0.3177570093457944,1,49
0.0,2.3978952727983707,12.0,12.0,0.3177570093457944,3,49
50.0,0.6931471805599453,11.0,6.8,0.3177570093457944,1,49
75.0,1.6094379124341003,13.0,8.8,0.3177570093457944,4,49
90.0,1.0986122886681098,12.0,12.3,0.3177570093457944,1,49
33.0,0.6931471805599453,13.0,12.5,0.3177570093457944,1,49
25.0,0.6931471805599453,13.0,12.5,0.3177570093457944,1,49
0.0,0.6931471805599453,13.0,12.5,0.3177570093457944,1,49
33.0,0.6931471805599453,13.0,12.5,0.3177570093457944,2,49
25.0,0.6931471805599453,13.0,12.5,0.3177570093457944,2,49
0.0,0.6931471805599453,13.0,12.5,0.3177570093457944,2,49
33.0,1.3862943611198906,13.0,13.1,0.3177570093457944,1,49
50.0,1.3862943611198906,13.0,13.1,0.3177570093457944,1,49
33.0,1.0986122886681098,12.0,12.4,0.3177570093457944,1,49
25.0,1.0986122886681098,12.0,12.4,0.3177570093457944,1,49
33.0,1.0986122886681098,12.0,12.4,0.3177570093457944,2,49
25.0,1.0986122886681098,12.0,12.4,0.3177570093457944,2,49
0.0,0.6931471805599453,13.0,10.8,0.3177570093457944,3,49
0.0,0.9162907318741551,12.0,3.6,0.3177570093457944,3,49
0.0,1.6094379124341003,14.0,5.7,0.3177570093457944,3,49
0.0,1.791759469228055,13.0,5.2,0.3177570093457944,3,49
0.0,0.6931471805599453,13.0,8.2,0.3177570093457944,3,49
50.0,1.0986122886681098,11.0,13.0,0.3177570093457944,2,49
0.0,0.6931471805599453,16.0,7.1,0.3177570093457944,3,49
50.0,1.3862943611198906,12.0,19.5,0.3177570093457944,1,49
0.0,1.3862943611198906,11.0,13.4,0.3177570093457944,3,49
0.0,1.9459101490553132,12.0,19.8,0.3177570093457944,3,49
0.0,1.9459101490553132,15.0,3.9,0.2,1,50
0.0,2.772588722239781,14.0,3.7,0.2,1,50
5.0,1.791759469228055,13.0,10.7,0.08542713567839195,1,51
0.0,1.791759469228055,13.0,10.7,0.08542713567839195,1,51
2.0,1.3862943611198906,13.0,9.0,0.08542713567839195,1,51
0.0,1.3862943611198906,13.0,9.0,0.08542713567839195,1,51
2.0,1.3862943611198906,13.0,9.2,0.08542713567839195,1,51
0.0,1.3862943611198906,13.0,9.2,0.08542713567839195,1,51
0.0,1.0986122886681098,12.0,14.4,0.08542713567839195,3,51
0.0,1.0986122886681098,12.0,10.4,0.08542713567839195,0,51
0.0,1.3862943611198906,15.0,8.6,0.08542713567839195,3,51
0.0,1.9459101490553132,12.0,9.7,0.08542713567839195,1,51
0.0,1.9459101490553132,12.0,9.7,0.08542713567839195,1,51
0.0,1.0986122886681098,13.0,7.5,0.08542713567839195,3,51
0.0,2.70805020110221,13.0,9.6,0.08542713567839195,1,51
0.0,2.70805020110221,13.0,9.6,0.08542713567839195,1,51
0.0,1.3862943611198906,14.0,5.4,0.08542713567839195,1,51
0.0,1.3862943611198906,14.0,5.4,0.08542713567839195,1,51
0.0,2.302585092994046,14.0,14.6,0.08542713567839195,1,51
0.0,2.302585092994046,14.0,14.6,0.08542713567839195,1,51
0.0,1.0986122886681098,11.0,10.1,0.08542713567839195,0,51
0.0,1.3862943611198906,11.0,9.6,0.08542713567839195,3,51
0.0,1.791759469228055,11.0,16.9,0.08542713567839195,3,51
0.0,1.3862943611198906,12.0,6.7,0.08542713567839195,1,51
0.0,1.3862943611198906,12.0,6.7,0.08542713567839195,1,51
0.0,1.6094379124341003,13.0,2.6,0.08542713567839195,1,51
0.0,1.6094379124341003,13.0,2.6,0.08542713567839195,1,51
0.0,1.3862943611198906,13.0,4.7,0.08542713567839195,1,51
0.0,1.0986122886681098,14.0,11.9,0.08542713567839195,3,51
0.0,1.3862943611198906,13.0,4.9,0.08542713567839195,3,51
0.0,1.0986122886681098,13.0,4.7,0.08542713567839195,1,51
10.0,1.0986122886681098,13.0,4.7,0.08542713567839195,1,51
3.0,0.6931471805599453,14.0,4.2,0.08542713567839195,1,51
0.0,0.6931471805599453,14.0,4.2,0.08542713567839195,1,51
5.0,2.3978952727983707,12.0,3.7,0.08542713567839195,1,51
0.0,2.3978952727983707,12.0,3.7,0.08542713567839195,1,51
0.0,0.6931471805599453,14.0,6.5,0.08542713567839195,1,51
0.0,0.6931471805599453,14.0,6.5,0.08542713567839195,1,51
0.0,1.9459101490553132,13.0,8.2,0.08542713567839195,1,51
0.0,1.9459101490553132,13.0,8.2,0.08542713567839195,1,51
0.0,1.3862943611198906,13.0,12.1,0.08542713567839195,3,51
0.0,1.0986122886681098,11.0,14.8,0.08542713567839195,3,51
0.0,0.6931471805599453,13.0,5.9,0.08542713567839195,1,51
0.0,0.6931471805599453,13.0,5.9,0.08542713567839195,1,51
0.0,1.3862943611198906,13.0,6.5,0.08542713567839195,1,51
0.0,1.3862943611198906,13.0,6.5,0.08542713567839195,1,51
5.0,1.3862943611198906,12.0,5.5,0.08542713567839195,1,51
2.0,1.3862943611198906,12.0,5.5,0.08542713567839195,1,51
0.0,0.6931471805599453,17.0,5.2,0.08542713567839195,3,51
0.0,1.6094379124341003,11.0,12.0,0.08542713567839195,3,51
0.0,0.6931471805599453,15.0,6.3,0.08542713567839195,3,51
0.0,1.3862943611198906,15.0,6.5,0.08542713567839195,3,51
10.0,2.0794415416798357,13.0,5.4,0.08542713567839195,1,51
0.0,1.0986122886681098,13.0,6.4,0.08542713567839195,3,51
0.0,1.0986122886681098,13.0,6.4,0.08542713567839195,3,51
5.0,2.1972245773362196,13.0,5.0,0.08542713567839195,1,51
0.0,2.1972245773362196,13.0,5.0,0.08542713567839195,1,51
0.0,1.6094379124341003,13.0,4.6,0.08542713567839195,1,51
0.0,0.6931471805599453,12.0,8.8,0.08542713567839195,1,51
0.0,0.6931471805599453,15.0,7.5,0.08542713567839195,3,51
0.0,1.3862943611198906,12.0,8.6,0.08542713567839195,1,51
0.0,1.3862943611198906,12.0,8.6,0.08542713567839195,1,51
3.0,1.3862943611198906,12.0,8.2,0.08542713567839195,1,51
0.0,1.3862943611198906,12.0,8.2,0.08542713567839195,1,51
0.0,1.3862943611198906,15.0,3.9,0.08542713567839195,1,51
0.0,1.3862943611198906,15.0,3.9,0.08542713567839195,1,51
0.0,1.3862943611198906,14.0,4.4,0.08542713567839195,1,51
0.0,1.3862943611198906,14.0,4.4,0.08542713567839195,1,51
0.0,0.6931471805599453,12.0,5.7,0.08542713567839195,3,51
0.0,1.6094379124341003,13.0,13.0,0.08542713567839195,3,51
5.0,1.3862943611198906,13.0,6.0,0.08542713567839195,1,51
0.0,1.3862943611198906,13.0,6.0,0.08542713567839195,1,51
0.0,1.0986122886681098,13.0,13.9,0.08542713567839195,4,51
0.0,2.1972245773362196,13.0,5.0,0.08542713567839195,1,51
0.0,1.0986122886681098,13.0,6.8,0.08542713567839195,3,51
0.0,1.0986122886681098,14.0,4.5,0.08542713567839195,1,51
0.0,1.0986122886681098,14.0,4.5,0.08542713567839195,1,51
0.0,1.3862943611198906,18.0,8.6,0.08542713567839195,3,51
3.0,1.6094379124341003,11.0,13.4,0.08542713567839195,1,51
0.0,1.6094379124341003,11.0,13.4,0.08542713567839195,1,51
5.0,1.9459101490553132,11.0,12.8,0.08542713567839195,1,51
0.0,1.9459101490553132,11.0,12.8,0.08542713567839195,1,51
5.0,2.0794415416798357,13.0,7.5,0.08542713567839195,1,51
0.0,2.0794415416798357,13.0,7.5,0.08542713567839195,1,51
0.0,1.0986122886681098,13.0,6.8,0.08542713567839195,3,51
3.0,1.791759469228055,12.0,13.1,0.08542713567839195,1,51
0.0,1.791759469228055,12.0,13.1,0.08542713567839195,1,51
90.0,1.0986122886681098,11.0,44.4,0.9137931034482759,1,52
75.0,1.3862943611198906,10.0,47.4,0.9137931034482759,0,52
90.0,1.791759469228055,12.0,14.5,0.9137931034482759,2,52
67.0,1.3862943611198906,10.0,33.9,0.9137931034482759,3,52
50.0,1.791759469228055,11.0,18.6,0.9137931034482759,0,52
85.0,1.6094379124341003,12.0,7.1,0.9137931034482759,3,52
100.0,1.6094379124341003,15.0,17.9,0.9137931034482759,2,52
50.0,0.6931471805599453,11.0,5.9,0.9137931034482759,0,52
50.0,1.3862943611198906,11.0,16.7,0.9137931034482759,4,52
85.0,2.3978952727983707,11.0,12.0,0.9137931034482759,1,52
50.0,2.1972245773362196,12.0,51.8,0.9137931034482759,4,52
50.0,1.9459101490553132,11.0,30.2,0.9137931034482759,0,52
85.0,2.3978952727983707,11.0,25.6,0.9137931034482759,2,52
85.0,1.6094379124341003,13.0,7.7,0.9137931034482759,3,52
75.0,0.6931471805599453,11.0,15.1,0.9137931034482759,1,52
85.0,2.3978952727983707,11.0,13.3,0.9137931034482759,1,52
67.0,0.6931471805599453,13.0,20.4,0.9137931034482759,4,52
85.0,0.6931471805599453,11.0,38.8,0.9137931034482759,3,52
85.0,0.6931471805599453,14.0,18.0,0.9137931034482759,3,52
85.0,1.9459101490553132,11.0,15.5,0.9137931034482759,3,52
50.0,4.61512051684126,11.0,16.2,0.9137931034482759,0,52
80.0,0.6931471805599453,12.0,12.7,0.9137931034482759,1,52
80.0,1.9459101490553132,11.0,12.5,0.9137931034482759,1,52
50.0,0.6931471805599453,13.0,12.4,0.9137931034482759,0,52
67.0,1.0986122886681098,13.0,13.8,0.9137931034482759,4,52
75.0,2.5649493574615367,14.0,13.5,0.9137931034482759,3,52
75.0,3.2188758248682006,11.0,14.9,0.9137931034482759,1,52
67.0,1.0986122886681098,10.0,27.5,0.9137931034482759,3,52
50.0,1.3862943611198906,12.0,17.1,0.9137931034482759,4,52
95.0,1.3862943611198906,12.0,16.1,0.9137931034482759,2,52
50.0,1.0986122886681098,12.0,17.4,0.9137931034482759,0,52
95.0,1.0986122886681098,11.0,16.8,0.9137931034482759,2,52
50.0,1.6094379124341003,12.0,12.8,0.9137931034482759,4,52
75.0,1.6094379124341003,11.0,10.2,0.9137931034482759,0,52
60.0,1.791759469228055,12.0,23.7,0.9137931034482759,3,52
50.0,0.6931471805599453,11.0,80.5,0.9137931034482759,1,52
70.0,1.3862943611198906,10.0,41.6,1.0,2,53
90.0,0.6931471805599453,11.0,15.6,1.0,2,53
90.0,0.6931471805599453,11.0,19.7,1.0,2,53
90.0,1.0986122886681098,11.0,12.0,1.0,2,53
70.0,1.3862943611198906,11.0,13.8,1.0,2,53
70.0,0.6931471805599453,11.0,31.2,1.0,2,53
70.0,1.0986122886681098,11.0,27.4,1.0,2,53
60.0,1.0986122886681098,11.0,18.5,1.0,2,53
60.0,1.6094379124341003,12.0,23.0,1.0,2,53
80.0,1.3862943611198906,11.0,11.8,1.0,2,53
80.0,1.3862943611198906,11.0,10.5,1.0,2,53
80.0,1.6094379124341003,12.0,17.4,1.0,2,53
80.0,1.0986122886681098,11.0,29.3,1.0,2,53
60.0,1.6094379124341003,12.0,12.6,1.0,2,53
60.0,1.6094379124341003,13.0,17.1,1.0,2,53
33.0,1.791759469228055,12.0,13.7,0.9864864864864865,4,54
33.0,0.9162907318741551,12.0,14.4,0.9864864864864865,3,54
33.0,1.791759469228055,12.0,14.1,0.9864864864864865,0,54
33.0,1.0986122886681098,12.0,13.6,0.9864864864864865,3,54
50.0,1.9459101490553132,12.0,14.1,0.9864864864864865,4,54
50.0,0.6931471805599453,12.0,13.8,0.9864864864864865,4,54
67.0,1.9459101490553132,12.0,14.1,0.9864864864864865,3,54
33.0,0.6931471805599453,12.0,14.3,0.9864864864864865,4,54
33.0,1.6094379124341003,15.0,12.1,0.9864864864864865,4,54
33.0,0.6931471805599453,12.0,13.9,0.9864864864864865,3,54
25.0,1.791759469228055,12.0,14.2,0.9864864864864865,0,54
33.0,0.6931471805599453,12.0,14.1,0.9864864864864865,0,54
50.0,0.6931471805599453,12.0,14.0,0.9864864864864865,4,54
25.0,1.9459101490553132,12.0,14.1,0.9864864864864865,4,54
25.0,2.0794415416798357,12.0,14.8,0.9864864864864865,4,54
25.0,1.9459101490553132,12.0,14.2,0.9864864864864865,4,54
67.0,2.302585092994046,12.0,14.2,0.9864864864864865,4,54
50.0,1.0986122886681098,12.0,19.2,0.9864864864864865,0,54
50.0,1.0986122886681098,15.0,19.5,0.9864864864864865,4,54
50.0,1.791759469228055,12.0,14.4,0.9864864864864865,4,54
50.0,2.0794415416798357,11.0,18.0,0.9864864864864865,4,54
50.0,2.3978952727983707,12.0,16.3,0.9864864864864865,0,54
33.0,0.6931471805599453,11.0,17.9,0.9864864864864865,4,54
33.0,0.6931471805599453,11.0,18.0,0.9864864864864865,0,54
50.0,0.6931471805599453,12.0,14.6,0.9864864864864865,0,54
50.0,1.6094379124341003,13.0,17.4,0.9864864864864865,4,54
50.0,1.791759469228055,14.0,16.7,0.9864864864864865,3,54
50.0,1.6094379124341003,12.0,13.7,0.9864864864864865,4,54
0.0,1.252762968495368,14.0,9.0,0.3442622950819672,4,55
0.0,0.9162907318741551,13.0,7.9,0.3442622950819672,4,55
0.0,1.0986122886681098,12.0,4.9,0.3442622950819672,0,55
0.0,1.0986122886681098,12.0,5.1,0.3442622950819672,0,55
0.0,1.0986122886681098,13.0,8.0,0.3442622950819672,0,55
0.0,0.6931471805599453,11.0,16.3,0.3442622950819672,0,55
0.0,0.6931471805599453,13.0,7.3,0.3442622950819672,0,55
0.0,1.0986122886681098,14.0,4.1,0.3442622950819672,0,55
0.0,1.0986122886681098,13.0,5.4,0.3442622950819672,0,55
0.0,0.4054651081081644,13.0,3.9,0.3442622950819672,0,55
0.0,1.6094379124341003,13.0,2.5,0.3442622950819672,0,55
0.0,1.0986122886681098,13.0,5.5,0.3442622950819672,0,55
50.0,0.6931471805599453,13.0,3.9,0.3442622950819672,0,55
0.0,1.3862943611198906,14.0,5.1,0.3442622950819672,0,55
0.0,1.0986122886681098,13.0,9.8,0.3442622950819672,0,55
0.0,1.0986122886681098,15.0,6.5,0.3442622950819672,0,55
0.0,1.0986122886681098,15.0,2.3,0.3442622950819672,0,55
0.0,1.0986122886681098,15.0,5.3,0.3442622950819672,0,55
0.0,0.6931471805599453,13.0,5.7,0.3442622950819672,0,55
0.0,1.0986122886681098,14.0,5.4,0.3442622950819672,0,55
0.0,1.3862943611198906,14.0,4.5,0.3442622950819672,0,55
0.0,0.4054651081081644,13.0,4.5,0.3442622950819672,0,55
0.0,2.0794415416798357,14.0,5.8,0.3442622950819672,0,55
0.0,1.0986122886681098,13.0,5.7,0.3442622950819672,0,55
67.0,1.3862943611198906,13.0,3.4,0.3442622950819672,0,55
0.0,0.9162907318741551,13.0,3.1,0.3442622950819672,0,55
33.0,1.3862943611198906,13.0,5.2,0.3442622950819672,0,55
0.0,0.6931471805599453,12.0,4.1,0.3442622950819672,0,55
33.0,1.6094379124341003,10.0,89.2,0.3442622950819672,4,55
0.0,1.0986122886681098,13.0,10.1,0.3442622950819672,0,55
0.0,1.791759469228055,11.0,14.4,0.3442622950819672,0,55
50.0,1.0986122886681098,17.0,7.2,0.3442622950819672,4,55
50.0,1.0986122886681098,12.0,9.4,0.3442622950819672,0,55
0.0,1.6094379124341003,13.0,4.4,0.3442622950819672,0,55
67.0,0.6931471805599453,12.0,5.9,0.3442622950819672,4,55
67.0,1.0986122886681098,11.0,8.8,0.3442622950819672,0,55
0.0,1.0986122886681098,13.0,2.2,0.3442622950819672,0,55
33.0,1.3862943611198906,12.0,4.4,0.3442622950819672,0,55
67.0,0.6931471805599453,12.0,4.0,0.3442622950819672,0,55
33.0,1.3862943611198906,14.0,4.7,0.3442622950819672,0,55
67.0,1.252762968495368,13.0,5.7,0.3442622950819672,0,55
67.0,0.9162907318741551,12.0,7.8,0.3442622950819672,0,55
0.0,2.3978952727983707,13.0,4.1,0.06756756756756757,0,56
0.0,1.6094379124341003,14.0,4.6,0.06756756756756757,4,56
0.0,1.0986122886681098,15.0,5.8,0.06756756756756757,4,56
0.0,2.772588722239781,12.0,5.1,0.06756756756756757,0,56
0.0,1.3862943611198906,12.0,6.3,0.06756756756756757,4,56
0.0,1.0986122886681098,12.0,6.2,0.06756756756756757,0,56
0.0,0.6931471805599453,12.0,6.3,0.06756756756756757,4,56
0.0,1.791759469228055,12.0,7.1,0.06756756756756757,4,56
0.0,1.3862943611198906,12.0,7.9,0.06756756756756757,0,56
0.0,0.6931471805599453,12.0,6.9,0.06756756756756757,0,56
0.0,2.1972245773362196,14.0,3.9,0.06756756756756757,4,56
0.0,1.0986122886681098,13.0,5.7,0.06756756756756757,0,56
0.0,0.4054651081081644,13.0,5.9,0.06756756756756757,0,56
0.0,0.6931471805599453,13.0,6.1,0.06756756756756757,0,56
0.0,1.791759469228055,13.0,6.5,0.06756756756756757,4,56
0.0,0.6931471805599453,13.0,6.3,0.06756756756756757,0,56
0.0,1.3862943611198906,15.0,2.4,0.06756756756756757,4,56
0.0,1.3862943611198906,15.0,5.9,0.06756756756756757,4,56
0.0,1.9459101490553132,13.0,2.6,0.06756756756756757,0,56
0.0,1.0986122886681098,13.0,4.6,0.06756756756756757,0,56
0.0,1.791759469228055,13.0,4.4,0.06756756756756757,4,56
0.0,2.3978952727983707,13.0,4.7,0.06756756756756757,4,56
0.0,1.6094379124341003,13.0,10.1,0.06756756756756757,0,56
0.0,1.6094379124341003,12.0,11.1,0.06756756756756757,0,56
0.0,1.0986122886681098,13.0,2.2,0.06756756756756757,4,56
0.0,1.0986122886681098,15.0,2.4,0.06756756756756757,0,56
0.0,1.6094379124341003,15.0,2.3,0.06756756756756757,4,56
0.0,2.0794415416798357,13.0,2.7,0.06756756756756757,4,56
0.0,0.6931471805599453,12.0,4.9,0.06756756756756757,0,56
0.0,1.0986122886681098,14.0,8.4,0.06756756756756757,4,56
0.0,0.6931471805599453,13.0,4.8,0.06756756756756757,4,56
0.0,0.6931471805599453,13.0,4.4,0.06756756756756757,0,56
0.0,1.0986122886681098,14.0,9.0,0.06756756756756757,0,56
0.0,1.0986122886681098,12.0,8.0,0.06756756756756757,0,56
0.0,1.0986122886681098,12.0,6.8,0.06756756756756757,0,56
0.0,1.3862943611198906,13.0,4.7,0.06756756756756757,4,56
0.0,0.6931471805599453,13.0,4.2,0.06756756756756757,0,56
0.0,1.9459101490553132,12.0,8.7,0.06756756756756757,4,56
0.0,1.0986122886681098,12.0,10.7,0.06756756756756757,0,56
0.0,1.3862943611198906,15.0,3.9,0.06756756756756757,4,56
25.0,1.0986122886681098,16.0,10.6,0.5902777777777778,4,57
75.0,1.6094379124341003,16.0,10.3,0.5902777777777778,2,57
25.0,1.6094379124341003,13.0,13.0,0.5902777777777778,3,57
25.0,1.3862943611198906,12.0,13.2,0.5902777777777778,3,57
25.0,1.3862943611198906,12.0,12.6,0.5902777777777778,3,57
25.0,1.6094379124341003,12.0,10.5,0.5902777777777778,2,57
0.0,1.6094379124341003,12.0,10.4,0.5902777777777778,2,57
25.0,1.0986122886681098,13.0,13.1,0.5902777777777778,1,57
25.0,1.0986122886681098,13.0,13.1,0.5902777777777778,1,57
0.0,1.0986122886681098,13.0,13.1,0.5902777777777778,1,57
0.0,1.3862943611198906,12.0,13.8,0.5902777777777778,3,57
0.0,1.0986122886681098,13.0,11.9,0.5902777777777778,3,57
25.0,1.6094379124341003,17.0,9.2,0.5902777777777778,2,57
0.0,1.6094379124341003,17.0,9.2,0.5902777777777778,2,57
25.0,1.6094379124341003,17.0,9.1,0.5902777777777778,2,57
25.0,0.6931471805599453,15.0,8.3,0.5902777777777778,4,57
25.0,1.0986122886681098,16.0,7.9,0.5902777777777778,3,57
25.0,1.6094379124341003,13.0,15.6,0.5902777777777778,2,57
25.0,1.3862943611198906,13.0,9.4,0.5902777777777778,2,57
25.0,2.0794415416798357,15.0,7.3,0.5902777777777778,2,57
25.0,1.791759469228055,13.0,10.8,0.5902777777777778,2,57
25.0,1.3862943611198906,10.0,45.7,0.5902777777777778,3,57
25.0,1.0986122886681098,13.0,13.2,0.5902777777777778,3,57
25.0,1.0986122886681098,15.0,11.7,0.5902777777777778,3,57
25.0,1.6094379124341003,14.0,8.2,0.5902777777777778,2,57
100.0,1.3862943611198906,14.0,8.2,0.5902777777777778,4,57
0.0,1.3862943611198906,14.0,8.2,0.5902777777777778,4,57
25.0,0.6931471805599453,13.0,10.4,0.5902777777777778,3,57
25.0,1.791759469228055,13.0,9.3,0.5902777777777778,2,57
25.0,1.0986122886681098,19.0,6.9,0.5902777777777778,3,57
25.0,1.0986122886681098,18.0,10.2,0.5902777777777778,3,57
25.0,1.0986122886681098,12.0,10.8,0.5902777777777778,3,57
25.0,1.6094379124341003,13.0,7.4,0.5902777777777778,2,57
25.0,1.3862943611198906,14.0,28.3,0.5902777777777778,3,57
25.0,0.6931471805599453,15.0,28.0,0.5902777777777778,0,57
25.0,0.6931471805599453,15.0,27.2,0.5902777777777778,4,57
25.0,1.3862943611198906,15.0,25.2,0.5902777777777778,3,57
25.0,0.6931471805599453,15.0,14.9,0.5902777777777778,3,57
25.0,0.6931471805599453,13.0,41.4,0.5902777777777778,3,57
50.0,0.6931471805599453,15.0,14.9,0.5902777777777778,3,57
50.0,0.6931471805599453,13.0,41.4,0.5902777777777778,3,57
0.0,0.6931471805599453,15.0,14.9,0.5902777777777778,3,57
0.0,0.6931471805599453,13.0,41.4,0.5902777777777778,3,57
0.0,0.6931471805599453,15.0,14.9,0.5902777777777778,3,57
0.0,0.6931471805599453,13.0,41.4,0.5902777777777778,3,57
0.0,1.9459101490553132,14.0,12.8,0.5902777777777778,2,57
25.0,1.6094379124341003,15.0,14.9,0.5902777777777778,0,57
25.0,1.6094379124341003,13.0,41.4,0.5902777777777778,0,57
50.0,1.6094379124341003,15.0,14.9,0.5902777777777778,0,57
50.0,1.6094379124341003,13.0,41.4,0.5902777777777778,0,57
0.0,1.6094379124341003,15.0,14.9,0.5902777777777778,0,57
0.0,1.6094379124341003,13.0,41.4,0.5902777777777778,0,57
0.0,1.6094379124341003,15.0,14.9,0.5902777777777778,0,57
0.0,1.6094379124341003,13.0,41.4,0.5902777777777778,0,57
25.0,1.0986122886681098,12.0,13.8,0.5902777777777778,0,57
25.0,0.6931471805599453,12.0,14.1,0.5902777777777778,4,57
25.0,1.0986122886681098,12.0,13.7,0.5902777777777778,3,57
25.0,2.1972245773362196,12.0,14.0,0.5902777777777778,2,57
25.0,1.3862943611198906,12.0,11.6,0.5902777777777778,3,57
25.0,1.6094379124341003,12.0,9.1,0.5902777777777778,2,57
0.0,3.9318256327243257,11.0,10.5,0.5902777777777778,4,57
25.0,0.6931471805599453,15.0,11.2,0.5902777777777778,3,57
33.0,1.0986122886681098,13.0,62.5,0.5902777777777778,3,57
33.0,1.0986122886681098,12.0,46.7,0.5902777777777778,3,57
25.0,2.3978952727983707,12.0,16.3,0.5902777777777778,1,57
33.0,1.0986122886681098,12.0,16.3,0.5902777777777778,0,57
25.0,0.6931471805599453,12.0,16.3,0.5902777777777778,4,57
25.0,1.3862943611198906,11.0,14.0,0.5902777777777778,4,57
33.0,1.0986122886681098,11.0,13.9,0.5902777777777778,3,57
25.0,1.3862943611198906,11.0,14.2,0.5902777777777778,2,57
33.0,0.6931471805599453,11.0,14.4,0.5902777777777778,2,57
25.0,1.0986122886681098,13.0,11.6,0.5902777777777778,2,57
25.0,1.0986122886681098,13.0,12.0,0.5902777777777778,2,57
25.0,1.6094379124341003,12.0,12.0,0.5902777777777778,3,57
50.0,0.6931471805599453,12.0,11.5,0.5902777777777778,0,57
67.0,1.791759469228055,12.0,17.1,1.0,3,58
67.0,1.0986122886681098,12.0,17.7,1.0,3,58
67.0,1.3862943611198906,12.0,18.3,1.0,3,58
67.0,0.9162907318741551,12.0,19.9,1.0,3,58
67.0,0.6931471805599453,12.0,19.7,1.0,3,58
67.0,0.6931471805599453,12.0,19.4,1.0,3,58
67.0,1.3862943611198906,12.0,11.4,1.0,3,58
67.0,1.3862943611198906,12.0,10.6,1.0,2,58
67.0,1.6094379124341003,12.0,11.3,1.0,2,58
75.0,0.9162907318741551,13.0,19.7,1.0,3,58
75.0,0.4054651081081644,13.0,19.7,1.0,3,58
67.0,1.9459101490553132,12.0,4.7,1.0,2,58
67.0,0.9162907318741551,12.0,5.5,1.0,3,58
67.0,1.252762968495368,12.0,6.5,1.0,3,58
67.0,0.9162907318741551,12.0,7.7,1.0,3,58
67.0,0.4054651081081644,12.0,7.3,1.0,3,58
67.0,0.4054651081081644,12.0,7.3,1.0,3,58
80.0,1.0986122886681098,13.0,13.4,1.0,3,58
67.0,1.3862943611198906,13.0,7.3,1.0,3,58
75.0,2.3978952727983707,15.0,4.3,1.0,2,58
80.0,0.6931471805599453,12.0,17.0,1.0,3,58
80.0,0.6931471805599453,12.0,19.3,1.0,3,58
80.0,0.6931471805599453,12.0,20.9,1.0,3,58
80.0,0.6931471805599453,12.0,20.5,1.0,3,58
80.0,0.6931471805599453,12.0,20.1,1.0,3,58
80.0,1.6094379124341003,12.0,22.4,1.0,3,58
67.0,2.3978952727983707,12.0,7.2,1.0,3,58
75.0,1.6094379124341003,13.0,4.2,1.0,2,58
67.0,3.091042453358316,16.0,5.1,1.0,3,58
67.0,1.0986122886681098,12.0,18.2,1.0,3,58
67.0,0.262364264467491,12.0,17.8,1.0,3,58
67.0,0.9162907318741551,12.0,4.0,1.0,2,58
67.0,0.9162907318741551,12.0,3.5,1.0,2,58
67.0,2.302585092994046,12.0,4.8,1.0,3,58
67.0,0.6931471805599453,11.0,28.3,1.0,3,58
80.0,1.6094379124341003,13.0,5.7,1.0,2,58
75.0,1.0986122886681098,13.0,4.3,1.0,3,58
50.0,0.6931471805599453,12.0,13.9,1.0,2,58
70.0,0.6931471805599453,12.0,13.9,1.0,2,58
50.0,0.6931471805599453,12.0,15.7,1.0,2,58
70.0,0.6931471805599453,12.0,15.7,1.0,2,58
50.0,0.6931471805599453,12.0,15.6,1.0,2,58
70.0,0.6931471805599453,12.0,15.6,1.0,2,58
50.0,1.0986122886681098,14.0,9.1,1.0,2,58
50.0,1.0986122886681098,14.0,9.1,1.0,2,58
50.0,1.0986122886681098,15.0,9.6,1.0,2,58
50.0,1.0986122886681098,14.0,10.0,1.0,2,58
75.0,1.3862943611198906,14.0,4.1,1.0,3,58
75.0,1.0986122886681098,12.0,4.8,1.0,2,58
75.0,0.6931471805599453,13.0,1.3,1.0,2,58
75.0,0.6931471805599453,13.0,1.9,1.0,2,58
67.0,0.4054651081081644,12.0,15.6,1.0,2,58
67.0,0.6931471805599453,11.0,16.7,1.0,2,58
67.0,0.4054651081081644,11.0,17.4,1.0,2,58
67.0,0.4054651081081644,11.0,17.5,1.0,2,58
67.0,0.4054651081081644,11.0,17.8,1.0,2,58
67.0,0.6931471805599453,12.0,3.1,1.0,2,58
67.0,0.6931471805599453,12.0,4.9,1.0,2,58
67.0,0.9162907318741551,12.0,5.2,1.0,3,58
67.0,0.6931471805599453,13.0,5.4,1.0,2,58
67.0,0.6931471805599453,13.0,8.1,1.0,3,58
67.0,4.418840607796598,13.0,8.6,1.0,3,58
67.0,1.252762968495368,16.0,3.0,1.0,3,58
75.0,2.1972245773362196,11.0,5.4,1.0,2,58
75.0,1.3862943611198906,12.0,9.2,1.0,3,58
75.0,1.6094379124341003,17.0,5.9,1.0,2,58
75.0,1.6094379124341003,17.0,4.8,1.0,2,58
75.0,1.6094379124341003,13.0,1.9,1.0,2,58
70.0,0.6931471805599453,13.0,4.3,1.0,3,58
75.0,1.6094379124341003,12.0,14.8,1.0,3,58
100.0,0.6931471805599453,11.0,22.5,1.0,2,58
50.0,0.6931471805599453,11.0,22.5,1.0,2,58
50.0,1.3862943611198906,12.0,6.3,1.0,2,58
80.0,1.0986122886681098,10.0,25.9,1.0,0,59
80.0,1.0986122886681098,10.0,25.9,1.0,0,59
80.0,1.0986122886681098,10.0,25.9,1.0,4,59
80.0,1.0986122886681098,10.0,25.9,1.0,4,59
75.0,0.6931471805599453,11.0,24.7,1.0,4,59
80.0,1.3862943611198906,10.0,41.2,1.0,3,59
75.0,1.3862943611198906,11.0,24.7,1.0,0,59
75.0,1.0986122886681098,11.0,23.2,1.0,4,59
80.0,0.6931471805599453,11.0,28.6,1.0,0,59
80.0,1.6094379124341003,11.0,47.1,1.0,0,59
75.0,1.6094379124341003,12.0,5.4,1.0,3,59
80.0,0.6931471805599453,12.0,6.4,1.0,4,59
80.0,2.1972245773362196,12.0,5.3,1.0,4,59
80.0,0.6931471805599453,13.0,7.4,1.0,3,59
50.0,0.6931471805599453,11.0,21.7,1.0,0,59
67.0,1.0986122886681098,12.0,17.4,1.0,0,59
80.0,1.0986122886681098,12.0,10.3,1.0,3,59
53.0,1.0986122886681098,11.0,9.9,1.0,4,59
70.0,1.0986122886681098,13.0,7.8,1.0,2,59
50.0,0.6931471805599453,17.0,7.8,1.0,0,59
50.0,0.6931471805599453,17.0,7.8,1.0,0,59
50.0,0.6931471805599453,17.0,7.8,1.0,4,59
50.0,0.6931471805599453,17.0,7.8,1.0,4,59
75.0,1.0986122886681098,15.0,10.5,1.0,2,59
90.0,0.6931471805599453,17.0,4.9,1.0,0,59
60.0,0.6931471805599453,17.0,4.9,1.0,0,59
90.0,0.6931471805599453,17.0,4.9,1.0,4,59
60.0,0.6931471805599453,17.0,4.9,1.0,4,59
75.0,1.0986122886681098,14.0,9.7,1.0,3,59
80.0,1.3862943611198906,11.0,13.0,1.0,4,59
90.0,1.0986122886681098,14.0,14.7,1.0,0,59
50.0,1.0986122886681098,12.0,10.4,1.0,3,59
80.0,0.6931471805599453,13.0,5.2,1.0,3,59
60.0,1.0986122886681098,12.0,5.6,1.0,4,59
50.0,1.0986122886681098,12.0,10.3,1.0,0,59
75.0,0.6931471805599453,13.0,4.9,1.0,3,59
80.0,0.6931471805599453,11.0,13.8,1.0,4,59
80.0,1.0986122886681098,14.0,18.8,1.0,4,59
80.0,1.0986122886681098,11.0,16.0,1.0,0,59
90.0,1.0986122886681098,18.0,7.4,1.0,3,59
80.0,0.6931471805599453,12.0,6.5,1.0,0,59
90.0,0.6931471805599453,12.0,5.7,1.0,4,59
80.0,0.6931471805599453,12.0,6.1,1.0,3,59
60.0,1.0986122886681098,12.0,18.1,0.589622641509434,1,60
40.0,3.1354942159291497,12.0,20.6,0.589622641509434,2,60
33.0,1.5040773967762742,12.0,19.5,0.589622641509434,4,60
67.0,1.5040773967762742,12.0,19.5,0.589622641509434,4,60
33.0,1.3862943611198906,12.0,25.0,0.589622641509434,2,60
60.0,1.252762968495368,13.0,24.9,0.589622641509434,0,60
50.0,0.6931471805599453,11.0,32.7,0.589622641509434,3,60
75.0,1.6094379124341003,10.0,36.9,0.589622641509434,3,60
80.0,0.4054651081081644,10.0,37.5,0.589622641509434,0,60
67.0,1.791759469228055,11.0,32.7,0.589622641509434,2,60
0.0,3.044522437723423,15.0,24.5,0.589622641509434,2,60
0.0,3.044522437723423,11.0,14.9,0.589622641509434,2,60
0.0,3.044522437723423,15.0,24.5,0.589622641509434,2,60
0.0,3.044522437723423,11.0,14.9,0.589622641509434,2,60
25.0,2.772588722239781,13.0,24.0,0.589622641509434,2,60
25.0,2.772588722239781,11.0,14.4,0.589622641509434,2,60
50.0,2.772588722239781,13.0,24.0,0.589622641509434,2,60
50.0,2.772588722239781,11.0,14.4,0.589622641509434,2,60
0.0,2.9444389791664403,11.0,18.0,0.589622641509434,2,60
0.0,2.9444389791664403,11.0,28.6,0.589622641509434,2,60
0.0,2.9444389791664403,11.0,18.0,0.589622641509434,2,60
0.0,2.9444389791664403,11.0,28.6,0.589622641509434,2,60
33.0,1.791759469228055,13.0,13.1,0.589622641509434,2,60
33.0,1.791759469228055,12.0,22.5,0.589622641509434,2,60
0.0,1.791759469228055,13.0,13.1,0.589622641509434,2,60
0.0,1.791759469228055,12.0,22.5,0.589622641509434,2,60
0.0,1.791759469228055,15.0,24.5,0.589622641509434,2,60
0.0,1.791759469228055,11.0,14.9,0.589622641509434,2,60
0.0,1.791759469228055,15.0,24.5,0.589622641509434,2,60
0.0,1.791759469228055,11.0,14.9,0.589622641509434,2,60
25.0,1.0986122886681098,13.0,24.0,0.589622641509434,4,60
25.0,1.0986122886681098,11.0,14.4,0.589622641509434,4,60
50.0,1.0986122886681098,13.0,24.0,0.589622641509434,4,60
50.0,1.0986122886681098,11.0,14.4,0.589622641509434,4,60
33.0,1.0986122886681098,11.0,17.7,0.589622641509434,4,60
0.0,1.0986122886681098,11.0,17.7,0.589622641509434,4,60
50.0,1.0986122886681098,11.0,19.2,0.589622641509434,0,60
0.0,1.0986122886681098,11.0,19.2,0.589622641509434,0,60
0.0,1.6094379124341003,11.0,18.0,0.589622641509434,3,60
0.0,1.6094379124341003,11.0,28.6,0.589622641509434,3,60
0.0,1.6094379124341003,11.0,18.0,0.589622641509434,3,60
0.0,1.6094379124341003,11.0,28.6,0.589622641509434,3,60
33.0,3.1780538303479458,13.0,13.1,0.589622641509434,2,60
33.0,3.1780538303479458,12.0,22.5,0.589622641509434,2,60
0.0,3.1780538303479458,13.0,13.1,0.589622641509434,2,60
0.0,3.1780538303479458,12.0,22.5,0.589622641509434,2,60
100.0,0.4054651081081644,11.0,18.3,0.589622641509434,3,60
100.0,0.4054651081081644,12.0,24.3,0.589622641509434,3,60
100.0,0.4054651081081644,11.0,18.3,0.589622641509434,3,60
100.0,0.4054651081081644,12.0,24.3,0.589622641509434,3,60
0.0,0.4054651081081644,11.0,18.3,0.589622641509434,3,60
0.0,0.4054651081081644,12.0,24.3,0.589622641509434,3,60
0.0,1.791759469228055,15.0,21.4,0.589622641509434,2,60
0.0,1.9459101490553132,14.0,23.5,0.589622641509434,2,60
25.0,2.1972245773362196,11.0,26.5,0.589622641509434,3,60
25.0,2.3978952727983707,11.0,30.6,0.589622641509434,3,60
0.0,2.3978952727983707,11.0,75.4,0.589622641509434,2,60
67.0,0.4054651081081644,11.0,21.0,0.589622641509434,1,60
100.0,0.4054651081081644,11.0,21.0,0.589622641509434,1,60
40.0,1.5040773967762742,12.0,38.0,0.589622641509434,3,60
33.0,1.5040773967762742,12.0,38.0,0.589622641509434,3,60
25.0,0.6931471805599453,10.0,26.6,0.589622641509434,3,60
33.0,0.6931471805599453,10.0,26.6,0.589622641509434,3,60
60.0,2.1972245773362196,10.0,27.6,0.589622641509434,2,60
40.0,2.302585092994046,13.0,22.8,0.589622641509434,2,60
50.0,1.0986122886681098,12.0,19.6,0.589622641509434,1,60
50.0,1.0986122886681098,12.0,19.6,0.589622641509434,1,60
50.0,0.4054651081081644,12.0,19.6,0.589622641509434,2,60
50.0,0.4054651081081644,12.0,19.6,0.589622641509434,2,60
75.0,1.252762968495368,13.0,22.7,0.589622641509434,3,60
0.0,1.5040773967762742,14.0,16.4,0.589622641509434,4,60
33.0,1.252762968495368,11.0,22.8,0.589622641509434,4,60
40.0,2.1972245773362196,12.0,22.7,0.589622641509434,2,60
0.0,1.3862943611198906,12.0,22.4,0.589622641509434,3,60
60.0,1.6094379124341003,10.0,73.9,0.589622641509434,2,60
25.0,0.6931471805599453,11.0,31.7,0.589622641509434,1,60
0.0,0.9162907318741551,11.0,12.6,0.589622641509434,2,60
0.0,2.3978952727983707,10.0,30.9,0.589622641509434,2,60
33.0,2.1972245773362196,11.0,19.1,0.589622641509434,2,60
0.0,1.9459101490553132,11.0,10.0,0.589622641509434,2,60
50.0,1.8718021769015913,11.0,39.9,0.589622641509434,4,60
20.0,2.5649493574615367,11.0,22.2,0.589622641509434,2,60
67.0,2.5649493574615367,11.0,22.2,0.589622641509434,2,60
0.0,2.0794415416798357,13.0,37.7,0.589622641509434,0,60
0.0,1.3862943611198906,12.0,23.6,0.589622641509434,4,60
50.0,0.6931471805599453,12.0,21.4,0.589622641509434,0,60
0.0,2.0794415416798357,12.0,21.7,0.589622641509434,3,60
0.0,2.4849066497880004,11.0,14.4,0.589622641509434,3,60
0.0,2.4849066497880004,11.0,14.4,0.589622641509434,3,60
33.0,1.3862943611198906,11.0,29.8,0.589622641509434,0,60
40.0,1.791759469228055,11.0,30.0,0.589622641509434,0,60
33.0,1.3862943611198906,10.0,33.7,0.589622641509434,0,60
0.0,1.3862943611198906,10.0,33.7,0.589622641509434,0,60
33.0,0.6931471805599453,10.0,33.7,0.589622641509434,1,60
0.0,0.6931471805599453,10.0,33.7,0.589622641509434,1,60
0.0,1.3862943611198906,11.0,13.2,0.589622641509434,0,60
0.0,1.3862943611198906,11.0,13.2,0.589622641509434,0,60
0.0,1.6094379124341003,11.0,14.6,0.589622641509434,4,60
25.0,2.5649493574615367,11.0,18.4,0.589622641509434,2,60
20.0,0.4054651081081644,12.0,21.5,0.589622641509434,3,60
20.0,0.6931471805599453,11.0,46.7,0.589622641509434,3,60
50.0,0.6931471805599453,9.0,73.8,0.589622641509434,3,60
33.0,2.1972245773362196,12.0,26.2,0.589622641509434,2,60
33.0,1.0986122886681098,11.0,12.5,0.589622641509434,0,60
0.0,2.0149030205422647,12.0,33.7,0.589622641509434,4,60
0.0,1.9459101490553132,12.0,10.2,0.589622641509434,2,60
0.0,1.9459101490553132,12.0,10.2,0.589622641509434,2,60
0.0,1.3862943611198906,12.0,8.8,0.589622641509434,2,60
33.0,1.3862943611198906,12.0,8.8,0.589622641509434,2,60
0.0,0.4054651081081644,12.0,8.8,0.589622641509434,4,60
33.0,0.4054651081081644,12.0,8.8,0.589622641509434,4,60
50.0,1.0986122886681098,12.0,14.5,0.589622641509434,2,60
0.0,1.0986122886681098,12.0,14.5,0.589622641509434,2,60
50.0,1.3862943611198906,12.0,14.5,0.589622641509434,3,60
0.0,1.3862943611198906,12.0,14.5,0.589622641509434,3,60
50.0,1.791759469228055,12.0,29.1,0.589622641509434,2,60
0.0,0.9162907318741551,12.0,29.1,0.589622641509434,3,60
0.0,0.4054651081081644,13.0,35.3,0.589622641509434,3,60
33.0,0.9162907318741551,13.0,26.9,0.589622641509434,3,60
27.0,0.9162907318741551,12.0,12.0,0.589622641509434,1,60
0.0,1.252762968495368,12.0,11.8,0.589622641509434,4,60
0.0,1.791759469228055,12.0,14.0,0.589622641509434,4,60
0.0,1.3862943611198906,11.0,24.3,0.589622641509434,2,60
0.0,1.791759469228055,11.0,29.4,0.589622641509434,2,60
0.0,1.9459101490553132,10.0,24.5,0.589622641509434,2,60
25.0,2.1972245773362196,10.0,27.6,0.589622641509434,3,60
0.0,1.6094379124341003,10.0,63.8,0.589622641509434,3,60
0.0,1.6094379124341003,10.0,63.8,0.589622641509434,3,60
0.0,2.4849066497880004,11.0,16.6,0.589622641509434,3,60
50.0,0.4054651081081644,11.0,23.9,0.589622641509434,3,60
33.0,0.4054651081081644,11.0,31.0,0.589622641509434,3,60
25.0,0.4054651081081644,11.0,34.3,0.589622641509434,3,60
75.0,0.9162907318741551,12.0,35.8,0.589622641509434,0,60
0.0,2.4849066497880004,11.0,10.8,0.589622641509434,3,60
25.0,1.0986122886681098,12.0,9.1,0.589622641509434,3,60
33.0,1.3862943611198906,12.0,12.0,0.589622641509434,4,60
0.0,1.3862943611198906,12.0,16.5,0.589622641509434,3,60
50.0,1.6094379124341003,10.0,24.3,0.589622641509434,2,60
0.0,1.791759469228055,11.0,20.5,0.589622641509434,2,60
25.0,0.6931471805599453,11.0,28.5,0.589622641509434,3,60
0.0,0.4054651081081644,11.0,27.1,0.589622641509434,3,60
50.0,1.3862943611198906,11.0,30.5,0.589622641509434,3,60
0.0,0.6931471805599453,12.0,21.1,0.589622641509434,3,60
50.0,2.3978952727983707,10.0,23.6,0.589622641509434,2,60
0.0,1.6094379124341003,11.0,27.2,0.589622641509434,2,60
33.0,0.6931471805599453,10.0,25.1,0.589622641509434,2,60
0.0,1.3862943611198906,11.0,25.9,0.589622641509434,3,60
0.0,1.252762968495368,12.0,21.7,0.589622641509434,1,60
0.0,2.3978952727983707,11.0,24.5,0.589622641509434,2,60
0.0,2.1972245773362196,11.0,28.6,0.589622641509434,2,60
0.0,2.3978952727983707,11.0,32.3,0.589622641509434,2,60
33.0,1.791759469228055,11.0,17.1,0.589622641509434,3,60
25.0,2.6390573296152584,12.0,44.3,0.589622641509434,2,60
50.0,1.0986122886681098,14.0,29.0,0.589622641509434,4,60
0.0,1.6094379124341003,12.0,33.7,0.589622641509434,3,60
67.0,1.0986122886681098,11.0,15.0,0.589622641509434,4,60
25.0,1.9459101490553132,11.0,8.5,0.589622641509434,3,60
33.0,0.6931471805599453,12.0,19.8,0.589622641509434,3,60
0.0,1.791759469228055,13.0,16.8,0.589622641509434,4,60
0.0,2.1972245773362196,11.0,18.8,0.589622641509434,3,60
0.0,1.6094379124341003,10.0,34.8,0.589622641509434,3,60
40.0,1.0986122886681098,10.0,33.6,0.589622641509434,3,60
50.0,2.3978952727983707,12.0,14.9,0.8297872340425532,2,61
50.0,3.258096538021482,12.0,6.2,0.8297872340425532,2,61
50.0,2.3978952727983707,12.0,18.4,0.8297872340425532,2,61
0.0,2.3978952727983707,12.0,18.4,0.8297872340425532,2,61
67.0,2.3978952727983707,12.0,18.4,0.8297872340425532,2,61
33.0,0.6931471805599453,15.0,19.4,0.8297872340425532,2,61
33.0,2.302585092994046,14.0,21.1,0.8297872340425532,2,61
50.0,2.302585092994046,14.0,21.1,0.8297872340425532,2,61
50.0,3.044522437723423,10.0,21.8,0.8297872340425532,2,61
50.0,3.58351893845611,11.0,28.5,0.8297872340425532,2,61
50.0,3.1354942159291497,11.0,30.4,0.8297872340425532,2,61
70.0,3.1354942159291497,11.0,30.4,0.8297872340425532,2,61
75.0,2.1972245773362196,10.0,23.4,0.8297872340425532,2,61
67.0,2.3978952727983707,10.0,24.5,0.8297872340425532,2,61
50.0,2.3978952727983707,10.0,24.7,0.8297872340425532,2,61
50.0,2.3978952727983707,10.0,24.7,0.8297872340425532,2,61
50.0,1.791759469228055,13.0,28.4,0.8297872340425532,3,61
50.0,3.713572066704308,11.0,27.2,0.8297872340425532,2,61
50.0,3.044522437723423,12.0,31.8,0.8297872340425532,2,61
75.0,3.044522437723423,12.0,31.8,0.8297872340425532,2,61
50.0,3.044522437723423,10.0,24.0,0.8297872340425532,2,61
50.0,2.1972245773362196,11.0,26.7,0.8297872340425532,1,61
50.0,2.1972245773362196,11.0,26.7,0.8297872340425532,1,61
50.0,2.833213344056216,11.0,26.7,0.8297872340425532,2,61
50.0,2.833213344056216,11.0,26.7,0.8297872340425532,2,61
50.0,1.791759469228055,11.0,19.1,0.8297872340425532,3,61
50.0,0.6931471805599453,12.0,21.5,0.8297872340425532,0,61
50.0,1.791759469228055,11.0,24.6,0.8297872340425532,2,61
50.0,1.791759469228055,11.0,24.6,0.8297872340425532,2,61
50.0,3.871201010907891,13.0,34.3,0.8297872340425532,2,61
75.0,1.0986122886681098,11.0,18.9,0.8297872340425532,4,61
50.0,1.0986122886681098,11.0,18.1,0.8297872340425532,4,61
50.0,1.0986122886681098,11.0,19.4,0.8297872340425532,4,61
50.0,1.6094379124341003,11.0,20.1,0.8297872340425532,1,61
33.0,1.3862943611198906,10.0,21.7,0.8297872340425532,3,61
50.0,1.6094379124341003,10.0,23.0,0.8297872340425532,1,61
33.0,1.3862943611198906,10.0,24.6,0.8297872340425532,3,61
50.0,1.0986122886681098,11.0,19.9,0.8297872340425532,1,61
50.0,0.6931471805599453,10.0,24.4,0.8297872340425532,0,61
70.0,1.3862943611198906,11.0,15.6,0.8297872340425532,4,61
50.0,1.0986122886681098,11.0,13.7,0.8297872340425532,0,61
50.0,2.5649493574615367,11.0,14.0,0.8297872340425532,1,61
50.0,2.5649493574615367,11.0,14.0,0.8297872340425532,1,61
50.0,3.4339872044851463,11.0,14.0,0.8297872340425532,2,61
50.0,3.4339872044851463,11.0,14.0,0.8297872340425532,2,61
50.0,2.8903717578961645,12.0,8.9,0.8297872340425532,2,61
33.0,1.6094379124341003,11.0,24.4,0.8297872340425532,1,61
5.0,1.6094379124341003,11.0,20.4,0.8297872340425532,1,61
50.0,1.6094379124341003,11.0,20.4,0.8297872340425532,1,61
5.0,2.4849066497880004,11.0,20.4,0.8297872340425532,2,61
50.0,2.4849066497880004,11.0,20.4,0.8297872340425532,2,61
50.0,3.5553480614894135,13.0,15.7,0.82,4,62
50.0,2.833213344056216,13.0,16.0,0.82,0,62
75.0,4.23410650459726,13.0,16.3,0.82,2,62
50.0,3.9889840465642745,13.0,15.1,0.82,3,62
75.0,4.584967478670572,14.0,16.1,0.82,2,62
50.0,2.1972245773362196,13.0,16.7,0.82,4,62
50.0,2.1400661634962708,11.0,29.6,0.82,4,62
50.0,2.302585092994046,13.0,13.9,0.82,4,62
75.0,4.605170185988092,14.0,13.2,0.82,2,62
100.0,4.605170185988092,14.0,13.2,0.82,2,62
50.0,4.897839799950911,14.0,13.5,0.82,3,62
75.0,4.897839799950911,14.0,13.5,0.82,3,62
75.0,4.897839799950911,14.0,13.5,0.82,3,62
50.0,1.8718021769015913,13.0,12.3,0.82,4,62
50.0,2.833213344056216,13.0,12.7,0.82,3,62
50.0,3.8501476017100584,13.0,13.4,0.82,3,62
75.0,3.8501476017100584,13.0,13.4,0.82,3,62
50.0,4.61512051684126,13.0,19.0,0.82,4,62
25.0,1.7047480922384253,14.0,16.3,0.82,4,62
25.0,1.7047480922384253,14.0,16.3,0.82,4,62
50.0,0.6931471805599453,11.0,22.0,0.82,1,62
50.0,0.6931471805599453,11.0,22.0,0.82,1,62
50.0,0.6931471805599453,11.0,22.0,0.82,1,62
50.0,0.6931471805599453,11.0,22.0,0.82,2,62
50.0,0.6931471805599453,11.0,22.0,0.82,2,62
50.0,0.6931471805599453,11.0,22.0,0.82,2,62
50.0,0.6931471805599453,11.0,19.6,0.82,3,62
75.0,1.9459101490553132,11.0,19.9,0.82,4,62
75.0,1.9459101490553132,11.0,12.7,0.82,4,62
33.0,1.3862943611198906,11.0,15.3,0.82,0,62
25.0,1.6094379124341003,11.0,28.7,0.82,2,62
60.0,0.6931471805599453,11.0,18.7,0.82,3,62
75.0,0.6931471805599453,11.0,18.7,0.82,3,62
60.0,0.6931471805599453,13.0,10.5,0.82,3,62
75.0,0.6931471805599453,13.0,10.5,0.82,3,62
60.0,0.6931471805599453,13.0,23.0,0.82,3,62
75.0,0.6931471805599453,13.0,23.0,0.82,3,62
60.0,0.4054651081081644,13.0,18.0,0.82,3,62
50.0,2.3978952727983707,12.0,9.5,0.82,4,62
50.0,1.9459101490553132,12.0,11.3,0.82,2,62
50.0,1.9459101490553132,12.0,11.3,0.82,2,62
90.0,1.0986122886681098,10.0,32.8,0.82,0,62
90.0,1.0986122886681098,10.0,33.6,0.82,0,62
75.0,0.6931471805599453,10.0,23.3,0.82,2,62
50.0,0.6931471805599453,11.0,10.5,0.82,4,62
50.0,0.4054651081081644,11.0,10.5,0.82,4,62
0.0,0.9162907318741551,12.0,15.0,0.82,1,62
0.0,0.9162907318741551,12.0,15.0,0.82,1,62
0.0,0.9162907318741551,12.0,15.0,0.82,1,62
0.0,0.4054651081081644,12.0,18.5,0.82,4,62
0.0,0.6931471805599453,11.0,19.6,0.82,4,62
0.0,1.6094379124341003,12.0,29.7,0.82,3,62
50.0,0.4054651081081644,12.0,14.4,0.82,4,62
50.0,0.6931471805599453,12.0,15.5,0.82,2,62
67.0,1.0986122886681098,11.0,13.3,0.82,4,62
60.0,0.6931471805599453,11.0,15.5,0.82,3,62
50.0,1.9459101490553132,11.0,27.1,0.82,2,62
50.0,1.5040773967762742,12.0,27.1,0.82,1,62
50.0,1.5040773967762742,12.0,27.1,0.82,1,62
50.0,1.5040773967762742,12.0,27.1,0.82,1,62
50.0,0.6931471805599453,12.0,31.2,0.82,1,62
75.0,0.6931471805599453,12.0,31.2,0.82,1,62
50.0,0.6931471805599453,12.0,31.2,0.82,1,62
50.0,2.1972245773362196,11.0,16.2,0.82,2,62
50.0,2.1972245773362196,13.0,19.6,0.82,2,62
50.0,1.6094379124341003,10.0,17.2,0.82,2,62
75.0,1.0986122886681098,11.0,9.9,0.82,3,62
0.0,0.9162907318741551,16.0,12.3,0.82,1,62
50.0,0.9162907318741551,16.0,12.3,0.82,1,62
0.0,0.9162907318741551,16.0,12.3,0.82,1,62
50.0,0.4054651081081644,12.0,17.1,0.82,2,62
50.0,0.6931471805599453,12.0,14.7,0.82,2,62
50.0,0.6931471805599453,10.0,25.6,0.82,2,62
50.0,0.6931471805599453,12.0,20.2,0.82,1,62
50.0,0.6931471805599453,12.0,20.2,0.82,1,62
50.0,0.6931471805599453,12.0,20.2,0.82,1,62
50.0,0.6931471805599453,12.0,20.2,0.82,2,62
50.0,0.6931471805599453,12.0,20.2,0.82,2,62
50.0,0.6931471805599453,12.0,20.2,0.82,2,62
25.0,0.9162907318741551,14.0,20.6,0.82,1,62
25.0,0.9162907318741551,14.0,20.6,0.82,1,62
25.0,0.9162907318741551,14.0,20.6,0.82,1,62
25.0,1.9459101490553132,14.0,20.6,0.82,2,62
25.0,1.9459101490553132,14.0,20.6,0.82,2,62
25.0,1.9459101490553132,14.0,20.6,0.82,2,62
50.0,1.9459101490553132,16.0,19.8,0.82,3,62
0.0,0.6931471805599453,13.0,6.4,0.09803921568627451,0,63
0.0,0.6931471805599453,13.0,6.4,0.09803921568627451,1,63
0.0,1.3862943611198906,15.0,5.2,0.09803921568627451,4,63
0.0,1.0986122886681098,15.0,8.3,0.09803921568627451,4,63
0.0,1.0986122886681098,15.0,7.8,0.09803921568627451,4,63
0.0,1.3862943611198906,15.0,5.3,0.09803921568627451,4,63
0.0,1.0986122886681098,15.0,5.3,0.09803921568627451,4,63
0.0,0.6931471805599453,14.0,5.5,0.09803921568627451,1,63
0.0,1.6094379124341003,14.0,5.4,0.09803921568627451,4,63
0.0,1.0986122886681098,14.0,5.4,0.09803921568627451,0,63
0.0,0.6931471805599453,14.0,7.2,0.09803921568627451,4,63
0.0,1.0986122886681098,12.0,8.4,0.09803921568627451,4,63
0.0,1.0986122886681098,12.0,9.1,0.09803921568627451,4,63
0.0,1.3862943611198906,12.0,11.3,0.09803921568627451,4,63
0.0,1.0986122886681098,13.0,9.0,0.09803921568627451,4,63
0.0,1.0986122886681098,15.0,7.5,0.09803921568627451,4,63
0.0,0.6931471805599453,15.0,7.5,0.09803921568627451,0,63
0.0,0.6931471805599453,15.0,8.9,0.09803921568627451,4,63
0.0,0.6931471805599453,14.0,4.2,0.09803921568627451,3,63
0.0,0.6931471805599453,14.0,4.2,0.09803921568627451,4,63
0.0,0.6931471805599453,14.0,4.2,0.09803921568627451,4,63
0.0,0.6931471805599453,12.0,6.0,0.09803921568627451,3,63
0.0,0.6931471805599453,12.0,7.0,0.09803921568627451,0,63
0.0,0.6931471805599453,13.0,9.7,0.09803921568627451,4,63
0.0,0.6931471805599453,13.0,9.7,0.09803921568627451,4,63
0.0,1.0986122886681098,12.0,8.5,0.09803921568627451,4,63
0.0,0.6931471805599453,13.0,9.6,0.09803921568627451,0,63
0.0,1.0986122886681098,13.0,9.6,0.09803921568627451,4,63
0.0,1.0986122886681098,14.0,9.0,0.09803921568627451,4,63
0.0,1.0986122886681098,13.0,9.4,0.09803921568627451,4,63
0.0,1.791759469228055,12.0,9.6,0.09803921568627451,4,63
0.0,0.6931471805599453,12.0,9.3,0.09803921568627451,4,63
0.0,1.0986122886681098,12.0,6.9,0.09803921568627451,0,63
0.0,1.0986122886681098,12.0,9.6,0.09803921568627451,4,63
0.0,0.6931471805599453,11.0,10.4,0.09803921568627451,4,63
0.0,0.6931471805599453,14.0,10.5,0.09803921568627451,4,63
0.0,0.6931471805599453,14.0,7.1,0.09803921568627451,0,63
0.0,1.0986122886681098,13.0,9.3,0.09803921568627451,0,63
0.0,1.3862943611198906,13.0,9.3,0.09803921568627451,4,63
0.0,0.6931471805599453,13.0,9.7,0.09803921568627451,4,63
0.0,1.6094379124341003,13.0,9.8,0.09803921568627451,4,63
50.0,2.0794415416798357,13.0,9.7,0.09803921568627451,1,63
0.0,1.0986122886681098,13.0,9.7,0.09803921568627451,0,63
0.0,0.6931471805599453,13.0,9.8,0.09803921568627451,4,63
0.0,1.0986122886681098,13.0,4.8,0.09803921568627451,4,63
0.0,1.6094379124341003,13.0,4.8,0.09803921568627451,0,63
0.0,1.0986122886681098,13.0,4.8,0.09803921568627451,4,63
0.0,1.6094379124341003,13.0,4.8,0.09803921568627451,4,63
0.0,1.0986122886681098,13.0,4.9,0.09803921568627451,4,63
0.0,0.6931471805599453,13.0,10.5,0.0,4,64
60.0,1.3862943611198906,12.0,13.7,0.9836065573770492,3,65
50.0,2.0794415416798357,12.0,13.8,0.9836065573770492,3,65
50.0,0.6931471805599453,12.0,14.5,0.9836065573770492,3,65
50.0,0.6931471805599453,12.0,13.5,0.9836065573770492,3,65
75.0,0.6931471805599453,12.0,11.9,0.9836065573770492,3,65
50.0,1.0986122886681098,12.0,9.5,0.9836065573770492,3,65
90.0,0.6931471805599453,12.0,19.7,0.9836065573770492,2,65
90.0,0.6931471805599453,12.0,19.7,0.9836065573770492,2,65
70.0,0.6931471805599453,11.0,24.9,0.9836065573770492,3,65
75.0,1.3862943611198906,14.0,15.8,0.9836065573770492,4,65
50.0,1.0986122886681098,11.0,23.4,0.9836065573770492,3,65
75.0,1.0986122886681098,14.0,15.8,0.9836065573770492,4,65
60.0,0.6931471805599453,14.0,16.3,0.9836065573770492,3,65
85.0,4.61512051684126,12.0,12.0,0.9836065573770492,2,65
70.0,2.3978952727983707,15.0,24.0,0.9836065573770492,3,65
75.0,3.9318256327243257,13.0,16.5,0.9836065573770492,3,65
50.0,4.61512051684126,11.0,23.4,0.9836065573770492,3,65
50.0,5.017279836814924,13.0,25.8,0.9836065573770492,3,65
80.0,3.1780538303479458,11.0,21.6,0.9836065573770492,0,65
80.0,2.3978952727983707,13.0,30.8,0.9836065573770492,3,65
60.0,4.795790545596741,11.0,37.9,0.9836065573770492,4,65
70.0,4.343805421853684,11.0,40.2,0.9836065573770492,3,65
50.0,4.61512051684126,12.0,30.4,0.9836065573770492,4,65
75.0,4.2626798770413155,12.0,25.5,0.9836065573770492,0,65
80.0,1.6094379124341003,12.0,13.3,0.9836065573770492,3,65
100.0,1.0986122886681098,12.0,15.0,0.9836065573770492,3,65
80.0,1.0986122886681098,12.0,15.0,0.9836065573770492,3,65
25.0,1.0986122886681098,12.0,15.0,0.9836065573770492,3,65
40.0,0.6931471805599453,12.0,15.1,0.9836065573770492,3,65
75.0,1.0986122886681098,14.0,10.4,0.9836065573770492,2,65
90.0,1.0986122886681098,14.0,10.4,0.9836065573770492,2,65
40.0,1.0986122886681098,14.0,18.6,0.9836065573770492,3,65
75.0,1.9459101490553132,15.0,18.5,0.9583333333333334,3,66
75.0,2.1972245773362196,12.0,16.8,0.9583333333333334,1,66
75.0,1.6094379124341003,12.0,14.8,0.9583333333333334,2,66
50.0,1.6094379124341003,12.0,14.8,0.9583333333333334,2,66
75.0,1.6094379124341003,14.0,21.0,0.9583333333333334,3,66
100.0,1.0986122886681098,11.0,14.6,0.9583333333333334,2,66
25.0,1.0986122886681098,11.0,14.6,0.9583333333333334,2,66
100.0,1.0986122886681098,11.0,14.6,0.9583333333333334,3,66
25.0,1.0986122886681098,11.0,14.6,0.9583333333333334,3,66
75.0,1.0986122886681098,11.0,14.1,0.9583333333333334,3,66
50.0,1.6094379124341003,12.0,14.1,0.9583333333333334,3,66
50.0,1.6094379124341003,15.0,10.4,0.9583333333333334,3,66
75.0,1.6094379124341003,11.0,18.2,0.9583333333333334,2,66
100.0,1.0986122886681098,11.0,17.7,0.9583333333333334,2,66
75.0,1.3862943611198906,12.0,19.5,0.9583333333333334,1,66
100.0,1.6094379124341003,11.0,19.6,0.9583333333333334,2,66
50.0,1.6094379124341003,11.0,19.6,0.9583333333333334,2,66
100.0,1.0986122886681098,11.0,19.6,0.9583333333333334,3,66
50.0,1.0986122886681098,11.0,19.6,0.9583333333333334,3,66
75.0,1.791759469228055,12.0,18.2,0.9583333333333334,1,66
75.0,2.1972245773362196,12.0,17.4,0.9583333333333334,3,66
50.0,0.6931471805599453,12.0,17.5,0.9583333333333334,2,66
50.0,1.0986122886681098,11.0,10.9,0.9583333333333334,2,66
0.0,1.0986122886681098,11.0,29.2,0.9583333333333334,3,66
75.0,0.6931471805599453,12.0,23.6,0.9583333333333334,1,66
50.0,0.6931471805599453,12.0,23.6,0.9583333333333334,1,66
75.0,0.4054651081081644,12.0,23.6,0.9583333333333334,4,66
50.0,0.4054651081081644,12.0,23.6,0.9583333333333334,4,66
75.0,0.4054651081081644,12.0,27.3,0.9583333333333334,2,66
75.0,0.6931471805599453,11.0,31.7,0.9583333333333334,2,66
50.0,0.6931471805599453,12.0,40.2,0.9583333333333334,3,66
75.0,0.6931471805599453,11.0,34.6,0.9583333333333334,4,66
75.0,0.6931471805599453,11.0,31.8,0.9583333333333334,3,66
75.0,0.4054651081081644,10.0,48.9,0.9583333333333334,3,66
75.0,0.6931471805599453,12.0,36.1,0.9583333333333334,1,66
50.0,1.0986122886681098,12.0,40.8,0.9583333333333334,4,66
50.0,1.0986122886681098,12.0,40.9,0.9583333333333334,2,66
100.0,1.0986122886681098,12.0,40.9,0.9583333333333334,2,66
75.0,0.6931471805599453,11.0,23.1,0.9583333333333334,1,66
50.0,0.6931471805599453,11.0,23.1,0.9583333333333334,1,66
75.0,1.6094379124341003,11.0,23.1,0.9583333333333334,2,66
50.0,1.6094379124341003,11.0,23.1,0.9583333333333334,2,66
50.0,1.6094379124341003,11.0,34.0,0.9583333333333334,3,66
75.0,1.6094379124341003,12.0,20.0,0.9583333333333334,2,66
50.0,2.1972245773362196,14.0,14.0,0.9583333333333334,3,66
50.0,2.1972245773362196,12.0,11.0,0.9583333333333334,3,66
33.0,1.9459101490553132,15.0,12.1,0.9583333333333334,3,66
50.0,1.6094379124341003,14.0,7.4,0.9583333333333334,3,66
75.0,0.6931471805599453,13.0,20.4,0.9583333333333334,1,66
75.0,0.6931471805599453,13.0,20.2,0.9583333333333334,1,66
50.0,1.9459101490553132,11.0,15.0,0.9583333333333334,2,66
50.0,2.1972245773362196,12.0,30.1,0.9583333333333334,2,66
75.0,1.0986122886681098,13.0,17.0,0.9583333333333334,3,66
75.0,1.0986122886681098,13.0,18.9,0.9583333333333334,3,66
50.0,1.3862943611198906,13.0,19.5,0.9583333333333334,2,66
75.0,2.1972245773362196,11.0,17.9,0.9583333333333334,3,66
100.0,0.6931471805599453,12.0,13.6,0.9583333333333334,1,66
100.0,1.0986122886681098,13.0,18.5,0.9583333333333334,1,66
75.0,1.3862943611198906,11.0,18.4,0.9583333333333334,2,66
50.0,1.6094379124341003,11.0,9.0,0.9583333333333334,3,66
75.0,2.0794415416798357,13.0,18.6,0.9583333333333334,1,66
75.0,1.6094379124341003,11.0,10.3,0.9583333333333334,3,66
50.0,0.6931471805599453,12.0,13.9,0.9583333333333334,2,66
75.0,1.9459101490553132,13.0,11.0,0.9583333333333334,3,66
75.0,1.0986122886681098,13.0,10.0,0.9583333333333334,3,66
50.0,1.9459101490553132,13.0,12.1,1.0,3,67
67.0,2.1972245773362196,13.0,11.4,1.0,2,67
25.0,1.0986122886681098,14.0,5.4,1.0,3,67
80.0,0.6931471805599453,11.0,18.5,1.0,0,67
75.0,2.3978952727983707,11.0,33.6,1.0,2,67
50.0,3.044522437723423,12.0,6.3,1.0,2,67
50.0,1.3862943611198906,13.0,3.7,1.0,3,67
67.0,1.791759469228055,13.0,2.3,1.0,2,67
33.0,2.3978952727983707,13.0,3.9,1.0,3,67
50.0,1.791759469228055,10.0,65.9,1.0,2,67
50.0,2.1972245773362196,14.0,3.9,1.0,2,67
75.0,1.791759469228055,16.0,7.5,1.0,2,67
75.0,1.0986122886681098,12.0,16.7,1.0,2,67
50.0,1.0986122886681098,13.0,6.1,1.0,3,67
50.0,2.3978952727983707,12.0,8.2,1.0,2,67
70.0,1.0986122886681098,11.0,9.7,1.0,2,67
67.0,2.772588722239781,11.0,28.2,1.0,2,67
50.0,1.791759469228055,13.0,4.8,1.0,2,67
50.0,2.3978952727983707,12.0,18.5,1.0,3,67
25.0,3.044522437723423,12.0,8.6,1.0,2,67
50.0,3.4339872044851463,13.0,28.6,1.0,2,67
33.0,3.044522437723423,14.0,1.8,1.0,3,67
50.0,2.6390573296152584,11.0,29.0,1.0,3,67
50.0,2.3978952727983707,12.0,68.5,1.0,2,67
50.0,1.0986122886681098,13.0,2.2,1.0,3,67
80.0,1.791759469228055,13.0,3.6,1.0,2,67
50.0,2.772588722239781,10.0,28.6,1.0,2,67
50.0,1.0986122886681098,10.0,31.9,1.0,3,67
50.0,1.791759469228055,13.0,2.8,1.0,2,67
70.0,2.1972245773362196,13.0,4.4,1.0,2,67
50.0,3.713572066704308,14.0,2.8,1.0,2,67
0.0,1.0986122886681098,11.0,33.3,0.24489795918367346,1,68
0.0,0.6931471805599453,10.0,33.0,0.24489795918367346,1,68
0.0,0.6931471805599453,10.0,33.0,0.24489795918367346,1,68
0.0,1.0986122886681098,11.0,39.3,0.24489795918367346,3,68
0.0,1.3862943611198906,11.0,34.5,0.24489795918367346,3,68
20.0,1.791759469228055,13.0,32.7,0.24489795918367346,2,68
20.0,2.3978952727983707,11.0,19.2,0.24489795918367346,2,68
0.0,1.6094379124341003,11.0,15.9,0.24489795918367346,3,68
50.0,1.3862943611198906,11.0,30.0,0.24489795918367346,4,68
0.0,2.1972245773362196,14.0,15.8,0.24489795918367346,2,68
0.0,1.6094379124341003,14.0,15.9,0.24489795918367346,3,68
0.0,0.6931471805599453,13.0,16.8,0.24489795918367346,2,68
20.0,0.6931471805599453,11.0,36.2,0.24489795918367346,1,68
25.0,0.6931471805599453,11.0,36.2,0.24489795918367346,1,68
0.0,1.6094379124341003,12.0,35.2,0.24489795918367346,1,68
0.0,1.0986122886681098,12.0,16.5,0.24489795918367346,3,68
0.0,2.302585092994046,12.0,16.4,0.24489795918367346,2,68
0.0,2.302585092994046,12.0,16.4,0.24489795918367346,2,68
0.0,1.0986122886681098,12.0,16.4,0.24489795918367346,3,68
0.0,1.0986122886681098,12.0,16.4,0.24489795918367346,3,68
0.0,2.0794415416798357,14.0,15.3,0.24489795918367346,2,68
0.0,1.0986122886681098,10.0,45.7,0.24489795918367346,4,68
0.0,1.9459101490553132,10.0,44.3,0.24489795918367346,4,68
0.0,1.791759469228055,11.0,29.6,0.24489795918367346,3,68
0.0,1.3862943611198906,11.0,38.1,0.24489795918367346,3,68
20.0,1.3862943611198906,10.0,21.7,0.24489795918367346,2,68
10.0,1.3862943611198906,12.0,23.7,0.24489795918367346,2,68
10.0,2.772588722239781,13.0,4.5,0.24489795918367346,4,68
20.0,1.3862943611198906,12.0,48.0,0.24489795918367346,2,68
10.0,1.791759469228055,13.0,4.8,0.24489795918367346,3,68
20.0,1.3862943611198906,16.0,44.5,0.24489795918367346,2,68
0.0,0.6931471805599453,12.0,7.9,0.24489795918367346,1,68
0.0,0.6931471805599453,12.0,7.6,0.24489795918367346,1,68
0.0,1.6094379124341003,10.0,44.9,0.24489795918367346,3,68
0.0,2.0794415416798357,10.0,46.1,0.24489795918367346,2,68
0.0,1.0986122886681098,12.0,39.9,0.24489795918367346,3,68
0.0,4.736198448394496,11.0,53.5,0.24489795918367346,1,68
2.0,2.3978952727983707,14.0,44.2,0.24489795918367346,2,68
0.0,1.9459101490553132,15.0,1.6,0.28378378378378377,2,69
0.0,1.791759469228055,12.0,11.2,0.28378378378378377,2,69
0.0,1.6094379124341003,14.0,2.0,0.28378378378378377,3,69
0.0,1.3862943611198906,12.0,14.5,0.28378378378378377,3,69
0.0,0.6931471805599453,11.0,28.4,0.28378378378378377,0,69
65.0,1.9459101490553132,12.0,14.6,0.28378378378378377,2,69
0.0,1.0986122886681098,12.0,15.3,0.28378378378378377,2,69
0.0,1.6094379124341003,12.0,49.9,0.28378378378378377,3,69
50.0,1.0986122886681098,12.0,8.5,0.28378378378378377,3,69
0.0,1.0986122886681098,15.0,5.8,0.28378378378378377,2,69
0.0,1.0986122886681098,15.0,1.9,0.28378378378378377,2,69
25.0,1.3862943611198906,14.0,11.5,0.28378378378378377,3,69
50.0,1.6094379124341003,14.0,11.6,0.28378378378378377,2,69
25.0,0.6931471805599453,13.0,13.1,0.28378378378378377,3,69
65.0,2.3978952727983707,11.0,17.8,0.28378378378378377,1,69
0.0,1.0986122886681098,11.0,17.7,0.28378378378378377,3,69
0.0,1.6094379124341003,13.0,16.2,0.28378378378378377,3,69
0.0,2.1972245773362196,11.0,14.0,0.28378378378378377,2,69
0.0,2.1972245773362196,14.0,23.8,0.28378378378378377,2,69
0.0,2.1972245773362196,11.0,14.0,0.28378378378378377,2,69
0.0,2.1972245773362196,14.0,23.8,0.28378378378378377,2,69
0.0,1.9459101490553132,12.0,25.3,0.28378378378378377,3,69
0.0,1.6094379124341003,15.0,7.8,0.28378378378378377,3,69
0.0,1.6094379124341003,16.0,3.6,0.28378378378378377,2,69
0.0,1.6094379124341003,14.0,2.0,0.28378378378378377,2,69
0.0,1.9459101490553132,13.0,1.4,0.28378378378378377,2,69
0.0,1.6094379124341003,16.0,4.5,0.28378378378378377,2,69
0.0,1.6094379124341003,13.0,16.3,0.28378378378378377,2,69
0.0,1.9459101490553132,11.0,18.7,0.28378378378378377,3,69
0.0,1.9459101490553132,14.0,1.9,0.28378378378378377,3,69
40.0,1.6094379124341003,13.0,16.6,0.28378378378378377,3,69
40.0,1.6094379124341003,16.0,3.6,0.28378378378378377,3,69
0.0,1.6094379124341003,13.0,16.6,0.28378378378378377,3,69
0.0,1.6094379124341003,16.0,3.6,0.28378378378378377,3,69
0.0,1.791759469228055,11.0,14.0,0.28378378378378377,3,69
0.0,1.791759469228055,14.0,23.8,0.28378378378378377,3,69
0.0,1.791759469228055,11.0,14.0,0.28378378378378377,3,69
0.0,1.791759469228055,14.0,23.8,0.28378378378378377,3,69
25.0,1.9459101490553132,12.0,24.7,0.28378378378378377,2,69
25.0,1.9459101490553132,15.0,7.8,0.28378378378378377,2,69
25.0,1.0986122886681098,10.0,25.7,0.28378378378378377,3,69
25.0,1.0986122886681098,12.0,12.5,0.28378378378378377,3,69
45.0,1.0986122886681098,10.0,25.7,0.28378378378378377,3,69
45.0,1.0986122886681098,12.0,12.5,0.28378378378378377,3,69
25.0,0.6931471805599453,14.0,11.7,0.28378378378378377,3,69
0.0,1.3862943611198906,13.0,11.0,0.28378378378378377,2,69
0.0,1.3862943611198906,13.0,8.6,0.28378378378378377,2,69
50.0,1.3862943611198906,13.0,11.0,0.28378378378378377,2,69
50.0,1.3862943611198906,13.0,8.6,0.28378378378378377,2,69
100.0,1.791759469228055,13.0,1.8,0.28378378378378377,2,69
100.0,1.791759469228055,13.0,3.7,0.28378378378378377,2,69
0.0,1.791759469228055,13.0,1.8,0.28378378378378377,2,69
0.0,1.791759469228055,13.0,3.7,0.28378378378378377,2,69
0.0,1.0986122886681098,10.0,25.1,0.28378378378378377,4,69
0.0,1.0986122886681098,13.0,17.2,0.28378378378378377,4,69
0.0,1.3862943611198906,13.0,11.0,0.28378378378378377,2,69
0.0,1.3862943611198906,13.0,8.6,0.28378378378378377,2,69
50.0,1.3862943611198906,13.0,11.0,0.28378378378378377,2,69
50.0,1.3862943611198906,13.0,8.6,0.28378378378378377,2,69
0.0,1.6094379124341003,14.0,11.4,0.28378378378378377,3,69
0.0,1.6094379124341003,16.0,4.5,0.28378378378378377,3,69
100.0,1.0986122886681098,13.0,1.8,0.28378378378378377,3,69
100.0,1.0986122886681098,13.0,3.7,0.28378378378378377,3,69
0.0,1.0986122886681098,13.0,1.8,0.28378378378378377,3,69
0.0,1.0986122886681098,13.0,3.7,0.28378378378378377,3,69
0.0,1.6094379124341003,14.0,11.0,0.28378378378378377,4,69
0.0,0.6931471805599453,12.0,16.9,0.28378378378378377,3,69
0.0,1.3862943611198906,14.0,2.0,0.28378378378378377,3,69
50.0,1.9459101490553132,15.0,1.2,0.28378378378378377,2,69
0.0,1.3862943611198906,11.0,12.3,0.28378378378378377,3,69
0.0,1.0986122886681098,14.0,12.4,0.28378378378378377,1,69
0.0,1.9459101490553132,13.0,17.3,0.28378378378378377,2,69
0.0,1.9459101490553132,15.0,10.7,0.28378378378378377,2,69
0.0,1.9459101490553132,13.0,17.3,0.28378378378378377,2,69
0.0,1.9459101490553132,15.0,10.7,0.28378378378378377,2,69
0.0,1.6094379124341003,16.0,2.1,0.28378378378378377,3,69
0.0,1.6094379124341003,13.0,1.6,0.28378378378378377,3,69
0.0,1.6094379124341003,16.0,2.1,0.28378378378378377,3,69
0.0,1.6094379124341003,13.0,1.6,0.28378378378378377,3,69
0.0,1.3862943611198906,11.0,29.4,0.28378378378378377,2,69
0.0,1.3862943611198906,18.0,2.5,0.28378378378378377,2,69
0.0,1.3862943611198906,11.0,29.4,0.28378378378378377,2,69
0.0,1.3862943611198906,18.0,2.5,0.28378378378378377,2,69
0.0,0.6931471805599453,13.0,17.3,0.28378378378378377,3,69
0.0,0.6931471805599453,15.0,10.7,0.28378378378378377,3,69
0.0,0.6931471805599453,13.0,17.3,0.28378378378378377,3,69
0.0,0.6931471805599453,15.0,10.7,0.28378378378378377,3,69
0.0,1.6094379124341003,16.0,2.1,0.28378378378378377,3,69
0.0,1.6094379124341003,13.0,1.6,0.28378378378378377,3,69
0.0,1.6094379124341003,16.0,2.1,0.28378378378378377,3,69
0.0,1.6094379124341003,13.0,1.6,0.28378378378378377,3,69
0.0,0.6931471805599453,11.0,29.4,0.28378378378378377,3,69
0.0,0.6931471805599453,18.0,2.5,0.28378378378378377,3,69
0.0,0.6931471805599453,11.0,29.4,0.28378378378378377,3,69
0.0,0.6931471805599453,18.0,2.5,0.28378378378378377,3,69
0.0,0.6931471805599453,11.0,19.7,0.28378378378378377,3,69
0.0,1.0986122886681098,12.0,14.5,0.28378378378378377,3,69
0.0,1.3862943611198906,14.0,9.4,0.28378378378378377,3,69
0.0,1.6094379124341003,14.0,35.2,0.28378378378378377,3,69
0.0,2.3978952727983707,11.0,27.2,0.28378378378378377,2,69
25.0,1.9459101490553132,15.0,1.7,0.28378378378378377,2,69
0.0,1.6094379124341003,10.0,29.5,0.28378378378378377,3,69
20.0,1.0986122886681098,12.0,7.3,0.28888888888888886,3,70
20.0,1.6094379124341003,12.0,6.3,0.28888888888888886,4,70
10.0,1.0986122886681098,12.0,4.1,0.28888888888888886,4,70
20.0,0.6931471805599453,12.0,4.0,0.28888888888888886,0,70
30.0,2.3978952727983707,12.0,11.9,0.28888888888888886,4,70
30.0,2.1972245773362196,14.0,4.4,0.28888888888888886,4,70
10.0,0.6931471805599453,13.0,15.3,0.28888888888888886,0,70
0.0,2.70805020110221,13.0,4.4,0.28888888888888886,4,70
0.0,1.0986122886681098,14.0,10.9,0.28888888888888886,3,70
0.0,2.70805020110221,13.0,23.8,0.28888888888888886,3,70
0.0,1.6094379124341003,13.0,6.0,0.28888888888888886,4,70
25.0,1.3862943611198906,15.0,14.4,0.28888888888888886,0,70
0.0,1.6094379124341003,14.0,13.3,0.28888888888888886,4,70
20.0,1.9459101490553132,15.0,3.5,0.28888888888888886,4,70
20.0,1.0986122886681098,15.0,2.9,0.28888888888888886,3,70
20.0,1.791759469228055,14.0,4.3,0.28888888888888886,4,70
20.0,1.6094379124341003,14.0,6.7,0.28888888888888886,4,70
20.0,1.3862943611198906,12.0,8.3,0.28888888888888886,4,70
0.0,2.3978952727983707,11.0,9.0,0.28888888888888886,4,70
0.0,1.791759469228055,13.0,5.4,0.28888888888888886,4,70
25.0,0.6931471805599453,12.0,8.3,0.28888888888888886,4,70
0.0,1.0986122886681098,12.0,11.5,0.28888888888888886,0,70
0.0,2.1972245773362196,12.0,10.6,0.28888888888888886,4,70
0.0,2.9444389791664403,12.0,10.5,0.28888888888888886,4,70
0.0,2.1972245773362196,14.0,6.4,0.28888888888888886,3,70
0.0,2.1972245773362196,12.0,11.9,0.28888888888888886,4,70
0.0,1.6094379124341003,12.0,9.3,0.28888888888888886,4,70
0.0,2.1972245773362196,12.0,15.3,0.28888888888888886,4,70
0.0,1.0986122886681098,12.0,8.0,0.28888888888888886,0,70
0.0,1.791759469228055,12.0,6.9,0.28888888888888886,4,70
0.0,1.791759469228055,13.0,18.8,0.28888888888888886,4,70
0.0,1.3862943611198906,12.0,23.5,0.28888888888888886,0,70
0.0,1.3862943611198906,15.0,6.7,0.28888888888888886,4,70
0.0,1.3862943611198906,13.0,7.6,0.28888888888888886,4,70
0.0,1.791759469228055,15.0,6.7,0.28888888888888886,4,70
0.0,1.791759469228055,15.0,6.5,0.28888888888888886,4,70
0.0,1.0986122886681098,11.0,10.5,0.28888888888888886,4,70
0.0,1.0986122886681098,12.0,10.3,0.28888888888888886,4,70
0.0,1.9459101490553132,12.0,12.3,0.28888888888888886,4,70
0.0,1.0986122886681098,12.0,10.2,0.28888888888888886,3,70
0.0,1.6094379124341003,12.0,12.2,0.28888888888888886,4,70
0.0,1.6094379124341003,12.0,15.0,0.28888888888888886,4,70
0.0,2.1972245773362196,13.0,2.9,0.28888888888888886,4,70
0.0,1.9459101490553132,11.0,9.3,0.2848101265822785,0,71
0.0,1.0986122886681098,11.0,9.8,0.2848101265822785,4,71
0.0,1.6094379124341003,11.0,9.6,0.2848101265822785,0,71
0.0,0.6931471805599453,14.0,2.6,0.2848101265822785,0,71
0.0,1.791759469228055,13.0,6.1,0.2848101265822785,0,71
0.0,0.6931471805599453,12.0,7.4,0.2848101265822785,0,71
0.0,0.6931471805599453,12.0,9.2,0.2848101265822785,4,71
0.0,0.9162907318741551,12.0,13.5,0.2848101265822785,0,71
10.0,5.017279836814924,12.0,16.6,0.2848101265822785,4,71
0.0,1.791759469228055,12.0,16.6,0.2848101265822785,0,71
0.0,1.3862943611198906,12.0,8.8,0.2848101265822785,0,71
0.0,1.6094379124341003,13.0,3.9,0.2848101265822785,0,71
10.0,5.303304908059076,12.0,3.9,0.2848101265822785,0,71
0.0,4.795790545596741,15.0,2.6,0.2848101265822785,0,71
0.0,0.6931471805599453,15.0,2.2,0.2848101265822785,0,71
0.0,0.6931471805599453,17.0,3.6,0.2848101265822785,0,71
0.0,1.3862943611198906,12.0,8.0,0.2848101265822785,0,71
0.0,1.0986122886681098,13.0,3.2,0.2848101265822785,0,71
0.0,1.0986122886681098,12.0,5.4,0.2848101265822785,0,71
0.0,1.3862943611198906,14.0,5.1,0.2848101265822785,0,71
0.0,0.6931471805599453,15.0,5.8,0.2848101265822785,0,71
0.0,1.3862943611198906,13.0,15.8,0.2848101265822785,4,71
0.0,1.0986122886681098,12.0,10.9,0.2848101265822785,0,71
0.0,1.791759469228055,12.0,10.2,0.2848101265822785,0,71
0.0,1.3862943611198906,13.0,17.9,0.2848101265822785,0,71
0.0,1.0986122886681098,13.0,7.3,0.2848101265822785,0,71
0.0,1.3862943611198906,12.0,7.5,0.2848101265822785,4,71
0.0,1.3862943611198906,14.0,1.4,0.2848101265822785,0,71
0.0,0.6931471805599453,13.0,3.6,0.2848101265822785,0,71
0.0,0.6931471805599453,15.0,14.1,0.2848101265822785,0,71
0.0,1.6094379124341003,11.0,16.5,0.2848101265822785,4,71
0.0,3.9318256327243257,11.0,19.8,0.2848101265822785,0,71
0.0,1.0986122886681098,13.0,6.5,0.2848101265822785,0,71
0.0,0.6931471805599453,12.0,5.1,0.2848101265822785,0,71
0.0,1.9459101490553132,12.0,6.8,0.2848101265822785,0,71
0.0,1.0986122886681098,12.0,9.8,0.2848101265822785,0,71
0.0,1.6094379124341003,12.0,9.4,0.2848101265822785,0,71
0.0,0.6931471805599453,15.0,12.3,0.2848101265822785,0,71
0.0,1.0986122886681098,12.0,15.9,0.2848101265822785,0,71
0.0,1.0986122886681098,11.0,14.0,0.2848101265822785,0,71
10.0,3.9318256327243257,15.0,10.2,0.2848101265822785,4,71
0.0,1.3862943611198906,16.0,7.5,0.2848101265822785,0,71
0.0,3.9318256327243257,15.0,7.6,0.2848101265822785,0,71
0.0,1.6094379124341003,11.0,5.5,0.2848101265822785,0,71
0.0,4.110873864173311,14.0,3.2,0.2848101265822785,0,71
0.0,0.6931471805599453,14.0,6.6,0.2848101265822785,0,71
0.0,4.110873864173311,12.0,7.5,0.2848101265822785,0,71
0.0,1.0986122886681098,12.0,6.6,0.2848101265822785,0,71
0.0,4.110873864173311,13.0,6.6,0.2848101265822785,0,71
0.0,5.303304908059076,12.0,13.4,0.2848101265822785,4,71
0.0,2.1972245773362196,14.0,7.7,0.2848101265822785,0,71
0.0,3.713572066704308,13.0,4.8,0.2848101265822785,0,71
0.0,3.9318256327243257,17.0,8.2,0.2848101265822785,4,71
0.0,2.3978952727983707,11.0,15.8,0.2848101265822785,0,71
0.0,0.6931471805599453,11.0,15.9,0.2848101265822785,4,71
0.0,1.3862943611198906,12.0,12.0,0.2848101265822785,0,71
0.0,2.0794415416798357,14.0,4.2,0.2848101265822785,0,71
0.0,1.791759469228055,12.0,7.4,0.2848101265822785,0,71
0.0,2.0794415416798357,12.0,13.9,0.2848101265822785,0,71
0.0,1.6094379124341003,14.0,5.0,0.2848101265822785,0,71
0.0,0.6931471805599453,12.0,6.8,0.2848101265822785,4,71
0.0,1.9459101490553132,12.0,5.4,0.2848101265822785,0,71
0.0,1.6094379124341003,13.0,8.0,0.2848101265822785,0,71
0.0,1.6094379124341003,13.0,7.3,0.2848101265822785,4,71
0.0,1.3862943611198906,11.0,14.3,0.2848101265822785,0,71
0.0,2.5649493574615367,13.0,4.7,0.2848101265822785,0,71
0.0,1.0986122886681098,12.0,9.3,0.2848101265822785,0,71
0.0,5.017279836814924,11.0,10.6,0.2848101265822785,4,71
0.0,1.3862943611198906,12.0,9.1,0.2848101265822785,0,71
0.0,1.3862943611198906,12.0,8.1,0.2848101265822785,0,71
0.0,1.6094379124341003,12.0,9.6,0.2848101265822785,0,71
0.0,1.3862943611198906,12.0,9.8,0.2848101265822785,4,71
0.0,1.0986122886681098,11.0,11.6,0.2848101265822785,0,71
0.0,1.6094379124341003,14.0,10.2,0.2848101265822785,0,71
0.0,1.3862943611198906,18.0,3.8,0.2848101265822785,0,71
0.0,1.0986122886681098,11.0,14.9,0.2848101265822785,0,71
0.0,1.0986122886681098,12.0,13.1,0.2848101265822785,0,71
0.0,0.6931471805599453,12.0,6.7,0.2848101265822785,0,71
0.0,0.6931471805599453,12.0,14.3,0.2848101265822785,0,71
0.0,1.3862943611198906,12.0,8.5,0.2848101265822785,0,71
0.0,5.198497031265826,15.0,7.7,0.2848101265822785,0,71
0.0,4.795790545596741,16.0,6.7,0.2848101265822785,0,71
0.0,1.0986122886681098,14.0,9.1,0.2848101265822785,0,71
0.0,3.713572066704308,13.0,7.5,0.2848101265822785,0,71
0.0,2.772588722239781,13.0,9.4,0.2848101265822785,0,71
0.0,3.828641396489095,12.0,5.4,0.2848101265822785,0,71
0.0,1.0986122886681098,12.0,6.2,0.2848101265822785,4,71
100.0,1.0986122886681098,11.0,36.8,0.9340659340659341,4,72
70.0,1.0986122886681098,11.0,36.8,0.9340659340659341,4,72
30.0,0.6931471805599453,12.0,24.9,0.9340659340659341,1,72
25.0,0.6931471805599453,12.0,24.9,0.9340659340659341,1,72
30.0,1.0986122886681098,12.0,24.9,0.9340659340659341,2,72
25.0,1.0986122886681098,12.0,24.9,0.9340659340659341,2,72
100.0,1.3862943611198906,12.0,14.4,0.9340659340659341,3,72
25.0,1.3862943611198906,12.0,14.4,0.9340659340659341,3,72
50.0,1.791759469228055,11.0,39.4,0.9340659340659341,3,72
50.0,0.6931471805599453,11.0,39.3,0.9340659340659341,0,72
100.0,0.6931471805599453,11.0,39.3,0.9340659340659341,0,72
25.0,0.6931471805599453,11.0,24.2,0.9340659340659341,4,72
50.0,3.5263605246161616,11.0,17.4,0.9340659340659341,1,72
20.0,1.0986122886681098,11.0,18.3,0.9340659340659341,3,72
50.0,1.791759469228055,11.0,39.7,0.9340659340659341,2,72
30.0,0.6931471805599453,11.0,13.1,0.9340659340659341,0,72
100.0,0.6931471805599453,11.0,13.1,0.9340659340659341,0,72
100.0,2.1972245773362196,11.0,13.5,0.9340659340659341,2,72
50.0,2.1972245773362196,11.0,13.5,0.9340659340659341,2,72
50.0,1.3862943611198906,11.0,13.2,0.9340659340659341,3,72
40.0,3.258096538021482,11.0,24.7,0.9340659340659341,3,72
50.0,1.3862943611198906,11.0,12.9,0.9340659340659341,2,72
30.0,1.3862943611198906,11.0,12.9,0.9340659340659341,2,72
50.0,1.0986122886681098,11.0,12.9,0.9340659340659341,3,72
30.0,1.0986122886681098,11.0,12.9,0.9340659340659341,3,72
40.0,1.791759469228055,11.0,4.4,0.9340659340659341,3,72
25.0,0.6931471805599453,11.0,4.8,0.9340659340659341,1,72
50.0,0.6931471805599453,11.0,4.8,0.9340659340659341,1,72
25.0,1.3862943611198906,11.0,4.8,0.9340659340659341,2,72
50.0,1.3862943611198906,11.0,4.8,0.9340659340659341,2,72
50.0,1.3862943611198906,11.0,34.5,0.9340659340659341,3,72
50.0,0.6931471805599453,11.0,48.4,0.9340659340659341,3,72
90.0,1.0986122886681098,11.0,49.7,0.9340659340659341,2,72
75.0,1.0986122886681098,11.0,49.7,0.9340659340659341,2,72
25.0,1.791759469228055,13.0,20.3,0.9340659340659341,2,72
50.0,0.6931471805599453,12.0,18.3,0.9340659340659341,3,72
50.0,0.6931471805599453,12.0,18.9,0.9340659340659341,3,72
50.0,1.791759469228055,15.0,24.0,0.9340659340659341,3,72
50.0,1.0986122886681098,14.0,24.2,0.9340659340659341,3,72
0.0,1.9459101490553132,13.0,3.7,0.9340659340659341,3,72
40.0,1.3862943611198906,13.0,22.8,0.9340659340659341,2,72
50.0,1.0986122886681098,14.0,25.8,0.9340659340659341,2,72
50.0,1.0986122886681098,14.0,25.8,0.9340659340659341,2,72
30.0,2.1972245773362196,14.0,19.1,0.9340659340659341,2,72
100.0,2.1972245773362196,14.0,19.1,0.9340659340659341,2,72
30.0,1.791759469228055,14.0,19.1,0.9340659340659341,3,72
100.0,1.791759469228055,14.0,19.1,0.9340659340659341,3,72
60.0,1.3862943611198906,10.0,36.7,0.9340659340659341,2,72
50.0,1.3862943611198906,10.0,36.7,0.9340659340659341,2,72
60.0,3.258096538021482,10.0,36.7,0.9340659340659341,3,72
50.0,3.258096538021482,10.0,36.7,0.9340659340659341,3,72
50.0,0.6931471805599453,10.0,33.8,0.9340659340659341,2,72
30.0,0.6931471805599453,10.0,28.9,0.9340659340659341,1,72
40.0,0.6931471805599453,10.0,28.9,0.9340659340659341,1,72
30.0,0.6931471805599453,10.0,28.9,0.9340659340659341,2,72
40.0,0.6931471805599453,10.0,28.9,0.9340659340659341,2,72
50.0,1.6094379124341003,12.0,21.9,0.9340659340659341,2,72
50.0,0.6931471805599453,12.0,20.7,0.9340659340659341,3,72
50.0,0.6931471805599453,11.0,17.2,0.9340659340659341,3,72
0.0,1.791759469228055,11.0,21.6,0.7358490566037735,2,73
0.0,1.9459101490553132,13.0,14.7,0.7358490566037735,3,73
0.0,0.6931471805599453,10.0,39.3,0.7358490566037735,1,73
50.0,1.0986122886681098,11.0,66.9,0.7358490566037735,0,73
20.0,1.0986122886681098,10.0,73.8,0.7358490566037735,3,73
20.0,2.772588722239781,10.0,43.3,0.7358490566037735,3,73
50.0,1.252762968495368,12.0,20.5,0.7358490566037735,4,73
90.0,2.3978952727983707,10.0,43.4,0.7358490566037735,2,73
50.0,0.4054651081081644,10.0,36.1,0.7358490566037735,4,73
50.0,1.791759469228055,11.0,44.4,0.7358490566037735,3,73
10.0,1.0986122886681098,12.0,53.7,0.7358490566037735,4,73
50.0,2.3978952727983707,10.0,55.8,0.7358490566037735,3,73
90.0,1.3862943611198906,11.0,39.7,0.7358490566037735,2,73
90.0,1.791759469228055,12.0,17.7,0.7358490566037735,2,73
0.0,1.3862943611198906,10.0,33.2,0.7358490566037735,0,73
50.0,0.6931471805599453,11.0,33.6,0.7358490566037735,3,73
0.0,1.791759469228055,11.0,38.4,0.7358490566037735,4,73
0.0,1.9459101490553132,11.0,42.0,0.7358490566037735,0,73
0.0,1.0986122886681098,10.0,43.2,0.7358490566037735,4,73
0.0,0.4054651081081644,10.0,43.2,0.7358490566037735,0,73
0.0,1.3862943611198906,11.0,28.5,0.7358490566037735,3,73
50.0,0.6931471805599453,12.0,38.0,0.7358490566037735,2,73
50.0,0.6931471805599453,12.0,38.0,0.7358490566037735,2,73
40.0,0.6931471805599453,11.0,38.1,0.7358490566037735,2,73
50.0,0.6931471805599453,11.0,38.1,0.7358490566037735,2,73
50.0,1.0986122886681098,12.0,32.9,0.7358490566037735,2,73
0.0,1.0986122886681098,11.0,39.0,0.7358490566037735,4,73
10.0,1.6094379124341003,12.0,25.9,0.7358490566037735,3,73
80.0,0.6931471805599453,11.0,28.5,0.7358490566037735,2,73
10.0,0.6931471805599453,11.0,28.5,0.7358490566037735,2,73
10.0,1.0986122886681098,11.0,21.6,0.7358490566037735,3,73
10.0,0.6931471805599453,12.0,66.5,0.7358490566037735,3,73
50.0,1.3862943611198906,11.0,34.2,0.7358490566037735,4,73
50.0,2.0794415416798357,11.0,37.8,0.7358490566037735,4,73
10.0,1.0986122886681098,11.0,36.0,0.7358490566037735,3,73
50.0,0.6931471805599453,12.0,16.3,0.7358490566037735,4,73
75.0,1.791759469228055,15.0,21.2,0.7358490566037735,2,73
10.0,2.1972245773362196,11.0,22.4,0.7358490566037735,3,73
10.0,0.6931471805599453,12.0,25.8,0.7358490566037735,4,73
40.0,1.3862943611198906,11.0,22.4,0.7358490566037735,2,73
40.0,0.6931471805599453,11.0,53.8,0.7358490566037735,2,73
25.0,2.302585092994046,14.0,3.1,0.3191489361702128,3,74
0.0,3.044522437723423,14.0,3.1,0.3191489361702128,1,74
25.0,2.0794415416798357,14.0,3.1,0.3191489361702128,3,74
0.0,2.70805020110221,12.0,13.7,0.3191489361702128,4,74
25.0,2.3978952727983707,13.0,9.2,0.3191489361702128,3,74
0.0,2.1972245773362196,11.0,13.6,0.3191489361702128,4,74
0.0,1.6094379124341003,11.0,13.1,0.3191489361702128,3,74
0.0,1.6094379124341003,12.0,8.9,0.3191489361702128,4,74
0.0,1.0986122886681098,12.0,6.6,0.3191489361702128,3,74
0.0,2.772588722239781,12.0,9.9,0.3191489361702128,1,74
0.0,2.4849066497880004,12.0,12.5,0.3191489361702128,4,74
0.0,1.3862943611198906,12.0,11.2,0.3191489361702128,3,74
0.0,2.772588722239781,12.0,5.6,0.3191489361702128,1,74
33.0,0.6931471805599453,12.0,5.0,0.3191489361702128,3,74
33.0,1.9459101490553132,12.0,13.3,0.3191489361702128,3,74
0.0,0.6931471805599453,12.0,13.0,0.3191489361702128,4,74
0.0,0.6931471805599453,12.0,13.0,0.3191489361702128,4,74
0.0,2.772588722239781,12.0,5.9,0.3191489361702128,1,74
33.0,1.791759469228055,12.0,7.1,0.3191489361702128,3,74
33.0,1.791759469228055,12.0,13.5,0.3191489361702128,3,74
33.0,2.0794415416798357,13.0,11.8,0.3191489361702128,3,74
0.0,2.9444389791664403,12.0,8.7,0.3191489361702128,4,74
33.0,2.3978952727983707,12.0,12.5,0.3191489361702128,3,74
0.0,1.791759469228055,12.0,6.5,0.3191489361702128,1,74
0.0,2.0794415416798357,12.0,7.7,0.3191489361702128,4,74
0.0,2.3978952727983707,12.0,9.8,0.3191489361702128,3,74
0.0,1.791759469228055,13.0,6.6,0.3191489361702128,3,74
33.0,1.9459101490553132,14.0,13.2,0.3191489361702128,3,74
0.0,3.044522437723423,19.0,10.5,0.3191489361702128,1,74
33.0,1.9459101490553132,13.0,9.3,0.3191489361702128,3,74
33.0,1.0986122886681098,16.0,5.1,0.3191489361702128,3,74
0.0,1.0986122886681098,12.0,6.7,0.3191489361702128,4,74
33.0,1.6094379124341003,15.0,3.1,0.3191489361702128,3,74
0.0,2.3978952727983707,12.0,7.2,0.3191489361702128,3,74
0.0,3.044522437723423,12.0,8.4,0.3191489361702128,1,74
0.0,1.6094379124341003,12.0,6.5,0.3191489361702128,1,74
0.0,3.044522437723423,12.0,10.6,0.3191489361702128,1,74
20.0,1.791759469228055,12.0,1.5,0.3191489361702128,3,74
20.0,1.6094379124341003,13.0,4.9,0.3191489361702128,3,74
0.0,2.9444389791664403,17.0,5.2,0.3191489361702128,4,74
20.0,1.9459101490553132,12.0,6.7,0.3191489361702128,3,74
20.0,1.3862943611198906,15.0,4.0,0.3191489361702128,3,74
25.0,1.6094379124341003,12.0,7.4,0.3191489361702128,3,74
0.0,1.791759469228055,12.0,8.2,0.3191489361702128,1,74
0.0,1.0986122886681098,12.0,6.3,0.3191489361702128,4,74
25.0,2.5649493574615367,16.0,5.0,0.3191489361702128,3,74
0.0,2.5649493574615367,15.0,6.5,0.3191489361702128,1,74
0.0,0.6931471805599453,12.0,7.9,0.3191489361702128,4,74
0.0,1.791759469228055,12.0,9.2,0.3191489361702128,3,74
0.0,1.6094379124341003,12.0,7.0,0.3191489361702128,3,74
0.0,3.044522437723423,12.0,6.6,0.3191489361702128,4,74
0.0,1.791759469228055,12.0,5.8,0.3191489361702128,4,74
0.0,1.791759469228055,13.0,10.3,0.3191489361702128,4,74
0.0,3.044522437723423,13.0,10.3,0.3191489361702128,1,74
0.0,3.044522437723423,16.0,6.4,0.3191489361702128,1,74
25.0,2.0794415416798357,13.0,4.9,0.3191489361702128,3,74
20.0,2.0794415416798357,13.0,9.7,0.3191489361702128,3,74
30.0,1.0986122886681098,13.0,9.7,0.3191489361702128,3,74
30.0,1.0986122886681098,13.0,9.7,0.3191489361702128,3,74
30.0,0.6931471805599453,15.0,7.2,0.3191489361702128,3,74
0.0,2.1972245773362196,14.0,7.0,0.3191489361702128,4,74
0.0,2.0794415416798357,12.0,7.0,0.3191489361702128,3,74
0.0,2.3978952727983707,11.0,6.5,0.3191489361702128,1,74
0.0,2.4849066497880004,12.0,6.6,0.3191489361702128,4,74
0.0,2.4849066497880004,12.0,6.6,0.3191489361702128,4,74
0.0,3.044522437723423,12.0,20.5,0.112,4,75
0.0,1.9459101490553132,10.0,32.3,0.112,4,75
0.0,0.6931471805599453,10.0,30.0,0.112,0,75
0.0,2.1972245773362196,10.0,26.1,0.112,4,75
0.0,1.3862943611198906,12.0,29.3,0.112,4,75
0.0,1.3862943611198906,13.0,33.8,0.112,4,75
0.0,0.6931471805599453,12.0,25.2,0.112,4,75
0.0,1.6094379124341003,14.0,29.7,0.112,4,75
0.0,1.3862943611198906,12.0,15.6,0.112,3,75
0.0,1.0986122886681098,13.0,18.8,0.112,4,75
0.0,0.6931471805599453,13.0,34.9,0.112,0,75
0.0,1.3862943611198906,11.0,20.0,0.112,3,75
0.0,0.6931471805599453,12.0,20.9,0.112,0,75
0.0,1.0986122886681098,11.0,35.1,0.112,0,75
0.0,0.6931471805599453,11.0,34.3,0.112,4,75
0.0,1.3862943611198906,11.0,38.4,0.112,4,75
0.0,1.0986122886681098,10.0,30.9,0.112,4,75
0.0,1.0986122886681098,13.0,25.4,0.112,1,75
0.0,1.3862943611198906,13.0,25.5,0.112,0,75
0.0,0.6931471805599453,14.0,47.2,0.112,4,75
0.0,0.6931471805599453,12.0,27.6,0.112,1,75
0.0,0.6931471805599453,12.0,27.4,0.112,0,75
0.0,1.0986122886681098,12.0,18.1,0.112,4,75
0.0,1.3862943611198906,12.0,25.4,0.112,0,75
0.0,0.6931471805599453,12.0,18.7,0.112,4,75
0.0,1.0986122886681098,12.0,30.3,0.112,1,75
0.0,1.3862943611198906,12.0,28.6,0.112,3,75
0.0,1.9459101490553132,11.0,22.4,0.112,4,75
0.0,1.3862943611198906,12.0,16.2,0.112,4,75
0.0,1.3862943611198906,13.0,17.0,0.112,3,75
0.0,0.6931471805599453,10.0,24.8,0.112,4,75
0.0,1.0986122886681098,11.0,33.6,0.112,4,75
0.0,0.9162907318741551,10.0,35.1,0.112,4,75
0.0,1.9459101490553132,12.0,25.1,0.112,4,75
0.0,1.6094379124341003,12.0,30.5,0.112,4,75
0.0,1.6094379124341003,12.0,14.2,0.112,4,75
0.0,1.791759469228055,12.0,17.2,0.112,4,75
0.0,0.6931471805599453,12.0,16.1,0.112,4,75
50.0,0.6931471805599453,11.0,14.4,0.112,4,75
0.0,1.3862943611198906,14.0,4.9,0.112,3,75
0.0,0.6931471805599453,11.0,12.3,0.112,3,75
0.0,0.6931471805599453,11.0,19.3,0.112,1,75
0.0,1.0986122886681098,11.0,19.9,0.112,4,75
0.0,1.3862943611198906,12.0,16.4,0.112,4,75
0.0,1.6094379124341003,12.0,32.5,0.112,4,75
0.0,1.0986122886681098,16.0,29.8,0.112,3,75
0.0,1.3862943611198906,11.0,15.4,0.112,4,75
0.0,1.0986122886681098,12.0,17.1,0.112,4,75
0.0,1.6094379124341003,11.0,15.7,0.112,1,75
25.0,0.6931471805599453,12.0,21.5,0.112,3,75
0.0,0.6931471805599453,12.0,30.7,0.112,0,75
0.0,1.6094379124341003,12.0,36.3,0.112,4,75
0.0,1.3862943611198906,15.0,29.5,0.112,4,75
0.0,1.3862943611198906,12.0,19.0,0.112,4,75
0.0,1.0986122886681098,12.0,20.3,0.112,4,75
0.0,0.6931471805599453,11.0,20.7,0.112,4,75
0.0,1.6094379124341003,12.0,36.3,0.112,4,75
0.0,1.6094379124341003,12.0,25.8,0.112,1,75
0.0,1.6094379124341003,12.0,25.8,0.112,1,75
0.0,0.6931471805599453,12.0,18.5,0.112,4,75
0.0,0.9162907318741551,11.0,15.0,0.112,3,75
0.0,0.6931471805599453,11.0,22.1,0.112,4,75
0.0,1.0986122886681098,11.0,20.5,0.112,4,75
0.0,1.3862943611198906,11.0,32.1,0.112,4,75
0.0,1.9459101490553132,11.0,29.7,0.112,4,75
0.0,0.9162907318741551,13.0,16.5,0.112,3,75
0.0,1.791759469228055,13.0,16.7,0.112,4,75
0.0,0.6931471805599453,13.0,16.2,0.112,0,75
0.0,0.6931471805599453,12.0,21.2,0.112,4,75
0.0,1.791759469228055,11.0,36.9,0.112,4,75
0.0,0.6931471805599453,12.0,11.0,0.2717391304347826,1,76
0.0,1.0986122886681098,12.0,8.5,0.2717391304347826,1,76
0.0,1.3862943611198906,12.0,9.9,0.2717391304347826,3,76
0.0,2.70805020110221,14.0,5.1,0.2717391304347826,3,76
0.0,2.3978952727983707,14.0,4.9,0.2717391304347826,3,76
0.0,1.9459101490553132,14.0,4.4,0.2717391304347826,4,76
50.0,0.6931471805599453,12.0,10.1,0.2717391304347826,1,76
0.0,2.5649493574615367,16.0,1.2,0.2717391304347826,3,76
0.0,2.772588722239781,15.0,1.0,0.2717391304347826,3,76
0.0,3.1780538303479458,15.0,0.2,0.2717391304347826,4,76
10.0,2.833213344056216,14.0,1.6,0.2717391304347826,3,76
10.0,3.367295829986474,15.0,0.9,0.2717391304347826,3,76
10.0,2.4849066497880004,15.0,1.1,0.2717391304347826,3,76
0.0,1.252762968495368,13.0,3.8,0.2717391304347826,0,76
0.0,0.9162907318741551,13.0,3.8,0.2717391304347826,0,76
0.0,0.9162907318741551,13.0,3.8,0.2717391304347826,0,76
0.0,2.5649493574615367,15.0,2.4,0.2717391304347826,3,76
0.0,1.3862943611198906,13.0,1.5,0.2717391304347826,3,76
0.0,1.0986122886681098,13.0,7.7,0.2717391304347826,0,76
0.0,1.0986122886681098,13.0,7.7,0.2717391304347826,0,76
10.0,2.302585092994046,14.0,5.9,0.2717391304347826,3,76
0.0,2.3978952727983707,15.0,1.8,0.2717391304347826,3,76
0.0,1.0986122886681098,12.0,6.0,0.2717391304347826,0,76
0.0,1.0986122886681098,12.0,6.0,0.2717391304347826,0,76
0.0,0.6931471805599453,12.0,10.3,0.2717391304347826,1,76
0.0,0.6931471805599453,12.0,10.3,0.2717391304347826,1,76
0.0,3.713572066704308,12.0,10.4,0.2717391304347826,1,76
90.0,3.713572066704308,12.0,10.4,0.2717391304347826,1,76
0.0,2.4849066497880004,12.0,4.9,0.2717391304347826,4,76
0.0,2.833213344056216,21.0,1.6,0.2717391304347826,3,76
0.0,2.70805020110221,14.0,2.6,0.2717391304347826,3,76
0.0,2.3978952727983707,14.0,5.1,0.2717391304347826,3,76
25.0,0.6931471805599453,12.0,10.0,0.2717391304347826,1,76
0.0,0.6931471805599453,12.0,10.0,0.2717391304347826,1,76
0.0,2.3978952727983707,13.0,7.7,0.2717391304347826,3,76
0.0,2.1972245773362196,13.0,5.7,0.2717391304347826,3,76
0.0,1.3862943611198906,19.0,1.8,0.2717391304347826,3,76
0.0,1.3862943611198906,19.0,1.9,0.2717391304347826,3,76
0.0,1.3862943611198906,20.0,1.0,0.2717391304347826,3,76
0.0,1.3862943611198906,20.0,1.0,0.2717391304347826,3,76
0.0,1.6094379124341003,13.0,7.2,0.2717391304347826,4,76
25.0,2.3978952727983707,11.0,9.4,0.2717391304347826,1,76
25.0,0.9162907318741551,13.0,5.5,0.2717391304347826,1,76
0.0,0.9162907318741551,13.0,5.5,0.2717391304347826,1,76
50.0,0.9162907318741551,13.0,5.5,0.2717391304347826,1,76
10.0,1.6094379124341003,13.0,7.3,0.2717391304347826,1,76
0.0,1.6094379124341003,13.0,7.3,0.2717391304347826,1,76
0.0,2.0794415416798357,12.0,7.5,0.2717391304347826,3,76
0.0,1.9459101490553132,12.0,8.5,0.2717391304347826,3,76
0.0,2.3978952727983707,14.0,2.4,0.2717391304347826,3,76
0.0,2.1972245773362196,13.0,4.5,0.03896103896103896,1,77
0.0,2.1972245773362196,14.0,6.4,0.03896103896103896,1,77
0.0,1.0986122886681098,13.0,5.4,0.03896103896103896,0,77
0.0,1.9459101490553132,12.0,6.2,0.03896103896103896,0,77
0.0,1.6094379124341003,12.0,6.4,0.03896103896103896,3,77
0.0,2.5649493574615367,12.0,6.0,0.03896103896103896,4,77
25.0,0.6931471805599453,14.0,7.3,0.03896103896103896,1,77
25.0,0.6931471805599453,14.0,7.3,0.03896103896103896,1,77
0.0,1.6094379124341003,12.0,7.1,0.03896103896103896,1,77
0.0,1.0986122886681098,13.0,9.8,0.03896103896103896,3,77
0.0,1.0986122886681098,13.0,10.0,0.03896103896103896,3,77
0.0,3.044522437723423,13.0,8.5,0.03896103896103896,4,77
25.0,1.3862943611198906,16.0,2.3,0.03896103896103896,3,77
0.0,2.3978952727983707,14.0,8.1,0.03896103896103896,1,77
0.0,1.6094379124341003,13.0,9.9,0.03896103896103896,1,77
0.0,1.3862943611198906,12.0,25.2,0.03896103896103896,4,77
0.0,1.0986122886681098,12.0,10.7,0.03896103896103896,0,77
0.0,1.791759469228055,12.0,12.4,0.03896103896103896,3,77
0.0,1.0986122886681098,12.0,8.5,0.03896103896103896,3,77
0.0,1.0986122886681098,12.0,28.4,0.03896103896103896,4,77
0.0,1.0986122886681098,13.0,9.9,0.03896103896103896,4,77
0.0,1.0986122886681098,13.0,9.9,0.03896103896103896,1,77
0.0,0.6931471805599453,13.0,9.8,0.03896103896103896,3,77
0.0,1.0986122886681098,13.0,9.8,0.03896103896103896,1,77
0.0,1.0986122886681098,13.0,10.2,0.03896103896103896,3,77
0.0,1.6094379124341003,12.0,7.3,0.03896103896103896,3,77
0.0,1.3862943611198906,12.0,10.6,0.03896103896103896,1,77
0.0,1.791759469228055,12.0,8.0,0.03896103896103896,3,77
0.0,1.0986122886681098,13.0,6.0,0.03896103896103896,3,77
0.0,1.0986122886681098,12.0,13.8,0.03896103896103896,3,77
0.0,2.3978952727983707,12.0,10.7,0.03896103896103896,1,77
0.0,1.3862943611198906,12.0,11.7,0.03896103896103896,0,77
0.0,1.6094379124341003,11.0,32.8,0.03896103896103896,4,77
0.0,1.791759469228055,12.0,8.5,0.03896103896103896,1,77
0.0,1.3862943611198906,13.0,8.4,0.03896103896103896,3,77
0.0,1.9459101490553132,12.0,10.9,0.03896103896103896,3,77
0.0,2.302585092994046,13.0,15.0,0.03896103896103896,3,77
0.0,2.302585092994046,12.0,8.6,0.03896103896103896,3,77
0.0,1.791759469228055,11.0,15.8,0.03896103896103896,4,77
10.0,1.9459101490553132,12.0,10.6,0.6296296296296297,1,78
10.0,2.5649493574615367,12.0,11.9,0.6296296296296297,1,78
0.0,1.0986122886681098,11.0,14.5,0.6296296296296297,4,78
50.0,1.0986122886681098,12.0,3.8,0.6296296296296297,1,78
33.0,1.9459101490553132,12.0,3.8,0.6296296296296297,3,78
33.0,1.3862943611198906,12.0,3.8,0.6296296296296297,3,78
0.0,1.0986122886681098,11.0,10.4,0.6296296296296297,1,78
0.0,1.3862943611198906,12.0,7.6,0.6296296296296297,3,78
20.0,1.9459101490553132,13.0,9.0,0.6296296296296297,1,78
20.0,1.9459101490553132,13.0,10.5,0.6296296296296297,3,78
20.0,1.6094379124341003,14.0,7.2,0.6296296296296297,2,78
0.0,0.6931471805599453,12.0,12.5,0.6296296296296297,1,78
60.0,1.3862943611198906,12.0,9.0,0.6296296296296297,3,78
25.0,0.6931471805599453,11.0,14.3,0.6296296296296297,4,78
25.0,1.3862943611198906,16.0,5.2,0.6296296296296297,2,78
20.0,1.9459101490553132,12.0,22.5,0.6296296296296297,1,78
10.0,1.0986122886681098,12.0,17.5,0.6296296296296297,4,78
25.0,1.0986122886681098,12.0,28.0,0.6296296296296297,3,78
25.0,1.0986122886681098,12.0,26.8,0.6296296296296297,3,78
0.0,1.3862943611198906,13.0,18.7,0.6296296296296297,1,78
33.0,1.3862943611198906,13.0,32.4,0.6296296296296297,3,78
10.0,1.0986122886681098,13.0,17.6,0.6296296296296297,1,78
10.0,1.0986122886681098,13.0,18.0,0.6296296296296297,1,78
10.0,1.3862943611198906,11.0,7.8,0.6296296296296297,1,78
25.0,1.3862943611198906,13.0,5.9,0.6296296296296297,3,78
33.0,1.9459101490553132,12.0,13.8,0.6296296296296297,3,78
33.0,0.6931471805599453,12.0,19.4,0.6296296296296297,1,78
33.0,0.6931471805599453,12.0,19.4,0.6296296296296297,1,78
20.0,0.6931471805599453,12.0,19.5,0.6296296296296297,1,78
20.0,0.6931471805599453,11.0,17.7,0.6296296296296297,1,78
0.0,0.6931471805599453,12.0,19.5,0.6296296296296297,1,78
0.0,0.6931471805599453,11.0,17.7,0.6296296296296297,1,78
25.0,2.772588722239781,11.0,17.8,0.6296296296296297,1,78
33.0,1.3862943611198906,17.0,4.9,0.6296296296296297,3,78
25.0,1.0986122886681098,12.0,22.5,0.6296296296296297,4,78
50.0,1.9459101490553132,13.0,16.6,0.6296296296296297,1,78
20.0,2.3978952727983707,12.0,25.3,0.6296296296296297,3,78
10.0,1.9459101490553132,12.0,16.4,0.6296296296296297,4,78
0.0,1.0986122886681098,12.0,31.6,0.06896551724137931,4,79
0.0,1.0986122886681098,12.0,31.4,0.06896551724137931,1,79
0.0,0.6931471805599453,12.0,30.7,0.06896551724137931,0,79
0.0,0.6931471805599453,13.0,16.3,0.06896551724137931,0,79
0.0,1.0986122886681098,13.0,16.3,0.06896551724137931,4,79
0.0,1.0986122886681098,13.0,15.0,0.06896551724137931,0,79
0.0,0.6931471805599453,11.0,12.1,0.06896551724137931,1,79
0.0,0.6931471805599453,12.0,16.7,0.06896551724137931,0,79
0.0,1.0986122886681098,11.0,12.3,0.06896551724137931,0,79
0.0,0.6931471805599453,11.0,10.2,0.06896551724137931,1,79
0.0,0.6931471805599453,13.0,15.6,0.06896551724137931,4,79
0.0,0.6931471805599453,13.0,15.9,0.06896551724137931,0,79
0.0,1.0986122886681098,13.0,16.2,0.06896551724137931,4,79
0.0,0.6931471805599453,13.0,17.8,0.06896551724137931,1,79
0.0,1.0986122886681098,15.0,15.8,0.06896551724137931,4,79
0.0,0.6931471805599453,13.0,12.9,0.06896551724137931,0,79
33.0,0.6931471805599453,12.0,15.8,0.06896551724137931,1,79
0.0,1.3862943611198906,13.0,17.0,0.06896551724137931,4,79
0.0,1.0986122886681098,12.0,15.7,0.06896551724137931,0,79
0.0,1.0986122886681098,13.0,16.9,0.06896551724137931,4,79
0.0,0.6931471805599453,12.0,19.6,0.06896551724137931,0,79
0.0,1.3862943611198906,13.0,16.4,0.06896551724137931,4,79
0.0,1.0986122886681098,13.0,14.3,0.06896551724137931,0,79
0.0,1.3862943611198906,13.0,18.7,0.06896551724137931,0,79
0.0,1.3862943611198906,15.0,9.3,0.06896551724137931,4,79
0.0,1.3862943611198906,11.0,17.5,0.06896551724137931,4,79
0.0,3.4339872044851463,12.0,11.3,0.06896551724137931,4,79
0.0,1.0986122886681098,12.0,11.4,0.06896551724137931,0,79
0.0,1.0986122886681098,14.0,16.6,0.06896551724137931,0,79
25.0,1.0986122886681098,14.0,15.7,0.06896551724137931,4,79
0.0,1.0986122886681098,14.0,14.9,0.06896551724137931,1,79
0.0,1.0986122886681098,14.0,15.4,0.06896551724137931,0,79
0.0,1.3862943611198906,15.0,12.5,0.06896551724137931,0,79
0.0,1.3862943611198906,14.0,16.6,0.06896551724137931,4,79
0.0,1.0986122886681098,14.0,16.6,0.06896551724137931,0,79
0.0,3.4339872044851463,14.0,16.7,0.06896551724137931,1,79
0.0,1.0986122886681098,11.0,13.9,0.06896551724137931,4,79
0.0,1.3862943611198906,11.0,28.2,0.06896551724137931,4,79
0.0,1.3862943611198906,12.0,18.4,0.06896551724137931,4,79
60.0,1.0986122886681098,12.0,12.9,0.06896551724137931,1,79
0.0,0.6931471805599453,12.0,14.3,0.06896551724137931,4,79
0.0,1.0986122886681098,12.0,14.6,0.06896551724137931,4,79
0.0,1.3862943611198906,12.0,16.1,0.06896551724137931,4,79
0.0,0.6931471805599453,12.0,12.7,0.06896551724137931,1,79
80.0,0.6931471805599453,12.0,12.7,0.06896551724137931,1,79
0.0,1.0986122886681098,12.0,13.3,0.06896551724137931,4,79
0.0,0.6931471805599453,11.0,27.4,0.06896551724137931,4,79
0.0,1.0986122886681098,11.0,22.2,0.06896551724137931,4,79
0.0,0.6931471805599453,11.0,19.6,0.06896551724137931,1,79
0.0,1.0986122886681098,11.0,20.4,0.06896551724137931,0,79
0.0,1.0986122886681098,11.0,20.3,0.06896551724137931,4,79
0.0,0.6931471805599453,12.0,21.9,0.06896551724137931,4,79
0.0,1.0986122886681098,13.0,13.5,0.06896551724137931,1,79
0.0,1.3862943611198906,12.0,32.7,0.06896551724137931,4,79
0.0,0.6931471805599453,17.0,11.4,0.06896551724137931,0,79
0.0,1.0986122886681098,14.0,21.0,0.06896551724137931,4,79
0.0,0.6931471805599453,13.0,13.9,0.06896551724137931,0,79
0.0,0.6931471805599453,12.0,22.2,0.06896551724137931,4,79
0.0,0.6931471805599453,12.0,22.2,0.06896551724137931,4,79
0.0,1.0986122886681098,12.0,21.7,0.06896551724137931,0,79
0.0,0.6931471805599453,12.0,28.3,0.06896551724137931,1,79
0.0,1.3862943611198906,12.0,28.7,0.06896551724137931,4,79
0.0,0.6931471805599453,11.0,30.5,0.06896551724137931,0,79
0.0,0.6931471805599453,11.0,30.5,0.06896551724137931,0,79
0.0,1.0986122886681098,11.0,30.5,0.06896551724137931,4,79
0.0,1.0986122886681098,11.0,30.5,0.06896551724137931,4,79
0.0,1.0986122886681098,12.0,12.1,0.06896551724137931,0,79
0.0,0.6931471805599453,12.0,11.3,0.06896551724137931,4,79
0.0,1.0986122886681098,12.0,11.9,0.06896551724137931,0,79
0.0,1.0986122886681098,12.0,17.3,0.06896551724137931,0,79
0.0,0.6931471805599453,12.0,12.3,0.06896551724137931,1,79
0.0,0.6931471805599453,12.0,12.3,0.06896551724137931,1,79
0.0,0.6931471805599453,11.0,12.7,0.06896551724137931,4,79
0.0,0.6931471805599453,12.0,12.1,0.06896551724137931,0,79
0.0,1.0986122886681098,12.0,12.0,0.06896551724137931,4,79
10.0,0.6931471805599453,14.0,0.8,0.3118279569892473,1,80
0.0,2.772588722239781,16.0,1.8,0.3118279569892473,1,80
0.0,0.6931471805599453,16.0,2.2,0.3118279569892473,1,80
25.0,0.6931471805599453,16.0,2.2,0.3118279569892473,1,80
0.0,1.0986122886681098,15.0,1.4,0.3118279569892473,1,80
50.0,1.0986122886681098,15.0,1.4,0.3118279569892473,1,80
0.0,0.6931471805599453,15.0,1.3,0.3118279569892473,1,80
25.0,1.0986122886681098,14.0,2.2,0.3118279569892473,1,80
25.0,0.6931471805599453,13.0,2.2,0.3118279569892473,1,80
0.0,0.6931471805599453,13.0,2.2,0.3118279569892473,1,80
0.0,1.791759469228055,15.0,3.3,0.3118279569892473,1,80
25.0,0.6931471805599453,14.0,1.1,0.3118279569892473,1,80
0.0,3.044522437723423,15.0,1.2,0.3118279569892473,1,80
33.0,3.044522437723423,15.0,1.2,0.3118279569892473,1,80
0.0,1.3862943611198906,14.0,1.4,0.3118279569892473,1,80
0.0,2.0794415416798357,13.0,1.6,0.3118279569892473,1,80
0.0,0.6931471805599453,14.0,2.3,0.3118279569892473,1,80
0.0,0.6931471805599453,14.0,2.3,0.3118279569892473,1,80
0.0,1.3862943611198906,15.0,1.8,0.3118279569892473,1,80
25.0,0.6931471805599453,15.0,0.9,0.3118279569892473,3,80
0.0,0.6931471805599453,27.0,1.0,0.3118279569892473,0,80
0.0,1.0986122886681098,14.0,0.8,0.3118279569892473,1,80
0.0,1.0986122886681098,13.0,3.1,0.3118279569892473,1,80
0.0,1.0986122886681098,15.0,1.5,0.3118279569892473,1,80
0.0,0.6931471805599453,30.0,1.0,0.3118279569892473,0,80
50.0,0.6931471805599453,14.0,2.0,0.3118279569892473,1,80
50.0,0.6931471805599453,16.0,1.8,0.3118279569892473,1,80
0.0,0.6931471805599453,16.0,1.8,0.3118279569892473,1,80
0.0,0.6931471805599453,16.0,1.8,0.3118279569892473,1,80
0.0,0.6931471805599453,14.0,3.1,0.3118279569892473,1,80
20.0,0.6931471805599453,13.0,0.6,0.3118279569892473,1,80
0.0,1.0986122886681098,13.0,0.8,0.3118279569892473,1,80
90.0,1.0986122886681098,13.0,0.8,0.3118279569892473,1,80
0.0,2.1972245773362196,13.0,1.2,0.3118279569892473,1,80
0.0,1.6094379124341003,13.0,1.6,0.3118279569892473,1,80
20.0,0.6931471805599453,14.0,2.2,0.3118279569892473,1,80
25.0,1.6094379124341003,15.0,0.6,0.3118279569892473,1,80
0.0,3.044522437723423,17.0,1.9,0.3118279569892473,1,80
100.0,3.044522437723423,17.0,1.9,0.3118279569892473,1,80
25.0,0.6931471805599453,14.0,1.1,0.3118279569892473,1,80
10.0,1.0986122886681098,15.0,1.0,0.3118279569892473,1,80
0.0,1.791759469228055,13.0,0.4,0.3118279569892473,1,80
0.0,1.0986122886681098,13.0,0.2,0.3118279569892473,1,80
10.0,1.3862943611198906,15.0,0.9,0.3118279569892473,1,80
0.0,1.3862943611198906,11.0,14.1,0.028985507246376812,1,81
0.0,1.6094379124341003,11.0,7.8,0.028985507246376812,3,81
0.0,1.3862943611198906,12.0,12.9,0.028985507246376812,3,81
0.0,2.302585092994046,12.0,7.4,0.028985507246376812,4,81
0.0,1.9459101490553132,11.0,4.9,0.028985507246376812,1,81
0.0,2.0794415416798357,11.0,17.5,0.028985507246376812,1,81
0.0,0.6931471805599453,11.0,18.3,0.028985507246376812,3,81
0.0,1.9459101490553132,12.0,7.1,0.028985507246376812,3,81
0.0,1.791759469228055,13.0,5.4,0.028985507246376812,4,81
0.0,1.9459101490553132,13.0,3.2,0.028985507246376812,1,81
0.0,1.6094379124341003,13.0,5.7,0.028985507246376812,3,81
0.0,1.3862943611198906,14.0,6.2,0.028985507246376812,1,81
0.0,1.3862943611198906,13.0,4.1,0.028985507246376812,1,81
0.0,1.0986122886681098,13.0,1.9,0.028985507246376812,1,81
0.0,1.0986122886681098,13.0,1.9,0.028985507246376812,1,81
0.0,0.6931471805599453,17.0,2.3,0.028985507246376812,3,81
25.0,1.3862943611198906,16.0,2.5,0.028985507246376812,1,81
0.0,1.0986122886681098,14.0,4.2,0.028985507246376812,3,81
0.0,1.0986122886681098,11.0,22.7,0.028985507246376812,3,81
0.0,1.9459101490553132,13.0,4.3,0.028985507246376812,1,81
0.0,1.791759469228055,12.0,9.5,0.028985507246376812,1,81
25.0,1.6094379124341003,13.0,6.2,0.028985507246376812,3,81
0.0,1.3862943611198906,14.0,2.9,0.028985507246376812,3,81
0.0,1.6094379124341003,13.0,3.5,0.028985507246376812,3,81
0.0,0.6931471805599453,12.0,23.3,0.028985507246376812,1,81
0.0,1.0986122886681098,12.0,15.2,0.028985507246376812,1,81
0.0,2.1972245773362196,13.0,7.0,0.028985507246376812,1,81
0.0,2.0794415416798357,13.0,5.7,0.028985507246376812,3,81
0.0,1.6094379124341003,15.0,11.0,0.028985507246376812,3,81
0.0,1.6094379124341003,12.0,10.0,0.028985507246376812,3,81
0.0,1.3862943611198906,12.0,9.0,0.028985507246376812,3,81
0.0,1.3862943611198906,12.0,12.4,0.028985507246376812,1,81
0.0,1.791759469228055,16.0,10.2,0.028985507246376812,3,81
0.0,1.3862943611198906,13.0,11.3,0.028985507246376812,3,81
0.0,0.6931471805599453,13.0,5.6,0.028985507246376812,1,81
0.0,1.0986122886681098,12.0,5.9,0.028985507246376812,3,81
0.0,1.9459101490553132,12.0,5.4,0.028985507246376812,1,81
0.0,1.0986122886681098,12.0,4.7,0.028985507246376812,3,81
0.0,1.3862943611198906,13.0,12.8,0.028985507246376812,3,81
0.0,1.791759469228055,11.0,16.7,0.028985507246376812,4,81
0.0,2.3978952727983707,11.0,13.9,0.028985507246376812,3,81
0.0,1.0986122886681098,11.0,13.6,0.028985507246376812,4,81
0.0,1.9459101490553132,11.0,17.4,0.028985507246376812,1,81
0.0,1.0986122886681098,13.0,17.5,0.028985507246376812,3,81
0.0,1.791759469228055,13.0,5.2,0.028985507246376812,3,81
0.0,1.3862943611198906,12.0,9.8,0.028985507246376812,1,81
0.0,1.9459101490553132,13.0,3.5,0.028985507246376812,3,81
0.0,1.9459101490553132,11.0,14.0,0.028985507246376812,3,81
0.0,1.0986122886681098,13.0,8.7,0.028985507246376812,3,81
0.0,2.0794415416798357,14.0,4.9,0.011111111111111112,1,82
0.0,1.791759469228055,15.0,1.9,0.011111111111111112,1,82
0.0,1.0986122886681098,13.0,1.2,0.011111111111111112,3,82
0.0,1.3862943611198906,14.0,4.0,0.011111111111111112,1,82
0.0,1.791759469228055,14.0,1.8,0.011111111111111112,4,82
0.0,3.044522437723423,15.0,1.2,0.011111111111111112,1,82
0.0,1.0986122886681098,17.0,1.3,0.011111111111111112,1,82
0.0,2.302585092994046,14.0,2.1,0.011111111111111112,1,82
0.0,2.8903717578961645,14.0,2.3,0.011111111111111112,4,82
0.0,1.3862943611198906,13.0,2.4,0.011111111111111112,3,82
0.0,2.0794415416798357,12.0,3.5,0.011111111111111112,1,82
0.0,1.791759469228055,14.0,2.9,0.011111111111111112,1,82
0.0,1.5040773967762742,15.0,1.7,0.011111111111111112,4,82
0.0,4.875197323201151,13.0,3.2,0.011111111111111112,3,82
0.0,1.0986122886681098,14.0,2.4,0.011111111111111112,1,82
0.0,1.0986122886681098,13.0,3.0,0.011111111111111112,1,82
0.0,1.3862943611198906,13.0,1.8,0.011111111111111112,1,82
0.0,1.0986122886681098,13.0,1.6,0.011111111111111112,4,82
0.0,1.0986122886681098,13.0,2.8,0.011111111111111112,1,82
0.0,2.1972245773362196,16.0,2.0,0.011111111111111112,1,82
0.0,2.3978952727983707,14.0,2.0,0.011111111111111112,1,82
0.0,2.302585092994046,13.0,2.8,0.011111111111111112,1,82
50.0,1.3862943611198906,15.0,1.2,0.011111111111111112,3,82
0.0,1.6094379124341003,14.0,1.5,0.011111111111111112,1,82
0.0,1.3862943611198906,14.0,5.2,0.011111111111111112,4,82
0.0,1.3862943611198906,14.0,1.0,0.011111111111111112,1,82
0.0,1.791759469228055,14.0,4.6,0.011111111111111112,4,82
0.0,2.772588722239781,13.0,2.8,0.011111111111111112,1,82
0.0,2.1972245773362196,13.0,2.7,0.011111111111111112,1,82
0.0,1.3862943611198906,14.0,2.0,0.011111111111111112,1,82
0.0,1.3862943611198906,14.0,2.4,0.011111111111111112,4,82
0.0,2.3978952727983707,13.0,5.7,0.011111111111111112,1,82
0.0,2.3978952727983707,14.0,2.0,0.011111111111111112,1,82
0.0,1.3862943611198906,13.0,2.0,0.011111111111111112,4,82
0.0,2.3978952727983707,15.0,0.8,0.011111111111111112,1,82
0.0,2.5649493574615367,13.0,1.9,0.011111111111111112,1,82
0.0,2.3978952727983707,15.0,1.9,0.011111111111111112,1,82
0.0,3.9318256327243257,14.0,1.5,0.011111111111111112,4,82
0.0,1.0986122886681098,13.0,8.9,0.011111111111111112,1,82
10.0,1.6094379124341003,13.0,5.7,0.1559633027522936,1,83
0.0,1.6094379124341003,13.0,5.7,0.1559633027522936,1,83
10.0,0.6931471805599453,13.0,4.4,0.1559633027522936,1,83
0.0,0.6931471805599453,13.0,4.4,0.1559633027522936,1,83
0.0,1.0986122886681098,13.0,4.4,0.1559633027522936,1,83
33.0,0.6931471805599453,11.0,10.0,0.1559633027522936,1,83
0.0,0.6931471805599453,11.0,10.0,0.1559633027522936,1,83
0.0,1.3862943611198906,12.0,6.4,0.1559633027522936,3,83
0.0,0.6931471805599453,13.0,3.6,0.1559633027522936,4,83
0.0,1.6094379124341003,13.0,3.7,0.1559633027522936,0,83
0.0,1.791759469228055,13.0,9.3,0.1559633027522936,1,83
0.0,1.3862943611198906,13.0,11.2,0.1559633027522936,1,83
0.0,1.3862943611198906,13.0,11.2,0.1559633027522936,1,83
20.0,1.6094379124341003,13.0,11.9,0.1559633027522936,1,83
13.0,1.6094379124341003,13.0,11.9,0.1559633027522936,1,83
0.0,1.791759469228055,12.0,4.9,0.1559633027522936,1,83
0.0,1.791759469228055,12.0,4.9,0.1559633027522936,1,83
0.0,0.4054651081081644,12.0,4.1,0.1559633027522936,4,83
0.0,2.3978952727983707,13.0,4.9,0.1559633027522936,1,83
0.0,1.3862943611198906,13.0,3.7,0.1559633027522936,0,83
0.0,1.3862943611198906,13.0,3.7,0.1559633027522936,3,83
0.0,1.0986122886681098,12.0,10.3,0.1559633027522936,1,83
0.0,1.0986122886681098,12.0,4.2,0.1559633027522936,1,83
33.0,1.0986122886681098,12.0,4.2,0.1559633027522936,3,83
0.0,0.6931471805599453,12.0,8.0,0.1559633027522936,4,83
0.0,1.0986122886681098,12.0,4.1,0.1559633027522936,0,83
0.0,0.6931471805599453,13.0,4.4,0.1559633027522936,0,83
0.0,1.0986122886681098,13.0,5.1,0.1559633027522936,1,83
0.0,0.6931471805599453,12.0,9.5,0.1559633027522936,1,83
0.0,1.0986122886681098,13.0,4.7,0.1559633027522936,0,83
20.0,1.0986122886681098,13.0,6.8,0.1559633027522936,1,83
0.0,0.6931471805599453,12.0,8.7,0.1559633027522936,0,83
0.0,1.0986122886681098,12.0,12.1,0.1559633027522936,1,83
0.0,1.3862943611198906,14.0,5.3,0.1559633027522936,1,83
0.0,1.9459101490553132,13.0,4.1,0.1559633027522936,1,83
0.0,1.0986122886681098,12.0,8.7,0.1559633027522936,1,83
0.0,1.3862943611198906,12.0,6.3,0.1559633027522936,1,83
0.0,0.6931471805599453,15.0,6.3,0.1559633027522936,4,83
0.0,1.3862943611198906,14.0,6.8,0.1559633027522936,0,83
0.0,1.6094379124341003,13.0,4.9,0.1559633027522936,1,83
0.0,1.0986122886681098,13.0,4.8,0.1559633027522936,3,83
0.0,1.0986122886681098,14.0,5.7,0.1559633027522936,1,83
0.0,1.3862943611198906,13.0,0.8,0.1559633027522936,3,83
0.0,1.6094379124341003,13.0,0.7,0.1559633027522936,0,83
0.0,0.6931471805599453,13.0,1.6,0.1559633027522936,1,83
0.0,0.6931471805599453,13.0,1.6,0.1559633027522936,1,83
0.0,0.6931471805599453,14.0,2.7,0.1559633027522936,1,83
0.0,1.0986122886681098,12.0,6.0,0.1559633027522936,1,83
0.0,1.0986122886681098,13.0,3.2,0.1559633027522936,0,83
0.0,1.0986122886681098,12.0,4.2,0.1559633027522936,1,83
0.0,0.6931471805599453,14.0,2.4,0.1559633027522936,1,83
0.0,1.3862943611198906,13.0,3.0,0.1559633027522936,1,83
20.0,1.0986122886681098,13.0,2.6,0.1559633027522936,3,83
0.0,1.0986122886681098,13.0,3.9,0.1559633027522936,1,83
0.0,0.6931471805599453,13.0,5.5,0.1559633027522936,3,83
0.0,1.3862943611198906,14.0,3.6,0.1559633027522936,1,83
0.0,1.791759469228055,16.0,2.5,0.1559633027522936,1,83
0.0,0.6931471805599453,14.0,3.2,0.1559633027522936,3,83
0.0,1.0986122886681098,13.0,6.2,0.1559633027522936,0,83
0.0,0.6931471805599453,13.0,5.4,0.1559633027522936,3,83
0.0,0.6931471805599453,12.0,13.4,0.19696969696969696,3,84
0.0,2.3978952727983707,12.0,7.4,0.19696969696969696,1,84
0.0,1.791759469228055,12.0,6.1,0.19696969696969696,1,84
50.0,1.0986122886681098,12.0,6.7,0.19696969696969696,1,84
50.0,1.0986122886681098,12.0,5.7,0.19696969696969696,1,84
33.0,1.3862943611198906,13.0,10.3,0.19696969696969696,1,84
33.0,2.1972245773362196,13.0,7.8,0.19696969696969696,1,84
33.0,0.6931471805599453,12.0,5.9,0.19696969696969696,1,84
0.0,0.6931471805599453,12.0,9.0,0.19696969696969696,4,84
33.0,2.0794415416798357,12.0,9.4,0.19696969696969696,1,84
25.0,2.0794415416798357,12.0,9.4,0.19696969696969696,1,84
0.0,2.0794415416798357,11.0,10.0,0.19696969696969696,4,84
0.0,0.6931471805599453,12.0,5.2,0.19696969696969696,3,84
33.0,1.9459101490553132,12.0,11.2,0.19696969696969696,1,84
0.0,1.9459101490553132,12.0,11.2,0.19696969696969696,1,84
33.0,1.9459101490553132,14.0,5.4,0.19696969696969696,1,84
0.0,1.0986122886681098,12.0,4.1,0.19696969696969696,3,84
0.0,1.791759469228055,13.0,8.3,0.19696969696969696,1,84
25.0,1.0986122886681098,13.0,10.3,0.19696969696969696,3,84
0.0,1.6094379124341003,12.0,10.3,0.19696969696969696,4,84
33.0,2.1972245773362196,13.0,5.5,0.19696969696969696,1,84
33.0,1.3862943611198906,13.0,15.8,0.19696969696969696,1,84
33.0,0.6931471805599453,13.0,15.7,0.19696969696969696,1,84
0.0,0.6931471805599453,13.0,15.7,0.19696969696969696,1,84
25.0,1.791759469228055,13.0,4.4,0.19696969696969696,1,84
0.0,1.791759469228055,13.0,4.4,0.19696969696969696,1,84
33.0,1.3862943611198906,12.0,3.7,0.19696969696969696,1,84
0.0,1.3862943611198906,12.0,3.7,0.19696969696969696,1,84
33.0,0.6931471805599453,12.0,4.7,0.19696969696969696,1,84
0.0,0.6931471805599453,12.0,4.7,0.19696969696969696,1,84
0.0,0.6931471805599453,13.0,3.8,0.19696969696969696,1,84
0.0,0.6931471805599453,13.0,3.8,0.19696969696969696,1,84
0.0,0.6931471805599453,13.0,5.1,0.19696969696969696,3,84
0.0,1.6094379124341003,14.0,14.7,0.19696969696969696,1,84
0.0,1.791759469228055,12.0,11.5,0.19696969696969696,1,84
50.0,2.0794415416798357,13.0,7.3,0.19696969696969696,1,84
0.0,1.6094379124341003,14.0,6.3,0.19696969696969696,4,84
0.0,0.6931471805599453,14.0,8.7,0.19696969696969696,3,84
0.0,1.9459101490553132,12.0,18.3,0.19696969696969696,4,84
0.0,1.9459101490553132,13.0,4.7,0.19696969696969696,4,84
0.0,1.791759469228055,12.0,7.2,0.19696969696969696,4,84
0.0,1.791759469228055,12.0,6.1,0.19696969696969696,4,84
0.0,1.791759469228055,12.0,7.2,0.19696969696969696,4,84
0.0,1.791759469228055,12.0,6.1,0.19696969696969696,4,84
0.0,1.791759469228055,12.0,5.5,0.19696969696969696,1,84
0.0,2.0794415416798357,12.0,4.0,0.19696969696969696,1,84
0.0,2.0794415416798357,13.0,5.7,0.19696969696969696,1,84
0.0,2.0794415416798357,12.0,4.0,0.19696969696969696,1,84
0.0,2.0794415416798357,13.0,5.7,0.19696969696969696,1,84
0.0,3.258096538021482,12.0,6.6,0.19696969696969696,1,84
0.0,1.0986122886681098,12.0,8.3,0.19696969696969696,3,84
0.0,1.0986122886681098,13.0,9.7,0.19696969696969696,3,84
0.0,0.6931471805599453,13.0,6.4,0.19696969696969696,1,84
0.0,0.6931471805599453,13.0,6.4,0.19696969696969696,1,84
0.0,2.772588722239781,12.0,4.1,0.19696969696969696,1,84
0.0,0.6931471805599453,13.0,5.6,0.19696969696969696,3,84
0.0,1.3862943611198906,13.0,7.2,0.19696969696969696,1,84
0.0,1.3862943611198906,13.0,7.2,0.19696969696969696,1,84
0.0,1.0986122886681098,13.0,1.9,0.19696969696969696,1,84
0.0,1.0986122886681098,13.0,1.9,0.19696969696969696,1,84
25.0,1.0986122886681098,12.0,4.7,0.19696969696969696,1,84
38.0,1.0986122886681098,12.0,4.7,0.19696969696969696,1,84
25.0,1.3862943611198906,13.0,5.4,0.19696969696969696,1,84
33.0,1.3862943611198906,13.0,5.4,0.19696969696969696,1,84
0.0,1.0986122886681098,12.0,5.4,0.19696969696969696,4,84
0.0,1.3862943611198906,13.0,4.6,0.19696969696969696,3,84
0.0,1.3862943611198906,14.0,5.1,0.19696969696969696,4,84
0.0,0.6931471805599453,13.0,6.4,0.19696969696969696,4,84
0.0,1.791759469228055,13.0,7.2,0.19696969696969696,1,84
0.0,2.0794415416798357,14.0,4.6,0.19696969696969696,1,84
0.0,1.3862943611198906,14.0,5.2,0.19696969696969696,1,84
0.0,4.330733340286331,14.0,6.8,0.19696969696969696,3,84
0.0,3.258096538021482,14.0,6.4,0.19696969696969696,3,84
0.0,1.3862943611198906,13.0,4.4,0.19696969696969696,4,84
0.0,2.0794415416798357,14.0,4.2,0.1650485436893204,4,85
25.0,3.332204510175204,15.0,2.7,0.1650485436893204,1,85
0.0,2.3978952727983707,13.0,3.9,0.1650485436893204,1,85
0.0,2.3978952727983707,13.0,3.9,0.1650485436893204,1,85
0.0,2.3978952727983707,14.0,6.0,0.1650485436893204,1,85
0.0,2.9444389791664403,14.0,2.5,0.1650485436893204,1,85
0.0,1.0986122886681098,23.0,0.6,0.1650485436893204,3,85
0.0,0.6931471805599453,17.0,1.1,0.1650485436893204,3,85
0.0,1.0986122886681098,13.0,4.9,0.1650485436893204,1,85
0.0,2.4849066497880004,13.0,8.1,0.1650485436893204,1,85
33.0,2.3978952727983707,16.0,3.9,0.1650485436893204,1,85
33.0,2.1972245773362196,12.0,5.8,0.1650485436893204,1,85
33.0,1.252762968495368,14.0,4.4,0.1650485436893204,4,85
33.0,1.5040773967762742,13.0,4.2,0.1650485436893204,4,85
33.0,3.9318256327243257,13.0,3.9,0.1650485436893204,4,85
33.0,1.3862943611198906,12.0,5.8,0.1650485436893204,3,85
0.0,3.044522437723423,15.0,4.1,0.1650485436893204,1,85
0.0,3.044522437723423,15.0,4.1,0.1650485436893204,1,85
0.0,2.70805020110221,13.0,5.0,0.1650485436893204,1,85
0.0,1.791759469228055,14.0,2.5,0.1650485436893204,1,85
0.0,2.70805020110221,14.0,5.6,0.1650485436893204,1,85
50.0,2.3978952727983707,14.0,4.1,0.1650485436893204,4,85
50.0,1.791759469228055,15.0,5.0,0.1650485436893204,4,85
0.0,1.0986122886681098,13.0,1.5,0.1650485436893204,3,85
10.0,2.1972245773362196,12.0,5.7,0.1650485436893204,1,85
0.0,3.5553480614894135,14.0,2.5,0.1650485436893204,1,85
0.0,1.791759469228055,15.0,0.9,0.1650485436893204,3,85
0.0,2.3978952727983707,18.0,0.7,0.1650485436893204,3,85
0.0,1.3862943611198906,14.0,4.4,0.1650485436893204,1,85
0.0,1.3862943611198906,14.0,4.4,0.1650485436893204,1,85
0.0,1.791759469228055,13.0,4.9,0.1650485436893204,1,85
0.0,0.6931471805599453,13.0,4.6,0.1650485436893204,4,85
25.0,2.772588722239781,14.0,5.2,0.1650485436893204,1,85
0.0,1.3862943611198906,14.0,5.9,0.1650485436893204,4,85
0.0,3.091042453358316,14.0,3.5,0.1650485436893204,1,85
0.0,2.995732273553991,16.0,3.3,0.1650485436893204,1,85
0.0,0.6931471805599453,16.0,1.1,0.1650485436893204,3,85
0.0,1.0986122886681098,22.0,0.6,0.1650485436893204,3,85
25.0,2.772588722239781,14.0,3.3,0.1650485436893204,1,85
0.0,2.4849066497880004,16.0,4.3,0.1650485436893204,1,85
0.0,3.091042453358316,15.0,4.5,0.1650485436893204,1,85
0.0,2.4849066497880004,13.0,4.4,0.1650485436893204,1,85
0.0,1.791759469228055,14.0,5.1,0.1650485436893204,4,85
0.0,1.3862943611198906,13.0,3.3,0.1650485436893204,1,85
0.0,5.017279836814924,14.0,4.3,0.1650485436893204,4,85
0.0,2.302585092994046,14.0,3.8,0.1650485436893204,1,85
0.0,2.302585092994046,14.0,3.8,0.1650485436893204,1,85
0.0,2.772588722239781,14.0,5.4,0.1650485436893204,1,85
0.0,1.791759469228055,14.0,5.4,0.1650485436893204,4,85
0.0,2.772588722239781,14.0,5.0,0.1650485436893204,1,85
0.0,2.772588722239781,14.0,5.0,0.1650485436893204,1,85
0.0,1.3862943611198906,13.0,5.1,0.1650485436893204,4,85
0.0,2.3978952727983707,13.0,2.9,0.1650485436893204,1,85
0.0,1.9459101490553132,13.0,1.2,0.1650485436893204,4,85
0.0,2.3978952727983707,13.0,3.5,0.1650485436893204,1,85
0.0,2.3978952727983707,13.0,3.5,0.1650485436893204,1,85
67.0,1.0986122886681098,14.0,3.4,0.4392523364485981,1,86
0.0,0.6931471805599453,13.0,5.0,0.4392523364485981,1,86
0.0,0.4054651081081644,13.0,4.7,0.4392523364485981,1,86
50.0,0.4054651081081644,13.0,4.7,0.4392523364485981,4,86
50.0,0.4054651081081644,13.0,3.9,0.4392523364485981,3,86
67.0,0.6931471805599453,13.0,4.1,0.4392523364485981,1,86
33.0,1.791759469228055,15.0,2.1,0.4392523364485981,1,86
75.0,1.791759469228055,15.0,2.1,0.4392523364485981,1,86
33.0,3.258096538021482,16.0,2.0,0.4392523364485981,1,86
33.0,2.3978952727983707,16.0,2.5,0.4392523364485981,1,86
33.0,2.3978952727983707,16.0,2.5,0.4392523364485981,1,86
33.0,0.9162907318741551,14.0,1.0,0.4392523364485981,1,86
33.0,1.3862943611198906,12.0,8.9,0.4392523364485981,1,86
50.0,0.9162907318741551,13.0,4.6,0.4392523364485981,1,86
50.0,0.6931471805599453,13.0,4.2,0.4392523364485981,1,86
33.0,1.9459101490553132,14.0,4.3,0.4392523364485981,1,86
33.0,0.6931471805599453,15.0,4.0,0.4392523364485981,1,86
80.0,0.4054651081081644,12.0,5.3,0.4392523364485981,3,86
0.0,0.9162907318741551,13.0,6.6,0.4392523364485981,1,86
0.0,0.9162907318741551,12.0,7.2,0.4392523364485981,1,86
0.0,2.0794415416798357,14.0,4.9,0.4392523364485981,1,86
80.0,0.6931471805599453,14.0,6.7,0.4392523364485981,3,86
50.0,3.044522437723423,13.0,4.2,0.4392523364485981,3,86
33.0,0.4054651081081644,13.0,2.7,0.4392523364485981,1,86
33.0,1.3862943611198906,14.0,5.0,0.4392523364485981,1,86
0.0,3.9318256327243257,12.0,7.2,0.4392523364485981,4,86
33.0,1.9459101490553132,13.0,6.3,0.4392523364485981,1,86
0.0,0.6931471805599453,14.0,4.5,0.4392523364485981,1,86
0.0,2.5649493574615367,13.0,4.3,0.4392523364485981,1,86
0.0,1.6094379124341003,14.0,4.4,0.4392523364485981,1,86
0.0,1.6094379124341003,14.0,7.2,0.4392523364485981,1,86
75.0,0.6931471805599453,13.0,5.4,0.4392523364485981,3,86
100.0,0.4054651081081644,13.0,6.0,0.4392523364485981,3,86
0.0,1.0986122886681098,12.0,4.6,0.4392523364485981,1,86
0.0,0.6931471805599453,13.0,4.7,0.4392523364485981,1,86
0.0,1.0986122886681098,14.0,5.9,0.4392523364485981,1,86
0.0,1.3862943611198906,13.0,4.3,0.4392523364485981,1,86
0.0,0.6931471805599453,13.0,4.0,0.4392523364485981,1,86
0.0,1.0986122886681098,12.0,6.3,0.4392523364485981,1,86
50.0,0.9162907318741551,14.0,6.0,0.4392523364485981,3,86
95.0,1.791759469228055,13.0,36.6,1.0,2,87
95.0,1.791759469228055,13.0,36.6,1.0,2,87
95.0,1.3862943611198906,12.0,7.0,1.0,1,87
67.0,1.6094379124341003,12.0,7.2,1.0,0,87
67.0,1.3862943611198906,12.0,8.2,1.0,0,87
50.0,0.6931471805599453,11.0,15.3,1.0,3,87
33.0,1.6094379124341003,12.0,24.1,1.0,2,87
20.0,1.0986122886681098,13.0,26.7,1.0,0,87
50.0,0.6931471805599453,14.0,31.1,1.0,3,87
67.0,1.0986122886681098,12.0,10.3,1.0,1,87
67.0,0.9162907318741551,14.0,5.8,1.0,3,87
67.0,0.6931471805599453,18.0,19.1,1.0,3,87
67.0,1.6094379124341003,13.0,9.5,1.0,2,87
85.0,1.3862943611198906,14.0,18.5,1.0,0,87
80.0,2.3978952727983707,14.0,17.2,1.0,3,87
80.0,1.3862943611198906,13.0,19.7,1.0,2,87
85.0,2.3978952727983707,13.0,19.4,1.0,0,87
70.0,1.3862943611198906,11.0,24.0,1.0,2,87
75.0,2.3978952727983707,12.0,15.2,1.0,2,87
80.0,1.6094379124341003,12.0,29.1,1.0,1,87
80.0,1.6094379124341003,12.0,29.1,1.0,1,87
80.0,1.0986122886681098,12.0,29.1,1.0,2,87
80.0,1.0986122886681098,12.0,29.1,1.0,2,87
67.0,3.044522437723423,11.0,18.5,1.0,0,87
80.0,3.044522437723423,11.0,18.5,1.0,0,87
67.0,1.0986122886681098,11.0,18.5,1.0,2,87
80.0,1.0986122886681098,11.0,18.5,1.0,2,87
67.0,2.3978952727983707,11.0,20.2,1.0,0,87
67.0,2.772588722239781,12.0,21.4,1.0,0,87
80.0,2.3978952727983707,11.0,8.6,1.0,2,87
80.0,1.0986122886681098,13.0,4.6,1.0,3,87
67.0,1.0986122886681098,13.0,4.6,1.0,3,87
67.0,1.6094379124341003,11.0,20.8,1.0,0,87
90.0,1.6094379124341003,11.0,20.8,1.0,0,87
50.0,2.772588722239781,11.0,18.9,1.0,1,87
80.0,1.9459101490553132,11.0,26.2,1.0,3,87
70.0,1.9459101490553132,11.0,26.2,1.0,3,87
67.0,1.6094379124341003,14.0,24.1,1.0,2,87
67.0,1.6094379124341003,11.0,12.8,1.0,0,87
67.0,1.6094379124341003,16.0,12.7,1.0,2,87
67.0,2.0794415416798357,15.0,16.1,1.0,3,87
33.0,1.6094379124341003,15.0,17.4,1.0,3,87
90.0,1.9459101490553132,11.0,14.4,1.0,1,87
67.0,1.3862943611198906,12.0,9.6,1.0,1,87
50.0,2.3978952727983707,12.0,10.0,1.0,1,87
33.0,1.9459101490553132,11.0,15.7,1.0,2,87
33.0,1.9459101490553132,11.0,12.1,1.0,2,87
67.0,1.9459101490553132,11.0,15.7,1.0,2,87
67.0,1.9459101490553132,11.0,12.1,1.0,2,87
50.0,0.6931471805599453,12.0,4.8,1.0,0,87
33.0,0.6931471805599453,12.0,7.6,1.0,2,87
67.0,1.791759469228055,12.0,8.9,1.0,1,87
67.0,1.791759469228055,12.0,8.6,1.0,1,87
33.0,1.6094379124341003,11.0,15.7,1.0,1,87
33.0,1.6094379124341003,11.0,12.1,1.0,1,87
67.0,1.6094379124341003,11.0,15.7,1.0,1,87
67.0,1.6094379124341003,11.0,12.1,1.0,1,87
10.0,1.0986122886681098,12.0,11.1,0.37037037037037035,3,88
10.0,1.0986122886681098,11.0,25.0,0.37037037037037035,4,88
0.0,1.6094379124341003,11.0,22.8,0.37037037037037035,2,88
0.0,0.6931471805599453,11.0,22.1,0.37037037037037035,3,88
100.0,2.3978952727983707,11.0,37.5,0.37037037037037035,4,88
0.0,0.6931471805599453,13.0,16.6,0.37037037037037035,3,88
50.0,0.6931471805599453,13.0,11.9,0.37037037037037035,0,88
50.0,0.6931471805599453,13.0,11.9,0.37037037037037035,0,88
50.0,1.0986122886681098,13.0,11.9,0.37037037037037035,4,88
50.0,1.0986122886681098,13.0,11.9,0.37037037037037035,4,88
25.0,0.6931471805599453,13.0,5.6,0.37037037037037035,4,88
0.0,0.6931471805599453,14.0,5.2,0.37037037037037035,3,88
0.0,2.3978952727983707,12.0,13.2,0.37037037037037035,3,88
0.0,1.6094379124341003,12.0,16.5,0.37037037037037035,2,88
25.0,0.6931471805599453,10.0,37.3,0.6632653061224489,1,89
0.0,0.6931471805599453,10.0,37.3,0.6632653061224489,1,89
0.0,1.3862943611198906,11.0,16.6,0.6632653061224489,4,89
0.0,2.3978952727983707,11.0,16.3,0.6632653061224489,0,89
0.0,2.1972245773362196,11.0,21.1,0.6632653061224489,2,89
25.0,0.6931471805599453,12.0,27.9,0.6632653061224489,3,89
95.0,0.6931471805599453,12.0,25.3,0.6632653061224489,2,89
90.0,0.6931471805599453,13.0,23.1,0.6632653061224489,3,89
25.0,0.6931471805599453,11.0,28.2,0.6632653061224489,1,89
25.0,1.0986122886681098,12.0,31.9,0.6632653061224489,3,89
33.0,1.0986122886681098,12.0,31.9,0.6632653061224489,3,89
33.0,1.791759469228055,12.0,32.0,0.6632653061224489,0,89
33.0,2.1972245773362196,10.0,36.5,0.6632653061224489,2,89
25.0,1.6094379124341003,11.0,37.5,0.6632653061224489,0,89
0.0,1.6094379124341003,11.0,31.8,0.6632653061224489,0,89
33.0,0.6931471805599453,11.0,34.2,0.6632653061224489,2,89
33.0,0.6931471805599453,11.0,16.5,0.6632653061224489,1,89
0.0,0.6931471805599453,11.0,16.5,0.6632653061224489,1,89
33.0,2.833213344056216,11.0,14.4,0.6632653061224489,1,89
50.0,0.6931471805599453,12.0,15.1,0.6632653061224489,1,89
25.0,1.3862943611198906,11.0,27.5,0.6632653061224489,2,89
25.0,1.6094379124341003,11.0,19.5,0.6632653061224489,0,89
25.0,1.0986122886681098,11.0,35.3,0.6632653061224489,0,89
25.0,0.6931471805599453,11.0,38.4,0.6632653061224489,4,89
25.0,1.9459101490553132,11.0,20.1,0.6632653061224489,2,89
50.0,0.6931471805599453,11.0,11.6,0.6632653061224489,1,89
0.0,1.6094379124341003,10.0,30.2,0.6632653061224489,2,89
25.0,1.9459101490553132,10.0,42.4,0.6632653061224489,2,89
0.0,1.6094379124341003,10.0,44.2,0.6632653061224489,0,89
0.0,0.6931471805599453,11.0,41.6,0.6632653061224489,0,89
0.0,0.6931471805599453,11.0,41.6,0.6632653061224489,0,89
0.0,0.6931471805599453,11.0,41.6,0.6632653061224489,4,89
0.0,0.6931471805599453,11.0,41.6,0.6632653061224489,4,89
0.0,0.6931471805599453,11.0,36.9,0.6632653061224489,3,89
0.0,0.6931471805599453,11.0,36.9,0.6632653061224489,3,89
25.0,0.6931471805599453,11.0,45.6,0.6632653061224489,0,89
0.0,0.6931471805599453,13.0,4.7,0.6632653061224489,3,89
0.0,0.6931471805599453,13.0,4.7,0.6632653061224489,3,89
25.0,2.3978952727983707,12.0,10.2,0.6632653061224489,1,89
25.0,1.3862943611198906,14.0,13.9,0.6632653061224489,2,89
25.0,1.6094379124341003,12.0,19.5,0.6632653061224489,0,89
10.0,1.3862943611198906,11.0,18.7,0.6632653061224489,2,89
10.0,1.3862943611198906,11.0,18.7,0.6632653061224489,2,89
25.0,1.6094379124341003,12.0,11.9,0.6632653061224489,2,89
25.0,0.6931471805599453,11.0,18.4,0.6632653061224489,4,89
25.0,0.6931471805599453,11.0,16.8,0.6632653061224489,3,89
10.0,1.6094379124341003,15.0,16.7,0.6632653061224489,2,89
33.0,1.3862943611198906,13.0,20.5,0.6632653061224489,1,89
25.0,1.3862943611198906,12.0,20.5,0.6632653061224489,4,89
0.0,0.6931471805599453,11.0,17.5,0.6632653061224489,1,89
0.0,0.6931471805599453,11.0,17.5,0.6632653061224489,1,89
25.0,1.6094379124341003,11.0,19.7,0.6632653061224489,2,89
25.0,1.9459101490553132,11.0,36.1,0.6632653061224489,4,89
20.0,0.6931471805599453,13.0,17.9,0.6632653061224489,0,89
33.0,0.6931471805599453,13.0,17.9,0.6632653061224489,0,89
20.0,0.6931471805599453,13.0,17.9,0.6632653061224489,4,89
33.0,0.6931471805599453,13.0,17.9,0.6632653061224489,4,89
20.0,1.791759469228055,17.0,12.7,0.6632653061224489,2,89
25.0,0.6931471805599453,11.0,20.2,0.6632653061224489,0,89
25.0,1.0986122886681098,13.0,14.6,0.6632653061224489,3,89
33.0,1.0986122886681098,13.0,14.6,0.6632653061224489,3,89
25.0,1.6094379124341003,11.0,26.4,0.6632653061224489,2,89
25.0,0.6931471805599453,11.0,30.3,0.6632653061224489,3,89
25.0,0.6931471805599453,11.0,30.3,0.6632653061224489,3,89
50.0,2.772588722239781,12.0,4.4,0.6632653061224489,1,89
50.0,2.772588722239781,12.0,4.4,0.6632653061224489,1,89
0.0,2.772588722239781,12.0,4.4,0.6632653061224489,1,89
50.0,1.0986122886681098,11.0,4.4,0.6632653061224489,3,89
0.0,1.0986122886681098,11.0,4.4,0.6632653061224489,3,89
50.0,0.6931471805599453,12.0,4.5,0.6632653061224489,3,89
0.0,0.6931471805599453,12.0,4.5,0.6632653061224489,3,89
0.0,1.6094379124341003,12.0,9.8,0.6632653061224489,2,89
50.0,0.6931471805599453,13.0,41.1,0.4117647058823529,4,90
0.0,0.6931471805599453,11.0,34.5,0.4117647058823529,3,90
0.0,1.6094379124341003,11.0,41.5,0.4117647058823529,0,90
50.0,1.0986122886681098,16.0,43.9,0.4117647058823529,0,90
50.0,1.9459101490553132,15.0,49.9,0.4117647058823529,4,90
25.0,1.0986122886681098,10.0,66.1,0.4117647058823529,0,90
0.0,1.6094379124341003,11.0,33.5,0.4117647058823529,4,90
0.0,1.6094379124341003,10.0,40.1,0.4117647058823529,0,90
0.0,1.6094379124341003,14.0,25.0,0.4117647058823529,4,90
33.0,1.791759469228055,11.0,31.2,0.4117647058823529,0,90
25.0,1.3862943611198906,10.0,26.9,0.4117647058823529,0,90
0.0,2.1972245773362196,13.0,53.5,0.4117647058823529,0,90
25.0,1.6094379124341003,11.0,31.1,0.4117647058823529,0,90
33.0,1.3862943611198906,10.0,43.5,0.4117647058823529,4,90
50.0,1.791759469228055,11.0,28.7,0.4117647058823529,0,90
33.0,1.6094379124341003,10.0,42.0,0.4117647058823529,0,90
33.0,1.3862943611198906,11.0,16.9,0.4117647058823529,4,90
33.0,1.3862943611198906,10.0,56.5,0.4117647058823529,0,90
33.0,1.0986122886681098,11.0,31.2,0.4117647058823529,0,90
0.0,2.772588722239781,10.0,47.7,0.4117647058823529,0,90
0.0,1.791759469228055,10.0,49.2,0.4117647058823529,4,90
0.0,1.791759469228055,12.0,45.9,0.4117647058823529,0,90
0.0,1.0986122886681098,13.0,23.3,0.4117647058823529,0,90
25.0,1.0986122886681098,10.0,39.1,0.4117647058823529,0,90
0.0,1.3862943611198906,10.0,38.9,0.4117647058823529,4,90
0.0,1.6094379124341003,10.0,45.3,0.4117647058823529,0,90
0.0,0.6931471805599453,13.0,2.6,0.336734693877551,1,91
0.0,2.3978952727983707,14.0,1.2,0.336734693877551,1,91
0.0,1.791759469228055,13.0,2.8,0.336734693877551,1,91
0.0,1.791759469228055,12.0,3.1,0.336734693877551,1,91
0.0,1.791759469228055,14.0,2.4,0.336734693877551,1,91
0.0,1.0986122886681098,13.0,2.4,0.336734693877551,1,91
20.0,1.0986122886681098,13.0,3.7,0.336734693877551,1,91
20.0,1.9459101490553132,12.0,3.0,0.336734693877551,1,91
60.0,1.6094379124341003,13.0,4.5,0.336734693877551,1,91
80.0,3.258096538021482,12.0,4.1,0.336734693877551,3,91
0.0,1.9459101490553132,14.0,1.9,0.336734693877551,1,91
0.0,1.6094379124341003,15.0,1.3,0.336734693877551,1,91
50.0,2.772588722239781,14.0,1.0,0.336734693877551,3,91
0.0,2.3978952727983707,12.0,8.2,0.336734693877551,1,91
0.0,1.9459101490553132,12.0,11.6,0.336734693877551,1,91
0.0,1.3862943611198906,15.0,2.5,0.336734693877551,1,91
33.0,1.9459101490553132,14.0,2.4,0.336734693877551,1,91
0.0,1.3862943611198906,13.0,2.6,0.336734693877551,1,91
30.0,1.0986122886681098,16.0,2.2,0.336734693877551,3,91
0.0,0.6931471805599453,14.0,2.6,0.336734693877551,1,91
0.0,1.791759469228055,14.0,3.7,0.336734693877551,1,91
0.0,1.791759469228055,12.0,3.4,0.336734693877551,1,91
50.0,1.791759469228055,14.0,3.7,0.336734693877551,1,91
50.0,1.791759469228055,12.0,3.4,0.336734693877551,1,91
0.0,2.3978952727983707,13.0,3.3,0.336734693877551,1,91
0.0,2.3978952727983707,13.0,3.2,0.336734693877551,1,91
0.0,2.3978952727983707,13.0,3.2,0.336734693877551,1,91
0.0,2.3978952727983707,13.0,3.2,0.336734693877551,1,91
0.0,2.3978952727983707,13.0,3.2,0.336734693877551,1,91
0.0,1.6094379124341003,12.0,5.3,0.336734693877551,1,91
25.0,2.1972245773362196,15.0,3.9,0.336734693877551,1,91
20.0,1.6094379124341003,14.0,3.1,0.336734693877551,1,91
0.0,0.6931471805599453,15.0,2.8,0.336734693877551,1,91
0.0,1.3862943611198906,13.0,1.2,0.336734693877551,1,91
20.0,1.3862943611198906,14.0,2.8,0.336734693877551,1,91
50.0,0.6931471805599453,13.0,4.4,0.336734693877551,1,91
25.0,1.9459101490553132,14.0,3.0,0.336734693877551,1,91
0.0,1.9459101490553132,13.0,5.8,0.336734693877551,1,91
20.0,1.791759469228055,14.0,3.5,0.336734693877551,1,91
0.0,0.4054651081081644,15.0,4.8,0.022222222222222223,1,92
0.0,0.4054651081081644,15.0,4.8,0.022222222222222223,1,92
0.0,0.6931471805599453,15.0,5.2,0.022222222222222223,3,92
0.0,0.4054651081081644,14.0,7.8,0.022222222222222223,1,92
0.0,0.6931471805599453,14.0,7.9,0.022222222222222223,3,92
0.0,0.6931471805599453,16.0,7.6,0.022222222222222223,0,92
0.0,1.0986122886681098,14.0,8.0,0.022222222222222223,4,92
0.0,0.6931471805599453,19.0,7.3,0.022222222222222223,3,92
0.0,0.6931471805599453,20.0,7.2,0.022222222222222223,0,92
0.0,0.6931471805599453,21.0,7.4,0.022222222222222223,3,92
0.0,0.4054651081081644,12.0,7.5,0.022222222222222223,1,92
0.0,0.9162907318741551,12.0,8.2,0.022222222222222223,4,92
0.0,0.6931471805599453,12.0,8.5,0.022222222222222223,3,92
0.0,0.9162907318741551,13.0,5.1,0.022222222222222223,3,92
0.0,0.6931471805599453,13.0,3.8,0.022222222222222223,3,92
0.0,0.6931471805599453,12.0,6.9,0.022222222222222223,3,92
0.0,0.6931471805599453,13.0,2.0,0.022222222222222223,1,92
40.0,0.6931471805599453,13.0,4.7,0.022222222222222223,1,92
0.0,0.6931471805599453,12.0,5.4,0.022222222222222223,3,92
0.0,0.6931471805599453,13.0,4.8,0.022222222222222223,1,92
0.0,0.6931471805599453,13.0,4.8,0.022222222222222223,1,92
0.0,0.6931471805599453,12.0,6.8,0.022222222222222223,1,92
0.0,0.6931471805599453,12.0,6.7,0.022222222222222223,3,92
0.0,1.0986122886681098,12.0,6.0,0.022222222222222223,4,92
0.0,0.6931471805599453,12.0,5.6,0.022222222222222223,0,92
0.0,0.6931471805599453,12.0,6.0,0.022222222222222223,3,92
0.0,0.6931471805599453,13.0,3.6,0.022222222222222223,1,92
0.0,0.6931471805599453,12.0,3.8,0.022222222222222223,3,92
0.0,1.0986122886681098,15.0,4.6,0.12857142857142856,1,93
0.0,1.0986122886681098,15.0,4.6,0.12857142857142856,3,93
0.0,1.0986122886681098,16.0,4.7,0.12857142857142856,3,93
0.0,1.6094379124341003,16.0,4.1,0.12857142857142856,0,93
10.0,1.0986122886681098,12.0,20.1,0.12857142857142856,4,93
33.0,0.6931471805599453,12.0,18.2,0.12857142857142856,4,93
33.0,0.6931471805599453,12.0,19.0,0.12857142857142856,4,93
0.0,0.4054651081081644,12.0,17.6,0.12857142857142856,3,93
0.0,0.6931471805599453,13.0,12.7,0.12857142857142856,4,93
0.0,1.3862943611198906,13.0,13.0,0.12857142857142856,0,93
0.0,0.6931471805599453,13.0,10.2,0.12857142857142856,3,93
0.0,0.6931471805599453,14.0,9.0,0.12857142857142856,0,93
0.0,0.6931471805599453,12.0,9.0,0.12857142857142856,3,93
10.0,1.6094379124341003,13.0,10.2,0.12857142857142856,1,93
10.0,1.6094379124341003,13.0,10.2,0.12857142857142856,1,93
0.0,1.0986122886681098,13.0,9.5,0.12857142857142856,0,93
0.0,0.4054651081081644,13.0,11.6,0.12857142857142856,3,93
50.0,1.791759469228055,11.0,15.7,0.12857142857142856,1,93
0.0,0.6931471805599453,13.0,17.3,0.12857142857142856,3,93
0.0,1.3862943611198906,12.0,18.9,0.12857142857142856,4,93
0.0,1.0986122886681098,12.0,7.6,0.12857142857142856,3,93
0.0,1.0986122886681098,11.0,24.8,0.12857142857142856,0,93
0.0,1.3862943611198906,12.0,13.3,0.12857142857142856,0,93
0.0,1.0986122886681098,12.0,13.7,0.12857142857142856,3,93
0.0,1.3862943611198906,14.0,2.8,0.12857142857142856,4,93
0.0,0.4054651081081644,12.0,7.5,0.12857142857142856,3,93
0.0,0.6931471805599453,13.0,10.1,0.12857142857142856,1,93
0.0,0.6931471805599453,13.0,10.3,0.12857142857142856,3,93
0.0,0.6931471805599453,13.0,10.2,0.12857142857142856,4,93
0.0,1.0986122886681098,11.0,20.9,0.12857142857142856,3,93
0.0,1.6094379124341003,13.0,8.7,0.12857142857142856,0,93
0.0,1.6094379124341003,13.0,8.4,0.12857142857142856,4,93
0.0,0.22314355131420976,15.0,10.5,0.12857142857142856,1,93
0.0,0.4054651081081644,15.0,10.5,0.12857142857142856,4,93
0.0,0.6931471805599453,13.0,5.1,0.12857142857142856,3,93
0.0,2.3978952727983707,15.0,2.5,0.12857142857142856,3,93
0.0,0.6931471805599453,13.0,7.7,0.12857142857142856,1,93
0.0,1.0986122886681098,14.0,8.1,0.12857142857142856,3,93
0.0,0.6931471805599453,12.0,7.6,0.12857142857142856,4,93
0.0,0.6931471805599453,12.0,9.1,0.12857142857142856,3,93
0.0,1.3862943611198906,14.0,4.4,0.12857142857142856,0,93
0.0,1.9459101490553132,12.0,10.1,0.12857142857142856,0,93
0.0,1.6094379124341003,12.0,10.0,0.12857142857142856,0,93
0.0,1.0986122886681098,14.0,3.6,0.12857142857142856,3,93
0.0,0.6931471805599453,10.0,39.4,0.12857142857142856,3,93
0.0,1.3862943611198906,13.0,5.9,0.12857142857142856,4,93
0.0,0.6931471805599453,12.0,11.2,0.0449438202247191,1,94
0.0,1.3862943611198906,12.0,17.2,0.0449438202247191,4,94
0.0,1.791759469228055,13.0,12.7,0.0449438202247191,3,94
0.0,1.6094379124341003,12.0,19.0,0.0449438202247191,0,94
0.0,1.0986122886681098,11.0,19.6,0.0449438202247191,1,94
0.0,0.6931471805599453,13.0,9.3,0.0449438202247191,1,94
0.0,0.6931471805599453,13.0,9.3,0.0449438202247191,1,94
0.0,0.6931471805599453,14.0,10.0,0.0449438202247191,1,94
0.0,0.6931471805599453,14.0,10.0,0.0449438202247191,1,94
0.0,0.6931471805599453,14.0,10.0,0.0449438202247191,1,94
0.0,1.0986122886681098,15.0,4.5,0.0449438202247191,1,94
0.0,1.791759469228055,15.0,3.5,0.0449438202247191,1,94
0.0,1.791759469228055,15.0,3.5,0.0449438202247191,1,94
0.0,0.6931471805599453,13.0,4.0,0.0449438202247191,3,94
0.0,1.0986122886681098,15.0,3.4,0.0449438202247191,1,94
0.0,1.9459101490553132,12.0,6.5,0.0449438202247191,0,94
0.0,1.6094379124341003,13.0,5.7,0.0449438202247191,4,94
0.0,1.0986122886681098,11.0,18.1,0.0449438202247191,4,94
75.0,2.3978952727983707,13.0,12.5,0.0449438202247191,1,94
20.0,2.3978952727983707,13.0,12.5,0.0449438202247191,1,94
0.0,0.6931471805599453,15.0,3.2,0.0449438202247191,1,94
0.0,0.6931471805599453,15.0,3.2,0.0449438202247191,1,94
0.0,0.6931471805599453,15.0,4.6,0.0449438202247191,1,94
0.0,1.3862943611198906,11.0,15.0,0.0449438202247191,0,94
0.0,1.3862943611198906,11.0,8.8,0.0449438202247191,1,94
0.0,1.3862943611198906,11.0,8.8,0.0449438202247191,1,94
0.0,1.3862943611198906,12.0,8.5,0.0449438202247191,4,94
0.0,1.0986122886681098,11.0,21.7,0.0449438202247191,3,94
0.0,1.791759469228055,11.0,19.9,0.0449438202247191,0,94
0.0,1.9459101490553132,12.0,18.2,0.0449438202247191,3,94
0.0,1.9459101490553132,13.0,7.4,0.0449438202247191,3,94
0.0,1.6094379124341003,11.0,27.0,0.0449438202247191,0,94
0.0,1.0986122886681098,12.0,12.2,0.0449438202247191,1,94
0.0,0.6931471805599453,13.0,13.6,0.0449438202247191,1,94
0.0,0.6931471805599453,12.0,4.4,0.0449438202247191,3,94
0.0,0.6931471805599453,13.0,4.3,0.0449438202247191,3,94
0.0,1.6094379124341003,12.0,21.6,0.0449438202247191,3,94
0.0,1.6094379124341003,13.0,18.9,0.0449438202247191,4,94
0.0,0.6931471805599453,13.0,5.3,0.0449438202247191,1,94
0.0,0.6931471805599453,13.0,5.3,0.0449438202247191,1,94
0.0,0.6931471805599453,13.0,5.3,0.0449438202247191,1,94
0.0,0.6931471805599453,17.0,5.2,0.0449438202247191,1,94
0.0,1.3862943611198906,11.0,14.0,0.0449438202247191,3,94
0.0,1.0986122886681098,12.0,13.8,0.0449438202247191,0,94
0.0,0.6931471805599453,13.0,10.9,0.0449438202247191,4,94
0.0,2.5649493574615367,13.0,12.6,0.0449438202247191,3,94
0.0,1.3862943611198906,12.0,6.1,0.0449438202247191,0,94
0.0,1.0986122886681098,12.0,7.7,0.0449438202247191,0,94
33.0,1.6094379124341003,13.0,11.7,0.0449438202247191,1,94
0.0,1.0986122886681098,15.0,3.8,0.0449438202247191,1,94
0.0,1.0986122886681098,19.0,2.8,0.0449438202247191,1,94
0.0,0.6931471805599453,12.0,19.6,0.0449438202247191,3,94
50.0,0.6931471805599453,11.0,4.2,0.22950819672131148,1,95
50.0,0.6931471805599453,12.0,4.1,0.22950819672131148,1,95
25.0,1.3862943611198906,13.0,6.9,0.22950819672131148,3,95
0.0,0.6931471805599453,12.0,7.2,0.22950819672131148,4,95
25.0,0.6931471805599453,13.0,11.9,0.22950819672131148,1,95
25.0,0.6931471805599453,13.0,12.4,0.22950819672131148,1,95
25.0,0.6931471805599453,19.0,6.2,0.22950819672131148,1,95
0.0,0.6931471805599453,16.0,6.9,0.22950819672131148,0,95
25.0,0.6931471805599453,18.0,4.4,0.22950819672131148,3,95
0.0,0.6931471805599453,15.0,4.4,0.22950819672131148,1,95
25.0,0.6931471805599453,12.0,5.2,0.22950819672131148,1,95
25.0,0.6931471805599453,17.0,10.1,0.22950819672131148,3,95
0.0,0.6931471805599453,12.0,8.1,0.22950819672131148,1,95
0.0,0.6931471805599453,13.0,7.1,0.22950819672131148,1,95
0.0,1.0986122886681098,16.0,4.3,0.22950819672131148,1,95
0.0,1.0986122886681098,14.0,2.1,0.22950819672131148,1,95
50.0,0.6931471805599453,12.0,1.7,0.22950819672131148,3,95
0.0,0.6931471805599453,14.0,3.5,0.22950819672131148,1,95
50.0,0.6931471805599453,16.0,4.7,0.22950819672131148,3,95
0.0,0.6931471805599453,12.0,14.0,0.22950819672131148,1,95
0.0,0.6931471805599453,15.0,10.8,0.22950819672131148,1,95
0.0,1.0986122886681098,11.0,8.8,0.22950819672131148,1,95
0.0,0.6931471805599453,13.0,5.0,0.22950819672131148,1,95
0.0,0.6931471805599453,13.0,6.3,0.22950819672131148,0,95
0.0,0.6931471805599453,13.0,5.9,0.22950819672131148,1,95
0.0,0.6931471805599453,13.0,1.7,0.22950819672131148,0,95
0.0,0.6931471805599453,13.0,3.2,0.22950819672131148,0,95
33.0,0.6931471805599453,13.0,6.3,0.22950819672131148,3,95
33.0,0.6931471805599453,12.0,6.6,0.22950819672131148,3,95
25.0,1.3862943611198906,12.0,3.6,0.22950819672131148,3,95
0.0,0.6931471805599453,13.0,6.8,0.22950819672131148,4,95
40.0,1.6094379124341003,15.0,1.6,0.47761194029850745,2,96
50.0,1.6094379124341003,15.0,1.6,0.47761194029850745,2,96
50.0,1.6094379124341003,14.0,1.7,0.47761194029850745,2,96
25.0,1.3862943611198906,36.0,1.0,0.47761194029850745,3,96
20.0,2.0794415416798357,36.0,1.0,0.47761194029850745,3,96
25.0,1.6094379124341003,36.0,1.0,0.47761194029850745,3,96
33.0,1.9459101490553132,36.0,1.0,0.47761194029850745,3,96
40.0,1.791759469228055,19.0,1.5,0.47761194029850745,1,96
33.0,2.0794415416798357,15.0,1.1,0.47761194029850745,2,96
20.0,1.6094379124341003,13.0,1.5,0.47761194029850745,2,96
25.0,2.3978952727983707,13.0,3.0,0.47761194029850745,2,96
0.0,1.6094379124341003,15.0,1.7,0.47761194029850745,3,96
10.0,1.0986122886681098,15.0,3.7,0.47761194029850745,2,96
0.0,1.3862943611198906,18.0,0.6,0.47761194029850745,3,96
0.0,1.3862943611198906,18.0,0.6,0.47761194029850745,3,96
50.0,1.0986122886681098,16.0,1.9,0.47761194029850745,2,96
50.0,5.860786223465865,16.0,1.7,0.47761194029850745,2,96
0.0,4.61512051684126,20.0,1.0,0.47761194029850745,3,96
50.0,1.791759469228055,13.0,1.2,0.47761194029850745,1,96
50.0,1.9459101490553132,14.0,1.3,0.47761194029850745,2,96
80.0,1.6094379124341003,12.0,16.7,1.0,2,97
75.0,1.6094379124341003,12.0,16.7,1.0,2,97
80.0,1.0986122886681098,12.0,17.6,1.0,2,97
80.0,1.6094379124341003,13.0,10.7,1.0,2,97
75.0,1.6094379124341003,13.0,10.7,1.0,2,97
75.0,0.6931471805599453,12.0,11.7,1.0,2,97
100.0,0.6931471805599453,12.0,11.7,1.0,2,97
67.0,2.772588722239781,13.0,12.4,1.0,2,97
50.0,2.772588722239781,13.0,12.4,1.0,2,97
67.0,2.3978952727983707,12.0,16.9,1.0,2,97
75.0,2.3978952727983707,12.0,16.9,1.0,2,97
75.0,2.3978952727983707,12.0,16.9,1.0,2,97
67.0,1.0986122886681098,13.0,6.2,1.0,2,97
75.0,2.3978952727983707,13.0,8.4,1.0,2,97
75.0,2.3978952727983707,13.0,8.4,1.0,2,97
75.0,2.3978952727983707,13.0,8.4,1.0,2,97
67.0,0.6931471805599453,13.0,8.5,1.0,2,97
75.0,0.6931471805599453,13.0,8.5,1.0,2,97
67.0,2.5649493574615367,13.0,7.0,1.0,2,97
75.0,2.5649493574615367,13.0,7.0,1.0,2,97
67.0,0.6931471805599453,13.0,7.2,1.0,2,97
75.0,0.6931471805599453,13.0,7.2,1.0,2,97
67.0,2.4849066497880004,12.0,6.0,1.0,2,97
67.0,2.4849066497880004,12.0,6.0,1.0,2,97
67.0,1.791759469228055,13.0,6.0,1.0,2,97
75.0,1.791759469228055,13.0,6.0,1.0,2,97
67.0,2.772588722239781,13.0,5.9,1.0,2,97
75.0,1.0986122886681098,12.0,14.0,1.0,2,97
75.0,1.0986122886681098,12.0,14.0,1.0,2,97
67.0,1.0986122886681098,18.0,7.0,1.0,2,97
67.0,1.0986122886681098,18.0,7.0,1.0,2,97
75.0,2.3978952727983707,13.0,15.7,1.0,2,97
75.0,2.3978952727983707,13.0,15.7,1.0,2,97
75.0,0.6931471805599453,13.0,15.8,1.0,2,97
75.0,0.6931471805599453,13.0,15.8,1.0,2,97
67.0,0.6931471805599453,13.0,15.8,1.0,2,97
67.0,0.4054651081081644,13.0,16.5,1.0,2,97
75.0,0.4054651081081644,13.0,16.5,1.0,2,97
75.0,2.772588722239781,13.0,15.4,1.0,2,97
75.0,2.772588722239781,13.0,15.4,1.0,2,97
75.0,1.0986122886681098,13.0,14.2,1.0,2,97
75.0,1.0986122886681098,13.0,14.2,1.0,2,97
75.0,1.0986122886681098,13.0,14.2,1.0,2,97
67.0,1.0986122886681098,16.0,7.9,1.0,2,97
75.0,1.0986122886681098,16.0,7.9,1.0,2,97
50.0,1.0986122886681098,12.0,7.7,1.0,2,97
75.0,1.0986122886681098,12.0,7.7,1.0,2,97
62.0,1.0986122886681098,12.0,7.7,1.0,2,97
50.0,0.6931471805599453,12.0,7.7,1.0,2,97
75.0,0.6931471805599453,12.0,7.7,1.0,2,97
50.0,2.3978952727983707,11.0,7.8,1.0,2,97
75.0,2.3978952727983707,11.0,7.8,1.0,2,97
50.0,3.044522437723423,11.0,7.9,1.0,2,97
75.0,3.044522437723423,11.0,7.9,1.0,2,97
50.0,2.70805020110221,12.0,7.0,1.0,2,97
75.0,2.70805020110221,12.0,7.0,1.0,2,97
67.0,2.70805020110221,12.0,7.0,1.0,2,97
50.0,2.70805020110221,12.0,7.3,1.0,2,97
75.0,2.70805020110221,12.0,7.3,1.0,2,97
50.0,2.70805020110221,12.0,7.3,1.0,2,97
100.0,1.0986122886681098,12.0,6.5,1.0,1,97
50.0,1.0986122886681098,12.0,6.5,1.0,1,97
100.0,1.9459101490553132,12.0,6.5,1.0,2,97
50.0,1.9459101490553132,12.0,6.5,1.0,2,97
67.0,1.0986122886681098,18.0,6.3,1.0,2,97
50.0,1.0986122886681098,18.0,6.3,1.0,2,97
67.0,1.9459101490553132,18.0,6.3,1.0,3,97
50.0,1.9459101490553132,18.0,6.3,1.0,3,97
50.0,1.0986122886681098,14.0,8.7,1.0,2,97
50.0,1.0986122886681098,14.0,8.7,1.0,2,97
50.0,1.6094379124341003,15.0,6.8,1.0,2,97
50.0,1.6094379124341003,15.0,6.8,1.0,2,97
50.0,1.6094379124341003,15.0,6.8,1.0,2,97
67.0,1.0986122886681098,15.0,8.7,1.0,2,97
67.0,1.0986122886681098,15.0,8.7,1.0,2,97
75.0,1.0986122886681098,16.0,8.6,1.0,2,97
67.0,1.0986122886681098,16.0,8.6,1.0,2,97
67.0,1.6094379124341003,15.0,8.2,1.0,2,97
100.0,1.6094379124341003,15.0,8.2,1.0,2,97
75.0,1.0986122886681098,16.0,7.7,1.0,2,97
75.0,1.0986122886681098,16.0,7.7,1.0,2,97
75.0,1.0986122886681098,16.0,7.7,1.0,2,97
75.0,0.6931471805599453,16.0,7.3,1.0,2,97
75.0,0.6931471805599453,16.0,7.3,1.0,2,97
75.0,1.3862943611198906,17.0,5.3,1.0,2,97
67.0,1.3862943611198906,17.0,5.3,1.0,2,97
75.0,1.3862943611198906,16.0,5.6,1.0,2,97
67.0,1.3862943611198906,16.0,5.6,1.0,2,97
67.0,0.6931471805599453,15.0,5.7,1.0,2,97
67.0,0.6931471805599453,15.0,5.7,1.0,2,97
67.0,1.3862943611198906,12.0,7.3,1.0,2,97
75.0,1.3862943611198906,12.0,7.3,1.0,2,97
67.0,0.6931471805599453,12.0,12.6,1.0,2,97
75.0,1.0986122886681098,11.0,23.1,1.0,2,97
67.0,1.0986122886681098,11.0,23.1,1.0,2,97
75.0,1.0986122886681098,12.0,22.0,1.0,2,97
75.0,1.0986122886681098,12.0,22.0,1.0,2,97
75.0,1.791759469228055,11.0,21.0,1.0,2,97
67.0,1.791759469228055,11.0,21.0,1.0,2,97
75.0,1.791759469228055,11.0,20.3,1.0,2,97
75.0,2.1972245773362196,11.0,19.6,1.0,2,97
75.0,2.1972245773362196,11.0,19.6,1.0,2,97
75.0,3.044522437723423,12.0,18.7,1.0,2,97
67.0,3.044522437723423,12.0,18.7,1.0,2,97
75.0,2.1972245773362196,11.0,18.4,1.0,2,97
67.0,2.1972245773362196,11.0,18.4,1.0,2,97
75.0,1.9459101490553132,12.0,18.5,1.0,2,97
67.0,1.9459101490553132,12.0,18.5,1.0,2,97
75.0,1.0986122886681098,12.0,18.6,1.0,2,97
50.0,1.0986122886681098,12.0,18.6,1.0,2,97
75.0,1.791759469228055,12.0,18.6,1.0,2,97
67.0,1.791759469228055,12.0,18.6,1.0,2,97
75.0,3.044522437723423,12.0,15.4,1.0,2,97
50.0,3.044522437723423,12.0,15.4,1.0,2,97
0.0,4.61512051684126,11.0,11.2,0.0,2,98
0.0,6.90875477931522,11.0,9.2,0.0,2,98
0.0,6.398594934535208,11.0,13.5,0.0,2,98
0.0,4.61512051684126,15.0,1.7,0.0,3,98
0.0,3.9318256327243257,12.0,14.5,0.0,3,98
0.0,3.258096538021482,12.0,15.6,0.0,3,98
0.0,3.258096538021482,12.0,17.7,0.0,3,98
0.0,3.258096538021482,14.0,23.7,0.0,3,98
0.0,3.258096538021482,14.0,23.7,0.0,3,98
0.0,1.9459101490553132,14.0,3.3,0.6615384615384615,2,99
80.0,1.6094379124341003,36.0,2.0,0.6615384615384615,3,99
80.0,0.6931471805599453,16.0,21.7,0.6615384615384615,1,99
75.0,2.3978952727983707,13.0,18.9,0.6615384615384615,2,99
80.0,1.6094379124341003,13.0,20.1,0.6615384615384615,1,99
30.0,1.6094379124341003,13.0,6.5,0.6615384615384615,2,99
0.0,1.6094379124341003,13.0,6.5,0.6615384615384615,2,99
30.0,1.791759469228055,12.0,8.1,0.6615384615384615,2,99
50.0,1.3862943611198906,13.0,9.9,0.6615384615384615,2,99
50.0,0.6931471805599453,14.0,10.4,0.6615384615384615,1,99
0.0,0.6931471805599453,14.0,10.4,0.6615384615384615,1,99
50.0,1.9459101490553132,13.0,18.0,0.6615384615384615,2,99
25.0,1.9459101490553132,13.0,18.0,0.6615384615384615,2,99
25.0,1.0986122886681098,13.0,15.3,0.6615384615384615,3,99
0.0,1.0986122886681098,13.0,15.3,0.6615384615384615,3,99
0.0,1.0986122886681098,13.0,15.3,0.6615384615384615,3,99
0.0,1.9459101490553132,13.0,15.7,0.6615384615384615,2,99
0.0,1.9459101490553132,13.0,16.7,0.6615384615384615,2,99
50.0,1.6094379124341003,13.0,18.0,0.6615384615384615,2,99
100.0,1.6094379124341003,13.0,18.0,0.6615384615384615,2,99
70.0,0.9162907318741551,13.0,7.0,0.6615384615384615,2,99
0.0,1.3862943611198906,14.0,6.6,0.6615384615384615,2,99
0.0,1.3862943611198906,14.0,6.6,0.6615384615384615,2,99
0.0,0.6931471805599453,14.0,7.2,0.6615384615384615,1,99
0.0,0.6931471805599453,14.0,7.2,0.6615384615384615,1,99
0.0,1.3862943611198906,14.0,7.2,0.6615384615384615,2,99
0.0,1.3862943611198906,14.0,7.2,0.6615384615384615,2,99
0.0,0.6931471805599453,13.0,7.6,0.6615384615384615,1,99
0.0,0.6931471805599453,13.0,7.6,0.6615384615384615,1,99
0.0,1.7047480922384253,13.0,7.6,0.6615384615384615,2,99
0.0,1.7047480922384253,13.0,7.6,0.6615384615384615,2,99
50.0,1.791759469228055,10.0,19.3,0.6615384615384615,2,99
25.0,0.9162907318741551,11.0,32.8,0.6615384615384615,3,99
25.0,0.9162907318741551,11.0,32.8,0.6615384615384615,3,99
50.0,1.9459101490553132,11.0,30.5,0.6615384615384615,2,99
25.0,0.6931471805599453,11.0,35.7,0.6615384615384615,3,99
25.0,0.6931471805599453,11.0,35.7,0.6615384615384615,3,99
25.0,0.4054651081081644,11.0,39.0,0.6615384615384615,3,99
50.0,2.0794415416798357,13.0,21.9,0.6615384615384615,2,99
30.0,1.0986122886681098,15.0,10.3,0.6615384615384615,3,99
20.0,1.0986122886681098,15.0,10.3,0.6615384615384615,3,99
85.0,2.3978952727983707,11.0,25.3,0.9864864864864865,2,100
85.0,2.5649493574615367,11.0,42.6,0.9864864864864865,2,100
85.0,0.6931471805599453,10.0,36.2,0.9864864864864865,2,100
80.0,1.791759469228055,11.0,28.6,0.9864864864864865,1,100
50.0,0.6931471805599453,13.0,34.0,0.9864864864864865,2,100
50.0,0.6931471805599453,12.0,33.4,0.9864864864864865,2,100
50.0,0.6931471805599453,12.0,31.4,0.9864864864864865,2,100
50.0,1.0986122886681098,11.0,27.6,0.9864864864864865,2,100
50.0,1.3862943611198906,10.0,28.0,0.9864864864864865,2,100
50.0,0.6931471805599453,11.0,30.6,0.9864864864864865,2,100
90.0,1.6094379124341003,10.0,33.3,0.9864864864864865,1,100
75.0,1.6094379124341003,10.0,33.3,0.9864864864864865,1,100
95.0,1.6094379124341003,10.0,33.3,0.9864864864864865,1,100
90.0,1.3862943611198906,10.0,33.3,0.9864864864864865,2,100
75.0,1.3862943611198906,10.0,33.3,0.9864864864864865,2,100
95.0,1.3862943611198906,10.0,33.3,0.9864864864864865,2,100
75.0,1.3862943611198906,11.0,23.0,0.9864864864864865,2,100
75.0,0.6931471805599453,10.0,34.0,0.9864864864864865,2,100
75.0,1.3862943611198906,14.0,24.4,0.9864864864864865,2,100
75.0,1.0986122886681098,11.0,22.8,0.9864864864864865,2,100
50.0,1.6094379124341003,12.0,22.5,0.9864864864864865,2,100
100.0,1.6094379124341003,12.0,22.5,0.9864864864864865,2,100
50.0,2.1972245773362196,12.0,25.0,0.9864864864864865,2,100
50.0,1.6094379124341003,11.0,27.9,0.9864864864864865,2,100
50.0,0.6931471805599453,16.0,13.0,0.9864864864864865,2,100
50.0,1.3862943611198906,11.0,22.5,0.9864864864864865,2,100
50.0,1.0986122886681098,11.0,18.9,0.9864864864864865,2,100
75.0,1.3862943611198906,12.0,8.9,0.9864864864864865,2,100
75.0,1.6094379124341003,11.0,23.2,0.9864864864864865,2,100
75.0,1.9459101490553132,11.0,23.0,0.9864864864864865,2,100
75.0,1.791759469228055,11.0,23.1,0.9864864864864865,2,100
75.0,1.6094379124341003,10.0,45.4,0.9864864864864865,2,100
75.0,1.0986122886681098,11.0,14.5,0.9864864864864865,2,100
75.0,1.3862943611198906,12.0,29.4,0.9864864864864865,2,100
75.0,1.6094379124341003,11.0,20.2,0.9864864864864865,2,100
75.0,1.6094379124341003,10.0,29.3,0.9864864864864865,2,100
75.0,1.9459101490553132,12.0,15.8,0.9864864864864865,2,100
75.0,1.6094379124341003,10.0,41.0,0.9864864864864865,2,100
75.0,1.791759469228055,10.0,26.5,0.9864864864864865,2,100
75.0,1.791759469228055,10.0,26.5,0.9864864864864865,2,100
50.0,1.791759469228055,10.0,26.5,0.9864864864864865,2,100
75.0,1.791759469228055,11.0,15.3,0.9864864864864865,2,100
75.0,1.6094379124341003,12.0,32.8,0.9864864864864865,2,100
75.0,1.3862943611198906,11.0,36.1,0.9864864864864865,2,100
50.0,1.0986122886681098,11.0,20.8,0.9864864864864865,2,100
50.0,1.6094379124341003,14.0,44.6,0.9864864864864865,2,100
75.0,1.6094379124341003,11.0,29.6,0.9864864864864865,2,100
75.0,1.6094379124341003,11.0,24.7,0.9864864864864865,2,100
75.0,1.0986122886681098,12.0,38.4,0.9864864864864865,2,100
75.0,1.0986122886681098,13.0,32.5,0.9864864864864865,2,100
75.0,1.0986122886681098,11.0,35.2,0.9864864864864865,2,100
75.0,1.3862943611198906,11.0,35.0,0.9864864864864865,2,100
75.0,1.0986122886681098,12.0,31.0,0.9864864864864865,2,100
75.0,1.0986122886681098,14.0,21.8,0.9864864864864865,2,100
50.0,0.9162907318741551,11.0,29.7,0.9864864864864865,3,100
67.0,1.3862943611198906,11.0,44.8,0.8088235294117647,1,101
33.0,1.3862943611198906,11.0,44.8,0.8088235294117647,1,101
67.0,1.0986122886681098,11.0,44.8,0.8088235294117647,2,101
33.0,1.0986122886681098,11.0,44.8,0.8088235294117647,2,101
60.0,1.3862943611198906,10.0,51.2,0.8088235294117647,2,101
75.0,1.0986122886681098,12.0,58.3,0.8088235294117647,1,101
50.0,1.3862943611198906,11.0,49.7,0.8088235294117647,1,101
70.0,1.3862943611198906,10.0,44.0,0.8088235294117647,0,101
33.0,1.9459101490553132,10.0,42.7,0.8088235294117647,2,101
67.0,0.6931471805599453,11.0,13.8,0.8088235294117647,1,101
33.0,0.6931471805599453,11.0,13.8,0.8088235294117647,1,101
67.0,0.22314355131420976,11.0,13.8,0.8088235294117647,2,101
33.0,0.22314355131420976,11.0,13.8,0.8088235294117647,2,101
25.0,1.6094379124341003,10.0,40.1,0.8088235294117647,2,101
100.0,1.6094379124341003,11.0,6.7,0.8088235294117647,2,101
33.0,1.6094379124341003,11.0,6.7,0.8088235294117647,2,101
40.0,1.3862943611198906,10.0,66.9,0.8088235294117647,2,101
70.0,1.3862943611198906,10.0,66.2,0.8088235294117647,2,101
45.0,1.9459101490553132,10.0,42.3,0.8088235294117647,2,101
70.0,0.6931471805599453,11.0,16.7,0.8088235294117647,1,101
60.0,0.6931471805599453,11.0,16.7,0.8088235294117647,1,101
70.0,1.6094379124341003,11.0,16.7,0.8088235294117647,2,101
60.0,1.6094379124341003,11.0,16.7,0.8088235294117647,2,101
33.0,0.9162907318741551,11.0,16.4,0.8088235294117647,1,101
50.0,0.9162907318741551,11.0,16.4,0.8088235294117647,1,101
75.0,1.0986122886681098,11.0,28.4,0.8088235294117647,0,101
80.0,1.791759469228055,10.0,28.2,0.8088235294117647,2,101
35.0,0.9162907318741551,10.0,52.0,0.8088235294117647,2,101
75.0,0.6931471805599453,12.0,17.9,0.8088235294117647,1,101
35.0,0.6931471805599453,12.0,17.9,0.8088235294117647,1,101
75.0,1.3862943611198906,12.0,17.9,0.8088235294117647,2,101
35.0,1.3862943611198906,12.0,17.9,0.8088235294117647,2,101
50.0,1.0986122886681098,12.0,33.2,0.8088235294117647,3,101
70.0,1.0986122886681098,11.0,31.4,0.8088235294117647,4,101
70.0,0.9162907318741551,10.0,33.1,0.8088235294117647,0,101
50.0,0.6931471805599453,10.0,53.9,0.8088235294117647,2,101
0.0,1.7047480922384253,11.0,43.6,0.8088235294117647,2,101
0.0,1.0986122886681098,11.0,9.0,0.8088235294117647,2,101
0.0,1.6094379124341003,12.0,23.9,0.8088235294117647,2,101
0.0,1.6094379124341003,10.0,22.7,0.8088235294117647,2,101
33.0,1.0986122886681098,10.0,35.2,0.8088235294117647,2,101
25.0,0.6931471805599453,10.0,46.7,0.8088235294117647,0,101
67.0,0.6931471805599453,10.0,46.4,0.8088235294117647,4,101
33.0,1.3862943611198906,15.0,30.9,0.8088235294117647,2,101
33.0,1.0986122886681098,11.0,54.9,0.8088235294117647,2,101
30.0,1.0986122886681098,11.0,37.9,0.8088235294117647,2,101
30.0,1.0986122886681098,10.0,25.3,0.8088235294117647,2,101
50.0,1.6094379124341003,11.0,13.9,0.8088235294117647,2,101
0.0,1.791759469228055,11.0,21.9,0.8088235294117647,2,101
75.0,1.5040773967762742,12.0,22.8,0.8088235294117647,2,101
0.0,1.9459101490553132,12.0,24.4,0.8088235294117647,2,101
0.0,1.3862943611198906,12.0,23.4,0.8088235294117647,2,101
33.0,1.0986122886681098,11.0,22.8,0.639344262295082,1,102
15.0,1.0986122886681098,11.0,22.8,0.639344262295082,1,102
33.0,1.0986122886681098,11.0,22.8,0.639344262295082,2,102
15.0,1.0986122886681098,11.0,22.8,0.639344262295082,2,102
100.0,0.6931471805599453,12.0,18.6,0.639344262295082,2,102
50.0,0.6931471805599453,12.0,18.6,0.639344262295082,2,102
67.0,0.6931471805599453,12.0,18.6,0.639344262295082,2,102
50.0,1.6094379124341003,13.0,19.9,0.639344262295082,2,102
50.0,1.0986122886681098,13.0,21.1,0.639344262295082,2,102
50.0,0.6931471805599453,12.0,16.4,0.639344262295082,2,102
67.0,1.3862943611198906,12.0,21.0,0.639344262295082,2,102
75.0,1.0986122886681098,12.0,10.2,0.639344262295082,2,102
50.0,2.0794415416798357,11.0,22.3,0.639344262295082,2,102
50.0,0.6931471805599453,12.0,15.7,0.639344262295082,2,102
0.0,2.3978952727983707,14.0,10.5,0.639344262295082,3,102
50.0,1.791759469228055,15.0,7.0,0.639344262295082,1,102
0.0,1.3862943611198906,11.0,35.6,0.639344262295082,1,102
0.0,1.791759469228055,11.0,16.0,0.639344262295082,1,102
0.0,3.044522437723423,15.0,20.7,0.639344262295082,2,102
50.0,2.3978952727983707,12.0,11.3,0.639344262295082,2,102
50.0,1.6094379124341003,14.0,13.4,0.639344262295082,2,102
0.0,1.6094379124341003,13.0,14.6,0.639344262295082,1,102
50.0,1.0986122886681098,14.0,5.8,0.639344262295082,1,102
0.0,3.9318256327243257,12.0,3.5,0.5685279187817259,2,103
40.0,1.0986122886681098,12.0,3.5,0.5685279187817259,1,103
30.0,1.0986122886681098,13.0,5.1,0.5685279187817259,1,103
30.0,5.017279836814924,12.0,7.9,0.5685279187817259,1,103
0.0,0.6931471805599453,12.0,7.0,0.5685279187817259,2,103
30.0,1.3862943611198906,12.0,8.3,0.5685279187817259,1,103
20.0,1.0986122886681098,12.0,5.3,0.5685279187817259,2,103
30.0,1.791759469228055,12.0,7.2,0.5685279187817259,1,103
0.0,1.9459101490553132,12.0,8.1,0.5685279187817259,2,103
40.0,3.9318256327243257,12.0,7.4,0.5685279187817259,2,103
30.0,1.791759469228055,12.0,6.5,0.5685279187817259,3,103
30.0,1.3862943611198906,13.0,2.7,0.5685279187817259,2,103
30.0,0.6931471805599453,13.0,11.5,0.5685279187817259,1,103
20.0,1.3862943611198906,14.0,11.3,0.5685279187817259,2,103
20.0,3.9318256327243257,11.0,6.9,0.5685279187817259,2,103
40.0,0.6931471805599453,11.0,10.8,0.5685279187817259,1,103
60.0,0.6931471805599453,11.0,10.6,0.5685279187817259,1,103
0.0,0.6931471805599453,11.0,10.6,0.5685279187817259,1,103
0.0,0.6931471805599453,11.0,10.6,0.5685279187817259,1,103
60.0,1.791759469228055,11.0,11.6,0.5685279187817259,1,103
30.0,3.9318256327243257,11.0,12.2,0.5685279187817259,1,103
0.0,1.3862943611198906,12.0,8.1,0.5685279187817259,3,103
20.0,0.6931471805599453,13.0,5.4,0.5685279187817259,1,103
40.0,1.3862943611198906,12.0,5.4,0.5685279187817259,2,103
20.0,1.6094379124341003,13.0,8.2,0.5685279187817259,1,103
0.0,1.3862943611198906,13.0,2.8,0.5685279187817259,2,103
20.0,3.258096538021482,13.0,2.4,0.5685279187817259,3,103
0.0,1.0986122886681098,12.0,6.5,0.5685279187817259,2,103
0.0,1.3862943611198906,13.0,2.9,0.5685279187817259,2,103
20.0,2.4849066497880004,12.0,7.2,0.5685279187817259,1,103
50.0,1.0986122886681098,12.0,4.0,0.5685279187817259,1,103
30.0,1.791759469228055,11.0,2.6,0.5685279187817259,1,103
60.0,1.6094379124341003,12.0,5.3,0.5685279187817259,1,103
20.0,3.044522437723423,11.0,3.5,0.5685279187817259,2,103
20.0,1.0986122886681098,11.0,2.9,0.5685279187817259,1,103
20.0,1.0986122886681098,11.0,2.9,0.5685279187817259,1,103
20.0,1.0986122886681098,11.0,2.9,0.5685279187817259,1,103
10.0,1.0986122886681098,11.0,2.9,0.5685279187817259,1,103
50.0,2.772588722239781,12.0,7.9,0.5685279187817259,1,103
0.0,2.772588722239781,12.0,7.9,0.5685279187817259,1,103
20.0,2.772588722239781,12.0,7.9,0.5685279187817259,1,103
20.0,1.0986122886681098,11.0,10.3,0.5685279187817259,1,103
60.0,0.6931471805599453,11.0,11.7,0.5685279187817259,1,103
10.0,1.0986122886681098,12.0,6.2,0.5685279187817259,3,103
30.0,1.0986122886681098,13.0,8.1,0.5685279187817259,1,103
60.0,5.017279836814924,12.0,9.1,0.5685279187817259,1,103
0.0,5.017279836814924,13.0,9.3,0.5685279187817259,2,103
20.0,0.6931471805599453,11.0,6.8,0.5685279187817259,1,103
20.0,0.6931471805599453,11.0,6.8,0.5685279187817259,1,103
20.0,0.6931471805599453,11.0,6.8,0.5685279187817259,1,103
30.0,1.6094379124341003,12.0,7.0,0.5685279187817259,1,103
80.0,1.3862943611198906,12.0,6.9,0.5685279187817259,2,103
0.0,0.6931471805599453,15.0,11.2,0.5685279187817259,2,103
20.0,1.9459101490553132,13.0,6.5,0.5685279187817259,1,103
0.0,1.0986122886681098,14.0,7.6,0.5685279187817259,2,103
0.0,1.0986122886681098,12.0,10.5,0.5685279187817259,2,103
0.0,1.0986122886681098,12.0,10.2,0.5685279187817259,2,103
50.0,1.791759469228055,11.0,7.7,0.28415300546448086,3,104
50.0,2.70805020110221,13.0,7.4,0.28415300546448086,3,104
50.0,1.791759469228055,11.0,10.7,0.28415300546448086,1,104
20.0,1.791759469228055,11.0,10.7,0.28415300546448086,1,104
0.0,1.0986122886681098,12.0,14.7,0.28415300546448086,2,104
0.0,1.791759469228055,12.0,12.3,0.28415300546448086,2,104
30.0,1.9459101490553132,12.0,12.8,0.28415300546448086,4,104
0.0,0.6931471805599453,12.0,13.6,0.28415300546448086,0,104
0.0,1.3862943611198906,12.0,9.7,0.28415300546448086,2,104
0.0,0.6931471805599453,12.0,12.0,0.28415300546448086,4,104
50.0,2.9444389791664403,12.0,16.5,0.28415300546448086,3,104
60.0,1.791759469228055,11.0,9.7,0.28415300546448086,3,104
0.0,1.0986122886681098,11.0,14.6,0.28415300546448086,3,104
30.0,1.3862943611198906,12.0,8.0,0.28415300546448086,1,104
0.0,1.3862943611198906,12.0,8.0,0.28415300546448086,1,104
40.0,1.0986122886681098,12.0,8.4,0.28415300546448086,1,104
0.0,1.0986122886681098,12.0,8.4,0.28415300546448086,1,104
50.0,3.258096538021482,12.0,10.2,0.28415300546448086,3,104
40.0,1.0986122886681098,11.0,18.4,0.28415300546448086,3,104
50.0,2.3978952727983707,11.0,18.0,0.28415300546448086,4,104
40.0,1.791759469228055,12.0,10.4,0.28415300546448086,2,104
0.0,1.3862943611198906,12.0,8.7,0.28415300546448086,0,104
50.0,1.791759469228055,12.0,4.9,0.28415300546448086,1,104
0.0,1.791759469228055,12.0,4.9,0.28415300546448086,1,104
40.0,1.791759469228055,13.0,5.4,0.28415300546448086,3,104
50.0,1.3862943611198906,12.0,8.5,0.28415300546448086,3,104
60.0,1.0986122886681098,12.0,8.1,0.28415300546448086,4,104
70.0,1.3862943611198906,12.0,7.2,0.28415300546448086,3,104
60.0,1.0986122886681098,12.0,5.6,0.28415300546448086,2,104
50.0,2.3978952727983707,13.0,7.1,0.28415300546448086,3,104
50.0,2.5649493574615367,12.0,3.8,0.28415300546448086,3,104
40.0,0.6931471805599453,11.0,14.0,0.28415300546448086,1,104
0.0,0.6931471805599453,11.0,14.0,0.28415300546448086,1,104
0.0,2.3978952727983707,11.0,15.8,0.28415300546448086,4,104
0.0,1.6094379124341003,11.0,16.7,0.28415300546448086,3,104
30.0,1.9459101490553132,11.0,16.6,0.28415300546448086,3,104
50.0,1.791759469228055,12.0,15.3,0.28415300546448086,3,104
50.0,1.9459101490553132,12.0,10.1,0.28415300546448086,3,104
60.0,0.6931471805599453,11.0,16.2,0.28415300546448086,1,104
0.0,0.6931471805599453,11.0,16.2,0.28415300546448086,1,104
50.0,1.791759469228055,11.0,11.6,0.28415300546448086,3,104
60.0,2.5649493574615367,12.0,18.0,0.28415300546448086,3,104
0.0,2.833213344056216,11.0,11.8,0.28415300546448086,2,104
50.0,1.3862943611198906,12.0,17.8,0.28415300546448086,3,104
0.0,2.70805020110221,11.0,32.0,0.28415300546448086,3,104
0.0,2.772588722239781,11.0,13.9,0.28415300546448086,3,104
0.0,2.3978952727983707,13.0,6.7,0.28415300546448086,2,104
0.0,1.0986122886681098,11.0,17.5,0.28415300546448086,1,104
0.0,1.0986122886681098,11.0,17.5,0.28415300546448086,1,104
60.0,3.044522437723423,11.0,20.2,0.28415300546448086,4,104
70.0,1.3862943611198906,12.0,13.2,0.28415300546448086,3,104
20.0,0.6931471805599453,11.0,8.1,0.28415300546448086,2,104
30.0,0.6931471805599453,11.0,8.3,0.28415300546448086,3,104
0.0,0.6931471805599453,12.0,13.1,0.16326530612244897,1,105
20.0,0.9162907318741551,11.0,19.0,0.16326530612244897,1,105
0.0,0.9162907318741551,11.0,19.0,0.16326530612244897,1,105
0.0,1.3862943611198906,11.0,18.9,0.16326530612244897,1,105
0.0,0.9162907318741551,11.0,19.3,0.16326530612244897,2,105
0.0,1.0986122886681098,11.0,13.7,0.16326530612244897,1,105
0.0,1.0986122886681098,11.0,13.7,0.16326530612244897,1,105
0.0,1.0986122886681098,11.0,13.7,0.16326530612244897,1,105
0.0,1.791759469228055,11.0,12.6,0.16326530612244897,1,105
0.0,1.791759469228055,11.0,12.6,0.16326530612244897,1,105
0.0,1.9459101490553132,12.0,20.5,0.16326530612244897,1,105
0.0,1.9459101490553132,12.0,20.5,0.16326530612244897,1,105
0.0,1.6094379124341003,13.0,20.7,0.16326530612244897,1,105
0.0,1.3862943611198906,12.0,22.9,0.16326530612244897,1,105
0.0,1.6094379124341003,12.0,11.5,0.16326530612244897,1,105
0.0,1.0986122886681098,13.0,20.1,0.16326530612244897,1,105
15.0,0.6931471805599453,12.0,18.0,0.16326530612244897,3,105
15.0,1.0986122886681098,11.0,13.5,0.16326530612244897,3,105
0.0,1.3862943611198906,12.0,15.4,0.16326530612244897,1,105
15.0,1.791759469228055,13.0,10.0,0.16326530612244897,1,105
0.0,1.9459101490553132,13.0,16.2,0.16326530612244897,1,105
20.0,2.1972245773362196,16.0,15.3,0.16326530612244897,1,105
0.0,1.0986122886681098,11.0,24.2,0.16326530612244897,1,105
0.0,1.791759469228055,12.0,24.1,0.16326530612244897,1,105
20.0,1.0986122886681098,11.0,24.1,0.16326530612244897,1,105
0.0,0.6931471805599453,12.0,22.2,0.16326530612244897,2,105
0.0,1.0986122886681098,13.0,21.4,0.16326530612244897,1,105
0.0,2.3978952727983707,13.0,24.5,0.16326530612244897,1,105
0.0,1.0986122886681098,16.0,12.9,0.16326530612244897,1,105
0.0,1.0986122886681098,15.0,23.3,0.16326530612244897,1,105
30.0,0.6931471805599453,11.0,21.3,0.16326530612244897,3,105
0.0,1.0986122886681098,13.0,11.3,0.16326530612244897,1,105
0.0,0.6931471805599453,12.0,21.2,0.16326530612244897,3,105
40.0,0.4054651081081644,11.0,30.6,0.16326530612244897,2,105
0.0,0.9162907318741551,12.0,21.5,0.16326530612244897,1,105
0.0,0.6931471805599453,12.0,23.2,0.16326530612244897,1,105
0.0,0.6931471805599453,12.0,23.2,0.16326530612244897,1,105
0.0,1.0986122886681098,12.0,24.7,0.16326530612244897,1,105
0.0,0.9162907318741551,12.0,25.1,0.16326530612244897,1,105
0.0,0.4054651081081644,13.0,23.7,0.16326530612244897,1,105
0.0,0.4054651081081644,11.0,14.1,0.16326530612244897,3,105
0.0,0.9162907318741551,13.0,23.7,0.16326530612244897,1,105
0.0,1.252762968495368,13.0,14.1,0.16326530612244897,1,105
0.0,0.6931471805599453,10.0,21.3,0.16326530612244897,1,105
0.0,0.6931471805599453,10.0,21.3,0.16326530612244897,1,105
0.0,1.3862943611198906,10.0,21.3,0.16326530612244897,1,105
0.0,0.6931471805599453,11.0,14.2,0.16326530612244897,2,105
0.0,0.6931471805599453,11.0,11.1,0.16326530612244897,3,105
0.0,0.6931471805599453,11.0,31.1,0.16326530612244897,2,105
0.0,1.3862943611198906,11.0,33.4,0.16326530612244897,4,105
30.0,0.4054651081081644,11.0,31.5,0.16326530612244897,2,105
0.0,0.6931471805599453,11.0,20.5,0.16326530612244897,2,105
0.0,1.3862943611198906,15.0,12.4,0.16326530612244897,1,105
0.0,1.3862943611198906,15.0,12.4,0.16326530612244897,1,105
0.0,0.4054651081081644,11.0,20.5,0.16326530612244897,2,105
0.0,0.4054651081081644,16.0,10.2,0.16326530612244897,2,105
0.0,0.22314355131420976,12.0,12.8,0.16326530612244897,3,105
0.0,0.22314355131420976,11.0,15.6,0.16326530612244897,3,105
0.0,0.22314355131420976,11.0,20.6,0.16326530612244897,3,105
30.0,1.3862943611198906,14.0,24.0,0.16326530612244897,1,105
30.0,1.0986122886681098,11.0,21.3,0.16326530612244897,1,105
0.0,0.4054651081081644,11.0,15.7,0.16326530612244897,1,105
0.0,0.4054651081081644,11.0,15.7,0.16326530612244897,1,105
0.0,0.4054651081081644,11.0,15.6,0.16326530612244897,1,105
50.0,0.9162907318741551,11.0,18.0,0.16326530612244897,1,105
0.0,0.9162907318741551,11.0,18.0,0.16326530612244897,1,105
0.0,0.9162907318741551,11.0,18.0,0.16326530612244897,1,105
0.0,0.4054651081081644,11.0,16.7,0.16326530612244897,1,105
0.0,0.4054651081081644,11.0,16.7,0.16326530612244897,1,105
0.0,0.4054651081081644,11.0,16.7,0.16326530612244897,1,105
0.0,0.4054651081081644,11.0,16.8,0.16326530612244897,1,105
0.0,0.6931471805599453,11.0,16.5,0.16326530612244897,1,105
0.0,0.6931471805599453,12.0,14.4,0.16326530612244897,1,105
0.0,0.6931471805599453,10.0,22.3,0.16326530612244897,2,105
20.0,1.0986122886681098,12.0,5.6,0.16326530612244897,1,105
20.0,1.0986122886681098,12.0,5.6,0.16326530612244897,1,105
20.0,1.6094379124341003,12.0,5.9,0.16326530612244897,1,105
0.0,1.6094379124341003,12.0,5.9,0.16326530612244897,1,105
0.0,1.6094379124341003,12.0,5.9,0.16326530612244897,1,105
20.0,1.3862943611198906,12.0,7.8,0.16326530612244897,1,105
0.0,1.3862943611198906,12.0,7.8,0.16326530612244897,1,105
0.0,1.3862943611198906,12.0,7.8,0.16326530612244897,1,105
30.0,0.6931471805599453,11.0,19.8,0.16326530612244897,1,105
0.0,0.6931471805599453,11.0,19.8,0.16326530612244897,1,105
30.0,1.0986122886681098,11.0,14.9,0.16326530612244897,1,105
0.0,0.6931471805599453,11.0,9.3,0.16326530612244897,2,105
0.0,0.9162907318741551,12.0,21.4,0.16326530612244897,3,105
0.0,0.4054651081081644,12.0,14.3,0.16326530612244897,1,105
50.0,0.4054651081081644,12.0,14.3,0.16326530612244897,1,105
0.0,1.0986122886681098,12.0,20.8,0.16326530612244897,1,105
0.0,1.0986122886681098,12.0,20.8,0.16326530612244897,1,105
0.0,0.6931471805599453,12.0,25.0,0.16326530612244897,1,105
0.0,0.6931471805599453,11.0,27.8,0.16326530612244897,2,105
0.0,1.6094379124341003,12.0,11.8,0.16326530612244897,1,105
0.0,2.3978952727983707,11.0,14.6,0.16326530612244897,3,105
0.0,1.0986122886681098,12.0,11.8,0.16326530612244897,1,105
0.0,1.791759469228055,11.0,15.5,0.12162162162162163,1,106
0.0,2.3978952727983707,11.0,13.8,0.12162162162162163,1,106
0.0,2.3978952727983707,11.0,13.8,0.12162162162162163,1,106
0.0,2.3978952727983707,12.0,10.8,0.12162162162162163,1,106
30.0,4.61512051684126,12.0,5.5,0.12162162162162163,1,106
0.0,5.303304908059076,12.0,5.4,0.12162162162162163,1,106
70.0,2.1972245773362196,12.0,9.5,0.12162162162162163,1,106
70.0,2.1972245773362196,12.0,9.5,0.12162162162162163,1,106
50.0,0.6931471805599453,12.0,9.6,0.12162162162162163,1,106
0.0,3.258096538021482,12.0,10.2,0.1044776119402985,1,107
0.0,3.258096538021482,12.0,10.2,0.1044776119402985,1,107
0.0,4.61512051684126,12.0,9.7,0.1044776119402985,1,107
0.0,4.61512051684126,12.0,9.7,0.1044776119402985,1,107
0.0,3.044522437723423,12.0,9.0,0.1044776119402985,1,107
0.0,3.9318256327243257,12.0,9.3,0.1044776119402985,2,107
0.0,0.6931471805599453,12.0,8.1,0.1044776119402985,1,107
0.0,3.4339872044851463,12.0,11.2,0.1044776119402985,2,107
0.0,0.6931471805599453,13.0,9.4,0.1044776119402985,2,107
0.0,1.3862943611198906,11.0,11.3,0.1044776119402985,1,107
0.0,1.3862943611198906,11.0,11.3,0.1044776119402985,1,107
0.0,1.0986122886681098,11.0,20.8,0.1044776119402985,1,107
0.0,1.0986122886681098,11.0,20.8,0.1044776119402985,1,107
0.0,1.6094379124341003,11.0,19.7,0.1044776119402985,1,107
0.0,0.6931471805599453,11.0,10.7,0.1044776119402985,1,107
0.0,0.6931471805599453,11.0,9.6,0.1044776119402985,2,107
0.0,0.6931471805599453,12.0,12.0,0.1044776119402985,1,107
0.0,1.3862943611198906,11.0,13.8,0.1044776119402985,1,107
0.0,2.3978952727983707,11.0,12.7,0.1044776119402985,1,107
0.0,2.3978952727983707,11.0,12.7,0.1044776119402985,1,107
0.0,1.0986122886681098,11.0,10.4,0.1044776119402985,1,107
0.0,0.6931471805599453,11.0,10.1,0.1044776119402985,2,107
0.0,1.6094379124341003,11.0,12.9,0.1044776119402985,1,107
0.0,2.3978952727983707,12.0,5.3,0.1044776119402985,1,107
0.0,0.6931471805599453,12.0,5.3,0.1044776119402985,1,107
0.0,0.6931471805599453,12.0,5.3,0.1044776119402985,1,107
0.0,0.6931471805599453,12.0,9.9,0.1044776119402985,2,107
0.0,3.044522437723423,11.0,11.4,0.1044776119402985,1,107
0.0,0.6931471805599453,11.0,11.0,0.1044776119402985,1,107
0.0,0.6931471805599453,11.0,11.0,0.1044776119402985,1,107
0.0,0.6931471805599453,11.0,10.1,0.1044776119402985,1,107
60.0,1.0986122886681098,11.0,14.2,0.1044776119402985,1,107
60.0,1.0986122886681098,15.0,12.0,0.1044776119402985,1,107
0.0,1.0986122886681098,15.0,12.0,0.1044776119402985,1,107
0.0,0.6931471805599453,11.0,14.2,0.1044776119402985,1,107
0.0,0.6931471805599453,11.0,14.2,0.1044776119402985,1,107
0.0,1.3862943611198906,11.0,18.4,0.1044776119402985,1,107
0.0,1.3862943611198906,11.0,18.4,0.1044776119402985,1,107
0.0,0.6931471805599453,12.0,15.1,0.6268656716417911,3,108
40.0,0.9162907318741551,12.0,5.6,0.6268656716417911,1,108
20.0,0.9162907318741551,12.0,5.6,0.6268656716417911,1,108
20.0,0.6931471805599453,12.0,9.1,0.6268656716417911,1,108
0.0,0.6931471805599453,12.0,9.1,0.6268656716417911,1,108
0.0,1.9459101490553132,11.0,15.6,0.6268656716417911,1,108
20.0,3.4339872044851463,12.0,5.8,0.6268656716417911,1,108
20.0,2.1972245773362196,12.0,9.3,0.6268656716417911,1,108
40.0,2.1972245773362196,12.0,9.3,0.6268656716417911,1,108
30.0,1.6094379124341003,12.0,11.3,0.6268656716417911,1,108
0.0,0.6931471805599453,12.0,7.5,0.6268656716417911,4,108
20.0,0.6931471805599453,12.0,9.3,0.6268656716417911,1,108
0.0,0.6931471805599453,11.0,15.9,0.6268656716417911,3,108
30.0,0.6931471805599453,11.0,11.1,0.6268656716417911,1,108
60.0,0.6931471805599453,11.0,11.1,0.6268656716417911,1,108
30.0,0.6931471805599453,11.0,11.1,0.6268656716417911,1,108
0.0,3.6375861597263857,12.0,9.2,0.6268656716417911,1,108
0.0,0.6931471805599453,12.0,18.2,0.6268656716417911,4,108
30.0,3.258096538021482,12.0,8.0,0.6268656716417911,1,108
0.0,2.4849066497880004,12.0,6.7,0.6268656716417911,1,108
30.0,0.9162907318741551,11.0,11.3,0.6268656716417911,1,108
20.0,0.6931471805599453,12.0,8.6,0.6268656716417911,1,108
50.0,2.3978952727983707,12.0,9.5,0.6268656716417911,1,108
0.0,2.3978952727983707,12.0,9.5,0.6268656716417911,1,108
0.0,2.3978952727983707,12.0,9.5,0.6268656716417911,1,108
20.0,2.3978952727983707,12.0,9.5,0.6268656716417911,1,108
0.0,2.3978952727983707,12.0,9.5,0.6268656716417911,1,108
10.0,1.6094379124341003,10.0,17.5,0.30434782608695654,1,109
0.0,0.6931471805599453,11.0,24.6,0.30434782608695654,4,109
0.0,0.6931471805599453,10.0,16.7,0.30434782608695654,0,109
30.0,1.9459101490553132,11.0,28.2,0.30434782608695654,0,109
25.0,1.0986122886681098,11.0,32.0,0.30434782608695654,1,109
25.0,1.0986122886681098,11.0,30.5,0.30434782608695654,1,109
0.0,1.0986122886681098,11.0,32.0,0.30434782608695654,1,109
0.0,1.0986122886681098,11.0,30.5,0.30434782608695654,1,109
30.0,1.0986122886681098,11.0,32.0,0.30434782608695654,1,109
30.0,1.0986122886681098,11.0,30.5,0.30434782608695654,1,109
10.0,0.6931471805599453,13.0,6.3,0.30434782608695654,1,109
10.0,0.9162907318741551,13.0,13.1,0.30434782608695654,2,109
0.0,1.3862943611198906,11.0,32.4,0.30434782608695654,1,109
0.0,1.3862943611198906,11.0,32.0,0.30434782608695654,1,109
20.0,1.3862943611198906,11.0,32.4,0.30434782608695654,1,109
20.0,1.3862943611198906,11.0,32.0,0.30434782608695654,1,109
0.0,0.6931471805599453,11.0,29.2,0.30434782608695654,1,109
25.0,0.6931471805599453,11.0,27.3,0.30434782608695654,4,109
0.0,1.0986122886681098,11.0,33.3,0.30434782608695654,0,109
40.0,1.0986122886681098,11.0,27.3,0.30434782608695654,4,109
0.0,1.6094379124341003,11.0,27.5,0.30434782608695654,3,109
0.0,1.9459101490553132,13.0,12.7,0.30434782608695654,1,109
0.0,1.9459101490553132,11.0,16.4,0.30434782608695654,1,109
0.0,1.9459101490553132,13.0,12.7,0.30434782608695654,1,109
0.0,1.9459101490553132,11.0,16.4,0.30434782608695654,1,109
0.0,1.6094379124341003,13.0,12.5,0.30434782608695654,0,109
0.0,1.6094379124341003,11.0,16.2,0.30434782608695654,0,109
0.0,1.6094379124341003,13.0,12.5,0.30434782608695654,0,109
0.0,1.6094379124341003,11.0,16.2,0.30434782608695654,0,109
0.0,1.0986122886681098,12.0,23.1,0.30434782608695654,1,109
0.0,1.0986122886681098,14.0,17.4,0.30434782608695654,1,109
0.0,1.0986122886681098,12.0,23.1,0.30434782608695654,1,109
0.0,1.0986122886681098,14.0,17.4,0.30434782608695654,1,109
20.0,1.0986122886681098,12.0,23.1,0.30434782608695654,1,109
20.0,1.0986122886681098,14.0,17.4,0.30434782608695654,1,109
0.0,1.9459101490553132,13.0,11.9,0.30434782608695654,4,109
10.0,0.6931471805599453,12.0,15.2,0.30434782608695654,3,109
10.0,0.6931471805599453,12.0,16.3,0.30434782608695654,3,109
0.0,0.6931471805599453,12.0,15.2,0.30434782608695654,3,109
0.0,0.6931471805599453,12.0,16.3,0.30434782608695654,3,109
0.0,1.9459101490553132,12.0,7.9,0.30434782608695654,0,109
0.0,2.3978952727983707,12.0,24.1,0.30434782608695654,1,109
0.0,1.6094379124341003,11.0,14.2,0.30434782608695654,2,109
0.0,1.6094379124341003,13.0,15.2,0.30434782608695654,1,109
0.0,1.6094379124341003,11.0,14.4,0.30434782608695654,1,109
0.0,1.6094379124341003,13.0,15.2,0.30434782608695654,1,109
0.0,1.6094379124341003,11.0,14.4,0.30434782608695654,1,109
0.0,0.6931471805599453,13.0,12.5,0.30434782608695654,0,109
0.0,0.6931471805599453,11.0,16.2,0.30434782608695654,0,109
0.0,0.6931471805599453,13.0,12.5,0.30434782608695654,0,109
0.0,0.6931471805599453,11.0,16.2,0.30434782608695654,0,109
10.0,1.9459101490553132,11.0,27.5,0.30434782608695654,3,109
0.0,1.6094379124341003,11.0,26.4,0.30434782608695654,3,109
10.0,1.0986122886681098,12.0,15.2,0.30434782608695654,1,109
10.0,1.0986122886681098,12.0,16.3,0.30434782608695654,1,109
0.0,1.0986122886681098,12.0,15.2,0.30434782608695654,1,109
0.0,1.0986122886681098,12.0,16.3,0.30434782608695654,1,109
0.0,1.0986122886681098,11.0,24.6,0.30434782608695654,2,109
20.0,2.3978952727983707,11.0,23.6,0.30434782608695654,4,109
0.0,1.9459101490553132,12.0,15.9,0.30434782608695654,1,109
0.0,1.0986122886681098,13.0,12.7,0.30434782608695654,0,109
0.0,1.791759469228055,11.0,17.0,0.30434782608695654,3,109
0.0,1.0986122886681098,11.0,17.2,0.30434782608695654,4,109
30.0,1.0986122886681098,11.0,48.2,0.30434782608695654,4,109
0.0,1.3862943611198906,11.0,26.2,0.30434782608695654,1,109
20.0,1.3862943611198906,11.0,35.0,0.30434782608695654,1,109
25.0,0.6931471805599453,11.0,30.3,0.30434782608695654,1,109
10.0,1.0986122886681098,12.0,19.3,0.30434782608695654,1,109
0.0,1.0986122886681098,12.0,19.3,0.30434782608695654,1,109
60.0,4.394449154672439,11.0,21.8,0.30434782608695654,4,109
0.0,2.3978952727983707,12.0,6.1,0.30434782608695654,4,109
0.0,2.0794415416798357,11.0,24.2,0.30434782608695654,1,109
0.0,1.791759469228055,12.0,30.8,0.30434782608695654,4,109
0.0,0.6931471805599453,10.0,47.5,0.30434782608695654,3,109
0.0,1.791759469228055,10.0,47.1,0.30434782608695654,0,109
10.0,1.0986122886681098,11.0,18.8,0.30434782608695654,3,109
0.0,1.6094379124341003,11.0,28.2,0.30434782608695654,4,109
20.0,1.0986122886681098,13.0,15.3,0.30434782608695654,4,109
0.0,1.3862943611198906,10.0,47.3,0.30434782608695654,3,109
0.0,1.6094379124341003,11.0,14.2,0.30434782608695654,1,109
10.0,1.0986122886681098,11.0,14.0,0.30434782608695654,2,109
0.0,1.0986122886681098,11.0,18.3,0.30434782608695654,1,109
0.0,0.6931471805599453,11.0,20.6,0.30434782608695654,0,109
0.0,1.791759469228055,11.0,19.5,0.30434782608695654,1,109
0.0,1.0986122886681098,11.0,16.1,0.30434782608695654,2,109
0.0,1.9459101490553132,13.0,24.6,0.30434782608695654,1,109
0.0,1.3862943611198906,11.0,41.3,0.30434782608695654,2,109
25.0,0.6931471805599453,11.0,20.6,0.30434782608695654,1,109
0.0,1.0986122886681098,11.0,20.5,0.30434782608695654,4,109
10.0,0.6931471805599453,11.0,21.9,0.30434782608695654,3,109
40.0,1.0986122886681098,11.0,20.4,0.30434782608695654,2,109
10.0,1.9459101490553132,11.0,26.1,0.30434782608695654,3,109
0.0,1.0986122886681098,11.0,26.9,0.30434782608695654,4,109
0.0,2.1972245773362196,11.0,17.3,0.30434782608695654,1,109
0.0,1.0986122886681098,11.0,15.9,0.30434782608695654,2,109
0.0,1.3862943611198906,11.0,19.5,0.30434782608695654,1,109
0.0,1.0986122886681098,11.0,19.0,0.30434782608695654,2,109
0.0,1.9459101490553132,11.0,18.8,0.30434782608695654,0,109
0.0,1.791759469228055,11.0,19.0,0.30434782608695654,0,109
0.0,2.772588722239781,11.0,17.9,0.30434782608695654,1,109
0.0,1.0986122886681098,11.0,14.9,0.30434782608695654,3,109
0.0,2.772588722239781,12.0,22.2,0.30434782608695654,2,109
0.0,2.0794415416798357,11.0,17.1,0.30434782608695654,3,109
0.0,1.6094379124341003,12.0,19.0,0.30434782608695654,4,109
0.0,1.6094379124341003,11.0,17.8,0.30434782608695654,4,109
0.0,1.0986122886681098,11.0,15.6,0.30434782608695654,3,109
0.0,1.3862943611198906,12.0,4.7,0.16129032258064516,1,110
0.0,1.3862943611198906,12.0,7.6,0.16129032258064516,0,110
0.0,2.1972245773362196,11.0,17.1,0.03870967741935484,2,111
0.0,1.3862943611198906,12.0,12.7,0.03870967741935484,4,111
0.0,1.6094379124341003,11.0,18.9,0.03870967741935484,2,111
0.0,1.0986122886681098,11.0,17.6,0.03870967741935484,3,111
0.0,1.9459101490553132,13.0,11.0,0.03870967741935484,3,111
60.0,1.9459101490553132,11.0,18.8,0.03870967741935484,2,111
0.0,3.9318256327243257,12.0,16.8,0.03870967741935484,1,111
0.0,1.0986122886681098,11.0,15.7,0.03870967741935484,1,111
0.0,1.791759469228055,14.0,13.5,0.03870967741935484,3,111
0.0,1.3862943611198906,13.0,12.5,0.03870967741935484,4,111
0.0,1.6094379124341003,12.0,19.7,0.03870967741935484,1,111
0.0,1.0986122886681098,12.0,14.8,0.03870967741935484,2,111
40.0,1.0986122886681098,12.0,8.0,0.03870967741935484,1,111
0.0,1.0986122886681098,12.0,8.9,0.03870967741935484,1,111
0.0,1.6094379124341003,11.0,10.5,0.03870967741935484,2,111
0.0,0.9162907318741551,13.0,9.8,0.03870967741935484,3,111
0.0,1.3862943611198906,11.0,15.6,0.03870967741935484,2,111
0.0,1.0986122886681098,11.0,15.5,0.03870967741935484,2,111
0.0,1.0986122886681098,12.0,17.2,0.03870967741935484,2,111
0.0,1.0986122886681098,11.0,15.7,0.03870967741935484,3,111
0.0,1.0986122886681098,12.0,12.5,0.03870967741935484,1,111
50.0,1.9459101490553132,13.0,8.1,0.03870967741935484,1,111
0.0,0.6931471805599453,13.0,8.2,0.03870967741935484,3,111
0.0,1.3862943611198906,11.0,23.5,0.03870967741935484,3,111
20.0,1.6094379124341003,12.0,11.0,0.03870967741935484,1,111
0.0,1.791759469228055,16.0,9.6,0.03870967741935484,2,111
0.0,1.0986122886681098,16.0,9.7,0.03870967741935484,3,111
0.0,0.6931471805599453,12.0,8.4,0.03870967741935484,1,111
0.0,0.6931471805599453,12.0,8.3,0.03870967741935484,2,111
0.0,3.9318256327243257,12.0,12.5,0.03870967741935484,3,111
0.0,0.6931471805599453,12.0,5.5,0.03870967741935484,2,111
0.0,0.6931471805599453,12.0,8.5,0.03870967741935484,1,111
0.0,1.0986122886681098,18.0,7.6,0.03870967741935484,1,111
0.0,1.0986122886681098,18.0,7.6,0.03870967741935484,1,111
0.0,1.791759469228055,17.0,7.1,0.03870967741935484,1,111
0.0,1.6094379124341003,14.0,6.6,0.03870967741935484,1,111
0.0,2.1972245773362196,18.0,7.3,0.03870967741935484,1,111
0.0,1.791759469228055,13.0,5.9,0.03870967741935484,2,111
10.0,1.0986122886681098,17.0,6.9,0.03870967741935484,2,111
0.0,1.3862943611198906,12.0,4.5,0.03870967741935484,1,111
0.0,1.6094379124341003,12.0,12.7,0.03870967741935484,1,111
0.0,1.0986122886681098,13.0,14.2,0.03870967741935484,2,111
0.0,1.6094379124341003,11.0,14.7,0.03870967741935484,2,111
0.0,1.791759469228055,11.0,11.0,0.03870967741935484,2,111
0.0,1.0986122886681098,12.0,11.7,0.03870967741935484,4,111
0.0,0.6931471805599453,12.0,17.3,0.03870967741935484,3,111
0.0,2.3978952727983707,12.0,7.3,0.03870967741935484,1,111
0.0,2.3978952727983707,12.0,7.7,0.03870967741935484,1,111
0.0,2.3978952727983707,12.0,7.3,0.03870967741935484,1,111
0.0,2.3978952727983707,12.0,7.7,0.03870967741935484,1,111
0.0,1.3862943611198906,12.0,7.1,0.03870967741935484,1,111
0.0,1.0986122886681098,12.0,8.3,0.03870967741935484,1,111
0.0,0.6931471805599453,15.0,6.8,0.03870967741935484,3,111
0.0,1.6094379124341003,15.0,6.9,0.03870967741935484,3,111
0.0,1.791759469228055,16.0,5.9,0.03870967741935484,3,111
0.0,0.6931471805599453,13.0,6.2,0.03870967741935484,2,111
0.0,1.3862943611198906,13.0,7.0,0.03870967741935484,1,111
0.0,1.0986122886681098,18.0,3.7,0.03870967741935484,2,111
0.0,0.6931471805599453,17.0,3.5,0.03870967741935484,2,111
0.0,1.9459101490553132,13.0,4.9,0.03870967741935484,1,111
0.0,2.3978952727983707,14.0,5.9,0.03870967741935484,2,111
0.0,1.791759469228055,13.0,5.9,0.03870967741935484,2,111
0.0,1.0986122886681098,18.0,5.9,0.03870967741935484,1,111
0.0,1.791759469228055,12.0,5.5,0.03870967741935484,2,111
0.0,1.9459101490553132,12.0,5.6,0.03870967741935484,3,111
0.0,1.6094379124341003,12.0,12.7,0.03870967741935484,1,111
0.0,3.258096538021482,12.0,12.6,0.03870967741935484,1,111
0.0,3.9318256327243257,12.0,14.8,0.03870967741935484,3,111
0.0,2.3978952727983707,12.0,16.3,0.03870967741935484,1,111
0.0,1.3862943611198906,13.0,11.2,0.03870967741935484,2,111
0.0,1.0986122886681098,12.0,17.2,0.43333333333333335,1,112
0.0,1.3862943611198906,12.0,17.1,0.43333333333333335,1,112
50.0,0.6931471805599453,13.0,6.6,0.43333333333333335,1,112
50.0,0.6931471805599453,11.0,9.5,0.43333333333333335,1,112
0.0,0.6931471805599453,13.0,6.6,0.43333333333333335,1,112
0.0,0.6931471805599453,11.0,9.5,0.43333333333333335,1,112
0.0,1.6094379124341003,13.0,4.6,0.43333333333333335,1,112
0.0,1.6094379124341003,11.0,9.5,0.43333333333333335,1,112
50.0,0.6931471805599453,13.0,6.6,0.43333333333333335,3,112
50.0,0.6931471805599453,11.0,9.5,0.43333333333333335,3,112
0.0,0.6931471805599453,13.0,6.6,0.43333333333333335,3,112
0.0,0.6931471805599453,11.0,9.5,0.43333333333333335,3,112
0.0,0.6931471805599453,14.0,12.1,0.43333333333333335,1,112
50.0,0.6931471805599453,14.0,12.1,0.43333333333333335,1,112
40.0,0.6931471805599453,14.0,12.1,0.43333333333333335,1,112
60.0,0.6931471805599453,14.0,12.1,0.43333333333333335,1,112
0.0,1.9459101490553132,14.0,12.1,0.43333333333333335,1,112
40.0,0.8109302162163288,12.0,21.4,0.43333333333333335,1,112
10.0,0.6931471805599453,12.0,9.3,0.43333333333333335,1,112
0.0,1.3862943611198906,20.0,8.6,0.43333333333333335,1,112
0.0,3.9318256327243257,12.0,9.5,0.43333333333333335,3,112
50.0,2.3978952727983707,12.0,8.3,0.43333333333333335,3,112
50.0,2.3978952727983707,13.0,13.4,0.43333333333333335,3,112
0.0,2.3978952727983707,12.0,8.3,0.43333333333333335,3,112
0.0,2.3978952727983707,13.0,13.4,0.43333333333333335,3,112
50.0,1.0986122886681098,14.0,13.1,0.43333333333333335,1,112
80.0,1.791759469228055,13.0,14.1,0.43333333333333335,2,112
0.0,0.22314355131420976,14.0,4.6,0.43333333333333335,1,112
50.0,0.22314355131420976,14.0,4.6,0.43333333333333335,1,112
0.0,1.0986122886681098,13.0,7.9,0.43333333333333335,1,112
0.0,1.0986122886681098,13.0,7.9,0.43333333333333335,1,112
20.0,0.6931471805599453,12.0,7.6,0.43333333333333335,0,112
40.0,1.791759469228055,12.0,7.1,0.43333333333333335,2,112
50.0,2.8903717578961645,11.0,14.8,0.43333333333333335,1,112
0.0,3.9318256327243257,12.0,9.3,0.43333333333333335,1,112
0.0,3.9318256327243257,12.0,9.3,0.43333333333333335,1,112
0.0,3.9318256327243257,12.0,9.3,0.43333333333333335,1,112
0.0,3.9318256327243257,12.0,9.3,0.43333333333333335,1,112
0.0,4.330733340286331,13.0,9.4,0.43333333333333335,1,112
0.0,4.330733340286331,12.0,9.4,0.43333333333333335,1,112
0.0,4.330733340286331,13.0,9.4,0.43333333333333335,1,112
0.0,4.330733340286331,12.0,9.4,0.43333333333333335,1,112
50.0,5.017279836814924,13.0,9.1,0.43333333333333335,1,112
0.0,4.61512051684126,12.0,9.3,0.43333333333333335,1,112
0.0,4.61512051684126,12.0,9.3,0.43333333333333335,1,112
0.0,4.61512051684126,12.0,9.3,0.43333333333333335,1,112
0.0,4.61512051684126,12.0,9.3,0.43333333333333335,1,112
0.0,2.3978952727983707,13.0,9.4,0.43333333333333335,2,112
0.0,2.3978952727983707,12.0,9.4,0.43333333333333335,2,112
0.0,2.3978952727983707,13.0,9.4,0.43333333333333335,2,112
0.0,2.3978952727983707,12.0,9.4,0.43333333333333335,2,112
0.0,1.0986122886681098,13.0,8.4,0.43333333333333335,1,112
0.0,1.3862943611198906,13.0,8.5,0.43333333333333335,1,112
60.0,1.0986122886681098,13.0,8.5,0.43333333333333335,1,112
0.0,1.0986122886681098,12.0,9.1,0.43333333333333335,2,112
0.0,2.3978952727983707,13.0,4.5,0.43333333333333335,1,112
0.0,1.3862943611198906,12.0,11.1,0.43333333333333335,1,112
0.0,1.0986122886681098,12.0,11.4,0.43333333333333335,1,112
0.0,1.3862943611198906,15.0,6.2,0.43333333333333335,1,112
0.0,3.9318256327243257,11.0,10.8,0.43333333333333335,3,112
0.0,1.0986122886681098,13.0,14.5,0.43333333333333335,1,112
0.0,1.0986122886681098,11.0,16.0,0.43333333333333335,1,112
60.0,1.3862943611198906,12.0,9.1,0.43333333333333335,1,112
50.0,1.0986122886681098,11.0,15.9,0.33,1,113
10.0,1.3862943611198906,11.0,18.0,0.33,0,113
10.0,1.9459101490553132,13.0,9.7,0.33,3,113
0.0,1.0986122886681098,13.0,4.0,0.33,4,113
10.0,1.0986122886681098,13.0,9.8,0.33,3,113
50.0,1.0986122886681098,12.0,8.0,0.33,0,113
20.0,1.0986122886681098,12.0,4.6,0.33,3,113
20.0,0.6931471805599453,11.0,10.0,0.33,3,113
10.0,0.6931471805599453,13.0,11.6,0.33,3,113
20.0,1.0986122886681098,12.0,9.9,0.33,3,113
0.0,1.0986122886681098,13.0,9.7,0.33,0,113
0.0,1.6094379124341003,13.0,9.6,0.33,1,113
25.0,1.9459101490553132,11.0,18.6,0.33,3,113
10.0,1.6094379124341003,11.0,23.4,0.33,3,113
10.0,0.6931471805599453,11.0,18.7,0.33,4,113
10.0,0.6931471805599453,14.0,10.2,0.33,1,113
0.0,0.6931471805599453,13.0,9.6,0.33,0,113
0.0,1.6094379124341003,13.0,11.2,0.33,3,113
0.0,1.0986122886681098,13.0,11.3,0.33,0,113
0.0,1.791759469228055,12.0,8.6,0.33,3,113
0.0,1.9459101490553132,13.0,5.2,0.33,3,113
0.0,0.6931471805599453,13.0,5.2,0.33,4,113
25.0,1.791759469228055,11.0,21.6,0.33,0,113
10.0,2.1972245773362196,11.0,20.3,0.33,3,113
10.0,1.0986122886681098,12.0,5.6,0.33,3,113
20.0,1.9459101490553132,12.0,9.9,0.33,3,113
10.0,1.0986122886681098,12.0,7.1,0.33,3,113
10.0,1.6094379124341003,14.0,10.4,0.33,3,113
25.0,0.6931471805599453,11.0,11.2,0.33,1,113
80.0,0.6931471805599453,11.0,11.2,0.33,1,113
0.0,0.6931471805599453,11.0,11.2,0.33,1,113
10.0,0.6931471805599453,14.0,4.9,0.33,3,113
75.0,0.6931471805599453,15.0,5.0,0.33,1,113
20.0,0.6931471805599453,13.0,11.1,0.33,3,113
20.0,1.0986122886681098,16.0,3.5,0.33,3,113
80.0,0.6931471805599453,12.0,9.7,0.33,1,113
0.0,0.6931471805599453,12.0,9.7,0.33,1,113
0.0,0.6931471805599453,12.0,9.9,0.33,0,113
50.0,1.3862943611198906,11.0,8.5,0.33,3,113
10.0,1.6094379124341003,14.0,9.2,0.33,3,113
0.0,0.6931471805599453,12.0,6.6,0.33,4,113
80.0,0.6931471805599453,12.0,10.0,0.33,1,113
0.0,0.6931471805599453,12.0,10.0,0.33,1,113
0.0,0.6931471805599453,12.0,10.0,0.33,1,113
0.0,1.0986122886681098,12.0,8.8,0.33,0,113
0.0,0.6931471805599453,12.0,8.4,0.33,4,113
0.0,0.6931471805599453,12.0,6.2,0.33,3,113
0.0,1.0986122886681098,11.0,13.8,0.33,3,113
30.0,1.0986122886681098,12.0,19.7,0.33,3,113
50.0,0.6931471805599453,11.0,12.3,0.33,1,113
0.0,0.6931471805599453,11.0,8.0,0.33,0,113
10.0,1.6094379124341003,15.0,11.6,0.33,0,113
10.0,1.791759469228055,11.0,14.1,0.33,3,113
10.0,1.9459101490553132,13.0,16.4,0.33,3,113
0.0,0.6931471805599453,13.0,14.7,0.33,3,113
0.0,0.6931471805599453,13.0,14.8,0.33,4,113
0.0,1.6094379124341003,12.0,17.2,0.33,0,113
0.0,1.6094379124341003,11.0,15.7,0.33,3,113
0.0,1.3862943611198906,12.0,6.0,0.33,3,113
0.0,0.6931471805599453,12.0,13.1,0.33,4,113
0.0,1.3862943611198906,12.0,11.6,0.33,3,113
0.0,0.6931471805599453,12.0,12.1,0.33,3,113
80.0,0.6931471805599453,12.0,13.5,0.33,4,113
0.0,0.6931471805599453,12.0,13.7,0.33,0,113
0.0,0.6931471805599453,12.0,13.7,0.33,0,113
0.0,1.0986122886681098,16.0,6.2,0.33,3,113
0.0,0.6931471805599453,16.0,6.2,0.33,3,113
25.0,1.0986122886681098,13.0,10.7,0.33,3,113
25.0,1.6094379124341003,12.0,10.8,0.33,1,113
0.0,1.0986122886681098,12.0,9.7,0.33,4,113
0.0,1.6094379124341003,12.0,9.6,0.33,3,113
0.0,1.3862943611198906,12.0,9.7,0.33,4,113
0.0,1.9459101490553132,12.0,10.8,0.33,0,113
0.0,1.0986122886681098,12.0,6.8,0.33,3,113
0.0,2.1972245773362196,12.0,10.1,0.33,3,113
50.0,0.6931471805599453,12.0,3.5,0.33,1,113
0.0,0.6931471805599453,12.0,3.5,0.33,1,113
0.0,0.6931471805599453,12.0,3.5,0.33,1,113
0.0,0.6931471805599453,12.0,3.5,0.33,0,113
0.0,0.6931471805599453,12.0,24.4,0.33,3,113
0.0,1.9459101490553132,12.0,6.0,0.33,3,113
0.0,1.0986122886681098,12.0,8.8,0.2554347826086957,1,114
0.0,1.0986122886681098,12.0,8.8,0.2554347826086957,1,114
0.0,1.0986122886681098,12.0,8.8,0.2554347826086957,1,114
0.0,1.3862943611198906,12.0,11.6,0.2554347826086957,1,114
0.0,1.3862943611198906,12.0,11.6,0.2554347826086957,1,114
10.0,2.70805020110221,12.0,13.2,0.2554347826086957,1,114
0.0,4.61512051684126,12.0,9.3,0.2554347826086957,3,114
0.0,1.0986122886681098,11.0,22.7,0.2554347826086957,3,114
0.0,0.6931471805599453,13.0,5.2,0.2554347826086957,1,114
0.0,0.6931471805599453,13.0,4.1,0.2554347826086957,1,114
0.0,0.6931471805599453,13.0,5.2,0.2554347826086957,1,114
0.0,0.6931471805599453,13.0,4.1,0.2554347826086957,1,114
40.0,0.6931471805599453,13.0,5.2,0.2554347826086957,1,114
40.0,0.6931471805599453,13.0,4.1,0.2554347826086957,1,114
0.0,0.6931471805599453,13.0,5.2,0.2554347826086957,1,114
0.0,0.6931471805599453,13.0,4.1,0.2554347826086957,1,114
0.0,1.791759469228055,13.0,5.9,0.2554347826086957,1,114
0.0,1.791759469228055,13.0,2.8,0.2554347826086957,1,114
0.0,1.791759469228055,13.0,5.9,0.2554347826086957,1,114
0.0,1.791759469228055,13.0,2.8,0.2554347826086957,1,114
0.0,1.791759469228055,13.0,5.9,0.2554347826086957,1,114
0.0,1.791759469228055,13.0,2.8,0.2554347826086957,1,114
0.0,0.6931471805599453,13.0,5.2,0.2554347826086957,1,114
0.0,0.6931471805599453,13.0,4.1,0.2554347826086957,1,114
0.0,0.6931471805599453,13.0,5.2,0.2554347826086957,1,114
0.0,0.6931471805599453,13.0,4.1,0.2554347826086957,1,114
40.0,0.6931471805599453,13.0,5.2,0.2554347826086957,1,114
40.0,0.6931471805599453,13.0,4.1,0.2554347826086957,1,114
0.0,0.6931471805599453,13.0,5.2,0.2554347826086957,1,114
0.0,0.6931471805599453,13.0,4.1,0.2554347826086957,1,114
30.0,1.791759469228055,13.0,5.4,0.2554347826086957,1,114
30.0,1.791759469228055,13.0,2.8,0.2554347826086957,1,114
0.0,1.791759469228055,13.0,5.4,0.2554347826086957,1,114
0.0,1.791759469228055,13.0,2.8,0.2554347826086957,1,114
50.0,1.0986122886681098,12.0,6.2,0.2554347826086957,1,114
0.0,1.0986122886681098,12.0,6.2,0.2554347826086957,1,114
0.0,1.0986122886681098,12.0,6.2,0.2554347826086957,1,114
0.0,1.0986122886681098,12.0,6.2,0.2554347826086957,1,114
0.0,1.6094379124341003,11.0,12.8,0.2554347826086957,1,114
0.0,1.6094379124341003,11.0,12.8,0.2554347826086957,1,114
0.0,1.6094379124341003,11.0,12.8,0.2554347826086957,1,114
0.0,1.6094379124341003,11.0,12.8,0.2554347826086957,1,114
0.0,0.6931471805599453,12.0,13.3,0.2554347826086957,3,114
0.0,0.6931471805599453,12.0,9.2,0.2554347826086957,1,114
0.0,0.6931471805599453,11.0,8.5,0.2554347826086957,3,114
0.0,1.0986122886681098,13.0,5.6,0.2554347826086957,1,114
0.0,1.0986122886681098,13.0,5.6,0.2554347826086957,1,114
0.0,1.0986122886681098,12.0,12.2,0.2554347826086957,1,114
40.0,1.0986122886681098,12.0,12.2,0.2554347826086957,1,114
20.0,0.6931471805599453,13.0,5.6,0.2554347826086957,1,114
0.0,0.6931471805599453,13.0,5.6,0.2554347826086957,1,114
40.0,1.0986122886681098,11.0,11.5,0.2554347826086957,1,114
60.0,1.0986122886681098,12.0,6.1,0.2554347826086957,1,114
0.0,1.0986122886681098,12.0,6.1,0.2554347826086957,1,114
0.0,1.0986122886681098,13.0,25.3,0.2554347826086957,1,114
30.0,1.0986122886681098,12.0,24.9,0.2554347826086957,3,114
20.0,0.9162907318741551,12.0,25.1,0.2554347826086957,1,114
20.0,0.6931471805599453,12.0,11.2,0.2554347826086957,1,114
0.0,0.6931471805599453,12.0,11.2,0.2554347826086957,1,114
40.0,0.6931471805599453,12.0,10.1,0.2554347826086957,1,114
0.0,0.6931471805599453,12.0,10.1,0.2554347826086957,1,114
30.0,0.6931471805599453,12.0,10.1,0.2554347826086957,1,114
0.0,0.9162907318741551,10.0,27.4,0.2554347826086957,3,114
20.0,1.0986122886681098,12.0,9.8,0.2554347826086957,1,114
0.0,0.6931471805599453,11.0,19.0,0.2554347826086957,1,114
0.0,0.6931471805599453,11.0,19.0,0.2554347826086957,1,114
0.0,0.6931471805599453,11.0,23.5,0.2554347826086957,1,114
0.0,0.6931471805599453,12.0,13.4,0.2554347826086957,1,114
0.0,0.6931471805599453,12.0,13.4,0.2554347826086957,1,114
0.0,2.3978952727983707,12.0,19.2,0.2554347826086957,3,114
0.0,0.4054651081081644,11.0,12.1,0.2554347826086957,3,114
0.0,0.4054651081081644,11.0,31.0,0.2554347826086957,1,114
0.0,0.4054651081081644,11.0,31.0,0.2554347826086957,1,114
0.0,1.3862943611198906,11.0,33.5,0.2554347826086957,1,114
0.0,0.9162907318741551,11.0,24.1,0.2554347826086957,1,114
0.0,0.9162907318741551,11.0,24.1,0.2554347826086957,1,114
0.0,0.9162907318741551,11.0,24.1,0.2554347826086957,1,114
0.0,1.0986122886681098,11.0,26.7,0.2554347826086957,3,114
0.0,0.6931471805599453,12.0,15.7,0.2554347826086957,3,114
0.0,1.9459101490553132,11.0,19.5,0.2554347826086957,1,114
0.0,1.9459101490553132,11.0,19.5,0.2554347826086957,1,114
0.0,1.0986122886681098,10.0,26.9,0.2554347826086957,1,114
0.0,1.3862943611198906,11.0,14.0,0.2554347826086957,1,114
0.0,0.6931471805599453,11.0,17.0,0.2554347826086957,1,114
0.0,0.6931471805599453,12.0,16.2,0.2554347826086957,1,114
0.0,1.0986122886681098,11.0,10.8,0.2554347826086957,3,114
0.0,0.6931471805599453,11.0,16.0,0.2554347826086957,3,114
0.0,0.6931471805599453,13.0,14.0,0.2554347826086957,1,114
0.0,0.6931471805599453,12.0,13.4,0.2554347826086957,3,114
0.0,0.6931471805599453,12.0,13.4,0.2554347826086957,3,114
0.0,1.791759469228055,12.0,10.4,0.2554347826086957,1,114
0.0,1.252762968495368,12.0,14.3,0.2554347826086957,1,114
0.0,0.6931471805599453,13.0,15.2,0.2554347826086957,3,114
10.0,0.6931471805599453,14.0,8.4,0.2554347826086957,1,114
0.0,0.6931471805599453,13.0,9.2,0.023809523809523808,1,115
0.0,0.6931471805599453,13.0,9.2,0.023809523809523808,1,115
0.0,0.6931471805599453,13.0,9.2,0.023809523809523808,1,115
0.0,0.6931471805599453,13.0,9.2,0.023809523809523808,1,115
0.0,1.3862943611198906,13.0,9.7,0.023809523809523808,4,115
0.0,1.0986122886681098,11.0,9.2,0.023809523809523808,3,115
0.0,0.6931471805599453,13.0,9.0,0.023809523809523808,1,115
0.0,1.3862943611198906,12.0,8.7,0.023809523809523808,0,115
0.0,1.0986122886681098,12.0,4.8,0.023809523809523808,2,115
0.0,1.0986122886681098,13.0,12.3,0.023809523809523808,2,115
0.0,1.0986122886681098,12.0,9.0,0.023809523809523808,2,115
0.0,1.0986122886681098,13.0,12.3,0.023809523809523808,2,115
0.0,1.0986122886681098,12.0,9.0,0.023809523809523808,2,115
0.0,1.791759469228055,13.0,12.0,0.023809523809523808,1,115
0.0,1.791759469228055,12.0,10.9,0.023809523809523808,1,115
0.0,1.6094379124341003,13.0,13.2,0.023809523809523808,3,115
0.0,1.3862943611198906,13.0,11.9,0.023809523809523808,1,115
0.0,1.3862943611198906,13.0,11.9,0.023809523809523808,1,115
0.0,1.0986122886681098,12.0,8.8,0.023809523809523808,3,115
0.0,1.0986122886681098,11.0,9.7,0.023809523809523808,1,115
0.0,1.0986122886681098,12.0,5.1,0.023809523809523808,4,115
0.0,1.6094379124341003,12.0,9.1,0.023809523809523808,3,115
0.0,0.6931471805599453,12.0,8.1,0.023809523809523808,1,115
0.0,0.6931471805599453,12.0,8.1,0.023809523809523808,1,115
0.0,0.6931471805599453,12.0,6.4,0.023809523809523808,4,115
0.0,0.6931471805599453,11.0,9.6,0.023809523809523808,3,115
0.0,1.0986122886681098,12.0,14.5,0.023809523809523808,1,115
0.0,1.6094379124341003,11.0,11.7,0.023809523809523808,3,115
0.0,1.3862943611198906,12.0,10.9,0.023809523809523808,1,115
0.0,1.3862943611198906,12.0,10.9,0.023809523809523808,1,115
0.0,0.6931471805599453,12.0,9.9,0.023809523809523808,0,115
0.0,0.6931471805599453,12.0,9.9,0.023809523809523808,0,115
0.0,1.0986122886681098,12.0,8.9,0.023809523809523808,2,115
0.0,1.3862943611198906,12.0,8.7,0.023809523809523808,3,115
0.0,1.3862943611198906,12.0,9.1,0.023809523809523808,4,115
0.0,1.6094379124341003,11.0,12.5,0.023809523809523808,1,115
0.0,1.6094379124341003,13.0,5.8,0.023809523809523808,3,115
0.0,0.6931471805599453,16.0,5.8,0.023809523809523808,3,115
0.0,0.6931471805599453,16.0,5.7,0.023809523809523808,2,115
50.0,1.3862943611198906,13.0,5.4,0.023809523809523808,4,115
50.0,1.6094379124341003,15.0,6.0,0.023809523809523808,1,115
0.0,3.9318256327243257,14.0,7.3,0.023809523809523808,3,115
0.0,0.6931471805599453,12.0,6.2,0.023809523809523808,3,115
0.0,1.0986122886681098,13.0,5.8,0.023809523809523808,1,115
0.0,1.0986122886681098,13.0,5.8,0.023809523809523808,1,115
90.0,1.3862943611198906,12.0,6.3,0.023809523809523808,4,115
0.0,1.0986122886681098,13.0,5.7,0.023809523809523808,0,115
0.0,1.0986122886681098,11.0,13.3,0.023809523809523808,3,115
0.0,1.0986122886681098,13.0,9.4,0.023809523809523808,2,115
0.0,1.6094379124341003,13.0,9.2,0.023809523809523808,1,115
0.0,0.6931471805599453,13.0,9.1,0.023809523809523808,1,115
0.0,0.6931471805599453,13.0,8.6,0.023809523809523808,0,115
0.0,1.9459101490553132,12.0,8.4,0.023809523809523808,3,115
0.0,0.6931471805599453,14.0,8.1,0.023809523809523808,4,115
0.0,1.6094379124341003,14.0,7.2,0.023809523809523808,3,115
0.0,2.3978952727983707,13.0,13.4,0.023809523809523808,1,115
0.0,2.3978952727983707,13.0,13.4,0.023809523809523808,1,115
0.0,0.6931471805599453,14.0,17.0,0.03081232492997199,2,116
0.0,0.6931471805599453,12.0,15.7,0.03081232492997199,2,116
0.0,0.6931471805599453,14.0,17.0,0.03081232492997199,2,116
0.0,0.6931471805599453,12.0,15.7,0.03081232492997199,2,116
0.0,0.6931471805599453,14.0,17.0,0.03081232492997199,2,116
0.0,0.6931471805599453,12.0,15.7,0.03081232492997199,2,116
0.0,0.6931471805599453,14.0,17.0,0.03081232492997199,2,116
0.0,0.6931471805599453,12.0,15.7,0.03081232492997199,2,116
0.0,0.6931471805599453,14.0,16.9,0.03081232492997199,1,116
0.0,0.6931471805599453,14.0,16.9,0.03081232492997199,1,116
0.0,2.8903717578961645,14.0,17.6,0.03081232492997199,3,116
0.0,1.4279160358107101,12.0,14.2,0.03081232492997199,1,116
0.0,1.4279160358107101,12.0,14.2,0.03081232492997199,1,116
0.0,3.9318256327243257,12.0,19.5,0.03081232492997199,2,116
0.0,3.9318256327243257,12.0,14.7,0.03081232492997199,2,116
0.0,3.9318256327243257,12.0,19.5,0.03081232492997199,2,116
0.0,3.9318256327243257,12.0,14.7,0.03081232492997199,2,116
0.0,3.9318256327243257,12.0,19.5,0.03081232492997199,2,116
0.0,3.9318256327243257,12.0,14.7,0.03081232492997199,2,116
0.0,0.6931471805599453,13.0,19.8,0.03081232492997199,1,116
0.0,0.6931471805599453,12.0,14.1,0.03081232492997199,1,116
0.0,0.6931471805599453,13.0,19.8,0.03081232492997199,1,116
0.0,0.6931471805599453,12.0,14.1,0.03081232492997199,1,116
0.0,0.6931471805599453,13.0,19.8,0.03081232492997199,1,116
0.0,0.6931471805599453,12.0,14.1,0.03081232492997199,1,116
0.0,0.6931471805599453,13.0,19.8,0.03081232492997199,1,116
0.0,0.6931471805599453,12.0,14.1,0.03081232492997199,1,116
0.0,0.6931471805599453,13.0,19.8,0.03081232492997199,1,116
0.0,0.6931471805599453,12.0,14.1,0.03081232492997199,1,116
0.0,0.6931471805599453,13.0,19.8,0.03081232492997199,1,116
0.0,0.6931471805599453,12.0,14.1,0.03081232492997199,1,116
0.0,0.6931471805599453,13.0,19.8,0.03081232492997199,1,116
0.0,0.6931471805599453,12.0,14.1,0.03081232492997199,1,116
0.0,0.6931471805599453,13.0,18.4,0.03081232492997199,3,116
0.0,0.6931471805599453,12.0,13.7,0.03081232492997199,3,116
0.0,0.6931471805599453,13.0,18.4,0.03081232492997199,3,116
0.0,0.6931471805599453,12.0,13.7,0.03081232492997199,3,116
0.0,0.6931471805599453,13.0,18.4,0.03081232492997199,3,116
0.0,0.6931471805599453,12.0,13.7,0.03081232492997199,3,116
0.0,0.6931471805599453,13.0,18.4,0.03081232492997199,3,116
0.0,0.6931471805599453,12.0,13.7,0.03081232492997199,3,116
0.0,0.6931471805599453,13.0,18.4,0.03081232492997199,3,116
0.0,0.6931471805599453,12.0,13.7,0.03081232492997199,3,116
0.0,0.6931471805599453,13.0,18.4,0.03081232492997199,3,116
0.0,0.6931471805599453,12.0,13.7,0.03081232492997199,3,116
0.0,0.6931471805599453,13.0,18.4,0.03081232492997199,3,116
0.0,0.6931471805599453,12.0,13.7,0.03081232492997199,3,116
0.0,0.6931471805599453,11.0,21.2,0.03081232492997199,3,116
0.0,0.6931471805599453,14.0,15.5,0.03081232492997199,3,116
0.0,0.6931471805599453,14.0,13.1,0.03081232492997199,3,116
0.0,0.6931471805599453,14.0,15.5,0.03081232492997199,3,116
0.0,0.6931471805599453,14.0,13.1,0.03081232492997199,3,116
0.0,0.6931471805599453,14.0,15.5,0.03081232492997199,3,116
0.0,0.6931471805599453,14.0,13.1,0.03081232492997199,3,116
0.0,0.6931471805599453,14.0,15.5,0.03081232492997199,3,116
0.0,0.6931471805599453,14.0,13.1,0.03081232492997199,3,116
0.0,3.258096538021482,14.0,14.1,0.03081232492997199,2,116
0.0,2.3978952727983707,14.0,12.0,0.03081232492997199,1,116
0.0,0.6931471805599453,12.0,19.7,0.03081232492997199,2,116
0.0,0.6931471805599453,12.0,14.7,0.03081232492997199,2,116
0.0,0.6931471805599453,12.0,19.7,0.03081232492997199,2,116
0.0,0.6931471805599453,12.0,14.7,0.03081232492997199,2,116
0.0,0.6931471805599453,12.0,19.7,0.03081232492997199,2,116
0.0,0.6931471805599453,12.0,14.7,0.03081232492997199,2,116
0.0,2.8903717578961645,14.0,12.7,0.03081232492997199,3,116
0.0,1.3862943611198906,14.0,11.9,0.03081232492997199,1,116
0.0,0.6931471805599453,11.0,20.8,0.03081232492997199,3,116
0.0,1.0986122886681098,14.0,10.9,0.03081232492997199,1,116
0.0,1.0986122886681098,14.0,10.9,0.03081232492997199,1,116
0.0,1.0986122886681098,14.0,10.9,0.03081232492997199,1,116
0.0,1.3862943611198906,12.0,10.7,0.03081232492997199,1,116
0.0,1.0986122886681098,12.0,13.4,0.03081232492997199,1,116
0.0,1.0986122886681098,12.0,13.4,0.03081232492997199,1,116
0.0,1.0986122886681098,12.0,12.8,0.03081232492997199,1,116
0.0,1.0986122886681098,12.0,12.8,0.03081232492997199,1,116
0.0,0.6931471805599453,12.0,15.2,0.03081232492997199,3,116
0.0,0.6931471805599453,13.0,12.3,0.03081232492997199,2,116
0.0,1.0986122886681098,12.0,8.8,0.03081232492997199,1,116
0.0,1.0986122886681098,12.0,8.8,0.03081232492997199,1,116
20.0,1.6094379124341003,11.0,17.1,0.03081232492997199,1,116
0.0,1.6094379124341003,11.0,17.1,0.03081232492997199,1,116
20.0,3.258096538021482,11.0,17.2,0.03081232492997199,2,116
0.0,3.258096538021482,11.0,17.2,0.03081232492997199,2,116
0.0,3.258096538021482,12.0,9.1,0.03081232492997199,2,116
0.0,3.258096538021482,12.0,9.1,0.03081232492997199,2,116
0.0,3.258096538021482,12.0,9.1,0.03081232492997199,2,116
0.0,1.0986122886681098,12.0,14.2,0.03081232492997199,1,116
0.0,1.0986122886681098,12.0,14.2,0.03081232492997199,1,116
50.0,1.3862943611198906,15.0,12.6,0.03081232492997199,1,116
0.0,1.3862943611198906,15.0,12.6,0.03081232492997199,1,116
0.0,0.6931471805599453,12.0,14.9,0.03081232492997199,3,116
0.0,0.6931471805599453,12.0,15.7,0.03081232492997199,2,116
0.0,0.6931471805599453,12.0,16.2,0.03081232492997199,3,116
20.0,2.8903717578961645,14.0,11.3,0.03081232492997199,3,116
0.0,2.8903717578961645,14.0,11.3,0.03081232492997199,3,116
20.0,3.9318256327243257,12.0,8.2,0.03081232492997199,3,116
0.0,1.3862943611198906,11.0,13.8,0.03081232492997199,1,116
0.0,1.3862943611198906,11.0,13.8,0.03081232492997199,1,116
0.0,3.9318256327243257,11.0,13.5,0.03081232492997199,2,116
0.0,3.9318256327243257,11.0,13.5,0.03081232492997199,2,116
0.0,10.819798284210286,11.0,10.1,0.03081232492997199,1,116
0.0,10.819798284210286,12.0,9.7,0.03081232492997199,3,116
0.0,1.0986122886681098,12.0,9.1,0.03081232492997199,1,116
0.0,1.0986122886681098,12.0,9.1,0.03081232492997199,1,116
0.0,1.0986122886681098,12.0,9.1,0.03081232492997199,1,116
0.0,1.0986122886681098,14.0,17.5,0.03081232492997199,2,116
0.0,1.0986122886681098,14.0,17.5,0.03081232492997199,2,116
0.0,1.0986122886681098,14.0,17.5,0.03081232492997199,1,116
0.0,1.0986122886681098,14.0,17.5,0.03081232492997199,1,116
0.0,1.6094379124341003,16.0,11.8,0.03081232492997199,1,116
0.0,2.8903717578961645,14.0,10.6,0.03081232492997199,2,116
0.0,3.258096538021482,14.0,14.6,0.03081232492997199,3,116
0.0,0.6931471805599453,13.0,9.7,0.03081232492997199,2,116
0.0,0.6931471805599453,13.0,9.7,0.03081232492997199,2,116
0.0,0.6931471805599453,13.0,9.8,0.03081232492997199,1,116
0.0,0.6931471805599453,13.0,9.8,0.03081232492997199,1,116
0.0,1.0986122886681098,14.0,8.9,0.03081232492997199,1,116
0.0,1.0986122886681098,14.0,8.9,0.03081232492997199,1,116
0.0,3.044522437723423,16.0,7.8,0.03081232492997199,4,116
0.0,1.0986122886681098,13.0,9.9,0.03081232492997199,3,116
0.0,0.6931471805599453,12.0,6.4,0.03081232492997199,2,116
0.0,0.6931471805599453,12.0,6.4,0.03081232492997199,2,116
0.0,1.3862943611198906,12.0,5.5,0.03081232492997199,1,116
0.0,1.3862943611198906,12.0,5.5,0.03081232492997199,1,116
0.0,1.3862943611198906,14.0,7.7,0.03081232492997199,1,116
0.0,1.3862943611198906,14.0,7.7,0.03081232492997199,1,116
0.0,0.6931471805599453,14.0,7.6,0.03081232492997199,2,116
0.0,0.6931471805599453,14.0,7.6,0.03081232492997199,2,116
0.0,4.330733340286331,13.0,3.5,0.03081232492997199,3,116
0.0,1.0986122886681098,13.0,8.6,0.03081232492997199,1,116
0.0,1.0986122886681098,13.0,8.6,0.03081232492997199,1,116
0.0,0.6931471805599453,16.0,9.8,0.03081232492997199,3,116
0.0,0.6931471805599453,16.0,9.8,0.03081232492997199,3,116
0.0,1.3862943611198906,19.0,9.5,0.03081232492997199,1,116
0.0,1.3862943611198906,19.0,9.5,0.03081232492997199,1,116
0.0,1.0986122886681098,13.0,5.0,0.03081232492997199,1,116
0.0,1.0986122886681098,13.0,5.0,0.03081232492997199,1,116
10.0,1.252762968495368,12.0,5.5,0.40492170022371365,1,117
40.0,1.252762968495368,12.0,5.5,0.40492170022371365,1,117
0.0,3.9318256327243257,12.0,3.7,0.40492170022371365,2,117
20.0,3.9318256327243257,12.0,3.7,0.40492170022371365,2,117
0.0,1.7047480922384253,12.0,8.1,0.40492170022371365,1,117
20.0,5.017279836814924,12.0,11.5,0.40492170022371365,2,117
0.0,4.61512051684126,12.0,11.0,0.40492170022371365,3,117
40.0,2.1972245773362196,12.0,13.4,0.40492170022371365,1,117
0.0,4.948759890378168,13.0,11.0,0.40492170022371365,3,117
0.0,1.0986122886681098,11.0,13.2,0.40492170022371365,1,117
0.0,1.0986122886681098,11.0,13.2,0.40492170022371365,1,117
3.0,1.6094379124341003,12.0,5.9,0.40492170022371365,1,117
0.0,0.6931471805599453,11.0,5.5,0.40492170022371365,3,117
60.0,0.6931471805599453,11.0,11.8,0.40492170022371365,1,117
0.0,0.6931471805599453,11.0,11.8,0.40492170022371365,1,117
0.0,5.198497031265826,11.0,11.7,0.40492170022371365,4,117
0.0,5.198497031265826,11.0,11.7,0.40492170022371365,4,117
30.0,0.6931471805599453,12.0,11.6,0.40492170022371365,1,117
20.0,0.6931471805599453,12.0,11.8,0.40492170022371365,1,117
30.0,0.6931471805599453,12.0,11.8,0.40492170022371365,1,117
20.0,0.6931471805599453,12.0,11.8,0.40492170022371365,1,117
0.0,0.6931471805599453,12.0,11.8,0.40492170022371365,1,117
30.0,2.1972245773362196,11.0,13.0,0.40492170022371365,1,117
30.0,2.70805020110221,12.0,13.6,0.40492170022371365,1,117
0.0,5.8888779583328805,14.0,12.2,0.40492170022371365,2,117
0.0,4.795790545596741,13.0,10.4,0.40492170022371365,3,117
0.0,4.948759890378168,12.0,10.0,0.40492170022371365,4,117
0.0,6.111467339502679,13.0,10.4,0.40492170022371365,0,117
0.0,4.110873864173311,13.0,5.6,0.40492170022371365,1,117
0.0,4.110873864173311,14.0,20.1,0.40492170022371365,1,117
0.0,4.110873864173311,13.0,5.6,0.40492170022371365,1,117
0.0,4.110873864173311,14.0,20.1,0.40492170022371365,1,117
0.0,3.713572066704308,13.0,5.8,0.40492170022371365,4,117
0.0,3.713572066704308,11.0,16.5,0.40492170022371365,4,117
0.0,3.713572066704308,13.0,5.8,0.40492170022371365,4,117
0.0,3.713572066704308,11.0,16.5,0.40492170022371365,4,117
0.0,4.2626798770413155,13.0,5.8,0.40492170022371365,0,117
0.0,4.2626798770413155,18.0,19.2,0.40492170022371365,0,117
0.0,4.2626798770413155,13.0,5.8,0.40492170022371365,0,117
0.0,4.2626798770413155,18.0,19.2,0.40492170022371365,0,117
0.0,3.9318256327243257,13.0,5.8,0.40492170022371365,3,117
0.0,3.9318256327243257,18.0,19.3,0.40492170022371365,3,117
0.0,0.9162907318741551,13.0,5.4,0.40492170022371365,1,117
60.0,3.713572066704308,13.0,5.4,0.40492170022371365,2,117
0.0,4.51085950651685,14.0,13.8,0.40492170022371365,3,117
30.0,1.3862943611198906,13.0,14.4,0.40492170022371365,1,117
30.0,0.6931471805599453,13.0,14.5,0.40492170022371365,2,117
40.0,3.9318256327243257,21.0,9.1,0.40492170022371365,3,117
50.0,4.110873864173311,21.0,10.5,0.40492170022371365,2,117
20.0,5.017279836814924,13.0,6.1,0.40492170022371365,0,117
20.0,5.017279836814924,12.0,15.3,0.40492170022371365,0,117
40.0,5.017279836814924,13.0,6.1,0.40492170022371365,0,117
40.0,5.017279836814924,12.0,15.3,0.40492170022371365,0,117
0.0,0.9162907318741551,13.0,6.4,0.40492170022371365,1,117
0.0,0.9162907318741551,11.0,16.7,0.40492170022371365,1,117
20.0,0.9162907318741551,13.0,6.4,0.40492170022371365,1,117
20.0,0.9162907318741551,11.0,16.7,0.40492170022371365,1,117
0.0,0.9162907318741551,13.0,6.4,0.40492170022371365,1,117
0.0,0.9162907318741551,11.0,16.7,0.40492170022371365,1,117
0.0,0.9162907318741551,13.0,6.4,0.40492170022371365,1,117
0.0,0.9162907318741551,11.0,16.7,0.40492170022371365,1,117
0.0,1.3862943611198906,13.0,5.8,0.40492170022371365,1,117
0.0,1.3862943611198906,18.0,19.2,0.40492170022371365,1,117
0.0,1.3862943611198906,13.0,5.8,0.40492170022371365,1,117
0.0,1.3862943611198906,18.0,19.2,0.40492170022371365,1,117
0.0,0.4054651081081644,13.0,6.7,0.40492170022371365,1,117
20.0,0.4054651081081644,13.0,6.7,0.40492170022371365,1,117
0.0,0.9162907318741551,12.0,6.5,0.40492170022371365,2,117
10.0,0.9162907318741551,12.0,6.5,0.40492170022371365,2,117
60.0,0.9162907318741551,13.0,6.2,0.40492170022371365,1,117
10.0,0.9162907318741551,13.0,6.2,0.40492170022371365,1,117
0.0,2.70805020110221,12.0,4.2,0.40492170022371365,1,117
0.0,0.6931471805599453,12.0,15.3,0.40492170022371365,2,117
40.0,4.110873864173311,11.0,15.4,0.40492170022371365,3,117
40.0,4.110873864173311,13.0,1.5,0.40492170022371365,3,117
0.0,4.110873864173311,11.0,15.4,0.40492170022371365,3,117
0.0,4.110873864173311,13.0,1.5,0.40492170022371365,3,117
90.0,4.110873864173311,11.0,15.4,0.40492170022371365,3,117
90.0,4.110873864173311,13.0,1.5,0.40492170022371365,3,117
0.0,1.0986122886681098,11.0,14.3,0.40492170022371365,1,117
0.0,1.0986122886681098,12.0,3.5,0.40492170022371365,1,117
90.0,1.0986122886681098,11.0,14.3,0.40492170022371365,1,117
90.0,1.0986122886681098,12.0,3.5,0.40492170022371365,1,117
30.0,1.0986122886681098,11.0,14.3,0.40492170022371365,1,117
30.0,1.0986122886681098,12.0,3.5,0.40492170022371365,1,117
0.0,1.0986122886681098,11.0,14.3,0.40492170022371365,1,117
0.0,1.0986122886681098,12.0,3.5,0.40492170022371365,1,117
0.0,4.110873864173311,12.0,9.2,0.40492170022371365,3,117
0.0,2.1972245773362196,13.0,11.0,0.40492170022371365,1,117
0.0,2.1972245773362196,13.0,11.0,0.40492170022371365,1,117
0.0,1.6094379124341003,15.0,10.1,0.40492170022371365,1,117
20.0,5.198497031265826,13.0,11.7,0.40492170022371365,3,117
0.0,2.5649493574615367,13.0,11.8,0.40492170022371365,1,117
0.0,1.791759469228055,11.0,8.1,0.40492170022371365,1,117
0.0,1.0986122886681098,12.0,13.6,0.40492170022371365,2,117
50.0,1.0986122886681098,12.0,13.6,0.40492170022371365,2,117
0.0,3.044522437723423,12.0,14.0,0.40492170022371365,4,117
20.0,1.252762968495368,13.0,2.9,0.40492170022371365,1,117
60.0,0.6931471805599453,13.0,3.4,0.40492170022371365,1,117
0.0,0.6931471805599453,13.0,3.4,0.40492170022371365,1,117
100.0,0.22314355131420976,11.0,15.4,0.40492170022371365,1,117
100.0,0.22314355131420976,13.0,2.8,0.40492170022371365,1,117
0.0,0.22314355131420976,11.0,15.4,0.40492170022371365,1,117
0.0,0.22314355131420976,13.0,2.8,0.40492170022371365,1,117
0.0,0.22314355131420976,11.0,15.4,0.40492170022371365,1,117
0.0,0.22314355131420976,13.0,2.8,0.40492170022371365,1,117
90.0,0.22314355131420976,11.0,15.4,0.40492170022371365,1,117
90.0,0.22314355131420976,13.0,2.8,0.40492170022371365,1,117
0.0,0.22314355131420976,11.0,15.4,0.40492170022371365,1,117
0.0,0.22314355131420976,13.0,2.8,0.40492170022371365,1,117
0.0,0.4054651081081644,11.0,14.4,0.40492170022371365,1,117
0.0,0.4054651081081644,12.0,13.5,0.40492170022371365,1,117
30.0,0.4054651081081644,11.0,14.4,0.40492170022371365,1,117
30.0,0.4054651081081644,12.0,13.5,0.40492170022371365,1,117
20.0,0.4054651081081644,11.0,14.4,0.40492170022371365,1,117
20.0,0.4054651081081644,12.0,13.5,0.40492170022371365,1,117
0.0,0.6931471805599453,12.0,12.1,0.40492170022371365,3,117
0.0,0.6931471805599453,12.0,9.7,0.40492170022371365,3,117
20.0,0.6931471805599453,12.0,12.1,0.40492170022371365,3,117
20.0,0.6931471805599453,12.0,9.7,0.40492170022371365,3,117
90.0,0.6931471805599453,12.0,12.1,0.40492170022371365,3,117
90.0,0.6931471805599453,12.0,9.7,0.40492170022371365,3,117
90.0,0.6931471805599453,12.0,12.1,0.40492170022371365,3,117
90.0,0.6931471805599453,12.0,9.7,0.40492170022371365,3,117
20.0,4.110873864173311,15.0,13.2,0.40492170022371365,3,117
0.0,1.791759469228055,15.0,12.9,0.40492170022371365,1,117
0.0,0.6931471805599453,15.0,10.4,0.40492170022371365,2,117
0.0,2.3978952727983707,19.0,4.4,0.40492170022371365,1,117
0.0,4.110873864173311,15.0,10.7,0.40492170022371365,3,117
0.0,4.110873864173311,15.0,10.7,0.40492170022371365,3,117
0.0,4.795790545596741,11.0,12.3,0.40492170022371365,3,117
0.0,4.795790545596741,11.0,12.3,0.40492170022371365,3,117
0.0,3.9318256327243257,12.0,13.4,0.40492170022371365,0,117
0.0,3.9318256327243257,12.0,13.4,0.40492170022371365,0,117
0.0,1.0986122886681098,14.0,13.5,0.40492170022371365,1,117
0.0,1.0986122886681098,14.0,13.5,0.40492170022371365,1,117
10.0,1.0986122886681098,14.0,13.5,0.40492170022371365,1,117
0.0,2.5649493574615367,13.0,12.5,0.40492170022371365,1,117
0.0,1.6094379124341003,12.0,16.9,0.40492170022371365,1,117
10.0,4.2626798770413155,12.0,8.8,0.40492170022371365,3,117
100.0,3.713572066704308,14.0,8.6,0.40492170022371365,2,117
100.0,3.4339872044851463,14.0,9.1,0.40492170022371365,0,117
20.0,4.795790545596741,14.0,9.0,0.40492170022371365,3,117
0.0,2.3978952727983707,12.0,6.0,0.40492170022371365,1,117
0.0,0.6931471805599453,13.0,8.3,0.40492170022371365,2,117
0.0,0.6931471805599453,11.0,6.7,0.40492170022371365,2,117
10.0,0.6931471805599453,11.0,6.7,0.40492170022371365,2,117
40.0,0.6931471805599453,11.0,6.7,0.40492170022371365,2,117
0.0,1.0986122886681098,12.0,5.1,0.40492170022371365,1,117
100.0,1.0986122886681098,12.0,5.1,0.40492170022371365,1,117
0.0,1.0986122886681098,12.0,5.1,0.40492170022371365,1,117
4.0,1.0986122886681098,12.0,5.1,0.40492170022371365,1,117
0.0,1.0986122886681098,12.0,5.1,0.40492170022371365,1,117
0.0,1.791759469228055,12.0,5.1,0.40492170022371365,1,117
0.0,1.791759469228055,12.0,5.1,0.40492170022371365,1,117
0.0,0.6931471805599453,14.0,5.3,0.40492170022371365,2,117
0.0,4.330733340286331,12.0,4.7,0.40492170022371365,0,117
0.0,4.110873864173311,11.0,39.5,0.40492170022371365,3,117
0.0,4.110873864173311,11.0,39.5,0.40492170022371365,3,117
0.0,1.6094379124341003,12.0,5.9,0.40492170022371365,1,117
100.0,1.6094379124341003,12.0,5.9,0.40492170022371365,1,117
0.0,1.0986122886681098,12.0,12.1,0.40492170022371365,1,117
100.0,1.0986122886681098,12.0,12.1,0.40492170022371365,1,117
0.0,2.70805020110221,12.0,9.2,0.40492170022371365,1,117
0.0,2.70805020110221,12.0,5.5,0.40492170022371365,1,117
0.0,3.4965075614664802,12.0,4.2,0.40492170022371365,0,117
0.0,3.4965075614664802,12.0,5.5,0.40492170022371365,0,117
90.0,3.4965075614664802,12.0,4.2,0.40492170022371365,0,117
90.0,3.4965075614664802,12.0,5.5,0.40492170022371365,0,117
40.0,3.4965075614664802,12.0,4.2,0.40492170022371365,0,117
40.0,3.4965075614664802,12.0,5.5,0.40492170022371365,0,117
20.0,3.4965075614664802,12.0,4.2,0.40492170022371365,0,117
20.0,3.4965075614664802,12.0,5.5,0.40492170022371365,0,117
0.0,3.4965075614664802,12.0,4.2,0.40492170022371365,0,117
0.0,3.4965075614664802,12.0,5.5,0.40492170022371365,0,117
0.0,0.6931471805599453,12.0,3.4,0.07547169811320754,1,118
0.0,0.6931471805599453,12.0,3.4,0.07547169811320754,1,118
0.0,0.6931471805599453,12.0,3.4,0.07547169811320754,1,118
0.0,0.6931471805599453,12.0,3.4,0.07547169811320754,1,118
0.0,0.6931471805599453,12.0,3.4,0.07547169811320754,1,118
20.0,0.6931471805599453,13.0,4.8,0.07547169811320754,3,118
10.0,1.0986122886681098,13.0,4.6,0.07547169811320754,3,118
0.0,2.3978952727983707,12.0,13.2,0.07547169811320754,1,118
0.0,2.3978952727983707,12.0,13.2,0.07547169811320754,1,118
0.0,2.3978952727983707,12.0,13.2,0.07547169811320754,1,118
0.0,2.3978952727983707,12.0,13.3,0.07547169811320754,0,118
0.0,2.3978952727983707,12.0,13.3,0.07547169811320754,0,118
0.0,2.3978952727983707,12.0,13.3,0.07547169811320754,0,118
0.0,2.3978952727983707,12.0,13.3,0.07547169811320754,0,118
0.0,2.3978952727983707,12.0,13.3,0.07547169811320754,0,118
20.0,2.772588722239781,12.0,12.8,0.07547169811320754,0,118
0.0,2.772588722239781,12.0,12.8,0.07547169811320754,0,118
0.0,2.772588722239781,12.0,12.8,0.07547169811320754,0,118
0.0,2.772588722239781,12.0,12.8,0.07547169811320754,0,118
0.0,2.772588722239781,12.0,12.8,0.07547169811320754,0,118
0.0,2.772588722239781,12.0,12.8,0.07547169811320754,0,118
0.0,0.6931471805599453,12.0,13.5,0.07547169811320754,3,118
0.0,0.6931471805599453,12.0,12.6,0.07547169811320754,3,118
0.0,1.3862943611198906,13.0,24.1,0.38910505836575876,2,119
50.0,1.791759469228055,18.0,2.3,0.38910505836575876,1,119
20.0,1.6094379124341003,13.0,5.6,0.38910505836575876,2,119
0.0,0.9162907318741551,16.0,19.3,0.38910505836575876,2,119
0.0,0.9162907318741551,13.0,17.8,0.38910505836575876,2,119
30.0,0.9162907318741551,16.0,19.3,0.38910505836575876,2,119
30.0,0.9162907318741551,13.0,17.8,0.38910505836575876,2,119
30.0,1.0986122886681098,16.0,17.9,0.38910505836575876,3,119
30.0,1.0986122886681098,18.0,3.4,0.38910505836575876,3,119
30.0,1.0986122886681098,16.0,17.9,0.38910505836575876,3,119
30.0,1.0986122886681098,18.0,3.4,0.38910505836575876,3,119
40.0,3.258096538021482,11.0,10.2,0.38910505836575876,1,119
40.0,3.258096538021482,19.0,2.2,0.38910505836575876,1,119
0.0,3.258096538021482,11.0,10.2,0.38910505836575876,1,119
0.0,3.258096538021482,19.0,2.2,0.38910505836575876,1,119
30.0,0.6931471805599453,16.0,17.9,0.38910505836575876,3,119
30.0,0.6931471805599453,18.0,3.4,0.38910505836575876,3,119
30.0,0.6931471805599453,16.0,17.9,0.38910505836575876,3,119
30.0,0.6931471805599453,18.0,3.4,0.38910505836575876,3,119
20.0,1.3862943611198906,11.0,18.6,0.38910505836575876,2,119
20.0,1.3862943611198906,11.0,18.2,0.38910505836575876,2,119
20.0,1.3862943611198906,11.0,18.6,0.38910505836575876,2,119
20.0,1.3862943611198906,11.0,18.2,0.38910505836575876,2,119
50.0,0.6931471805599453,15.0,7.0,0.38910505836575876,3,119
50.0,1.0986122886681098,10.0,29.3,0.38910505836575876,2,119
30.0,2.772588722239781,12.0,20.0,0.38910505836575876,1,119
40.0,1.791759469228055,12.0,17.4,0.38910505836575876,2,119
30.0,0.4054651081081644,15.0,6.9,0.38910505836575876,3,119
20.0,0.6931471805599453,13.0,17.0,0.38910505836575876,2,119
30.0,1.6094379124341003,13.0,16.8,0.38910505836575876,1,119
30.0,1.6094379124341003,15.0,6.1,0.38910505836575876,1,119
30.0,1.0986122886681098,13.0,10.8,0.38910505836575876,3,119
0.0,0.6931471805599453,11.0,20.6,0.38910505836575876,1,119
40.0,1.0986122886681098,11.0,23.2,0.38910505836575876,3,119
0.0,0.6931471805599453,11.0,22.0,0.38910505836575876,2,119
50.0,0.6931471805599453,12.0,20.7,0.38910505836575876,3,119
20.0,1.0986122886681098,11.0,22.2,0.38910505836575876,1,119
30.0,0.6931471805599453,12.0,13.1,0.38910505836575876,1,119
0.0,2.8903717578961645,12.0,13.3,0.38910505836575876,2,119
50.0,2.3978952727983707,12.0,12.7,0.38910505836575876,0,119
30.0,1.0986122886681098,12.0,12.5,0.38910505836575876,3,119
80.0,1.791759469228055,12.0,12.5,0.38910505836575876,0,119
50.0,2.8903717578961645,12.0,12.4,0.38910505836575876,4,119
50.0,2.3978952727983707,12.0,12.7,0.38910505836575876,0,119
30.0,0.6931471805599453,12.0,12.8,0.38910505836575876,1,119
30.0,1.791759469228055,12.0,10.6,0.38910505836575876,1,119
30.0,1.3862943611198906,12.0,14.7,0.38910505836575876,1,119
40.0,1.6094379124341003,13.0,11.1,0.38910505836575876,3,119
30.0,0.4054651081081644,15.0,12.7,0.38910505836575876,3,119
20.0,1.3862943611198906,15.0,13.2,0.38910505836575876,1,119
30.0,0.4054651081081644,15.0,13.6,0.38910505836575876,3,119
30.0,1.3862943611198906,13.0,14.5,0.38910505836575876,1,119
20.0,0.6931471805599453,14.0,14.5,0.38910505836575876,2,119
30.0,0.6931471805599453,14.0,14.1,0.38910505836575876,1,119
20.0,0.6931471805599453,12.0,5.8,0.38910505836575876,3,119
40.0,2.3978952727983707,12.0,5.9,0.38910505836575876,2,119
20.0,2.8903717578961645,12.0,18.3,0.38910505836575876,3,119
20.0,1.0986122886681098,12.0,19.3,0.38910505836575876,3,119
40.0,1.0986122886681098,12.0,14.7,0.38910505836575876,2,119
30.0,0.6931471805599453,12.0,13.4,0.38910505836575876,2,119
0.0,0.6931471805599453,11.0,11.5,0.09659090909090909,1,120
0.0,0.6931471805599453,11.0,11.6,0.09659090909090909,0,120
20.0,1.791759469228055,12.0,11.8,0.09659090909090909,4,120
10.0,1.3862943611198906,12.0,7.1,0.09659090909090909,0,120
0.0,2.1972245773362196,12.0,9.6,0.09659090909090909,0,120
0.0,2.1972245773362196,12.0,12.6,0.09659090909090909,0,120
0.0,1.0986122886681098,12.0,11.9,0.09659090909090909,0,120
0.0,1.0986122886681098,11.0,7.6,0.09659090909090909,0,120
0.0,0.6931471805599453,11.0,9.9,0.09659090909090909,0,120
0.0,1.6094379124341003,13.0,15.4,0.09659090909090909,0,120
0.0,1.3862943611198906,11.0,9.8,0.09659090909090909,4,120
0.0,1.3862943611198906,13.0,6.3,0.09659090909090909,0,120
0.0,1.3862943611198906,11.0,9.1,0.09659090909090909,0,120
0.0,1.3862943611198906,13.0,6.3,0.09659090909090909,0,120
0.0,1.3862943611198906,11.0,9.1,0.09659090909090909,0,120
0.0,1.6094379124341003,12.0,7.1,0.09659090909090909,0,120
20.0,1.6094379124341003,12.0,7.1,0.09659090909090909,0,120
0.0,1.0986122886681098,12.0,8.4,0.09659090909090909,4,120
0.0,1.0986122886681098,11.0,8.5,0.09659090909090909,4,120
0.0,1.0986122886681098,12.0,8.4,0.09659090909090909,4,120
0.0,1.0986122886681098,11.0,8.5,0.09659090909090909,4,120
0.0,1.0986122886681098,12.0,9.7,0.09659090909090909,4,120
0.0,1.0986122886681098,11.0,9.1,0.09659090909090909,4,120
0.0,1.0986122886681098,12.0,9.7,0.09659090909090909,4,120
0.0,1.0986122886681098,11.0,9.1,0.09659090909090909,4,120
0.0,1.3862943611198906,12.0,8.6,0.09659090909090909,0,120
0.0,0.6931471805599453,12.0,8.8,0.09659090909090909,0,120
0.0,0.6931471805599453,11.0,9.5,0.09659090909090909,0,120
0.0,0.6931471805599453,12.0,8.8,0.09659090909090909,0,120
0.0,0.6931471805599453,11.0,9.5,0.09659090909090909,0,120
0.0,0.6931471805599453,12.0,11.5,0.09659090909090909,0,120
0.0,1.0986122886681098,12.0,13.1,0.09659090909090909,1,120
0.0,0.6931471805599453,12.0,13.3,0.09659090909090909,0,120
0.0,1.0986122886681098,13.0,10.6,0.09659090909090909,0,120
20.0,2.0794415416798357,12.0,5.0,0.09659090909090909,0,120
10.0,2.0794415416798357,11.0,5.3,0.09659090909090909,4,120
0.0,1.0986122886681098,12.0,8.6,0.09659090909090909,1,120
0.0,1.0986122886681098,12.0,8.6,0.09659090909090909,1,120
0.0,1.3862943611198906,12.0,8.3,0.09659090909090909,1,120
0.0,0.6931471805599453,13.0,10.0,0.09659090909090909,0,120
50.0,1.0986122886681098,14.0,11.1,0.09659090909090909,0,120
0.0,1.6094379124341003,12.0,7.8,0.09659090909090909,0,120
20.0,1.3862943611198906,11.0,9.8,0.09659090909090909,0,120
10.0,1.6094379124341003,14.0,6.8,0.09659090909090909,4,120
0.0,0.6931471805599453,12.0,8.8,0.09659090909090909,0,120
0.0,0.6931471805599453,12.0,8.1,0.09659090909090909,0,120
0.0,0.6931471805599453,12.0,8.7,0.09659090909090909,4,120
0.0,0.6931471805599453,13.0,9.1,0.09659090909090909,4,120
0.0,0.6931471805599453,12.0,8.7,0.09659090909090909,4,120
0.0,0.6931471805599453,13.0,9.1,0.09659090909090909,4,120
0.0,1.0986122886681098,13.0,20.5,0.09659090909090909,0,120
0.0,1.0986122886681098,12.0,8.5,0.09659090909090909,0,120
0.0,1.0986122886681098,13.0,20.5,0.09659090909090909,0,120
0.0,1.0986122886681098,12.0,8.5,0.09659090909090909,0,120
0.0,1.3862943611198906,12.0,6.5,0.09659090909090909,4,120
0.0,2.1972245773362196,12.0,8.8,0.09659090909090909,0,120
0.0,1.0986122886681098,12.0,10.9,0.09659090909090909,4,120
0.0,1.0986122886681098,13.0,14.4,0.09659090909090909,4,120
0.0,1.0986122886681098,12.0,10.9,0.09659090909090909,4,120
0.0,1.0986122886681098,13.0,14.4,0.09659090909090909,4,120
75.0,0.6931471805599453,14.0,13.8,0.09659090909090909,3,120
0.0,1.0986122886681098,12.0,7.7,0.09659090909090909,4,120
0.0,1.0986122886681098,12.0,7.7,0.09659090909090909,4,120
0.0,1.9459101490553132,11.0,5.9,0.09659090909090909,0,120
0.0,1.6094379124341003,11.0,9.5,0.09659090909090909,4,120
0.0,1.6094379124341003,12.0,11.0,0.09659090909090909,0,120
0.0,1.6094379124341003,12.0,11.7,0.09659090909090909,0,120
0.0,0.6931471805599453,11.0,9.5,0.09659090909090909,0,120
0.0,0.6931471805599453,11.0,9.4,0.09659090909090909,1,120
0.0,2.3978952727983707,12.0,6.4,0.09659090909090909,0,120
0.0,1.6094379124341003,11.0,10.9,0.09659090909090909,0,120
0.0,1.9459101490553132,15.0,13.4,0.09659090909090909,4,120
0.0,0.6931471805599453,11.0,10.5,0.09659090909090909,0,120
0.0,1.3862943611198906,15.0,8.8,0.09659090909090909,0,120
0.0,1.3862943611198906,13.0,9.2,0.09659090909090909,0,120
0.0,1.791759469228055,12.0,9.8,0.09659090909090909,4,120
20.0,2.1972245773362196,12.0,6.8,0.5166666666666667,3,121
10.0,1.0986122886681098,12.0,6.4,0.5166666666666667,2,121
10.0,1.9459101490553132,13.0,6.1,0.5166666666666667,2,121
20.0,3.4339872044851463,12.0,11.1,0.5166666666666667,1,121
20.0,4.02535169073515,13.0,12.3,0.5166666666666667,2,121
0.0,1.6094379124341003,13.0,6.5,0.5166666666666667,3,121
20.0,1.6094379124341003,13.0,11.4,0.5166666666666667,1,121
20.0,3.4339872044851463,13.0,5.3,0.5166666666666667,1,121
10.0,1.8718021769015913,15.0,6.7,0.5166666666666667,2,121
0.0,1.252762968495368,14.0,10.6,0.5166666666666667,3,121
0.0,1.3862943611198906,15.0,5.9,0.5166666666666667,2,121
10.0,1.3862943611198906,11.0,8.5,0.5166666666666667,1,121
20.0,3.4339872044851463,13.0,4.7,0.5166666666666667,1,121
0.0,1.3862943611198906,12.0,5.3,0.5166666666666667,3,121
0.0,1.3862943611198906,13.0,4.8,0.5166666666666667,2,121
20.0,0.6931471805599453,12.0,8.6,0.5166666666666667,1,121
20.0,1.6094379124341003,13.0,9.5,0.5166666666666667,1,121
10.0,1.0986122886681098,13.0,9.1,0.5166666666666667,1,121
20.0,4.394449154672439,17.0,6.2,0.5166666666666667,1,121
0.0,1.3862943611198906,14.0,5.0,0.5166666666666667,2,121
20.0,3.258096538021482,15.0,4.5,0.5166666666666667,1,121
0.0,2.1972245773362196,12.0,8.8,0.5166666666666667,2,121
30.0,0.6931471805599453,12.0,5.5,0.5166666666666667,1,121
0.0,1.0986122886681098,13.0,6.5,0.5166666666666667,3,121
0.0,0.4054651081081644,13.0,6.6,0.5166666666666667,2,121
0.0,3.4339872044851463,12.0,9.2,0.5166666666666667,1,121
0.0,1.3862943611198906,13.0,8.6,0.5166666666666667,2,121
0.0,0.6931471805599453,12.0,6.7,0.5166666666666667,2,121
0.0,0.6931471805599453,14.0,5.9,0.5166666666666667,3,121
0.0,1.0986122886681098,12.0,4.6,0.5166666666666667,2,121
0.0,0.9162907318741551,13.0,9.7,0.5166666666666667,3,121
10.0,2.3978952727983707,12.0,7.4,0.5166666666666667,1,121
0.0,0.6931471805599453,13.0,5.9,0.0,0,122
0.0,0.6931471805599453,13.0,5.9,0.0,0,122
0.0,1.9459101490553132,15.0,2.6,0.1103448275862069,3,123
0.0,1.6094379124341003,12.0,9.7,0.1103448275862069,3,123
0.0,1.0986122886681098,12.0,10.2,0.1103448275862069,3,123
0.0,0.6931471805599453,12.0,11.1,0.1103448275862069,0,123
0.0,2.0794415416798357,12.0,9.7,0.1103448275862069,3,123
0.0,0.6931471805599453,15.0,4.0,0.1103448275862069,3,123
0.0,0.6931471805599453,14.0,4.2,0.1103448275862069,3,123
2.0,1.6094379124341003,12.0,10.1,0.1103448275862069,4,123
0.0,1.6094379124341003,13.0,6.5,0.1103448275862069,3,123
0.0,2.1972245773362196,13.0,7.1,0.1103448275862069,3,123
50.0,0.6931471805599453,12.0,10.6,0.1103448275862069,1,123
0.0,1.3862943611198906,13.0,11.8,0.1103448275862069,0,123
10.0,1.3862943611198906,18.0,2.7,0.1103448275862069,3,123
10.0,1.3862943611198906,12.0,5.0,0.1103448275862069,4,123
10.0,1.3862943611198906,12.0,5.6,0.1103448275862069,3,123
0.0,1.0986122886681098,12.0,5.8,0.1103448275862069,3,123
0.0,2.1972245773362196,13.0,4.3,0.1103448275862069,3,123
0.0,1.6094379124341003,11.0,8.7,0.1103448275862069,3,123
0.0,1.0986122886681098,12.0,13.3,0.1103448275862069,4,123
0.0,0.6931471805599453,12.0,13.2,0.1103448275862069,3,123
0.0,2.1972245773362196,14.0,3.4,0.1103448275862069,3,123
0.0,1.791759469228055,14.0,2.4,0.1103448275862069,3,123
0.0,1.0986122886681098,12.0,9.2,0.1103448275862069,0,123
0.0,1.9459101490553132,11.0,15.3,0.1103448275862069,3,123
0.0,1.791759469228055,15.0,6.6,0.1103448275862069,3,123
0.0,0.6931471805599453,13.0,10.9,0.1103448275862069,3,123
0.0,0.6931471805599453,12.0,9.6,0.1103448275862069,3,123
0.0,1.3862943611198906,13.0,4.8,0.1103448275862069,3,123
0.0,1.6094379124341003,15.0,1.4,0.1103448275862069,3,123
0.0,0.6931471805599453,11.0,17.6,0.1103448275862069,0,123
0.0,2.1972245773362196,13.0,1.8,0.1103448275862069,3,123
0.0,1.9459101490553132,14.0,1.0,0.1103448275862069,3,123
0.0,1.0986122886681098,11.0,18.2,0.1103448275862069,3,123
0.0,0.6931471805599453,12.0,17.4,0.1103448275862069,3,123
0.0,0.6931471805599453,12.0,16.3,0.1103448275862069,3,123
0.0,0.6931471805599453,13.0,10.0,0.1103448275862069,3,123
0.0,0.6931471805599453,13.0,8.8,0.1103448275862069,3,123
0.0,0.6931471805599453,13.0,13.8,0.1103448275862069,1,123
13.0,0.6931471805599453,13.0,11.8,0.1103448275862069,3,123
0.0,0.6931471805599453,13.0,10.6,0.1103448275862069,0,123
0.0,0.6931471805599453,13.0,10.0,0.1103448275862069,4,123
0.0,0.6931471805599453,13.0,13.6,0.1103448275862069,0,123
0.0,0.6931471805599453,13.0,12.4,0.1103448275862069,3,123
0.0,0.6931471805599453,15.0,1.7,0.1103448275862069,3,123
0.0,1.9459101490553132,13.0,10.2,0.1103448275862069,3,123
0.0,0.6931471805599453,15.0,1.7,0.1103448275862069,3,123
0.0,2.0794415416798357,12.0,12.6,0.1103448275862069,3,123
50.0,3.044522437723423,12.0,7.5,0.13636363636363635,1,124
0.0,2.772588722239781,14.0,3.5,0.13636363636363635,1,124
50.0,3.4339872044851463,13.0,4.1,0.13636363636363635,1,124
0.0,3.9318256327243257,15.0,3.9,0.043478260869565216,1,125
0.0,3.9318256327243257,15.0,4.0,0.043478260869565216,1,125
0.0,1.0986122886681098,11.0,13.5,0.043478260869565216,3,125
0.0,0.6931471805599453,12.0,11.9,0.043478260869565216,3,125
0.0,0.6931471805599453,13.0,9.5,0.043478260869565216,3,125
0.0,1.0986122886681098,16.0,1.1,0.043478260869565216,3,125
0.0,1.3862943611198906,14.0,2.2,0.043478260869565216,3,125
0.0,1.0986122886681098,14.0,2.5,0.043478260869565216,3,125
0.0,1.9459101490553132,13.0,4.3,0.043478260869565216,3,125
0.0,1.9459101490553132,13.0,3.2,0.043478260869565216,3,125
0.0,0.6931471805599453,13.0,2.8,0.043478260869565216,0,125
0.0,1.0986122886681098,12.0,1.9,0.043478260869565216,3,125
0.0,3.9318256327243257,14.0,1.0,0.043478260869565216,1,125
0.0,1.0986122886681098,14.0,2.0,0.043478260869565216,3,125
0.0,1.0986122886681098,14.0,2.0,0.043478260869565216,4,125
0.0,0.6931471805599453,12.0,4.2,0.043478260869565216,3,125
0.0,0.6931471805599453,12.0,3.7,0.043478260869565216,3,125
0.0,1.0986122886681098,13.0,3.9,0.043478260869565216,3,125
0.0,0.6931471805599453,15.0,1.4,0.043478260869565216,2,125
0.0,1.0986122886681098,16.0,0.9,0.043478260869565216,3,125
0.0,0.6931471805599453,15.0,2.5,0.043478260869565216,2,125
0.0,0.6931471805599453,15.0,2.6,0.043478260869565216,3,125
0.0,0.6931471805599453,14.0,2.6,0.043478260869565216,3,125
100.0,3.9318256327243257,12.0,10.1,0.043478260869565216,1,125
0.0,0.6931471805599453,12.0,10.0,0.043478260869565216,3,125
0.0,3.258096538021482,14.0,1.0,0.043478260869565216,3,125
0.0,1.0986122886681098,15.0,1.2,0.043478260869565216,3,125
0.0,0.6931471805599453,15.0,1.3,0.043478260869565216,3,125
0.0,0.6931471805599453,15.0,1.7,0.043478260869565216,3,125
0.0,1.0986122886681098,12.0,4.8,0.043478260869565216,4,125
0.0,3.044522437723423,12.0,4.0,0.043478260869565216,1,125
0.0,0.6931471805599453,13.0,4.0,0.043478260869565216,3,125
0.0,0.6931471805599453,13.0,3.5,0.043478260869565216,3,125
0.0,0.6931471805599453,12.0,4.0,0.043478260869565216,3,125
0.0,5.303304908059076,12.0,3.1,0.043478260869565216,0,125
0.0,5.707110264748875,12.0,4.2,0.043478260869565216,3,125
0.0,5.707110264748875,13.0,3.3,0.043478260869565216,3,125
0.0,4.61512051684126,13.0,4.3,0.043478260869565216,3,125
0.0,3.9318256327243257,13.0,3.1,0.043478260869565216,1,125
0.0,1.3862943611198906,13.0,3.0,0.043478260869565216,4,125
0.0,2.3978952727983707,14.0,2.1,0.043478260869565216,3,125
0.0,1.3862943611198906,15.0,2.4,0.043478260869565216,3,125
0.0,1.3862943611198906,15.0,1.5,0.043478260869565216,3,125
0.0,2.3978952727983707,11.0,22.7,0.2777777777777778,4,126
50.0,0.6931471805599453,12.0,28.9,0.2777777777777778,0,126
0.0,1.0986122886681098,14.0,18.3,0.2777777777777778,4,126
50.0,1.0986122886681098,11.0,8.6,0.2777777777777778,0,126
0.0,1.3862943611198906,14.0,7.0,0.2777777777777778,4,126
0.0,0.6931471805599453,13.0,6.6,0.2777777777777778,4,126
0.0,0.6931471805599453,12.0,22.3,0.2777777777777778,3,126
0.0,2.1972245773362196,12.0,22.0,0.2777777777777778,4,126
0.0,1.0986122886681098,13.0,14.2,0.2777777777777778,0,126
50.0,1.9459101490553132,14.0,15.0,0.2777777777777778,0,126
40.0,1.6094379124341003,15.0,8.6,0.2777777777777778,4,126
0.0,1.6094379124341003,11.0,13.6,0.2777777777777778,4,126
0.0,1.3862943611198906,14.0,6.3,0.2777777777777778,0,126
0.0,1.3862943611198906,14.0,9.3,0.2777777777777778,4,126
0.0,1.3862943611198906,14.0,9.4,0.2777777777777778,0,126
0.0,1.0986122886681098,12.0,5.4,0.2777777777777778,3,126
75.0,1.6094379124341003,14.0,7.6,0.2777777777777778,0,126
0.0,1.791759469228055,12.0,15.9,0.2777777777777778,4,126
0.0,2.5649493574615367,12.0,16.3,0.2777777777777778,4,126
0.0,2.5649493574615367,15.0,8.1,0.2777777777777778,0,126
40.0,1.3862943611198906,12.0,6.3,0.2777777777777778,0,126
0.0,1.6094379124341003,12.0,14.5,0.2777777777777778,0,126
0.0,1.6094379124341003,14.0,6.5,0.2777777777777778,0,126
0.0,0.6931471805599453,12.0,18.6,0.2777777777777778,0,126
0.0,0.6931471805599453,12.0,18.6,0.2777777777777778,0,126
0.0,2.1972245773362196,12.0,18.6,0.2777777777777778,4,126
0.0,2.1972245773362196,12.0,18.6,0.2777777777777778,4,126
0.0,1.0986122886681098,11.0,6.4,0.2777777777777778,0,126
0.0,2.70805020110221,13.0,7.0,0.2777777777777778,0,126
0.0,2.1972245773362196,13.0,4.5,0.2777777777777778,0,126
0.0,2.3978952727983707,13.0,9.0,0.2777777777777778,0,126
0.0,0.6931471805599453,10.0,21.5,0.2777777777777778,4,126
0.0,1.6094379124341003,12.0,18.3,0.2777777777777778,4,126
20.0,1.9459101490553132,14.0,5.1,0.2777777777777778,0,126
20.0,2.5649493574615367,13.0,11.7,0.2777777777777778,0,126
10.0,1.6094379124341003,14.0,7.9,0.2777777777777778,0,126
0.0,1.6094379124341003,12.0,7.7,0.2777777777777778,4,126
0.0,0.6931471805599453,12.0,7.4,0.2777777777777778,0,126
0.0,2.3978952727983707,12.0,8.7,0.2777777777777778,0,126
0.0,1.3862943611198906,13.0,15.5,0.2777777777777778,0,126
20.0,1.3862943611198906,12.0,25.0,0.2777777777777778,0,126
0.0,1.0986122886681098,13.0,8.9,0.2777777777777778,0,126
0.0,1.9459101490553132,14.0,6.3,0.2777777777777778,0,126
0.0,2.3978952727983707,12.0,5.0,0.017094017094017096,4,127
0.0,0.6931471805599453,12.0,5.0,0.017094017094017096,3,127
0.0,2.302585092994046,14.0,3.4,0.017094017094017096,3,127
0.0,2.833213344056216,14.0,2.7,0.017094017094017096,4,127
0.0,1.3862943611198906,13.0,2.4,0.017094017094017096,3,127
0.0,1.9459101490553132,15.0,3.8,0.017094017094017096,4,127
0.0,1.791759469228055,15.0,2.5,0.017094017094017096,3,127
0.0,2.772588722239781,14.0,2.7,0.017094017094017096,4,127
0.0,1.0986122886681098,13.0,6.3,0.017094017094017096,3,127
0.0,1.6094379124341003,13.0,3.6,0.017094017094017096,4,127
0.0,3.1780538303479458,12.0,6.3,0.017094017094017096,4,127
0.0,1.3862943611198906,12.0,6.5,0.017094017094017096,3,127
0.0,2.4849066497880004,13.0,8.0,0.017094017094017096,4,127
0.0,2.1972245773362196,13.0,7.9,0.017094017094017096,3,127
0.0,2.5649493574615367,13.0,5.0,0.017094017094017096,4,127
0.0,2.3978952727983707,14.0,4.9,0.017094017094017096,3,127
0.0,2.6390573296152584,15.0,5.4,0.017094017094017096,4,127
0.0,1.9459101490553132,13.0,6.0,0.017094017094017096,4,127
0.0,1.9459101490553132,14.0,1.8,0.017094017094017096,3,127
0.0,1.3862943611198906,13.0,3.0,0.017094017094017096,3,127
0.0,1.3862943611198906,13.0,3.8,0.017094017094017096,3,127
0.0,2.4849066497880004,13.0,1.8,0.017094017094017096,3,127
0.0,2.995732273553991,14.0,1.5,0.017094017094017096,4,127
0.0,1.3862943611198906,13.0,9.4,0.017094017094017096,3,127
0.0,2.4849066497880004,14.0,4.3,0.017094017094017096,3,127
0.0,3.2188758248682006,12.0,11.1,0.017094017094017096,4,127
0.0,2.70805020110221,16.0,6.2,0.017094017094017096,4,127
0.0,3.091042453358316,12.0,8.3,0.017094017094017096,4,127
0.0,2.302585092994046,12.0,11.5,0.017094017094017096,4,127
0.0,3.713572066704308,14.0,2.6,0.017094017094017096,4,127
0.0,2.4849066497880004,14.0,1.0,0.017094017094017096,4,127
0.0,1.0986122886681098,11.0,13.2,0.017094017094017096,0,127
0.0,2.4849066497880004,14.0,5.1,0.017094017094017096,3,127
0.0,2.772588722239781,14.0,5.1,0.017094017094017096,4,127
0.0,1.9459101490553132,14.0,5.0,0.017094017094017096,3,127
0.0,2.6390573296152584,14.0,4.9,0.017094017094017096,3,127
0.0,1.6094379124341003,14.0,8.0,0.017094017094017096,4,127
0.0,3.1780538303479458,13.0,5.1,0.017094017094017096,4,127
0.0,1.9459101490553132,12.0,7.3,0.017094017094017096,4,127
0.0,2.6390573296152584,13.0,3.9,0.017094017094017096,3,127
0.0,3.332204510175204,13.0,2.4,0.017094017094017096,4,127
0.0,1.6094379124341003,13.0,6.0,0.017094017094017096,3,127
0.0,2.302585092994046,13.0,6.0,0.017094017094017096,4,127
0.0,3.2188758248682006,12.0,5.5,0.017094017094017096,4,127
0.0,2.1972245773362196,13.0,4.1,0.017094017094017096,3,127
50.0,1.6094379124341003,14.0,2.1,0.8421052631578947,1,128
50.0,1.6094379124341003,17.0,4.8,0.8421052631578947,1,128
50.0,0.6931471805599453,12.0,16.6,0.8421052631578947,1,128
0.0,0.6931471805599453,12.0,18.2,0.049586776859504134,1,129
0.0,1.0986122886681098,13.0,17.5,0.049586776859504134,0,129
0.0,0.6931471805599453,14.0,11.3,0.049586776859504134,1,129
0.0,1.791759469228055,13.0,7.8,0.049586776859504134,3,129
0.0,1.0986122886681098,13.0,6.6,0.049586776859504134,0,129
0.0,2.6390573296152584,13.0,3.9,0.049586776859504134,4,129
0.0,1.3862943611198906,13.0,3.8,0.049586776859504134,3,129
0.0,1.791759469228055,14.0,15.0,0.049586776859504134,4,129
0.0,1.6094379124341003,11.0,19.7,0.049586776859504134,3,129
0.0,2.3978952727983707,13.0,4.8,0.049586776859504134,4,129
0.0,0.6931471805599453,13.0,4.9,0.049586776859504134,3,129
50.0,0.6931471805599453,13.0,6.9,0.049586776859504134,1,129
0.0,1.0986122886681098,13.0,2.9,0.049586776859504134,3,129
0.0,0.6931471805599453,14.0,4.6,0.049586776859504134,1,129
0.0,2.772588722239781,14.0,2.8,0.049586776859504134,0,129
0.0,1.791759469228055,14.0,3.2,0.049586776859504134,3,129
0.0,1.6094379124341003,13.0,1.9,0.049586776859504134,0,129
0.0,1.0986122886681098,14.0,1.8,0.049586776859504134,4,129
20.0,2.8903717578961645,13.0,2.1,0.049586776859504134,3,129
0.0,2.70805020110221,12.0,19.5,0.049586776859504134,4,129
0.0,3.044522437723423,12.0,3.8,0.049586776859504134,4,129
0.0,2.772588722239781,12.0,3.7,0.049586776859504134,1,129
0.0,1.0986122886681098,12.0,3.3,0.049586776859504134,3,129
0.0,1.6094379124341003,12.0,4.0,0.049586776859504134,3,129
0.0,2.0794415416798357,12.0,4.0,0.049586776859504134,4,129
0.0,2.772588722239781,12.0,15.1,0.049586776859504134,3,129
0.0,1.791759469228055,12.0,20.8,0.049586776859504134,0,129
0.0,1.6094379124341003,13.0,6.5,0.049586776859504134,3,129
0.0,0.6931471805599453,12.0,5.1,0.049586776859504134,1,129
0.0,2.1972245773362196,12.0,3.9,0.049586776859504134,4,129
0.0,1.6094379124341003,15.0,4.7,0.049586776859504134,3,129
0.0,1.791759469228055,14.0,3.7,0.049586776859504134,4,129
0.0,1.3862943611198906,15.0,3.7,0.049586776859504134,0,129
0.0,0.6931471805599453,12.0,4.9,0.049586776859504134,1,129
0.0,1.9459101490553132,12.0,11.7,0.049586776859504134,3,129
0.0,1.9459101490553132,13.0,3.4,0.049586776859504134,3,129
0.0,1.9459101490553132,12.0,11.7,0.049586776859504134,3,129
0.0,1.9459101490553132,13.0,3.4,0.049586776859504134,3,129
0.0,2.302585092994046,15.0,4.6,0.049586776859504134,3,129
0.0,1.0986122886681098,13.0,5.2,0.049586776859504134,1,129
0.0,1.791759469228055,12.0,10.3,0.049586776859504134,4,129
0.0,1.3862943611198906,11.0,8.7,0.049586776859504134,0,129
0.0,1.791759469228055,11.0,10.0,0.049586776859504134,3,129
20.0,2.0794415416798357,12.0,4.0,0.049586776859504134,3,129
0.0,2.1972245773362196,12.0,2.7,0.049586776859504134,4,129
0.0,0.6931471805599453,12.0,7.7,0.049586776859504134,1,129
0.0,1.3862943611198906,14.0,6.5,0.049586776859504134,4,129
0.0,2.70805020110221,15.0,1.1,0.049586776859504134,4,129
0.0,2.3978952727983707,13.0,7.3,0.049586776859504134,1,129
0.0,1.6094379124341003,12.0,13.6,0.049586776859504134,4,129
0.0,2.3978952727983707,13.0,4.4,0.049586776859504134,3,129
0.0,2.4849066497880004,13.0,4.5,0.049586776859504134,4,129
0.0,2.0794415416798357,13.0,4.2,0.049586776859504134,3,129
0.0,1.791759469228055,13.0,7.4,0.049586776859504134,1,129
0.0,2.0794415416798357,12.0,7.5,0.049586776859504134,4,129
0.0,1.9459101490553132,15.0,4.3,0.049586776859504134,3,129
0.0,1.9459101490553132,13.0,4.9,0.049586776859504134,0,129
0.0,2.5649493574615367,14.0,4.9,0.049586776859504134,4,129
0.0,1.6094379124341003,14.0,5.3,0.049586776859504134,3,129
0.0,1.3862943611198906,12.0,8.7,0.049586776859504134,1,129
50.0,1.0986122886681098,14.0,0.8,0.9444444444444444,1,130
60.0,1.3862943611198906,0.0,1.7,0.9444444444444444,4,130
50.0,1.0986122886681098,12.0,1.9,0.9444444444444444,4,130
40.0,0.6931471805599453,0.0,2.0,0.9444444444444444,0,130
10.0,0.6931471805599453,0.0,1.8,0.9444444444444444,3,130
60.0,1.3862943611198906,0.0,2.1,0.9444444444444444,1,130
40.0,1.3862943611198906,0.0,2.0,0.9444444444444444,3,130
50.0,3.4339872044851463,0.0,1.5,0.9444444444444444,4,130
30.0,1.0986122886681098,0.0,1.7,0.9444444444444444,3,130
50.0,3.4339872044851463,0.0,1.4,0.9444444444444444,4,130
40.0,0.6931471805599453,0.0,2.1,0.9444444444444444,3,130
60.0,1.3862943611198906,0.0,1.8,0.9444444444444444,1,130
40.0,1.0986122886681098,0.0,0.8,0.9444444444444444,1,130
80.0,1.3862943611198906,0.0,1.4,0.9444444444444444,1,130
95.0,0.6931471805599453,0.0,1.2,0.9444444444444444,0,130
70.0,0.6931471805599453,0.0,1.9,0.9444444444444444,3,130
75.0,1.0986122886681098,0.0,1.2,0.9444444444444444,4,130
85.0,0.6931471805599453,0.0,1.1,0.9444444444444444,1,130
75.0,1.0986122886681098,0.0,1.0,0.9444444444444444,4,130
60.0,0.6931471805599453,0.0,0.8,0.9444444444444444,3,130
75.0,0.6931471805599453,15.0,1.7,0.9444444444444444,4,130
90.0,0.6931471805599453,0.0,1.2,0.9444444444444444,3,130
75.0,0.6931471805599453,17.0,0.4,0.9444444444444444,0,130
95.0,0.6931471805599453,16.0,1.3,0.9444444444444444,4,130
70.0,3.4339872044851463,13.0,3.2,1.0,4,131
50.0,0.6931471805599453,14.0,2.2,1.0,1,131
60.0,1.0986122886681098,14.0,3.1,1.0,4,131
60.0,1.6094379124341003,13.0,3.9,1.0,3,131
60.0,1.6094379124341003,13.0,2.3,1.0,3,131
60.0,2.3978952727983707,13.0,3.9,1.0,4,131
60.0,1.0986122886681098,14.0,2.0,1.0,4,131
60.0,1.791759469228055,13.0,3.8,1.0,3,131
60.0,1.791759469228055,14.0,2.2,1.0,3,131
60.0,1.791759469228055,14.0,5.6,1.0,3,131
50.0,0.6931471805599453,13.0,3.7,1.0,1,131
70.0,1.6094379124341003,16.0,0.8,1.0,3,131
70.0,1.6094379124341003,13.0,3.7,1.0,3,131
80.0,1.6094379124341003,16.0,0.8,1.0,3,131
80.0,1.6094379124341003,13.0,3.7,1.0,3,131
80.0,1.3862943611198906,13.0,2.7,1.0,4,131
80.0,0.9162907318741551,13.0,3.9,1.0,4,131
80.0,3.044522437723423,13.0,3.6,1.0,4,131
70.0,0.6931471805599453,16.0,0.8,1.0,4,131
70.0,0.6931471805599453,13.0,3.7,1.0,4,131
80.0,0.6931471805599453,16.0,0.8,1.0,4,131
80.0,0.6931471805599453,13.0,3.7,1.0,4,131
50.0,2.302585092994046,13.0,2.7,1.0,4,131
50.0,1.0986122886681098,17.0,5.7,1.0,4,131
60.0,1.3862943611198906,13.0,1.6,1.0,3,131
60.0,1.3862943611198906,13.0,3.0,1.0,3,131
80.0,1.3862943611198906,13.0,1.6,1.0,3,131
80.0,1.3862943611198906,13.0,3.0,1.0,3,131
60.0,0.6931471805599453,14.0,2.5,1.0,4,131
50.0,1.6094379124341003,16.0,6.0,1.0,4,131
50.0,1.6094379124341003,14.0,2.0,1.0,4,131
50.0,1.6094379124341003,13.0,2.2,1.0,4,131
40.0,1.6094379124341003,16.0,6.0,1.0,4,131
40.0,1.6094379124341003,14.0,2.0,1.0,4,131
40.0,1.6094379124341003,13.0,2.2,1.0,4,131
80.0,3.258096538021482,15.0,2.0,1.0,1,131
60.0,1.0986122886681098,14.0,2.0,1.0,4,131
50.0,1.0986122886681098,15.0,1.8,1.0,3,131
60.0,1.3862943611198906,13.0,2.9,1.0,4,131
50.0,1.0986122886681098,14.0,1.7,1.0,4,131
50.0,2.1972245773362196,13.0,1.3,1.0,3,131
50.0,2.0794415416798357,14.0,3.9,1.0,3,131
50.0,1.3862943611198906,12.0,3.6,1.0,4,131
90.0,0.6931471805599453,13.0,3.1,1.0,1,131
50.0,1.6094379124341003,13.0,1.9,1.0,3,131
50.0,1.6094379124341003,13.0,2.7,1.0,3,131
100.0,1.1786549963416462,14.0,1.6,1.0,4,131
100.0,1.1786549963416462,12.0,4.3,1.0,4,131
50.0,1.1786549963416462,14.0,1.6,1.0,4,131
50.0,1.1786549963416462,12.0,4.3,1.0,4,131
40.0,1.0986122886681098,12.0,4.2,1.0,3,131
60.0,2.70805020110221,15.0,1.6,1.0,4,131
70.0,1.6094379124341003,15.0,1.0,1.0,3,131
85.0,0.6931471805599453,13.0,3.8,0.9722222222222222,1,132
80.0,0.6931471805599453,16.0,2.6,0.9722222222222222,1,132
90.0,0.6931471805599453,13.0,5.6,0.9722222222222222,1,132
75.0,1.0986122886681098,14.0,1.5,0.9722222222222222,1,132
75.0,0.6931471805599453,13.0,4.3,0.9722222222222222,4,132
100.0,1.3862943611198906,14.0,4.1,0.9722222222222222,1,132
90.0,2.0794415416798357,17.0,4.0,0.9722222222222222,3,132
95.0,0.6931471805599453,15.0,2.9,0.9722222222222222,3,132
75.0,0.6931471805599453,12.0,4.5,0.9722222222222222,1,132
75.0,0.6931471805599453,16.0,2.6,0.9722222222222222,4,132
90.0,0.6931471805599453,13.0,2.2,0.9722222222222222,1,132
90.0,0.6931471805599453,13.0,2.7,0.9722222222222222,0,132
50.0,0.6931471805599453,13.0,3.4,0.9722222222222222,3,132
50.0,0.6931471805599453,17.0,2.5,0.9722222222222222,4,132
90.0,0.6931471805599453,15.0,4.1,0.9722222222222222,1,132
90.0,0.6931471805599453,16.0,4.0,0.9722222222222222,0,132
80.0,0.6931471805599453,11.0,9.0,0.9722222222222222,4,132
85.0,0.6931471805599453,14.0,6.4,0.9722222222222222,1,132
90.0,0.6931471805599453,19.0,1.6,0.9722222222222222,1,132
75.0,1.3862943611198906,13.0,2.7,0.9722222222222222,3,132
80.0,0.6931471805599453,20.0,2.1,0.9722222222222222,1,132
90.0,1.0986122886681098,15.0,5.3,0.9722222222222222,4,132
75.0,2.772588722239781,13.0,2.3,0.9722222222222222,4,132
100.0,1.3862943611198906,16.0,2.4,0.9722222222222222,1,132
95.0,0.6931471805599453,13.0,2.7,0.9722222222222222,1,132
90.0,1.0986122886681098,13.0,5.2,0.9722222222222222,4,132
95.0,1.0986122886681098,13.0,5.2,0.9722222222222222,0,132
85.0,1.3862943611198906,14.0,1.2,0.9722222222222222,4,132
90.0,1.0986122886681098,14.0,2.4,0.9722222222222222,1,132
90.0,1.3862943611198906,18.0,0.4,0.9722222222222222,1,132
50.0,0.6931471805599453,13.0,1.2,0.9722222222222222,4,132
50.0,1.9459101490553132,14.0,2.2,0.9722222222222222,1,132
90.0,0.6931471805599453,15.0,2.8,0.9722222222222222,3,132
100.0,2.995732273553991,14.0,3.4,0.9722222222222222,3,132
90.0,1.6094379124341003,15.0,2.3,0.9722222222222222,3,132
100.0,0.6931471805599453,17.0,2.1,0.9722222222222222,4,132
95.0,1.3862943611198906,14.0,3.9,0.9722222222222222,1,132
75.0,0.6931471805599453,12.0,3.4,0.9722222222222222,1,132
85.0,0.6931471805599453,13.0,3.7,0.9722222222222222,1,132
75.0,1.0986122886681098,13.0,3.4,0.9722222222222222,1,132
75.0,0.6931471805599453,14.0,2.8,0.9722222222222222,4,132
85.0,0.6931471805599453,14.0,2.1,0.9722222222222222,3,132
85.0,0.6931471805599453,15.0,1.5,0.9722222222222222,3,132
50.0,0.6931471805599453,16.0,2.8,0.9722222222222222,1,132
85.0,0.6931471805599453,16.0,3.0,0.9722222222222222,4,132
90.0,0.6931471805599453,16.0,2.3,0.9722222222222222,0,132
90.0,0.6931471805599453,17.0,2.3,0.9722222222222222,1,132
85.0,0.6931471805599453,14.0,1.8,0.9722222222222222,1,132
25.0,1.0986122886681098,13.0,5.6,0.75,3,133
0.0,1.0986122886681098,13.0,6.0,0.75,1,133
0.0,1.0986122886681098,13.0,6.1,0.75,3,133
50.0,2.1972245773362196,12.0,7.5,0.75,4,133
50.0,1.6094379124341003,13.0,7.4,0.75,1,133
100.0,1.9459101490553132,13.0,11.6,0.9583333333333334,1,134
40.0,1.3862943611198906,12.0,19.4,0.9583333333333334,4,134
30.0,5.5254529391317835,13.0,11.1,0.9583333333333334,4,134
30.0,4.61512051684126,13.0,10.1,0.9583333333333334,4,134
40.0,1.791759469228055,12.0,11.7,0.9583333333333334,4,134
30.0,1.3862943611198906,13.0,6.9,0.9583333333333334,4,134
50.0,5.860786223465865,13.0,6.9,0.9583333333333334,3,134
40.0,1.9459101490553132,14.0,1.5,0.9583333333333334,4,134
50.0,0.6931471805599453,13.0,2.6,0.9583333333333334,4,134
30.0,1.791759469228055,14.0,3.2,0.9583333333333334,4,134
30.0,1.0986122886681098,13.0,2.9,0.9583333333333334,4,134
40.0,1.3862943611198906,15.0,2.5,0.9583333333333334,4,134
25.0,1.3862943611198906,13.0,3.3,0.9583333333333334,4,134
30.0,0.6931471805599453,14.0,3.7,0.9583333333333334,4,134
40.0,2.0794415416798357,13.0,4.3,0.9583333333333334,4,134
30.0,1.3862943611198906,14.0,2.8,0.9583333333333334,3,134
40.0,1.791759469228055,13.0,4.9,0.9583333333333334,3,134
50.0,0.6931471805599453,12.0,5.3,0.9583333333333334,2,134
40.0,1.0986122886681098,12.0,4.8,0.9583333333333334,4,134
65.0,4.795790545596741,12.0,5.6,0.9583333333333334,1,134
30.0,0.6931471805599453,15.0,3.5,0.9583333333333334,4,134
30.0,4.653960350157523,13.0,3.3,0.9583333333333334,3,134
30.0,0.6931471805599453,13.0,3.3,0.9583333333333334,4,134
20.0,1.6094379124341003,14.0,3.3,0.9583333333333334,4,134
30.0,1.0986122886681098,12.0,6.2,0.9583333333333334,4,134
40.0,1.0986122886681098,14.0,3.8,0.9583333333333334,4,134
40.0,0.6931471805599453,14.0,4.1,0.9583333333333334,0,134
30.0,1.3862943611198906,13.0,2.9,0.9583333333333334,4,134
30.0,1.0986122886681098,13.0,3.5,0.9583333333333334,4,134
20.0,1.0986122886681098,14.0,1.3,0.9583333333333334,4,134
10.0,1.0986122886681098,12.0,3.2,0.9583333333333334,4,134
10.0,0.6931471805599453,13.0,1.9,0.9583333333333334,4,134
10.0,0.6931471805599453,13.0,3.4,0.9583333333333334,4,134
0.0,0.6931471805599453,13.0,1.9,0.9583333333333334,4,134
0.0,0.6931471805599453,13.0,3.4,0.9583333333333334,4,134
10.0,1.3862943611198906,14.0,1.6,0.9583333333333334,4,134
10.0,1.0986122886681098,13.0,1.9,0.9583333333333334,4,134
10.0,1.0986122886681098,13.0,3.4,0.9583333333333334,4,134
0.0,1.0986122886681098,13.0,1.9,0.9583333333333334,4,134
0.0,1.0986122886681098,13.0,3.4,0.9583333333333334,4,134
40.0,0.6931471805599453,11.0,13.1,0.9583333333333334,3,134
30.0,0.6931471805599453,13.0,7.0,0.9583333333333334,2,134
70.0,0.6931471805599453,13.0,6.4,0.9583333333333334,1,134
90.0,0.6931471805599453,13.0,6.4,0.9583333333333334,1,134
0.0,2.4849066497880004,11.0,12.7,0.011494252873563218,0,135
0.0,2.4849066497880004,12.0,8.0,0.011494252873563218,0,135
0.0,2.4849066497880004,11.0,12.7,0.011494252873563218,0,135
0.0,2.4849066497880004,12.0,8.0,0.011494252873563218,0,135
0.0,1.9459101490553132,12.0,7.5,0.011494252873563218,0,135
0.0,1.9459101490553132,15.0,10.5,0.011494252873563218,0,135
0.0,1.9459101490553132,12.0,7.5,0.011494252873563218,0,135
0.0,1.9459101490553132,15.0,10.5,0.011494252873563218,0,135
0.0,2.3978952727983707,12.0,9.5,0.011494252873563218,4,135
0.0,1.791759469228055,12.0,7.5,0.011494252873563218,0,135
0.0,1.791759469228055,12.0,11.5,0.011494252873563218,0,135
0.0,1.791759469228055,12.0,7.5,0.011494252873563218,0,135
0.0,1.791759469228055,12.0,11.5,0.011494252873563218,0,135
0.0,1.9459101490553132,11.0,12.7,0.011494252873563218,0,135
0.0,1.9459101490553132,12.0,8.0,0.011494252873563218,0,135
0.0,1.9459101490553132,11.0,12.7,0.011494252873563218,0,135
0.0,1.9459101490553132,12.0,8.0,0.011494252873563218,0,135
0.0,2.3978952727983707,12.0,7.5,0.011494252873563218,4,135
0.0,2.3978952727983707,15.0,10.5,0.011494252873563218,4,135
0.0,2.3978952727983707,12.0,7.5,0.011494252873563218,4,135
0.0,2.3978952727983707,15.0,10.5,0.011494252873563218,4,135
0.0,2.772588722239781,12.0,7.5,0.011494252873563218,0,135
0.0,2.772588722239781,12.0,11.5,0.011494252873563218,0,135
0.0,2.772588722239781,12.0,7.5,0.011494252873563218,0,135
0.0,2.772588722239781,12.0,11.5,0.011494252873563218,0,135
0.0,1.0986122886681098,12.0,7.5,0.011494252873563218,0,135
0.0,1.3862943611198906,12.0,11.0,0.011494252873563218,0,135
0.0,1.3862943611198906,12.0,7.4,0.011494252873563218,0,135
0.0,1.791759469228055,11.0,18.8,0.011494252873563218,0,135
0.0,1.0986122886681098,11.0,14.5,0.011494252873563218,4,135
0.0,2.3978952727983707,11.0,14.4,0.011494252873563218,0,135
0.0,0.6931471805599453,11.0,14.4,0.011494252873563218,0,135
0.0,0.6931471805599453,11.0,14.4,0.011494252873563218,0,135
30.0,2.0794415416798357,12.0,7.4,0.011494252873563218,0,135
30.0,2.0794415416798357,14.0,7.7,0.011494252873563218,0,135
0.0,1.9459101490553132,12.0,10.4,0.011494252873563218,0,135
0.0,0.6931471805599453,12.0,10.1,0.011494252873563218,0,135
0.0,1.6094379124341003,12.0,11.1,0.011494252873563218,4,135
0.0,2.1972245773362196,13.0,13.2,0.011494252873563218,0,135
0.0,2.1972245773362196,13.0,13.2,0.011494252873563218,0,135
0.0,1.6094379124341003,13.0,12.7,0.011494252873563218,0,135
0.0,1.6094379124341003,13.0,13.0,0.011494252873563218,0,135
0.0,1.6094379124341003,13.0,12.4,0.011494252873563218,0,135
0.0,1.6094379124341003,13.0,13.0,0.011494252873563218,0,135
0.0,1.6094379124341003,13.0,12.4,0.011494252873563218,0,135
0.0,1.0986122886681098,12.0,10.5,0.011494252873563218,0,135
0.0,1.3862943611198906,12.0,4.1,0.011494252873563218,0,135
0.0,3.4339872044851463,12.0,4.1,0.011494252873563218,0,135
0.0,2.3978952727983707,15.0,6.3,0.011494252873563218,0,135
0.0,1.6094379124341003,11.0,15.3,0.011494252873563218,0,135
0.0,1.6094379124341003,13.0,5.4,0.011494252873563218,0,135
0.0,5.5254529391317835,12.0,13.0,0.011494252873563218,0,135
0.0,1.6094379124341003,12.0,6.0,0.011494252873563218,0,135
0.0,1.791759469228055,12.0,6.0,0.011494252873563218,0,135
0.0,3.295836866004329,17.0,10.0,0.011494252873563218,4,135
0.0,2.3978952727983707,15.0,8.0,0.011494252873563218,0,135
0.0,1.791759469228055,11.0,10.7,0.011494252873563218,0,135
0.0,1.3862943611198906,12.0,10.2,0.011494252873563218,4,135
0.0,2.1972245773362196,12.0,9.4,0.011494252873563218,0,135
95.0,1.0986122886681098,12.0,10.9,1.0,2,136
90.0,3.4339872044851463,12.0,7.9,1.0,2,136
90.0,0.6931471805599453,12.0,11.4,1.0,2,136
90.0,0.6931471805599453,11.0,8.3,1.0,2,136
95.0,3.9318256327243257,12.0,6.3,1.0,2,136
90.0,1.0986122886681098,13.0,12.6,1.0,2,136
95.0,0.6931471805599453,10.0,9.1,1.0,2,136
95.0,0.6931471805599453,10.0,9.1,1.0,2,136
95.0,0.6931471805599453,11.0,14.4,1.0,2,136
95.0,0.6931471805599453,13.0,10.7,1.0,2,136
90.0,0.6931471805599453,13.0,10.7,1.0,2,136
80.0,0.6931471805599453,13.0,9.0,1.0,2,136
90.0,1.6094379124341003,13.0,11.5,1.0,2,136
90.0,0.6931471805599453,12.0,10.5,1.0,2,136
90.0,0.6931471805599453,12.0,10.5,1.0,2,136
90.0,3.258096538021482,14.0,13.5,1.0,2,136
90.0,0.6931471805599453,11.0,10.9,1.0,2,136
100.0,2.4423470353692043,11.0,10.1,1.0,2,136
95.0,2.4423470353692043,11.0,10.1,1.0,2,136
90.0,0.6931471805599453,12.0,6.4,1.0,2,136
95.0,3.9318256327243257,11.0,17.7,1.0,2,136
95.0,3.9318256327243257,11.0,16.8,1.0,2,136
90.0,0.6931471805599453,14.0,13.1,1.0,2,136
90.0,1.0986122886681098,12.0,3.2,1.0,2,136
98.0,0.6931471805599453,13.0,3.1,1.0,2,136
90.0,0.6931471805599453,11.0,10.0,1.0,2,136
90.0,0.6931471805599453,11.0,12.1,1.0,2,136
100.0,2.0476928433652555,16.0,8.0,1.0,2,136
100.0,2.0476928433652555,16.0,8.0,1.0,2,136
80.0,2.0476928433652555,16.0,8.0,1.0,2,136
80.0,0.6931471805599453,11.0,24.1,1.0,2,137
70.0,1.3862943611198906,11.0,24.6,1.0,2,137
70.0,0.6931471805599453,11.0,31.8,1.0,2,137
90.0,0.6931471805599453,11.0,32.2,1.0,2,137
80.0,0.6931471805599453,11.0,31.9,1.0,2,137
80.0,0.6931471805599453,11.0,31.9,1.0,2,137
70.0,0.6931471805599453,11.0,32.1,1.0,2,137
50.0,0.6931471805599453,11.0,32.1,1.0,2,137
30.0,0.6931471805599453,11.0,32.1,1.0,2,137
70.0,0.6931471805599453,13.0,26.2,1.0,2,137
100.0,0.6931471805599453,13.0,26.2,1.0,2,137
60.0,1.0986122886681098,13.0,27.3,1.0,2,137
100.0,1.0986122886681098,13.0,27.3,1.0,2,137
40.0,1.0986122886681098,13.0,27.3,1.0,2,137
70.0,1.6094379124341003,11.0,14.6,1.0,2,137
90.0,0.6931471805599453,12.0,16.4,1.0,2,137
80.0,0.6931471805599453,12.0,16.6,1.0,2,137
100.0,0.6931471805599453,12.0,16.6,1.0,2,137
90.0,0.6931471805599453,11.0,15.6,1.0,2,137
90.0,0.6931471805599453,11.0,15.6,1.0,2,137
90.0,0.6931471805599453,11.0,15.6,1.0,2,137
90.0,5.214935757608986,11.0,15.6,1.0,2,137
100.0,5.214935757608986,11.0,15.6,1.0,2,137
40.0,0.6931471805599453,11.0,7.8,1.0,2,137
30.0,0.6931471805599453,11.0,7.8,1.0,2,137
60.0,0.6931471805599453,11.0,4.8,1.0,2,137
50.0,0.6931471805599453,11.0,4.8,1.0,2,137
80.0,1.0986122886681098,11.0,24.3,1.0,2,137
100.0,1.0986122886681098,11.0,24.3,1.0,2,137
90.0,1.0986122886681098,11.0,25.2,1.0,1,137
90.0,1.0986122886681098,11.0,25.2,1.0,1,137
90.0,0.6931471805599453,11.0,25.2,1.0,2,137
90.0,0.6931471805599453,11.0,25.2,1.0,2,137
70.0,1.6094379124341003,11.0,24.7,1.0,2,137
80.0,0.6931471805599453,11.0,22.4,1.0,2,137
70.0,1.3862943611198906,11.0,22.1,1.0,2,137
90.0,0.6931471805599453,15.0,7.1,1.0,2,137
50.0,3.713572066704308,12.0,17.0,1.0,1,138
60.0,1.0986122886681098,14.0,5.3,1.0,1,138
40.0,0.6931471805599453,14.0,5.4,1.0,1,138
50.0,1.0986122886681098,13.0,7.0,1.0,1,138
40.0,0.6931471805599453,14.0,10.5,1.0,1,138
0.0,1.0986122886681098,14.0,3.7,0.6387096774193548,1,139
20.0,1.0986122886681098,14.0,3.7,0.6387096774193548,1,139
0.0,1.0986122886681098,14.0,3.2,0.6387096774193548,1,139
10.0,1.0986122886681098,14.0,3.2,0.6387096774193548,1,139
0.0,1.0986122886681098,14.0,3.2,0.6387096774193548,1,139
0.0,0.6931471805599453,14.0,3.6,0.6387096774193548,1,139
20.0,0.6931471805599453,14.0,3.6,0.6387096774193548,1,139
30.0,0.6931471805599453,14.0,3.6,0.6387096774193548,1,139
0.0,1.3862943611198906,13.0,2.9,0.6387096774193548,1,139
0.0,1.3862943611198906,13.0,2.9,0.6387096774193548,1,139
0.0,1.0986122886681098,13.0,3.0,0.6387096774193548,1,139
0.0,1.0986122886681098,13.0,3.0,0.6387096774193548,1,139
0.0,1.0986122886681098,16.0,3.3,0.6387096774193548,1,139
50.0,1.0986122886681098,16.0,3.3,0.6387096774193548,1,139
0.0,1.0986122886681098,16.0,3.4,0.6387096774193548,1,139
80.0,0.6931471805599453,15.0,3.6,0.6387096774193548,0,139
0.0,0.6931471805599453,15.0,3.6,0.6387096774193548,0,139
0.0,0.6931471805599453,15.0,3.6,0.6387096774193548,0,139
80.0,1.3862943611198906,15.0,3.6,0.6387096774193548,1,139
0.0,1.3862943611198906,15.0,3.6,0.6387096774193548,1,139
0.0,1.3862943611198906,15.0,3.6,0.6387096774193548,1,139
0.0,1.6094379124341003,15.0,3.6,0.6387096774193548,1,139
0.0,1.6094379124341003,15.0,3.6,0.6387096774193548,1,139
0.0,0.6931471805599453,15.0,3.6,0.6387096774193548,1,139
60.0,0.6931471805599453,15.0,3.6,0.6387096774193548,1,139
0.0,0.6931471805599453,15.0,3.6,0.6387096774193548,1,139
0.0,2.4849066497880004,12.0,6.3,0.6387096774193548,1,139
30.0,2.4849066497880004,12.0,6.3,0.6387096774193548,1,139
20.0,1.3862943611198906,14.0,5.6,0.6387096774193548,1,139
0.0,1.3862943611198906,14.0,5.6,0.6387096774193548,1,139
20.0,1.6094379124341003,14.0,5.9,0.6387096774193548,1,139
10.0,1.6094379124341003,14.0,5.9,0.6387096774193548,1,139
0.0,1.6094379124341003,14.0,5.9,0.6387096774193548,1,139
50.0,0.6931471805599453,13.0,3.9,0.6387096774193548,0,139
0.0,0.6931471805599453,13.0,3.9,0.6387096774193548,0,139
0.0,0.6931471805599453,13.0,3.9,0.6387096774193548,0,139
50.0,1.3862943611198906,13.0,3.9,0.6387096774193548,1,139
0.0,1.3862943611198906,13.0,3.9,0.6387096774193548,1,139
0.0,1.3862943611198906,13.0,3.9,0.6387096774193548,1,139
50.0,1.0986122886681098,13.0,6.6,0.6387096774193548,1,139
50.0,1.0986122886681098,13.0,5.1,0.6387096774193548,1,139
50.0,1.0986122886681098,13.0,6.6,0.6387096774193548,1,139
50.0,1.0986122886681098,13.0,5.1,0.6387096774193548,1,139
50.0,1.0986122886681098,13.0,6.6,0.6387096774193548,1,139
50.0,1.0986122886681098,13.0,5.1,0.6387096774193548,1,139
50.0,1.0986122886681098,13.0,6.3,0.6387096774193548,1,139
50.0,1.0986122886681098,12.0,4.1,0.6387096774193548,1,139
50.0,1.0986122886681098,13.0,6.3,0.6387096774193548,1,139
50.0,1.0986122886681098,12.0,4.1,0.6387096774193548,1,139
50.0,1.0986122886681098,13.0,6.3,0.6387096774193548,1,139
50.0,1.0986122886681098,12.0,4.1,0.6387096774193548,1,139
50.0,1.0986122886681098,13.0,6.3,0.6387096774193548,1,139
50.0,1.0986122886681098,12.0,4.1,0.6387096774193548,1,139
0.0,1.0986122886681098,13.0,6.3,0.6387096774193548,1,139
0.0,1.0986122886681098,12.0,4.1,0.6387096774193548,1,139
80.0,1.0986122886681098,13.0,6.4,0.6387096774193548,1,139
80.0,1.0986122886681098,12.0,4.4,0.6387096774193548,1,139
50.0,1.0986122886681098,13.0,6.4,0.6387096774193548,1,139
50.0,1.0986122886681098,12.0,4.4,0.6387096774193548,1,139
50.0,1.0986122886681098,13.0,6.4,0.6387096774193548,1,139
50.0,1.0986122886681098,12.0,4.4,0.6387096774193548,1,139
50.0,1.0986122886681098,13.0,6.4,0.6387096774193548,1,139
50.0,1.0986122886681098,12.0,4.4,0.6387096774193548,1,139
0.0,1.0986122886681098,13.0,6.4,0.6387096774193548,1,139
0.0,1.0986122886681098,12.0,4.4,0.6387096774193548,1,139
40.0,1.791759469228055,13.0,6.5,0.6387096774193548,2,139
50.0,1.0986122886681098,13.0,6.4,0.6387096774193548,1,139
0.0,1.0986122886681098,13.0,6.4,0.6387096774193548,1,139
40.0,2.5649493574615367,12.0,6.2,0.6387096774193548,1,139
20.0,2.5649493574615367,12.0,6.2,0.6387096774193548,1,139
40.0,1.6094379124341003,15.0,6.5,0.6387096774193548,2,139
0.0,1.6094379124341003,15.0,6.5,0.6387096774193548,2,139
50.0,3.713572066704308,13.0,6.6,0.6387096774193548,1,139
50.0,3.713572066704308,13.0,5.1,0.6387096774193548,1,139
50.0,3.713572066704308,13.0,6.6,0.6387096774193548,1,139
50.0,3.713572066704308,13.0,5.1,0.6387096774193548,1,139
50.0,3.713572066704308,13.0,6.6,0.6387096774193548,1,139
50.0,3.713572066704308,13.0,5.1,0.6387096774193548,1,139
50.0,3.044522437723423,13.0,6.3,0.6387096774193548,1,139
50.0,3.044522437723423,12.0,4.1,0.6387096774193548,1,139
50.0,3.044522437723423,13.0,6.3,0.6387096774193548,1,139
50.0,3.044522437723423,12.0,4.1,0.6387096774193548,1,139
50.0,3.044522437723423,13.0,6.3,0.6387096774193548,1,139
50.0,3.044522437723423,12.0,4.1,0.6387096774193548,1,139
50.0,3.044522437723423,13.0,6.3,0.6387096774193548,1,139
50.0,3.044522437723423,12.0,4.1,0.6387096774193548,1,139
0.0,3.044522437723423,13.0,6.3,0.6387096774193548,1,139
0.0,3.044522437723423,12.0,4.1,0.6387096774193548,1,139
80.0,2.3978952727983707,13.0,6.4,0.6387096774193548,1,139
80.0,2.3978952727983707,12.0,4.4,0.6387096774193548,1,139
50.0,2.3978952727983707,13.0,6.4,0.6387096774193548,1,139
50.0,2.3978952727983707,12.0,4.4,0.6387096774193548,1,139
50.0,2.3978952727983707,13.0,6.4,0.6387096774193548,1,139
50.0,2.3978952727983707,12.0,4.4,0.6387096774193548,1,139
50.0,2.3978952727983707,13.0,6.4,0.6387096774193548,1,139
50.0,2.3978952727983707,12.0,4.4,0.6387096774193548,1,139
0.0,2.3978952727983707,13.0,6.4,0.6387096774193548,1,139
0.0,2.3978952727983707,12.0,4.4,0.6387096774193548,1,139
50.0,1.0986122886681098,12.0,3.4,0.6387096774193548,1,139
0.0,1.0986122886681098,12.0,3.4,0.6387096774193548,1,139
50.0,1.0986122886681098,12.0,3.4,0.6387096774193548,1,139
5.0,0.6931471805599453,12.0,3.0,0.6387096774193548,1,139
50.0,1.3862943611198906,12.0,5.8,0.6387096774193548,1,139
50.0,1.3862943611198906,12.0,5.8,0.6387096774193548,1,139
50.0,0.6931471805599453,12.0,5.8,0.6387096774193548,1,139
30.0,0.6931471805599453,12.0,5.8,0.6387096774193548,1,139
0.0,0.6931471805599453,12.0,5.8,0.6387096774193548,1,139
90.0,0.6931471805599453,13.0,7.2,0.6387096774193548,0,139
10.0,0.6931471805599453,13.0,7.2,0.6387096774193548,0,139
20.0,0.6931471805599453,13.0,7.2,0.6387096774193548,0,139
90.0,0.6931471805599453,13.0,7.2,0.6387096774193548,1,139
10.0,0.6931471805599453,13.0,7.2,0.6387096774193548,1,139
20.0,0.6931471805599453,13.0,7.2,0.6387096774193548,1,139
50.0,0.6931471805599453,13.0,3.5,0.6387096774193548,1,139
30.0,0.6931471805599453,13.0,3.5,0.6387096774193548,1,139
50.0,1.3862943611198906,13.0,3.5,0.6387096774193548,2,139
30.0,1.3862943611198906,13.0,3.5,0.6387096774193548,2,139
0.0,2.3978952727983707,11.0,6.9,0.6387096774193548,1,139
30.0,0.6931471805599453,15.0,3.8,0.6387096774193548,1,139
90.0,0.6931471805599453,15.0,3.8,0.6387096774193548,1,139
30.0,1.6094379124341003,13.0,2.7,0.6387096774193548,1,139
50.0,1.6094379124341003,13.0,2.7,0.6387096774193548,1,139
30.0,1.3862943611198906,12.0,2.5,0.6387096774193548,1,139
30.0,1.3862943611198906,12.0,2.5,0.6387096774193548,1,139
10.0,1.3862943611198906,12.0,2.5,0.6387096774193548,1,139
20.0,1.0986122886681098,13.0,2.7,0.6387096774193548,1,139
0.0,1.0986122886681098,13.0,2.7,0.6387096774193548,1,139
20.0,0.6931471805599453,13.0,4.7,0.6387096774193548,1,139
20.0,0.6931471805599453,13.0,4.7,0.6387096774193548,1,139
30.0,1.9459101490553132,13.0,4.8,0.6387096774193548,1,139
30.0,1.9459101490553132,13.0,4.8,0.6387096774193548,1,139
10.0,1.9459101490553132,13.0,4.8,0.6387096774193548,1,139
40.0,1.6094379124341003,11.0,6.5,0.6387096774193548,1,139
0.0,0.6931471805599453,12.0,4.7,0.6387096774193548,1,139
80.0,0.6931471805599453,12.0,4.7,0.6387096774193548,1,139
0.0,1.3862943611198906,13.0,1.6,0.6387096774193548,1,139
0.0,1.3862943611198906,13.0,1.6,0.6387096774193548,1,139
20.0,1.791759469228055,13.0,4.4,0.6387096774193548,2,139
0.0,1.6094379124341003,14.0,2.8,0.6387096774193548,1,139
20.0,1.6094379124341003,14.0,2.8,0.6387096774193548,1,139
0.0,1.791759469228055,14.0,2.8,0.6387096774193548,2,139
20.0,1.791759469228055,14.0,2.8,0.6387096774193548,2,139
10.0,1.3862943611198906,13.0,4.1,0.6387096774193548,1,139
10.0,1.3862943611198906,13.0,4.1,0.6387096774193548,1,139
50.0,1.6094379124341003,14.0,63.8,0.6387096774193548,1,139
30.0,1.791759469228055,13.0,3.6,0.6387096774193548,1,139
20.0,1.791759469228055,13.0,3.6,0.6387096774193548,1,139
10.0,0.6931471805599453,13.0,3.6,0.6387096774193548,1,139
40.0,0.6931471805599453,13.0,3.6,0.6387096774193548,1,139
10.0,1.0986122886681098,13.0,3.1,0.6387096774193548,1,139
0.0,1.0986122886681098,13.0,3.1,0.6387096774193548,1,139
10.0,1.0986122886681098,13.0,3.1,0.6387096774193548,1,139
20.0,1.0986122886681098,13.0,3.1,0.6387096774193548,1,139
10.0,0.6931471805599453,13.0,3.0,0.6387096774193548,1,139
0.0,0.6931471805599453,13.0,3.0,0.6387096774193548,1,139
20.0,0.6931471805599453,13.0,3.0,0.6387096774193548,1,139
10.0,0.6931471805599453,13.0,2.8,0.6387096774193548,1,139
20.0,0.6931471805599453,13.0,2.8,0.6387096774193548,1,139
10.0,1.0986122886681098,12.0,8.7,0.6387096774193548,1,139
70.0,1.0986122886681098,12.0,8.7,0.6387096774193548,1,139
10.0,1.0986122886681098,12.0,8.7,0.6387096774193548,1,139
0.0,2.1972245773362196,12.0,8.7,0.6387096774193548,1,139
0.0,2.1972245773362196,12.0,8.7,0.6387096774193548,1,139
0.0,1.9459101490553132,13.0,7.2,0.6387096774193548,1,139
0.0,1.9459101490553132,13.0,7.2,0.6387096774193548,1,139
50.0,2.3978952727983707,13.0,2.2,0.6387096774193548,1,139
0.0,1.0986122886681098,13.0,1.8,0.6387096774193548,2,139
50.0,1.6094379124341003,14.0,2.4,0.6387096774193548,1,139
50.0,1.6094379124341003,14.0,2.4,0.6387096774193548,1,139
90.0,1.791759469228055,14.0,3.0,0.6387096774193548,0,139
50.0,1.791759469228055,14.0,3.0,0.6387096774193548,0,139
10.0,1.791759469228055,14.0,3.0,0.6387096774193548,0,139
90.0,1.6094379124341003,14.0,3.0,0.6387096774193548,1,139
50.0,1.6094379124341003,14.0,3.0,0.6387096774193548,1,139
10.0,1.6094379124341003,14.0,3.0,0.6387096774193548,1,139
90.0,1.791759469228055,13.0,4.2,0.6387096774193548,0,139
10.0,1.791759469228055,13.0,4.2,0.6387096774193548,0,139
50.0,1.0986122886681098,12.0,39.7,0.6387096774193548,1,139
50.0,1.0986122886681098,12.0,39.7,0.6387096774193548,1,139
0.0,0.6931471805599453,11.0,26.7,0.6387096774193548,1,139
0.0,0.6931471805599453,11.0,26.7,0.6387096774193548,1,139
0.0,0.6931471805599453,11.0,26.7,0.6387096774193548,2,139
0.0,0.6931471805599453,11.0,26.7,0.6387096774193548,2,139
50.0,1.0986122886681098,14.0,7.1,0.6387096774193548,1,139
0.0,1.0986122886681098,14.0,7.1,0.6387096774193548,1,139
50.0,0.6931471805599453,16.0,7.5,0.6387096774193548,1,139
70.0,1.6094379124341003,14.0,2.2,0.6387096774193548,2,139
0.0,1.6094379124341003,14.0,3.5,0.6387096774193548,1,139
80.0,1.6094379124341003,14.0,3.5,0.6387096774193548,1,139
70.0,2.3978952727983707,11.0,20.3,0.855072463768116,1,140
70.0,2.3978952727983707,12.0,15.4,0.855072463768116,1,140
40.0,2.3978952727983707,11.0,20.3,0.855072463768116,1,140
40.0,2.3978952727983707,12.0,15.4,0.855072463768116,1,140
70.0,4.110873864173311,11.0,20.3,0.855072463768116,2,140
70.0,4.110873864173311,12.0,15.4,0.855072463768116,2,140
40.0,4.110873864173311,11.0,20.3,0.855072463768116,2,140
40.0,4.110873864173311,12.0,15.4,0.855072463768116,2,140
50.0,3.9318256327243257,11.0,19.9,0.855072463768116,2,140
60.0,3.9318256327243257,11.0,19.9,0.855072463768116,2,140
40.0,3.9318256327243257,11.0,19.9,0.855072463768116,2,140
60.0,3.4339872044851463,11.0,21.0,0.855072463768116,1,140
50.0,3.4339872044851463,11.0,21.0,0.855072463768116,1,140
60.0,3.4339872044851463,11.0,21.0,0.855072463768116,1,140
60.0,5.017279836814924,11.0,21.0,0.855072463768116,2,140
50.0,5.017279836814924,11.0,21.0,0.855072463768116,2,140
60.0,5.017279836814924,11.0,21.0,0.855072463768116,2,140
70.0,1.791759469228055,11.0,16.1,0.855072463768116,1,140
50.0,1.791759469228055,11.0,16.1,0.855072463768116,1,140
70.0,3.044522437723423,11.0,16.1,0.855072463768116,2,140
50.0,3.044522437723423,11.0,16.1,0.855072463768116,2,140
50.0,3.258096538021482,11.0,17.6,0.855072463768116,2,140
60.0,3.258096538021482,11.0,17.6,0.855072463768116,2,140
40.0,0.6931471805599453,11.0,18.4,0.855072463768116,2,140
0.0,0.6931471805599453,11.0,18.4,0.855072463768116,2,140
10.0,0.6931471805599453,11.0,18.4,0.855072463768116,2,140
40.0,1.6094379124341003,11.0,18.0,0.855072463768116,2,140
60.0,1.6094379124341003,11.0,18.0,0.855072463768116,2,140
100.0,3.4339872044851463,11.0,23.2,0.855072463768116,1,140
40.0,3.4339872044851463,11.0,23.2,0.855072463768116,1,140
60.0,3.4339872044851463,11.0,23.2,0.855072463768116,1,140
100.0,5.25227342804663,11.0,23.2,0.855072463768116,2,140
40.0,5.25227342804663,11.0,23.2,0.855072463768116,2,140
60.0,5.25227342804663,11.0,23.2,0.855072463768116,2,140
50.0,1.0986122886681098,12.0,36.2,0.855072463768116,2,140
40.0,3.1354942159291497,14.0,13.6,0.855072463768116,2,140
70.0,3.1354942159291497,14.0,13.6,0.855072463768116,2,140
20.0,3.1354942159291497,14.0,13.6,0.855072463768116,2,140
40.0,4.51085950651685,16.0,13.8,0.855072463768116,2,140
70.0,4.51085950651685,16.0,13.8,0.855072463768116,2,140
20.0,4.51085950651685,16.0,13.8,0.855072463768116,2,140
20.0,1.0986122886681098,19.0,13.8,0.855072463768116,1,140
40.0,1.0986122886681098,19.0,13.8,0.855072463768116,1,140
70.0,1.0986122886681098,19.0,13.8,0.855072463768116,1,140
20.0,2.1972245773362196,19.0,13.8,0.855072463768116,2,140
40.0,2.1972245773362196,19.0,13.8,0.855072463768116,2,140
70.0,2.1972245773362196,19.0,13.8,0.855072463768116,2,140
40.0,2.1972245773362196,19.0,12.7,0.855072463768116,2,140
70.0,2.1972245773362196,19.0,12.7,0.855072463768116,2,140
20.0,2.1972245773362196,19.0,12.7,0.855072463768116,2,140
0.0,4.356708826689592,12.0,22.2,0.855072463768116,1,140
0.0,4.356708826689592,12.0,22.2,0.855072463768116,1,140
0.0,4.356708826689592,12.0,22.2,0.855072463768116,1,140
0.0,5.5909869805108565,12.0,22.2,0.855072463768116,2,140
0.0,5.5909869805108565,12.0,22.2,0.855072463768116,2,140
0.0,5.5909869805108565,12.0,22.2,0.855072463768116,2,140
0.0,3.5553480614894135,12.0,21.6,0.855072463768116,1,140
0.0,3.5553480614894135,12.0,21.6,0.855072463768116,1,140
0.0,1.791759469228055,12.0,31.6,0.855072463768116,1,140
0.0,1.791759469228055,12.0,31.6,0.855072463768116,1,140
0.0,2.8903717578961645,12.0,31.6,0.855072463768116,2,140
0.0,2.8903717578961645,12.0,31.6,0.855072463768116,2,140
0.0,5.111987788356544,12.0,17.5,0.855072463768116,1,140
0.0,5.111987788356544,12.0,17.5,0.855072463768116,1,140
0.0,6.359573868672378,12.0,17.5,0.855072463768116,2,140
0.0,6.359573868672378,12.0,17.5,0.855072463768116,2,140
0.0,3.713572066704308,12.0,16.5,0.855072463768116,1,140
0.0,3.713572066704308,12.0,16.5,0.855072463768116,1,140
0.0,4.962844630259907,12.0,16.5,0.855072463768116,2,140
0.0,4.962844630259907,12.0,16.5,0.855072463768116,2,140
0.0,3.5263605246161616,12.0,15.4,0.855072463768116,1,140
0.0,3.5263605246161616,12.0,15.4,0.855072463768116,1,140
0.0,4.804021044733257,12.0,15.4,0.855072463768116,2,140
0.0,4.804021044733257,12.0,15.4,0.855072463768116,2,140
0.0,2.1972245773362196,10.0,26.3,0.855072463768116,1,140
0.0,2.1972245773362196,10.0,26.3,0.855072463768116,1,140
0.0,3.4657359027997265,10.0,26.3,0.855072463768116,2,140
0.0,3.4657359027997265,10.0,26.3,0.855072463768116,2,140
0.0,0.6931471805599453,11.0,13.0,0.855072463768116,1,140
0.0,0.6931471805599453,11.0,13.0,0.855072463768116,1,140
0.0,3.6635616461296463,11.0,13.0,0.855072463768116,2,140
0.0,3.6635616461296463,11.0,13.0,0.855072463768116,2,140
0.0,2.0794415416798357,10.0,26.6,0.855072463768116,1,140
0.0,2.0794415416798357,10.0,26.6,0.855072463768116,1,140
0.0,3.367295829986474,10.0,26.6,0.855072463768116,2,140
0.0,3.367295829986474,10.0,26.6,0.855072463768116,2,140
0.0,2.6390573296152584,10.0,25.4,0.855072463768116,1,140
0.0,2.6390573296152584,10.0,25.4,0.855072463768116,1,140
0.0,3.8918202981106265,10.0,25.4,0.855072463768116,2,140
0.0,3.8918202981106265,10.0,25.4,0.855072463768116,2,140
0.0,2.1972245773362196,10.0,27.8,0.855072463768116,1,140
0.0,2.1972245773362196,10.0,27.8,0.855072463768116,1,140
0.0,3.4657359027997265,10.0,27.8,0.855072463768116,2,140
0.0,3.4657359027997265,10.0,27.8,0.855072463768116,2,140
50.0,4.110873864173311,11.0,18.9,0.855072463768116,1,140
50.0,4.110873864173311,11.0,18.9,0.855072463768116,1,140
80.0,4.110873864173311,11.0,18.9,0.855072463768116,1,140
50.0,5.942799375126701,11.0,18.9,0.855072463768116,2,140
50.0,5.942799375126701,11.0,18.9,0.855072463768116,2,140
80.0,5.942799375126701,11.0,18.9,0.855072463768116,2,140
50.0,3.713572066704308,11.0,21.4,0.855072463768116,1,140
50.0,3.713572066704308,11.0,21.4,0.855072463768116,1,140
5.0,3.713572066704308,11.0,21.4,0.855072463768116,1,140
50.0,5.771441123130016,11.0,21.4,0.855072463768116,2,140
50.0,5.771441123130016,11.0,21.4,0.855072463768116,2,140
5.0,5.771441123130016,11.0,21.4,0.855072463768116,2,140
50.0,0.6931471805599453,11.0,11.7,0.855072463768116,1,140
50.0,0.6931471805599453,11.0,11.7,0.855072463768116,1,140
50.0,1.3862943611198906,11.0,11.7,0.855072463768116,2,140
50.0,1.3862943611198906,11.0,11.7,0.855072463768116,2,140
80.0,1.0986122886681098,11.0,18.3,0.855072463768116,1,140
60.0,1.0986122886681098,11.0,18.3,0.855072463768116,1,140
85.0,1.0986122886681098,11.0,18.3,0.855072463768116,1,140
80.0,4.430816798843313,11.0,18.3,0.855072463768116,2,140
60.0,4.430816798843313,11.0,18.3,0.855072463768116,2,140
85.0,4.430816798843313,11.0,18.3,0.855072463768116,2,140
80.0,2.772588722239781,11.0,18.1,0.855072463768116,1,140
60.0,2.772588722239781,11.0,18.1,0.855072463768116,1,140
85.0,2.772588722239781,11.0,18.1,0.855072463768116,1,140
80.0,3.4965075614664802,11.0,18.1,0.855072463768116,2,140
60.0,3.4965075614664802,11.0,18.1,0.855072463768116,2,140
85.0,3.4965075614664802,11.0,18.1,0.855072463768116,2,140
60.0,4.454347296253507,12.0,16.3,0.855072463768116,2,140
85.0,4.454347296253507,12.0,16.3,0.855072463768116,2,140
20.0,4.454347296253507,12.0,16.3,0.855072463768116,2,140
50.0,3.1354942159291497,11.0,22.7,0.855072463768116,1,140
40.0,3.1354942159291497,11.0,22.7,0.855072463768116,1,140
60.0,3.1354942159291497,11.0,22.7,0.855072463768116,1,140
50.0,4.04305126783455,11.0,22.7,0.855072463768116,2,140
40.0,4.04305126783455,11.0,22.7,0.855072463768116,2,140
60.0,4.04305126783455,11.0,22.7,0.855072463768116,2,140
50.0,3.5553480614894135,11.0,16.4,0.855072463768116,1,140
40.0,3.5553480614894135,11.0,16.4,0.855072463768116,1,140
60.0,3.5553480614894135,11.0,16.4,0.855072463768116,1,140
50.0,4.382026634673881,11.0,16.4,0.855072463768116,2,140
40.0,4.382026634673881,11.0,16.4,0.855072463768116,2,140
60.0,4.382026634673881,11.0,16.4,0.855072463768116,2,140
50.0,3.8066624897703196,11.0,21.1,0.855072463768116,1,140
30.0,3.8066624897703196,11.0,21.1,0.855072463768116,1,140
60.0,3.8066624897703196,11.0,21.1,0.855072463768116,1,140
50.0,4.584967478670572,11.0,21.1,0.855072463768116,2,140
30.0,4.584967478670572,11.0,21.1,0.855072463768116,2,140
60.0,4.584967478670572,11.0,21.1,0.855072463768116,2,140
30.0,4.477336814478207,11.0,19.5,0.855072463768116,2,140
60.0,4.477336814478207,11.0,19.5,0.855072463768116,2,140
30.0,4.7535901911063645,11.0,17.7,0.855072463768116,2,140
60.0,4.7535901911063645,11.0,17.7,0.855072463768116,2,140
60.0,4.7535901911063645,11.0,17.7,0.855072463768116,2,140
30.0,5.170483995038151,12.0,14.5,0.855072463768116,2,140
60.0,5.170483995038151,12.0,14.5,0.855072463768116,2,140
30.0,3.091042453358316,12.0,16.1,0.855072463768116,2,140
50.0,1.3862943611198906,13.0,12.5,0.855072463768116,1,140
30.0,0.6931471805599453,12.0,15.8,0.855072463768116,1,140
30.0,0.6931471805599453,12.0,15.8,0.855072463768116,1,140
30.0,5.14166355650266,12.0,15.8,0.855072463768116,2,140
30.0,5.14166355650266,12.0,15.8,0.855072463768116,2,140
60.0,3.9318256327243257,19.0,5.7,0.855072463768116,1,140
40.0,3.9318256327243257,19.0,5.7,0.855072463768116,1,140
50.0,3.9318256327243257,19.0,5.7,0.855072463768116,1,140
60.0,5.5254529391317835,19.0,5.7,0.855072463768116,2,140
40.0,5.5254529391317835,19.0,5.7,0.855072463768116,2,140
50.0,5.5254529391317835,19.0,5.7,0.855072463768116,2,140
95.0,0.6931471805599453,11.0,18.5,0.855072463768116,1,140
60.0,0.6931471805599453,11.0,18.5,0.855072463768116,1,140
90.0,0.6931471805599453,11.0,18.5,0.855072463768116,1,140
95.0,4.382026634673881,11.0,18.5,0.855072463768116,2,140
60.0,4.382026634673881,11.0,18.5,0.855072463768116,2,140
90.0,4.382026634673881,11.0,18.5,0.855072463768116,2,140
95.0,0.6931471805599453,11.0,18.3,0.855072463768116,1,140
60.0,0.6931471805599453,11.0,18.3,0.855072463768116,1,140
90.0,0.6931471805599453,11.0,18.3,0.855072463768116,1,140
95.0,4.418840607796598,11.0,18.3,0.855072463768116,2,140
60.0,4.418840607796598,11.0,18.3,0.855072463768116,2,140
90.0,4.418840607796598,11.0,18.3,0.855072463768116,2,140
60.0,4.02535169073515,11.0,16.6,0.855072463768116,2,140
90.0,4.02535169073515,11.0,16.6,0.855072463768116,2,140
10.0,4.02535169073515,11.0,16.6,0.855072463768116,2,140
95.0,0.6931471805599453,11.0,20.3,0.855072463768116,1,140
60.0,0.6931471805599453,11.0,20.3,0.855072463768116,1,140
90.0,0.6931471805599453,11.0,20.3,0.855072463768116,1,140
95.0,4.7535901911063645,11.0,20.3,0.855072463768116,2,140
60.0,4.7535901911063645,11.0,20.3,0.855072463768116,2,140
90.0,4.7535901911063645,11.0,20.3,0.855072463768116,2,140
60.0,3.9512437185814275,11.0,19.9,0.855072463768116,2,140
90.0,3.9512437185814275,11.0,19.9,0.855072463768116,2,140
10.0,3.9512437185814275,11.0,19.9,0.855072463768116,2,140
60.0,3.784189633918261,11.0,18.0,0.855072463768116,2,140
90.0,3.784189633918261,11.0,18.0,0.855072463768116,2,140
95.0,3.784189633918261,11.0,18.0,0.855072463768116,2,140
10.0,1.0986122886681098,11.0,17.8,0.855072463768116,1,140
90.0,1.0986122886681098,11.0,17.8,0.855072463768116,1,140
60.0,1.0986122886681098,11.0,17.8,0.855072463768116,1,140
10.0,4.859812404361672,11.0,17.8,0.855072463768116,2,140
90.0,4.859812404361672,11.0,17.8,0.855072463768116,2,140
60.0,4.859812404361672,11.0,17.8,0.855072463768116,2,140
95.0,4.962844630259907,12.0,17.7,0.855072463768116,2,140
60.0,4.962844630259907,12.0,17.7,0.855072463768116,2,140
40.0,1.0986122886681098,11.0,30.4,0.855072463768116,1,140
95.0,1.0986122886681098,11.0,30.4,0.855072463768116,1,140
40.0,1.3862943611198906,11.0,30.7,0.855072463768116,1,140
95.0,1.3862943611198906,11.0,30.7,0.855072463768116,1,140
40.0,4.02535169073515,11.0,30.9,0.855072463768116,1,140
95.0,4.02535169073515,11.0,30.9,0.855072463768116,1,140
40.0,3.828641396489095,11.0,32.6,0.855072463768116,1,140
95.0,3.828641396489095,11.0,32.6,0.855072463768116,1,140
40.0,2.3978952727983707,11.0,32.1,0.855072463768116,1,140
50.0,2.3978952727983707,11.0,32.1,0.855072463768116,1,140
40.0,3.1354942159291497,11.0,32.1,0.855072463768116,2,140
50.0,3.1354942159291497,11.0,32.1,0.855072463768116,2,140
50.0,4.02535169073515,12.0,28.7,0.855072463768116,2,140
90.0,4.02535169073515,12.0,28.7,0.855072463768116,2,140
50.0,5.564520407322694,11.0,28.3,0.855072463768116,2,140
95.0,5.564520407322694,11.0,28.3,0.855072463768116,2,140
50.0,5.564520407322694,11.0,28.3,0.855072463768116,2,140
80.0,2.3978952727983707,12.0,26.0,0.855072463768116,1,140
75.0,2.3978952727983707,12.0,26.0,0.855072463768116,1,140
20.0,2.3978952727983707,12.0,26.0,0.855072463768116,1,140
80.0,1.3862943611198906,12.0,26.0,0.855072463768116,2,140
75.0,1.3862943611198906,12.0,26.0,0.855072463768116,2,140
20.0,1.3862943611198906,12.0,26.0,0.855072463768116,2,140
50.0,4.110873864173311,13.0,25.2,0.855072463768116,2,140
20.0,4.110873864173311,13.0,25.2,0.855072463768116,2,140
70.0,0.6931471805599453,14.0,4.1,0.9629629629629629,2,141
50.0,0.6931471805599453,14.0,4.1,0.9629629629629629,2,141
70.0,0.6931471805599453,15.0,5.2,0.9629629629629629,2,141
70.0,0.6931471805599453,15.0,5.2,0.9629629629629629,2,141
50.0,0.6931471805599453,15.0,5.2,0.9629629629629629,2,141
70.0,0.6931471805599453,12.0,6.0,0.9629629629629629,2,141
70.0,0.6931471805599453,12.0,6.0,0.9629629629629629,2,141
70.0,0.6931471805599453,12.0,6.0,0.9629629629629629,2,141
60.0,1.9459101490553132,13.0,3.9,0.9629629629629629,2,141
60.0,1.9459101490553132,13.0,3.9,0.9629629629629629,2,141
50.0,1.9459101490553132,13.0,3.9,0.9629629629629629,2,141
60.0,1.3862943611198906,13.0,5.9,0.9629629629629629,2,141
60.0,1.3862943611198906,13.0,5.9,0.9629629629629629,2,141
50.0,1.3862943611198906,13.0,5.9,0.9629629629629629,2,141
60.0,0.6931471805599453,13.0,6.0,0.9629629629629629,2,141
50.0,1.0986122886681098,12.0,5.7,0.9629629629629629,1,141
80.0,0.6931471805599453,13.0,2.4,0.9629629629629629,2,141
50.0,0.6931471805599453,13.0,2.4,0.9629629629629629,2,141
80.0,0.6931471805599453,13.0,2.4,0.9629629629629629,2,141
30.0,1.3862943611198906,14.0,2.0,0.9629629629629629,2,141
30.0,1.3862943611198906,14.0,2.0,0.9629629629629629,2,141
50.0,1.0986122886681098,14.0,7.6,0.9629629629629629,2,141
30.0,1.0986122886681098,14.0,7.6,0.9629629629629629,2,141
50.0,1.3862943611198906,14.0,6.1,0.9629629629629629,2,141
50.0,1.3862943611198906,14.0,6.1,0.9629629629629629,2,141
50.0,1.3862943611198906,14.0,6.1,0.9629629629629629,2,141
40.0,0.6931471805599453,12.0,8.8,0.9629629629629629,1,141
30.0,0.6931471805599453,12.0,8.8,0.9629629629629629,1,141
40.0,0.6931471805599453,13.0,1.2,0.9629629629629629,2,141
40.0,0.6931471805599453,13.0,1.2,0.9629629629629629,2,141
40.0,0.6931471805599453,13.0,1.2,0.9629629629629629,2,141
60.0,1.0986122886681098,13.0,3.6,0.9629629629629629,2,141
60.0,1.0986122886681098,13.0,3.6,0.9629629629629629,2,141
50.0,1.0986122886681098,13.0,3.6,0.9629629629629629,2,141
70.0,0.6931471805599453,14.0,5.4,0.9629629629629629,2,141
60.0,0.6931471805599453,14.0,5.4,0.9629629629629629,2,141
70.0,0.6931471805599453,13.0,3.4,0.9629629629629629,2,141
70.0,0.6931471805599453,13.0,3.4,0.9629629629629629,2,141
60.0,0.6931471805599453,13.0,3.4,0.9629629629629629,2,141
70.0,0.6931471805599453,13.0,3.6,0.9629629629629629,2,141
60.0,0.6931471805599453,13.0,3.6,0.9629629629629629,2,141
50.0,0.6931471805599453,14.0,4.8,0.9629629629629629,2,141
50.0,0.6931471805599453,14.0,4.8,0.9629629629629629,2,141
50.0,0.6931471805599453,14.0,4.8,0.9629629629629629,2,141
50.0,1.0986122886681098,13.0,4.6,0.9629629629629629,2,141
50.0,1.0986122886681098,13.0,4.6,0.9629629629629629,2,141
50.0,0.6931471805599453,12.0,4.4,0.9629629629629629,2,141
50.0,0.6931471805599453,12.0,4.4,0.9629629629629629,2,141
50.0,0.6931471805599453,12.0,4.4,0.9629629629629629,2,141
50.0,0.6931471805599453,13.0,4.6,0.9629629629629629,2,141
50.0,0.6931471805599453,13.0,4.6,0.9629629629629629,2,141
50.0,4.804021044733257,13.0,6.0,0.9629629629629629,1,141
50.0,4.804021044733257,13.0,6.0,0.9629629629629629,1,141
50.0,4.804021044733257,13.0,6.0,0.9629629629629629,1,141
50.0,0.6931471805599453,13.0,6.0,0.9629629629629629,2,141
50.0,0.6931471805599453,13.0,6.0,0.9629629629629629,2,141
50.0,0.6931471805599453,13.0,6.0,0.9629629629629629,2,141
30.0,1.0986122886681098,13.0,6.4,0.9629629629629629,1,141
60.0,1.6094379124341003,15.0,5.8,0.9629629629629629,2,141
60.0,1.6094379124341003,15.0,5.8,0.9629629629629629,2,141
60.0,1.3862943611198906,14.0,5.6,0.9629629629629629,2,141
50.0,1.3862943611198906,14.0,5.6,0.9629629629629629,2,141
60.0,1.3862943611198906,14.0,5.6,0.9629629629629629,2,141
60.0,0.6931471805599453,13.0,6.0,0.9629629629629629,2,141
30.0,0.6931471805599453,13.0,6.0,0.9629629629629629,2,141
30.0,0.6931471805599453,12.0,6.0,0.9629629629629629,0,141
20.0,1.0986122886681098,12.0,6.1,0.9629629629629629,1,141
60.0,1.0986122886681098,12.0,6.1,0.9629629629629629,1,141
60.0,1.3862943611198906,15.0,5.6,0.9629629629629629,2,141
70.0,1.3862943611198906,15.0,5.6,0.9629629629629629,2,141
50.0,1.3862943611198906,15.0,5.6,0.9629629629629629,2,141
50.0,0.6931471805599453,12.0,4.7,0.9629629629629629,1,141
60.0,0.6931471805599453,12.0,4.0,0.9629629629629629,1,141
50.0,0.6931471805599453,12.0,4.0,0.9629629629629629,1,141
30.0,0.6931471805599453,12.0,4.0,0.9629629629629629,1,141
30.0,0.6931471805599453,12.0,4.0,0.9629629629629629,1,141
60.0,1.0986122886681098,12.0,4.0,0.9629629629629629,2,141
50.0,1.0986122886681098,12.0,4.0,0.9629629629629629,2,141
30.0,1.0986122886681098,12.0,4.0,0.9629629629629629,2,141
30.0,1.0986122886681098,12.0,4.0,0.9629629629629629,2,141
50.0,0.6931471805599453,16.0,5.7,0.9629629629629629,2,141
30.0,0.6931471805599453,16.0,5.7,0.9629629629629629,2,141
40.0,0.6931471805599453,16.0,5.7,0.9629629629629629,2,141
20.0,1.3862943611198906,13.0,3.1,0.9629629629629629,2,141
30.0,1.3862943611198906,13.0,3.1,0.9629629629629629,2,141
20.0,1.3862943611198906,13.0,3.1,0.9629629629629629,2,141
30.0,1.0986122886681098,13.0,4.4,0.9629629629629629,2,141
30.0,1.0986122886681098,13.0,4.4,0.9629629629629629,2,141
30.0,1.0986122886681098,13.0,4.4,0.9629629629629629,2,141
40.0,0.6931471805599453,14.0,5.3,0.9629629629629629,1,141
30.0,0.6931471805599453,14.0,5.3,0.9629629629629629,1,141
30.0,0.6931471805599453,14.0,5.3,0.9629629629629629,1,141
40.0,1.0986122886681098,14.0,5.3,0.9629629629629629,2,141
30.0,1.0986122886681098,14.0,5.3,0.9629629629629629,2,141
30.0,1.0986122886681098,14.0,5.3,0.9629629629629629,2,141
50.0,0.6931471805599453,13.0,4.8,0.9629629629629629,1,141
50.0,0.6931471805599453,13.0,4.8,0.9629629629629629,1,141
50.0,0.6931471805599453,13.0,4.8,0.9629629629629629,2,141
50.0,0.6931471805599453,13.0,4.8,0.9629629629629629,2,141
50.0,0.6931471805599453,13.0,4.6,0.9629629629629629,1,141
10.0,3.713572066704308,12.0,14.8,0.5658536585365853,1,142
100.0,3.9318256327243257,12.0,14.0,0.5658536585365853,1,142
10.0,3.9318256327243257,12.0,14.0,0.5658536585365853,1,142
10.0,2.3978952727983707,12.0,15.3,0.5658536585365853,1,142
100.0,2.3978952727983707,12.0,15.3,0.5658536585365853,1,142
10.0,3.044522437723423,12.0,15.1,0.5658536585365853,1,142
10.0,3.044522437723423,12.0,15.1,0.5658536585365853,1,142
0.0,3.044522437723423,12.0,15.1,0.5658536585365853,1,142
10.0,1.0986122886681098,12.0,15.1,0.5658536585365853,1,142
10.0,1.0986122886681098,12.0,15.1,0.5658536585365853,1,142
0.0,1.0986122886681098,12.0,15.1,0.5658536585365853,1,142
20.0,1.3862943611198906,12.0,14.7,0.5658536585365853,1,142
20.0,1.3862943611198906,12.0,14.7,0.5658536585365853,1,142
20.0,1.791759469228055,12.0,14.7,0.5658536585365853,2,142
20.0,1.791759469228055,12.0,14.7,0.5658536585365853,2,142
50.0,2.3978952727983707,14.0,15.2,0.5658536585365853,1,142
0.0,2.3978952727983707,14.0,15.2,0.5658536585365853,1,142
70.0,2.3978952727983707,14.0,15.2,0.5658536585365853,1,142
0.0,2.3978952727983707,14.0,15.2,0.5658536585365853,1,142
40.0,2.772588722239781,12.0,20.7,0.5658536585365853,1,142
100.0,2.772588722239781,12.0,20.7,0.5658536585365853,1,142
0.0,2.772588722239781,12.0,20.7,0.5658536585365853,1,142
0.0,3.713572066704308,13.0,20.3,0.5658536585365853,1,142
70.0,0.6931471805599453,14.0,19.4,0.5658536585365853,1,142
100.0,3.9318256327243257,12.0,21.8,0.5658536585365853,4,142
20.0,1.0986122886681098,12.0,15.4,0.5658536585365853,1,142
10.0,1.0986122886681098,12.0,15.4,0.5658536585365853,1,142
10.0,5.5254529391317835,12.0,17.0,0.5658536585365853,1,142
70.0,5.5254529391317835,12.0,17.0,0.5658536585365853,1,142
20.0,5.5254529391317835,12.0,17.0,0.5658536585365853,1,142
100.0,3.044522437723423,12.0,17.6,0.5658536585365853,1,142
20.0,3.044522437723423,12.0,17.6,0.5658536585365853,1,142
0.0,3.044522437723423,12.0,17.6,0.5658536585365853,1,142
30.0,3.4339872044851463,12.0,18.2,0.5658536585365853,1,142
0.0,3.4339872044851463,12.0,18.2,0.5658536585365853,1,142
10.0,3.044522437723423,13.0,18.7,0.5658536585365853,1,142
20.0,3.044522437723423,13.0,18.7,0.5658536585365853,1,142
80.0,1.0986122886681098,11.0,10.4,0.5658536585365853,1,142
20.0,1.0986122886681098,11.0,10.4,0.5658536585365853,1,142
20.0,0.6931471805599453,12.0,27.3,0.5658536585365853,1,142
0.0,0.6931471805599453,12.0,27.3,0.5658536585365853,1,142
20.0,3.713572066704308,12.0,27.3,0.5658536585365853,2,142
0.0,3.713572066704308,12.0,27.3,0.5658536585365853,2,142
80.0,1.0986122886681098,12.0,18.7,0.5658536585365853,4,142
40.0,1.6094379124341003,12.0,17.5,0.5658536585365853,1,142
10.0,1.6094379124341003,12.0,17.5,0.5658536585365853,1,142
40.0,0.6931471805599453,11.0,41.2,0.5658536585365853,0,142
0.0,3.044522437723423,13.0,22.1,0.5658536585365853,1,142
10.0,3.044522437723423,13.0,22.1,0.5658536585365853,1,142
0.0,3.044522437723423,13.0,22.1,0.5658536585365853,1,142
0.0,3.044522437723423,13.0,22.1,0.5658536585365853,1,142
0.0,2.3978952727983707,13.0,22.1,0.5658536585365853,4,142
10.0,2.3978952727983707,13.0,22.1,0.5658536585365853,4,142
0.0,2.3978952727983707,13.0,22.1,0.5658536585365853,4,142
0.0,2.3978952727983707,13.0,22.1,0.5658536585365853,4,142
0.0,2.3978952727983707,10.0,39.6,0.5658536585365853,2,142
0.0,3.713572066704308,13.0,15.9,0.5658536585365853,1,142
0.0,1.3862943611198906,13.0,15.9,0.5658536585365853,1,142
0.0,1.3862943611198906,13.0,15.9,0.5658536585365853,1,142
0.0,3.4339872044851463,13.0,15.9,0.5658536585365853,1,142
0.0,3.4339872044851463,13.0,15.9,0.5658536585365853,1,142
0.0,3.4339872044851463,12.0,15.9,0.5658536585365853,1,142
0.0,3.4339872044851463,12.0,15.9,0.5658536585365853,1,142
50.0,3.713572066704308,10.0,35.2,0.5658536585365853,4,142
50.0,1.0986122886681098,11.0,13.0,0.5658536585365853,0,142
0.0,1.0986122886681098,11.0,13.0,0.5658536585365853,0,142
0.0,1.6094379124341003,13.0,15.8,0.5658536585365853,1,142
30.0,1.6094379124341003,13.0,15.8,0.5658536585365853,1,142
0.0,1.791759469228055,13.0,17.2,0.5658536585365853,1,142
30.0,2.3978952727983707,12.0,14.6,0.5658536585365853,4,142
0.0,5.017279836814924,14.0,17.4,0.5658536585365853,1,142
0.0,5.017279836814924,14.0,17.4,0.5658536585365853,1,142
0.0,3.713572066704308,12.0,17.8,0.5658536585365853,1,142
60.0,3.713572066704308,12.0,17.8,0.5658536585365853,1,142
40.0,3.713572066704308,12.0,17.8,0.5658536585365853,1,142
0.0,4.394449154672439,13.0,15.3,0.5658536585365853,1,142
100.0,4.394449154672439,13.0,15.3,0.5658536585365853,1,142
10.0,4.394449154672439,13.0,15.3,0.5658536585365853,1,142
20.0,6.111467339502679,11.0,13.7,0.5658536585365853,1,142
50.0,3.1354942159291497,13.0,21.2,0.5658536585365853,4,142
50.0,3.044522437723423,11.0,10.7,0.5658536585365853,0,142
60.0,3.258096538021482,13.0,16.5,0.5658536585365853,4,142
0.0,1.0986122886681098,13.0,16.4,0.5658536585365853,1,142
0.0,1.0986122886681098,13.0,16.4,0.5658536585365853,1,142
15.0,1.3862943611198906,12.0,14.0,0.5658536585365853,1,142
0.0,1.3862943611198906,12.0,14.0,0.5658536585365853,1,142
15.0,1.0986122886681098,13.0,14.2,0.5658536585365853,1,142
0.0,1.0986122886681098,13.0,14.2,0.5658536585365853,1,142
0.0,1.0986122886681098,13.0,14.2,0.5658536585365853,1,142
60.0,3.9318256327243257,12.0,16.4,0.5658536585365853,1,142
20.0,3.044522437723423,13.0,15.6,0.5658536585365853,1,142
20.0,3.044522437723423,13.0,15.6,0.5658536585365853,1,142
20.0,1.3862943611198906,12.0,13.6,0.5658536585365853,1,142
0.0,1.3862943611198906,12.0,13.6,0.5658536585365853,1,142
0.0,1.3862943611198906,12.0,12.3,0.5658536585365853,1,142
0.0,1.3862943611198906,12.0,12.3,0.5658536585365853,1,142
0.0,1.3862943611198906,12.0,12.3,0.5658536585365853,1,142
0.0,4.2626798770413155,12.0,12.3,0.5658536585365853,1,142
0.0,4.2626798770413155,12.0,12.3,0.5658536585365853,1,142
50.0,3.044522437723423,11.0,17.4,0.5658536585365853,1,142
30.0,0.6931471805599453,11.0,17.7,0.5658536585365853,1,142
30.0,3.044522437723423,11.0,17.6,0.5658536585365853,1,142
0.0,3.044522437723423,11.0,17.6,0.5658536585365853,1,142
30.0,5.017279836814924,12.0,19.8,0.5658536585365853,1,142
0.0,5.017279836814924,12.0,19.8,0.5658536585365853,1,142
30.0,3.9318256327243257,12.0,31.5,0.5658536585365853,1,142
100.0,3.9318256327243257,12.0,31.5,0.5658536585365853,1,142
0.0,3.9318256327243257,12.0,31.5,0.5658536585365853,1,142
40.0,4.2626798770413155,13.0,32.4,0.5658536585365853,1,142
100.0,4.2626798770413155,13.0,32.4,0.5658536585365853,1,142
0.0,3.044522437723423,13.0,34.0,0.5658536585365853,1,142
0.0,3.044522437723423,13.0,34.0,0.5658536585365853,1,142
50.0,4.454347296253507,10.0,40.9,0.5658536585365853,2,142
50.0,2.772588722239781,10.0,40.6,0.5658536585365853,2,142
50.0,1.3862943611198906,11.0,36.9,0.5658536585365853,1,142
0.0,1.3862943611198906,11.0,14.5,0.5658536585365853,1,142
0.0,0.6931471805599453,11.0,15.8,0.5658536585365853,1,142
20.0,0.6931471805599453,11.0,15.8,0.5658536585365853,1,142
30.0,1.6094379124341003,12.0,17.6,0.5658536585365853,1,142
0.0,1.6094379124341003,12.0,17.6,0.5658536585365853,1,142
0.0,0.6931471805599453,12.0,19.7,0.5658536585365853,1,142
50.0,0.6931471805599453,12.0,19.7,0.5658536585365853,1,142
0.0,0.6931471805599453,12.0,19.7,0.5658536585365853,1,142
50.0,2.772588722239781,12.0,20.4,0.5658536585365853,1,142
50.0,2.772588722239781,12.0,20.4,0.5658536585365853,1,142
0.0,2.772588722239781,12.0,20.4,0.5658536585365853,1,142
100.0,3.713572066704308,11.0,45.1,0.5658536585365853,1,142
80.0,3.713572066704308,11.0,45.1,0.5658536585365853,1,142
0.0,3.713572066704308,11.0,45.1,0.5658536585365853,1,142
20.0,5.081404364984463,11.0,42.3,0.5658536585365853,4,142
50.0,3.4339872044851463,11.0,38.4,0.5658536585365853,0,142
20.0,3.044522437723423,13.0,18.8,0.5658536585365853,1,142
100.0,3.044522437723423,13.0,18.8,0.5658536585365853,1,142
20.0,3.044522437723423,12.0,15.6,0.5658536585365853,1,142
20.0,0.6931471805599453,12.0,17.5,0.5658536585365853,1,142
50.0,0.6931471805599453,12.0,17.5,0.5658536585365853,1,142
0.0,0.6931471805599453,12.0,17.5,0.5658536585365853,1,142
0.0,3.044522437723423,11.0,21.1,0.5658536585365853,1,142
0.0,3.044522437723423,11.0,21.1,0.5658536585365853,1,142
60.0,1.791759469228055,12.0,39.8,0.5658536585365853,4,142
0.0,1.0986122886681098,12.0,38.5,0.5658536585365853,1,142
0.0,0.6931471805599453,12.0,19.5,0.5658536585365853,1,142
0.0,0.6931471805599453,12.0,19.5,0.5658536585365853,1,142
0.0,3.044522437723423,15.0,16.0,0.5658536585365853,1,142
0.0,3.044522437723423,15.0,16.0,0.5658536585365853,1,142
0.0,1.6094379124341003,12.0,24.3,0.5658536585365853,1,142
30.0,1.6094379124341003,12.0,24.3,0.5658536585365853,1,142
0.0,1.6094379124341003,12.0,24.3,0.5658536585365853,2,142
30.0,1.6094379124341003,12.0,24.3,0.5658536585365853,2,142
20.0,3.7612001156935624,11.0,28.4,0.5658536585365853,0,142
30.0,0.6931471805599453,11.0,24.5,0.5658536585365853,1,142
50.0,5.5254529391317835,11.0,14.8,0.5658536585365853,1,142
0.0,5.5254529391317835,11.0,14.8,0.5658536585365853,1,142
100.0,2.772588722239781,12.0,15.1,0.5658536585365853,1,142
50.0,2.772588722239781,12.0,15.1,0.5658536585365853,1,142
0.0,2.772588722239781,12.0,15.1,0.5658536585365853,1,142
50.0,4.394449154672439,11.0,29.0,0.5658536585365853,1,142
0.0,4.394449154672439,11.0,29.0,0.5658536585365853,1,142
0.0,4.394449154672439,11.0,29.0,0.5658536585365853,1,142
0.0,3.713572066704308,11.0,28.8,0.5658536585365853,1,142
50.0,2.3978952727983707,12.0,22.1,0.5658536585365853,1,142
0.0,2.3978952727983707,12.0,22.1,0.5658536585365853,1,142
0.0,3.044522437723423,12.0,22.6,0.5658536585365853,1,142
0.0,1.3862943611198906,13.0,34.7,0.5658536585365853,1,142
0.0,1.3862943611198906,13.0,34.7,0.5658536585365853,1,142
30.0,3.713572066704308,11.0,47.3,0.5658536585365853,1,142
50.0,3.713572066704308,11.0,47.3,0.5658536585365853,1,142
50.0,4.61512051684126,18.0,6.7,1.0,2,143
50.0,4.61512051684126,18.0,6.7,1.0,2,143
40.0,4.61512051684126,13.0,5.3,1.0,2,143
50.0,1.791759469228055,18.0,8.2,1.0,3,143
50.0,2.3978952727983707,18.0,9.1,1.0,2,143
50.0,3.258096538021482,18.0,8.1,1.0,2,143
50.0,3.258096538021482,18.0,8.1,1.0,2,143
25.0,3.9318256327243257,13.0,17.8,1.0,2,143
50.0,3.9318256327243257,13.0,17.8,1.0,2,143
10.0,1.6094379124341003,12.0,11.1,1.0,1,143
50.0,3.9318256327243257,13.0,8.4,1.0,2,143
50.0,3.9318256327243257,13.0,8.4,1.0,2,143
50.0,3.4339872044851463,11.0,29.5,1.0,2,143
50.0,4.61512051684126,18.0,7.8,1.0,2,143
25.0,4.61512051684126,12.0,10.8,1.0,2,143
25.0,4.61512051684126,12.0,10.8,1.0,2,143
25.0,4.61512051684126,17.0,7.6,1.0,2,143
25.0,4.61512051684126,17.0,7.6,1.0,2,143
30.0,3.9318256327243257,11.0,9.3,1.0,2,143
20.0,3.9318256327243257,11.0,9.3,1.0,2,143
50.0,1.3862943611198906,15.0,5.2,1.0,3,143
30.0,1.3862943611198906,18.0,3.9,1.0,3,143
20.0,1.3862943611198906,18.0,3.9,1.0,3,143
50.0,4.61512051684126,13.0,9.4,1.0,2,143
30.0,4.61512051684126,13.0,12.9,1.0,2,143
10.0,3.9318256327243257,13.0,7.3,1.0,2,143
40.0,3.9318256327243257,13.0,7.3,1.0,2,143
50.0,3.9318256327243257,18.0,6.5,1.0,2,143
50.0,3.9318256327243257,18.0,6.5,1.0,2,143
70.0,3.044522437723423,12.0,8.7,1.0,3,143
80.0,1.9459101490553132,12.0,8.4,1.0,2,143
25.0,1.9459101490553132,16.0,11.3,1.0,2,143
10.0,1.9459101490553132,16.0,11.3,1.0,2,143
15.0,1.9459101490553132,16.0,11.3,1.0,2,143
50.0,0.6931471805599453,19.0,9.3,1.0,2,143
50.0,0.6931471805599453,19.0,9.3,1.0,2,143
25.0,0.6931471805599453,13.0,12.8,1.0,2,143
25.0,0.6931471805599453,13.0,12.8,1.0,2,143
25.0,0.6931471805599453,16.0,5.0,1.0,2,143
10.0,0.6931471805599453,16.0,5.0,1.0,2,143
30.0,0.6931471805599453,12.0,11.8,1.0,2,143
40.0,0.6931471805599453,12.0,11.8,1.0,2,143
50.0,3.258096538021482,12.0,14.1,1.0,2,143
50.0,3.258096538021482,12.0,14.1,1.0,2,143
50.0,3.258096538021482,12.0,15.1,1.0,2,143
50.0,3.258096538021482,12.0,15.1,1.0,2,143
30.0,3.258096538021482,13.0,11.4,0.4,1,144
25.0,0.6931471805599453,13.0,12.3,0.4,1,144
75.0,1.0986122886681098,13.0,12.3,0.4,1,144
0.0,1.0986122886681098,13.0,2.6,0.3492063492063492,0,145
0.0,1.9459101490553132,13.0,2.6,0.3492063492063492,4,145
0.0,2.0794415416798357,13.0,6.2,0.3492063492063492,4,145
0.0,2.0794415416798357,14.0,6.3,0.3492063492063492,0,145
40.0,1.6094379124341003,13.0,1.1,0.3492063492063492,3,145
0.0,0.6931471805599453,13.0,1.0,0.3492063492063492,0,145
50.0,1.6094379124341003,14.0,1.8,0.3492063492063492,4,145
2.0,1.0986122886681098,15.0,3.0,0.3492063492063492,0,145
0.0,1.9459101490553132,13.0,4.9,0.3492063492063492,4,145
30.0,0.6931471805599453,13.0,6.1,0.3492063492063492,0,145
40.0,0.6931471805599453,13.0,6.1,0.3492063492063492,4,145
0.0,1.791759469228055,13.0,5.3,0.3492063492063492,4,145
40.0,1.0986122886681098,13.0,5.2,0.3492063492063492,0,145
0.0,1.3862943611198906,13.0,4.1,0.3492063492063492,4,145
0.0,2.3978952727983707,15.0,5.1,0.3492063492063492,0,145
0.0,2.70805020110221,13.0,4.5,0.3492063492063492,0,145
0.0,2.772588722239781,14.0,6.3,0.3492063492063492,4,145
10.0,2.1972245773362196,13.0,6.3,0.3492063492063492,4,145
0.0,1.0986122886681098,14.0,5.7,0.3492063492063492,0,145
20.0,1.9459101490553132,12.0,7.1,0.3492063492063492,4,145
0.0,1.9459101490553132,12.0,13.1,0.3492063492063492,0,145
20.0,1.0986122886681098,13.0,4.1,0.3492063492063492,4,145
0.0,1.3862943611198906,14.0,5.9,0.3492063492063492,0,145
0.0,0.6931471805599453,13.0,7.7,0.3492063492063492,0,145
30.0,1.791759469228055,14.0,5.0,0.3492063492063492,4,145
0.0,0.6931471805599453,13.0,6.8,0.3492063492063492,0,145
30.0,0.6931471805599453,13.0,4.4,0.3492063492063492,0,145
0.0,0.6931471805599453,14.0,4.8,0.3492063492063492,4,145
2.0,1.6094379124341003,14.0,4.8,0.3492063492063492,0,145
0.0,2.9444389791664403,15.0,4.9,0.3492063492063492,0,145
40.0,0.6931471805599453,14.0,7.0,0.3492063492063492,3,145
0.0,0.6931471805599453,15.0,4.9,0.3492063492063492,4,145
0.0,2.9444389791664403,16.0,1.3,0.5662650602409639,4,146
0.0,1.3862943611198906,12.0,5.7,0.5662650602409639,0,146
10.0,1.3862943611198906,13.0,3.6,0.5662650602409639,4,146
10.0,3.332204510175204,14.0,3.7,0.5662650602409639,4,146
10.0,2.995732273553991,13.0,8.2,0.5662650602409639,4,146
0.0,2.1972245773362196,13.0,7.5,0.5662650602409639,4,146
0.0,3.6635616461296463,14.0,5.8,0.5662650602409639,4,146
0.0,2.6390573296152584,13.0,5.4,0.5662650602409639,4,146
0.0,3.713572066704308,15.0,2.4,0.5662650602409639,4,146
0.0,5.017279836814924,13.0,4.1,0.5662650602409639,4,146
0.0,3.4339872044851463,13.0,4.8,0.5662650602409639,4,146
0.0,2.1972245773362196,12.0,7.8,0.5662650602409639,0,146
0.0,2.5649493574615367,12.0,12.8,0.5662650602409639,4,146
10.0,2.3978952727983707,13.0,4.0,0.5662650602409639,4,146
15.0,2.6390573296152584,14.0,5.3,0.5662650602409639,4,146
10.0,3.044522437723423,13.0,3.3,0.5662650602409639,4,146
10.0,1.3862943611198906,14.0,1.8,0.5662650602409639,0,146
0.0,2.1972245773362196,13.0,2.5,0.5662650602409639,4,146
0.0,2.1972245773362196,13.0,2.5,0.5662650602409639,4,146
0.0,2.1972245773362196,13.0,2.5,0.5662650602409639,4,146
0.0,2.1972245773362196,13.0,2.5,0.5662650602409639,4,146
0.0,2.4849066497880004,13.0,2.5,0.5662650602409639,4,146
0.0,2.4849066497880004,13.0,2.5,0.5662650602409639,4,146
0.0,2.4849066497880004,13.0,2.5,0.5662650602409639,4,146
0.0,2.4849066497880004,13.0,2.5,0.5662650602409639,4,146
20.0,3.4339872044851463,12.0,2.2,0.5662650602409639,4,146
20.0,1.791759469228055,13.0,6.9,0.5662650602409639,4,146
20.0,1.9459101490553132,12.0,5.0,0.5662650602409639,4,146
20.0,3.044522437723423,13.0,5.9,0.5662650602409639,4,146
20.0,1.791759469228055,13.0,5.9,0.5662650602409639,4,146
30.0,1.3862943611198906,13.0,4.7,0.5662650602409639,0,146
20.0,2.3978952727983707,18.0,2.8,0.5662650602409639,4,146
20.0,2.3978952727983707,13.0,5.2,0.5662650602409639,4,146
20.0,2.9444389791664403,12.0,8.0,0.5662650602409639,4,146
0.0,3.9318256327243257,15.0,4.7,0.5662650602409639,4,146
0.0,1.0986122886681098,12.0,3.4,0.5662650602409639,0,146
0.0,3.044522437723423,14.0,4.4,0.5662650602409639,4,146
0.0,1.0986122886681098,14.0,4.7,0.5662650602409639,0,146
0.0,2.6390573296152584,12.0,4.6,0.5662650602409639,4,146
0.0,1.9459101490553132,12.0,8.5,0.38271604938271603,3,147
0.0,0.6931471805599453,14.0,2.7,0.38271604938271603,1,147
0.0,0.6931471805599453,14.0,2.7,0.38271604938271603,1,147
40.0,0.6931471805599453,13.0,5.3,0.38271604938271603,1,147
0.0,0.6931471805599453,13.0,5.3,0.38271604938271603,1,147
30.0,1.3862943611198906,12.0,5.5,0.38271604938271603,1,147
20.0,0.6931471805599453,12.0,7.6,0.38271604938271603,4,147
60.0,0.6931471805599453,13.0,7.2,0.38271604938271603,1,147
60.0,0.6931471805599453,12.0,11.2,0.38271604938271603,1,147
0.0,0.6931471805599453,13.0,7.2,0.38271604938271603,1,147
0.0,0.6931471805599453,12.0,11.2,0.38271604938271603,1,147
70.0,1.0986122886681098,14.0,7.8,0.38271604938271603,4,147
70.0,1.0986122886681098,13.0,10.6,0.38271604938271603,4,147
0.0,1.0986122886681098,14.0,7.8,0.38271604938271603,4,147
0.0,1.0986122886681098,13.0,10.6,0.38271604938271603,4,147
20.0,1.3862943611198906,13.0,9.2,0.38271604938271603,3,147
20.0,1.3862943611198906,12.0,10.7,0.38271604938271603,3,147
0.0,1.3862943611198906,13.0,9.2,0.38271604938271603,3,147
0.0,1.3862943611198906,12.0,10.7,0.38271604938271603,3,147
0.0,1.0986122886681098,12.0,9.6,0.38271604938271603,1,147
0.0,1.0986122886681098,12.0,12.9,0.38271604938271603,1,147
0.0,1.0986122886681098,12.0,9.6,0.38271604938271603,1,147
0.0,1.0986122886681098,12.0,12.9,0.38271604938271603,1,147
0.0,0.6931471805599453,14.0,7.4,0.38271604938271603,1,147
0.0,0.6931471805599453,13.0,12.3,0.38271604938271603,1,147
0.0,0.6931471805599453,13.0,8.3,0.38271604938271603,1,147
0.0,0.6931471805599453,12.0,10.9,0.38271604938271603,1,147
70.0,0.6931471805599453,14.0,7.8,0.38271604938271603,3,147
70.0,0.6931471805599453,13.0,10.6,0.38271604938271603,3,147
0.0,0.6931471805599453,14.0,7.8,0.38271604938271603,3,147
0.0,0.6931471805599453,13.0,10.6,0.38271604938271603,3,147
0.0,0.6931471805599453,15.0,4.6,0.38271604938271603,1,147
80.0,0.6931471805599453,13.0,5.4,0.38271604938271603,1,147
60.0,0.6931471805599453,14.0,5.2,0.38271604938271603,3,147
80.0,0.6931471805599453,14.0,4.1,0.38271604938271603,3,147
0.0,1.6094379124341003,12.0,4.2,0.38271604938271603,3,147
0.0,0.6931471805599453,13.0,3.1,0.38271604938271603,3,147
0.0,0.6931471805599453,13.0,3.5,0.38271604938271603,1,147
20.0,0.6931471805599453,12.0,6.7,0.38271604938271603,3,147
30.0,0.6931471805599453,13.0,5.7,0.38271604938271603,3,147
50.0,1.0986122886681098,13.0,6.1,0.38271604938271603,3,147
30.0,3.258096538021482,14.0,6.2,0.38271604938271603,2,147
0.0,2.772588722239781,16.0,9.8,0.0967741935483871,4,148
0.0,2.1972245773362196,12.0,5.9,0.0967741935483871,4,148
0.0,2.6390573296152584,11.0,13.3,0.0967741935483871,4,148
0.0,2.1972245773362196,12.0,14.6,0.0967741935483871,4,148
0.0,1.791759469228055,11.0,11.6,0.0967741935483871,0,148
0.0,2.6390573296152584,12.0,11.9,0.0967741935483871,4,148
75.0,0.6931471805599453,14.0,5.3,0.0967741935483871,0,148
0.0,1.791759469228055,12.0,29.6,0.0967741935483871,4,148
0.0,1.6094379124341003,12.0,17.9,0.0967741935483871,4,148
0.0,0.6931471805599453,11.0,24.8,0.0967741935483871,0,148
0.0,1.6094379124341003,10.0,28.4,0.0967741935483871,0,148
0.0,1.9459101490553132,13.0,16.1,0.0967741935483871,4,148
0.0,0.6931471805599453,12.0,11.3,0.0967741935483871,4,148
0.0,1.0986122886681098,11.0,20.1,0.0967741935483871,4,148
0.0,1.0986122886681098,11.0,22.0,0.0967741935483871,0,148
0.0,2.5649493574615367,14.0,28.2,0.0967741935483871,4,148
0.0,1.9459101490553132,11.0,27.6,0.0967741935483871,4,148
0.0,2.0794415416798357,13.0,15.5,0.0967741935483871,4,148
30.0,1.6094379124341003,14.0,2.4,1.0,1,149
10.0,1.3862943611198906,13.0,2.1,1.0,3,149
25.0,1.252762968495368,14.0,1.8,1.0,3,149
25.0,1.6094379124341003,13.0,1.7,1.0,2,149
80.0,0.6931471805599453,15.0,1.8,1.0,3,149
80.0,1.0986122886681098,16.0,1.9,1.0,1,149
40.0,1.0986122886681098,15.0,2.0,1.0,1,149
25.0,0.6931471805599453,14.0,1.8,1.0,3,149
25.0,0.6931471805599453,14.0,1.9,1.0,1,149
10.0,2.1972245773362196,16.0,2.6,1.0,3,149
10.0,0.9162907318741551,20.0,1.8,1.0,3,149
25.0,1.0986122886681098,17.0,1.6,1.0,1,149
10.0,1.3862943611198906,18.0,1.5,1.0,1,149
20.0,1.252762968495368,17.0,2.6,1.0,3,149
50.0,1.0986122886681098,19.0,2.9,1.0,2,149
50.0,1.0986122886681098,15.0,1.4,1.0,2,149
25.0,1.0986122886681098,19.0,2.9,1.0,2,149
25.0,1.0986122886681098,15.0,1.4,1.0,2,149
25.0,3.044522437723423,20.0,2.9,1.0,1,149
50.0,0.9162907318741551,19.0,2.9,1.0,3,149
50.0,0.9162907318741551,15.0,1.4,1.0,3,149
25.0,0.9162907318741551,19.0,2.9,1.0,3,149
25.0,0.9162907318741551,15.0,1.4,1.0,3,149
50.0,0.6931471805599453,18.0,1.4,1.0,3,149
50.0,0.9162907318741551,14.0,2.4,1.0,3,149
100.0,1.0986122886681098,16.0,2.1,1.0,1,149
0.0,0.6931471805599453,12.0,6.0,0.01948051948051948,1,150
0.0,1.0986122886681098,12.0,6.2,0.01948051948051948,4,150
0.0,0.6931471805599453,12.0,6.7,0.01948051948051948,0,150
0.0,4.330733340286331,14.0,14.2,0.01948051948051948,0,150
0.0,0.6931471805599453,12.0,15.9,0.01948051948051948,0,150
0.0,0.6931471805599453,12.0,18.0,0.01948051948051948,4,150
0.0,1.0986122886681098,11.0,9.3,0.01948051948051948,4,150
0.0,5.017279836814924,12.0,14.1,0.01948051948051948,0,150
0.0,5.303304908059076,12.0,14.7,0.01948051948051948,0,150
0.0,1.0986122886681098,15.0,9.0,0.01948051948051948,3,150
0.0,0.6931471805599453,15.0,8.7,0.01948051948051948,4,150
0.0,5.303304908059076,13.0,9.6,0.01948051948051948,4,150
0.0,0.6931471805599453,11.0,9.1,0.01948051948051948,0,150
0.0,0.6931471805599453,12.0,11.8,0.01948051948051948,0,150
0.0,1.6094379124341003,12.0,6.2,0.01948051948051948,0,150
0.0,3.4339872044851463,12.0,8.8,0.01948051948051948,0,150
0.0,3.258096538021482,12.0,10.1,0.01948051948051948,0,150
50.0,3.258096538021482,12.0,10.1,0.01948051948051948,0,150
0.0,0.6931471805599453,11.0,6.1,0.01948051948051948,4,150
0.0,0.6931471805599453,12.0,7.0,0.01948051948051948,1,150
0.0,0.6931471805599453,12.0,7.0,0.01948051948051948,1,150
0.0,1.0986122886681098,11.0,6.0,0.01948051948051948,4,150
0.0,0.6931471805599453,11.0,7.4,0.01948051948051948,4,150
0.0,0.6931471805599453,11.0,7.4,0.01948051948051948,0,150
0.0,0.6931471805599453,12.0,18.0,0.01948051948051948,3,150
0.0,1.0986122886681098,12.0,10.9,0.01948051948051948,4,150
0.0,1.3862943611198906,11.0,7.5,0.01948051948051948,3,150
0.0,1.0986122886681098,12.0,12.9,0.01948051948051948,4,150
0.0,0.6931471805599453,12.0,11.6,0.01948051948051948,0,150
0.0,0.6931471805599453,11.0,8.3,0.01948051948051948,4,150
0.0,1.0986122886681098,15.0,14.3,0.01948051948051948,3,150
0.0,1.0986122886681098,10.0,20.5,0.01948051948051948,1,150
0.0,1.0986122886681098,10.0,20.5,0.01948051948051948,1,150
0.0,1.0986122886681098,10.0,20.5,0.01948051948051948,1,150
0.0,0.6931471805599453,11.0,23.4,0.01948051948051948,1,150
33.0,0.6931471805599453,10.0,17.3,0.01948051948051948,3,150
0.0,1.0986122886681098,10.0,24.5,0.01948051948051948,4,150
0.0,1.3862943611198906,12.0,5.9,0.01948051948051948,4,150
0.0,1.0986122886681098,12.0,7.9,0.01948051948051948,1,150
0.0,1.3862943611198906,12.0,5.9,0.01948051948051948,1,150
0.0,0.6931471805599453,12.0,5.0,0.01948051948051948,1,150
0.0,1.9459101490553132,12.0,4.8,0.01948051948051948,4,150
0.0,1.3862943611198906,15.0,10.0,0.01948051948051948,4,150
0.0,1.0986122886681098,13.0,5.1,0.01948051948051948,4,150
0.0,0.6931471805599453,15.0,1.1,0.0,1,151
0.0,1.791759469228055,14.0,1.1,0.0,1,151
0.0,3.9318256327243257,13.0,2.8,0.09937888198757763,1,153
30.0,3.4339872044851463,14.0,4.3,0.09937888198757763,1,153
30.0,3.4339872044851463,14.0,1.3,0.09937888198757763,1,153
0.0,3.4339872044851463,14.0,4.3,0.09937888198757763,1,153
0.0,3.4339872044851463,14.0,1.3,0.09937888198757763,1,153
0.0,1.6094379124341003,13.0,3.4,0.09937888198757763,3,153
0.0,1.6094379124341003,14.0,2.3,0.09937888198757763,3,153
0.0,1.6094379124341003,13.0,3.4,0.09937888198757763,3,153
0.0,1.6094379124341003,14.0,2.3,0.09937888198757763,3,153
0.0,1.6094379124341003,13.0,7.1,0.09937888198757763,3,153
0.0,1.6094379124341003,13.0,3.1,0.09937888198757763,3,153
0.0,1.0986122886681098,13.0,2.5,0.09937888198757763,3,153
0.0,1.0986122886681098,14.0,1.4,0.09937888198757763,3,153
0.0,1.6094379124341003,12.0,3.5,0.09937888198757763,3,153
0.0,1.6094379124341003,14.0,3.6,0.09937888198757763,3,153
0.0,1.0986122886681098,14.0,2.9,0.09937888198757763,3,153
0.0,1.0986122886681098,14.0,1.7,0.09937888198757763,3,153
0.0,1.0986122886681098,14.0,2.9,0.09937888198757763,3,153
0.0,1.0986122886681098,14.0,1.7,0.09937888198757763,3,153
100.0,1.0986122886681098,13.0,4.4,0.09937888198757763,1,153
100.0,1.0986122886681098,14.0,1.3,0.09937888198757763,1,153
0.0,1.0986122886681098,13.0,4.4,0.09937888198757763,1,153
0.0,1.0986122886681098,14.0,1.3,0.09937888198757763,1,153
0.0,1.0986122886681098,13.0,4.4,0.09937888198757763,1,153
0.0,1.0986122886681098,14.0,1.3,0.09937888198757763,1,153
0.0,2.3978952727983707,13.0,4.4,0.09937888198757763,0,153
0.0,2.3978952727983707,14.0,1.3,0.09937888198757763,0,153
30.0,2.3978952727983707,13.0,4.4,0.09937888198757763,0,153
30.0,2.3978952727983707,14.0,1.3,0.09937888198757763,0,153
0.0,1.6094379124341003,13.0,3.0,0.09937888198757763,3,153
0.0,1.3862943611198906,21.0,1.1,0.09937888198757763,3,153
0.0,1.6094379124341003,14.0,2.9,0.09937888198757763,4,153
0.0,1.6094379124341003,14.0,1.7,0.09937888198757763,4,153
0.0,1.6094379124341003,14.0,2.9,0.09937888198757763,4,153
0.0,1.6094379124341003,14.0,1.7,0.09937888198757763,4,153
0.0,5.303304908059076,14.0,2.0,0.09937888198757763,3,153
0.0,3.9318256327243257,12.0,4.1,0.09937888198757763,4,153
0.0,3.9318256327243257,14.0,2.1,0.09937888198757763,4,153
0.0,3.9318256327243257,12.0,4.1,0.09937888198757763,4,153
0.0,3.9318256327243257,14.0,2.1,0.09937888198757763,4,153
0.0,4.330733340286331,13.0,4.0,0.09937888198757763,1,153
0.0,4.330733340286331,14.0,2.0,0.09937888198757763,1,153
0.0,4.330733340286331,13.0,4.0,0.09937888198757763,1,153
0.0,4.330733340286331,14.0,2.0,0.09937888198757763,1,153
0.0,5.707110264748875,18.0,3.4,0.09937888198757763,3,153
0.0,5.303304908059076,13.0,3.4,0.09937888198757763,3,153
0.0,3.9318256327243257,12.0,4.8,0.09937888198757763,4,153
0.0,4.61512051684126,12.0,4.4,0.09937888198757763,2,153
0.0,5.860786223465865,13.0,5.2,0.09937888198757763,3,153
0.0,5.860786223465865,13.0,2.7,0.09937888198757763,3,153
0.0,5.860786223465865,13.0,5.2,0.09937888198757763,3,153
0.0,5.860786223465865,13.0,2.7,0.09937888198757763,3,153
0.0,5.860786223465865,15.0,1.4,0.09937888198757763,3,153
0.0,5.303304908059076,13.0,4.7,0.09937888198757763,1,153
0.0,5.303304908059076,14.0,3.5,0.09937888198757763,1,153
0.0,2.772588722239781,14.0,3.8,0.09937888198757763,1,153
0.0,3.258096538021482,14.0,3.8,0.09937888198757763,2,153
0.0,4.61512051684126,14.0,1.2,0.09937888198757763,3,153
0.0,5.5254529391317835,12.0,4.1,0.09937888198757763,3,153
0.0,5.5254529391317835,14.0,2.1,0.09937888198757763,3,153
0.0,5.5254529391317835,12.0,4.1,0.09937888198757763,3,153
0.0,5.5254529391317835,14.0,2.1,0.09937888198757763,3,153
0.0,5.303304908059076,13.0,4.0,0.09937888198757763,3,153
0.0,5.303304908059076,14.0,2.0,0.09937888198757763,3,153
0.0,5.303304908059076,13.0,4.0,0.09937888198757763,3,153
0.0,5.303304908059076,14.0,2.0,0.09937888198757763,3,153
0.0,5.017279836814924,13.0,5.2,0.09937888198757763,3,153
0.0,5.017279836814924,13.0,2.7,0.09937888198757763,3,153
0.0,5.017279836814924,13.0,5.2,0.09937888198757763,3,153
0.0,5.017279836814924,13.0,2.7,0.09937888198757763,3,153
0.0,4.330733340286331,14.0,3.2,0.09937888198757763,1,153
0.0,4.330733340286331,14.0,3.2,0.09937888198757763,1,153
0.0,5.303304908059076,15.0,2.0,0.09937888198757763,2,153
0.0,3.9318256327243257,14.0,2.2,0.09937888198757763,0,153
0.0,5.707110264748875,14.0,2.4,0.09937888198757763,3,153
0.0,5.5254529391317835,12.0,16.9,0.09937888198757763,3,153
0.0,5.017279836814924,13.0,2.6,0.09937888198757763,3,153
0.0,5.707110264748875,13.0,3.6,0.09937888198757763,3,153
0.0,4.61512051684126,14.0,2.9,0.09937888198757763,3,153
0.0,5.707110264748875,13.0,2.5,0.09937888198757763,3,153
0.0,5.5254529391317835,13.0,3.9,0.09937888198757763,4,153
0.0,4.61512051684126,12.0,2.9,0.09937888198757763,4,153
0.0,5.303304908059076,18.0,2.5,0.09937888198757763,2,153
30.0,3.4339872044851463,18.0,3.0,0.09937888198757763,1,153
0.0,5.303304908059076,14.0,1.7,0.09937888198757763,4,153
0.0,4.61512051684126,14.0,1.8,0.09937888198757763,2,153
0.0,2.772588722239781,14.0,1.8,0.09937888198757763,0,153
0.0,5.707110264748875,13.0,1.8,0.09937888198757763,3,153
0.0,3.9318256327243257,13.0,2.2,0.09937888198757763,1,153
0.0,3.9318256327243257,13.0,2.2,0.09937888198757763,1,153
0.0,5.5254529391317835,13.0,6.4,0.09937888198757763,4,153
0.0,5.993961427306569,15.0,3.0,0.09937888198757763,3,153
0.0,5.303304908059076,14.0,1.6,0.09937888198757763,3,153
0.0,5.860786223465865,13.0,2.5,0.09937888198757763,3,153
0.0,6.2166061010848646,14.0,1.9,0.09937888198757763,3,153
0.0,4.61512051684126,14.0,3.1,0.09937888198757763,1,153
0.0,3.4339872044851463,13.0,3.2,0.09937888198757763,0,153
0.0,5.993961427306569,13.0,3.3,0.09937888198757763,3,153
0.0,6.2166061010848646,14.0,2.4,0.09937888198757763,3,153
0.0,5.303304908059076,16.0,4.6,0.09937888198757763,3,153
0.0,5.017279836814924,12.0,7.2,0.09937888198757763,4,153
0.0,5.707110264748875,15.0,7.0,0.09937888198757763,4,153
0.0,2.3978952727983707,13.0,2.8,0.09937888198757763,1,153
0.0,2.3978952727983707,18.0,6.9,0.09937888198757763,1,153
0.0,2.3978952727983707,13.0,2.8,0.09937888198757763,1,153
0.0,2.3978952727983707,18.0,6.9,0.09937888198757763,1,153
0.0,3.9318256327243257,13.0,3.2,0.09937888198757763,1,153
0.0,5.017279836814924,13.0,3.6,0.09937888198757763,3,153
0.0,3.258096538021482,13.0,3.2,0.09937888198757763,2,153
0.0,2.772588722239781,13.0,3.0,0.09937888198757763,2,153
0.0,3.4339872044851463,13.0,3.2,0.09937888198757763,0,153
0.0,5.860786223465865,13.0,3.3,0.09937888198757763,3,153
30.0,4.330733340286331,13.0,6.8,0.09937888198757763,3,153
0.0,4.61512051684126,12.0,6.2,0.09937888198757763,3,153
0.0,5.017279836814924,12.0,11.3,0.09937888198757763,3,153
0.0,4.61512051684126,19.0,5.3,0.09937888198757763,3,153
0.0,5.303304908059076,15.0,4.9,0.09937888198757763,4,153
0.0,5.303304908059076,13.0,2.8,0.09937888198757763,4,153
0.0,5.303304908059076,18.0,6.9,0.09937888198757763,4,153
0.0,5.303304908059076,13.0,2.8,0.09937888198757763,4,153
0.0,5.303304908059076,18.0,6.9,0.09937888198757763,4,153
0.0,2.772588722239781,13.0,2.4,0.09937888198757763,1,153
0.0,2.772588722239781,13.0,2.4,0.09937888198757763,1,153
0.0,4.61512051684126,13.0,2.6,0.09937888198757763,1,153
0.0,4.61512051684126,13.0,2.6,0.09937888198757763,1,153
0.0,5.017279836814924,13.0,2.9,0.09937888198757763,2,153
0.0,3.044522437723423,13.0,4.5,0.09937888198757763,3,153
1.0,5.303304908059076,13.0,5.1,0.09937888198757763,2,153
0.0,5.5254529391317835,14.0,3.3,0.09937888198757763,3,153
0.0,5.860786223465865,13.0,3.3,0.09937888198757763,4,153
0.0,5.017279836814924,13.0,9.5,0.09937888198757763,3,153
0.0,5.017279836814924,13.0,2.0,0.09937888198757763,1,153
0.0,5.303304908059076,13.0,2.7,0.09937888198757763,2,153
0.0,4.330733340286331,13.0,3.0,0.09937888198757763,3,153
0.0,5.303304908059076,12.0,3.0,0.09937888198757763,3,153
0.0,3.258096538021482,14.0,2.9,0.09937888198757763,4,153
0.0,5.303304908059076,15.0,3.2,0.09937888198757763,3,153
0.0,3.258096538021482,16.0,3.6,0.09937888198757763,0,153
0.0,4.61512051684126,16.0,3.6,0.09937888198757763,4,153
0.0,5.017279836814924,14.0,2.5,0.09937888198757763,3,153
50.0,1.6094379124341003,12.0,32.8,0.34782608695652173,1,154
0.0,0.6931471805599453,12.0,31.4,0.34782608695652173,3,154
20.0,1.3862943611198906,16.0,9.1,0.34782608695652173,1,154
0.0,0.6931471805599453,16.0,9.0,0.34782608695652173,3,154
50.0,1.0986122886681098,14.0,7.2,0.34782608695652173,1,154
0.0,0.6931471805599453,14.0,6.8,0.34782608695652173,3,154
50.0,1.6094379124341003,17.0,7.8,0.34782608695652173,1,154
0.0,0.6931471805599453,16.0,7.7,0.34782608695652173,3,154
75.0,1.6094379124341003,11.0,8.5,0.34782608695652173,1,154
0.0,0.6931471805599453,11.0,8.2,0.34782608695652173,3,154
75.0,1.6094379124341003,12.0,6.3,0.34782608695652173,1,154
0.0,1.0986122886681098,13.0,18.4,0.34782608695652173,3,154
10.0,1.3862943611198906,12.0,9.1,0.34782608695652173,1,154
0.0,0.6931471805599453,13.0,9.9,0.34782608695652173,3,154
0.0,1.791759469228055,15.0,11.0,0.34782608695652173,1,154
0.0,1.0986122886681098,17.0,10.7,0.34782608695652173,3,154
30.0,1.6094379124341003,13.0,10.0,0.34782608695652173,1,154
0.0,0.6931471805599453,13.0,9.9,0.34782608695652173,3,154
30.0,1.3862943611198906,14.0,15.3,0.34782608695652173,1,154
0.0,0.6931471805599453,14.0,15.2,0.34782608695652173,3,154
0.0,0.6931471805599453,13.0,11.8,0.34782608695652173,3,154
50.0,1.3862943611198906,13.0,11.7,0.34782608695652173,1,154
50.0,1.791759469228055,16.0,6.1,0.34782608695652173,1,154
0.0,1.3862943611198906,15.0,11.2,0.34782608695652173,3,154
50.0,1.6094379124341003,12.0,11.1,0.34782608695652173,1,154
50.0,1.3862943611198906,12.0,7.2,0.34782608695652173,1,154
0.0,1.6094379124341003,12.0,7.2,0.34782608695652173,3,154
60.0,2.3978952727983707,14.0,11.4,0.34782608695652173,1,154
0.0,1.3862943611198906,14.0,11.4,0.34782608695652173,3,154
70.0,3.044522437723423,12.0,7.7,0.2807017543859649,1,155
0.0,1.0986122886681098,13.0,15.7,0.2807017543859649,4,155
0.0,0.9162907318741551,15.0,11.4,0.2807017543859649,3,155
0.0,0.9162907318741551,17.0,6.3,0.2807017543859649,3,155
20.0,0.6931471805599453,12.0,17.3,0.2807017543859649,1,155
20.0,0.6931471805599453,15.0,12.0,0.2807017543859649,1,155
0.0,0.6931471805599453,12.0,17.3,0.2807017543859649,1,155
0.0,0.6931471805599453,15.0,12.0,0.2807017543859649,1,155
0.0,0.6931471805599453,12.0,18.1,0.2807017543859649,3,155
0.0,0.6931471805599453,15.0,8.6,0.2807017543859649,3,155
0.0,0.6931471805599453,13.0,16.3,0.2807017543859649,3,155
0.0,0.6931471805599453,12.0,18.8,0.2807017543859649,3,155
0.0,2.3978952727983707,13.0,16.3,0.2807017543859649,1,155
0.0,2.3978952727983707,12.0,18.9,0.2807017543859649,1,155
0.0,2.3978952727983707,13.0,16.3,0.2807017543859649,1,155
0.0,2.3978952727983707,12.0,18.9,0.2807017543859649,1,155
0.0,2.772588722239781,11.0,19.2,0.2807017543859649,1,155
0.0,1.0986122886681098,13.0,18.9,0.2807017543859649,3,155
0.0,0.4054651081081644,12.0,2.4,0.2807017543859649,1,155
30.0,0.8109302162163288,13.0,7.9,0.2807017543859649,3,155
0.0,1.0986122886681098,12.0,5.7,0.2807017543859649,3,155
0.0,5.327876168789581,12.0,14.4,0.2807017543859649,1,155
0.0,5.327876168789581,12.0,14.4,0.2807017543859649,1,155
0.0,1.252762968495368,12.0,13.0,0.2807017543859649,1,155
0.0,1.252762968495368,12.0,13.0,0.2807017543859649,1,155
0.0,1.3862943611198906,12.0,15.1,0.2807017543859649,3,155
20.0,1.791759469228055,12.0,15.1,0.2807017543859649,1,155
30.0,1.791759469228055,12.0,15.1,0.2807017543859649,1,155
0.0,1.791759469228055,12.0,15.1,0.2807017543859649,1,155
40.0,0.6931471805599453,12.0,16.1,0.2807017543859649,0,155
40.0,4.804021044733257,12.0,17.5,0.2807017543859649,0,155
50.0,1.0986122886681098,12.0,16.0,0.2807017543859649,3,155
0.0,3.9318256327243257,15.0,12.1,0.2807017543859649,3,155
0.0,3.4339872044851463,13.0,8.0,0.2807017543859649,3,155
0.0,4.61512051684126,11.0,15.5,0.016129032258064516,1,156
0.0,4.61512051684126,11.0,15.5,0.016129032258064516,1,156
0.0,5.303304908059076,11.0,18.1,0.016129032258064516,1,156
0.0,1.9459101490553132,12.0,18.3,0.016129032258064516,0,156
0.0,4.61512051684126,12.0,16.3,0.016129032258064516,1,156
0.0,4.61512051684126,12.0,16.3,0.016129032258064516,1,156
0.0,1.9459101490553132,12.0,6.8,0.016129032258064516,0,156
0.0,3.044522437723423,15.0,7.2,0.016129032258064516,1,156
0.0,3.044522437723423,15.0,7.2,0.016129032258064516,1,156
0.0,1.6094379124341003,13.0,17.0,0.016129032258064516,1,156
0.0,2.5649493574615367,13.0,14.8,0.016129032258064516,0,156
0.0,1.6094379124341003,15.0,13.0,0.016129032258064516,0,156
0.0,0.6931471805599453,13.0,12.9,0.016129032258064516,1,156
0.0,1.0986122886681098,12.0,18.1,0.016129032258064516,1,156
0.0,1.0986122886681098,12.0,18.1,0.016129032258064516,1,156
0.0,2.5649493574615367,11.0,13.3,0.016129032258064516,1,156
0.0,0.6931471805599453,11.0,21.3,0.016129032258064516,1,156
0.0,0.6931471805599453,11.0,21.3,0.016129032258064516,1,156
0.0,2.1972245773362196,12.0,16.2,0.016129032258064516,0,156
0.0,1.0986122886681098,11.0,15.6,0.016129032258064516,4,156
0.0,1.0986122886681098,11.0,14.2,0.016129032258064516,0,156
0.0,1.3862943611198906,12.0,9.7,0.016129032258064516,1,156
0.0,4.02535169073515,12.0,8.6,0.016129032258064516,0,156
0.0,1.6094379124341003,12.0,9.6,0.016129032258064516,1,156
0.0,2.772588722239781,15.0,5.8,0.04040404040404041,1,157
0.0,1.3217558399823195,15.0,5.9,0.04040404040404041,1,157
0.0,1.9459101490553132,15.0,5.9,0.04040404040404041,4,157
0.0,2.2512917986064953,13.0,6.1,0.04040404040404041,4,157
0.0,2.2512917986064953,15.0,4.9,0.04040404040404041,1,157
0.0,2.302585092994046,15.0,4.8,0.04040404040404041,1,157
0.0,1.9021075263969205,15.0,4.7,0.04040404040404041,2,157
0.0,2.128231705849268,13.0,3.8,0.04040404040404041,4,157
0.0,1.8718021769015913,15.0,5.8,0.04040404040404041,4,157
0.0,1.8718021769015913,12.0,6.1,0.04040404040404041,4,157
0.0,3.9318256327243257,14.0,2.0,0.04040404040404041,1,157
0.0,3.9318256327243257,14.0,2.0,0.04040404040404041,1,157
0.0,3.9318256327243257,14.0,2.0,0.04040404040404041,2,157
0.0,3.9318256327243257,14.0,2.0,0.04040404040404041,2,157
0.0,2.3978952727983707,14.0,1.8,0.04040404040404041,1,157
0.0,1.5040773967762742,14.0,1.8,0.04040404040404041,1,157
0.0,1.791759469228055,14.0,1.9,0.04040404040404041,2,157
0.0,1.791759469228055,13.0,4.2,0.04040404040404041,2,157
0.0,1.791759469228055,13.0,5.8,0.04040404040404041,2,157
0.0,1.791759469228055,15.0,4.5,0.04040404040404041,2,157
0.0,1.791759469228055,14.0,1.9,0.04040404040404041,2,157
0.0,1.791759469228055,13.0,4.2,0.04040404040404041,2,157
0.0,1.791759469228055,13.0,5.8,0.04040404040404041,2,157
0.0,1.791759469228055,15.0,4.5,0.04040404040404041,2,157
0.0,1.791759469228055,14.0,1.9,0.04040404040404041,2,157
0.0,1.791759469228055,13.0,4.2,0.04040404040404041,2,157
0.0,1.791759469228055,13.0,5.8,0.04040404040404041,2,157
0.0,1.791759469228055,15.0,4.5,0.04040404040404041,2,157
0.0,1.9459101490553132,14.0,1.9,0.04040404040404041,4,157
0.0,1.9459101490553132,13.0,4.2,0.04040404040404041,4,157
0.0,1.9459101490553132,13.0,5.8,0.04040404040404041,4,157
0.0,1.9459101490553132,15.0,4.5,0.04040404040404041,4,157
0.0,1.9459101490553132,14.0,1.9,0.04040404040404041,4,157
0.0,1.9459101490553132,13.0,4.2,0.04040404040404041,4,157
0.0,1.9459101490553132,13.0,5.8,0.04040404040404041,4,157
0.0,1.9459101490553132,15.0,4.5,0.04040404040404041,4,157
0.0,1.9459101490553132,14.0,1.9,0.04040404040404041,4,157
0.0,1.9459101490553132,13.0,4.2,0.04040404040404041,4,157
0.0,1.9459101490553132,13.0,5.8,0.04040404040404041,4,157
0.0,1.9459101490553132,15.0,4.5,0.04040404040404041,4,157
0.0,1.9459101490553132,14.0,1.9,0.04040404040404041,4,157
0.0,1.9459101490553132,13.0,4.2,0.04040404040404041,4,157
0.0,1.9459101490553132,13.0,5.8,0.04040404040404041,4,157
0.0,1.9459101490553132,15.0,4.5,0.04040404040404041,4,157
0.0,1.9459101490553132,14.0,1.9,0.04040404040404041,4,157
0.0,1.9459101490553132,13.0,4.2,0.04040404040404041,4,157
0.0,1.9459101490553132,13.0,5.8,0.04040404040404041,4,157
0.0,1.9459101490553132,15.0,4.5,0.04040404040404041,4,157
0.0,1.9459101490553132,14.0,1.9,0.04040404040404041,4,157
0.0,1.9459101490553132,13.0,4.2,0.04040404040404041,4,157
0.0,1.9459101490553132,13.0,5.8,0.04040404040404041,4,157
0.0,1.9459101490553132,15.0,4.5,0.04040404040404041,4,157
0.0,1.7047480922384253,11.0,11.1,0.04040404040404041,1,157
0.0,1.791759469228055,11.0,11.1,0.04040404040404041,4,157
0.0,1.7047480922384253,11.0,11.0,0.04040404040404041,1,157
0.0,0.6931471805599453,14.0,4.8,0.04040404040404041,1,157
0.0,2.6390573296152584,13.0,12.4,0.04040404040404041,1,157
0.0,2.6390573296152584,12.0,7.2,0.04040404040404041,1,157
0.0,2.3978952727983707,13.0,6.6,0.04040404040404041,4,157
0.0,1.9459101490553132,12.0,19.9,0.04040404040404041,4,157
0.0,2.3978952727983707,12.0,9.7,0.04040404040404041,4,157
0.0,2.302585092994046,11.0,23.8,0.04040404040404041,4,157
0.0,2.4849066497880004,13.0,6.5,0.04040404040404041,4,157
0.0,1.8718021769015913,13.0,6.9,0.04040404040404041,4,157
0.0,1.9095425048844386,13.0,5.4,0.04040404040404041,4,157
0.0,2.302585092994046,13.0,1.4,0.04040404040404041,4,157
0.0,1.791759469228055,13.0,1.4,0.04040404040404041,1,157
0.0,1.7047480922384253,13.0,1.4,0.04040404040404041,4,157
0.0,1.9459101490553132,13.0,1.4,0.04040404040404041,4,157
0.0,1.7047480922384253,13.0,1.2,0.04040404040404041,4,157
0.0,3.4339872044851463,13.0,1.5,0.04040404040404041,1,157
0.0,2.1972245773362196,12.0,13.6,0.04040404040404041,1,157
0.0,1.0986122886681098,11.0,5.2,0.04040404040404041,3,157
10.0,2.6390573296152584,14.0,3.4,0.04040404040404041,4,157
15.0,2.0794415416798357,13.0,1.3,0.04040404040404041,4,157
0.0,0.6931471805599453,12.0,4.2,0.04040404040404041,1,157
0.0,0.6931471805599453,12.0,4.2,0.04040404040404041,1,157
0.0,0.6931471805599453,12.0,4.2,0.04040404040404041,1,157
0.0,0.6931471805599453,12.0,4.2,0.04040404040404041,1,157
0.0,1.6094379124341003,12.0,6.1,0.04040404040404041,1,157
0.0,1.0986122886681098,13.0,6.3,0.04040404040404041,1,157
0.0,1.791759469228055,13.0,8.7,0.04040404040404041,1,157
0.0,1.7047480922384253,13.0,8.6,0.04040404040404041,4,157
0.0,3.1986731175506815,13.0,7.8,0.04040404040404041,1,157
0.0,3.1986731175506815,12.0,6.1,0.04040404040404041,1,157
0.0,3.1986731175506815,13.0,7.8,0.04040404040404041,1,157
0.0,3.1986731175506815,12.0,6.1,0.04040404040404041,1,157
0.0,2.3978952727983707,13.0,10.1,0.04040404040404041,4,157
0.0,2.0794415416798357,12.0,9.5,0.04040404040404041,4,157
0.0,0.6931471805599453,14.0,2.3,0.04040404040404041,1,157
0.0,1.6094379124341003,14.0,2.1,0.04040404040404041,4,157
0.0,0.4054651081081644,14.0,2.1,0.04040404040404041,3,157
0.0,1.9459101490553132,14.0,1.8,0.04040404040404041,4,157
0.0,1.5040773967762742,13.0,1.6,0.04040404040404041,4,157
0.0,1.9459101490553132,21.0,7.6,0.04040404040404041,1,157
0.0,1.9459101490553132,13.0,5.6,0.04040404040404041,1,157
0.0,1.8718021769015913,13.0,7.8,0.04040404040404041,4,157
0.0,1.8718021769015913,12.0,6.1,0.04040404040404041,4,157
0.0,1.8718021769015913,13.0,7.8,0.04040404040404041,4,157
0.0,1.8718021769015913,12.0,6.1,0.04040404040404041,4,157
0.0,1.8718021769015913,14.0,3.4,0.04040404040404041,1,157
0.0,2.5649493574615367,16.0,1.9,0.04040404040404041,4,157
0.0,1.0986122886681098,13.0,7.6,0.04040404040404041,3,157
0.0,1.0986122886681098,14.0,4.5,0.04040404040404041,3,157
0.0,1.9459101490553132,14.0,4.6,0.04040404040404041,4,157
0.0,1.3862943611198906,14.0,3.7,0.04040404040404041,4,157
0.0,1.6094379124341003,13.0,3.7,0.04040404040404041,4,157
0.0,1.0986122886681098,13.0,3.9,0.04040404040404041,1,157
0.0,0.6931471805599453,13.0,3.9,0.04040404040404041,2,157
0.0,1.9459101490553132,14.0,3.7,0.04040404040404041,4,157
0.0,1.9459101490553132,13.0,4.0,0.04040404040404041,4,157
0.0,1.9459101490553132,12.0,5.5,0.04040404040404041,4,157
50.0,1.0986122886681098,13.0,3.5,0.3090909090909091,4,158
0.0,0.6931471805599453,13.0,3.1,0.3090909090909091,0,158
0.0,3.1780538303479458,15.0,1.4,0.3090909090909091,4,158
0.0,2.302585092994046,13.0,3.1,0.3090909090909091,4,158
0.0,1.6094379124341003,13.0,3.1,0.3090909090909091,0,158
0.0,2.772588722239781,14.0,2.0,0.3090909090909091,4,158
0.0,2.6390573296152584,14.0,5.3,0.3090909090909091,4,158
0.0,2.70805020110221,14.0,3.6,0.3090909090909091,4,158
0.0,2.3978952727983707,13.0,4.1,0.3090909090909091,0,158
20.0,0.9162907318741551,13.0,2.2,0.3090909090909091,4,158
15.0,2.0794415416798357,15.0,0.9,0.3090909090909091,0,158
20.0,2.1972245773362196,12.0,10.8,0.3090909090909091,4,158
0.0,1.0986122886681098,20.0,4.2,0.3090909090909091,4,158
0.0,0.6931471805599453,14.0,1.4,0.3090909090909091,4,158
0.0,2.833213344056216,12.0,12.2,0.3090909090909091,0,158
0.0,1.791759469228055,12.0,12.2,0.3090909090909091,3,158
0.0,1.6094379124341003,12.0,14.1,0.3090909090909091,0,158
0.0,1.0986122886681098,12.0,13.9,0.3090909090909091,4,158
0.0,1.9459101490553132,21.0,6.4,0.3090909090909091,4,158
5.0,2.8903717578961645,13.0,4.4,0.3090909090909091,4,158
80.0,0.6931471805599453,15.0,4.7,0.3090909090909091,4,158
0.0,1.6094379124341003,13.0,4.0,0.3090909090909091,0,158
2.0,1.3862943611198906,14.0,0.4,0.3090909090909091,0,158
0.0,5.198497031265826,14.0,1.1,0.3090909090909091,3,158
10.0,0.6931471805599453,14.0,0.8,0.3090909090909091,4,158
10.0,0.6931471805599453,14.0,0.8,0.3090909090909091,0,158
50.0,1.0986122886681098,14.0,1.4,0.3090909090909091,4,158
50.0,0.6931471805599453,12.0,22.2,0.3090909090909091,0,158
30.0,0.6931471805599453,15.0,1.8,0.8088235294117647,1,159
0.0,0.6931471805599453,13.0,2.9,0.8088235294117647,1,159
0.0,0.6931471805599453,14.0,2.1,0.8088235294117647,1,159
0.0,0.6931471805599453,13.0,2.9,0.8088235294117647,1,159
0.0,0.6931471805599453,14.0,2.1,0.8088235294117647,1,159
0.0,0.6931471805599453,13.0,2.9,0.8088235294117647,1,159
0.0,0.6931471805599453,14.0,2.1,0.8088235294117647,1,159
0.0,0.6931471805599453,13.0,2.9,0.8088235294117647,1,159
0.0,0.6931471805599453,14.0,2.1,0.8088235294117647,1,159
0.0,0.6931471805599453,13.0,2.9,0.8088235294117647,1,159
0.0,0.6931471805599453,14.0,2.1,0.8088235294117647,1,159
0.0,0.6931471805599453,13.0,2.9,0.8088235294117647,1,159
0.0,0.6931471805599453,14.0,2.1,0.8088235294117647,1,159
0.0,0.6931471805599453,13.0,2.9,0.8088235294117647,1,159
0.0,0.6931471805599453,14.0,2.1,0.8088235294117647,1,159
0.0,0.6931471805599453,13.0,2.9,0.8088235294117647,1,159
0.0,0.6931471805599453,14.0,2.1,0.8088235294117647,1,159
0.0,1.3862943611198906,15.0,1.9,0.8088235294117647,1,159
0.0,1.3862943611198906,16.0,2.3,0.8088235294117647,1,159
0.0,1.3862943611198906,15.0,1.9,0.8088235294117647,1,159
0.0,1.3862943611198906,16.0,2.3,0.8088235294117647,1,159
0.0,2.1972245773362196,15.0,2.2,0.8088235294117647,1,159
50.0,1.0986122886681098,14.0,2.8,0.8088235294117647,1,159
60.0,1.3862943611198906,14.0,2.7,0.8088235294117647,1,159
50.0,3.4339872044851463,15.0,3.0,0.8088235294117647,2,159
60.0,3.258096538021482,14.0,2.6,0.8088235294117647,2,159
0.0,0.6931471805599453,13.0,1.8,0.8088235294117647,1,159
0.0,1.791759469228055,14.0,2.3,0.8088235294117647,1,159
50.0,0.6931471805599453,14.0,1.7,0.8088235294117647,1,159
50.0,3.4339872044851463,13.0,1.8,0.8088235294117647,1,159
30.0,0.6931471805599453,14.0,2.0,0.8088235294117647,1,159
20.0,1.3862943611198906,14.0,1.7,0.8088235294117647,1,159
20.0,1.791759469228055,13.0,2.3,0.8088235294117647,0,159
50.0,1.0986122886681098,13.0,2.8,0.8088235294117647,1,159
30.0,3.4339872044851463,14.0,2.8,0.8088235294117647,1,159
20.0,1.791759469228055,14.0,2.9,0.8088235294117647,2,159
40.0,4.61512051684126,13.0,2.0,0.8088235294117647,1,159
50.0,1.3862943611198906,14.0,2.5,0.8088235294117647,1,159
50.0,3.258096538021482,14.0,1.1,0.8088235294117647,1,159
60.0,3.258096538021482,14.0,1.1,0.8088235294117647,1,159
10.0,3.258096538021482,14.0,1.1,0.8088235294117647,1,159
60.0,1.0986122886681098,14.0,1.2,0.8088235294117647,1,159
50.0,0.6931471805599453,14.0,1.9,0.8088235294117647,1,159
20.0,0.6931471805599453,14.0,1.9,0.8088235294117647,1,159
50.0,3.9318256327243257,14.0,1.9,0.8088235294117647,2,159
20.0,3.9318256327243257,14.0,1.9,0.8088235294117647,2,159
40.0,0.6931471805599453,14.0,2.0,0.8088235294117647,0,159
60.0,3.258096538021482,13.0,2.4,0.8088235294117647,1,159
70.0,3.258096538021482,13.0,2.4,0.8088235294117647,1,159
40.0,3.9318256327243257,14.0,1.7,0.8088235294117647,1,159
40.0,1.9459101490553132,13.0,1.6,0.8088235294117647,1,159
20.0,3.9318256327243257,14.0,1.8,0.8088235294117647,2,159
50.0,1.3862943611198906,14.0,2.0,0.8088235294117647,1,159
10.0,2.5649493574615367,12.0,32.9,0.3612565445026178,1,160
0.0,2.5649493574615367,12.0,32.9,0.3612565445026178,1,160
20.0,1.8718021769015913,13.0,27.7,0.3612565445026178,1,160
0.0,1.8718021769015913,13.0,27.7,0.3612565445026178,1,160
0.0,0.6931471805599453,13.0,23.1,0.3612565445026178,0,160
0.0,2.3978952727983707,10.0,29.8,0.3612565445026178,2,160
0.0,1.9459101490553132,11.0,27.8,0.3612565445026178,3,160
0.0,2.3978952727983707,12.0,23.1,0.3612565445026178,3,160
0.0,1.791759469228055,12.0,9.1,0.3612565445026178,1,160
0.0,1.6094379124341003,12.0,8.9,0.3612565445026178,1,160
0.0,1.6094379124341003,12.0,8.9,0.3612565445026178,1,160
0.0,2.3978952727983707,11.0,6.4,0.3612565445026178,3,160
0.0,1.6094379124341003,12.0,10.2,0.3612565445026178,1,160
0.0,1.6094379124341003,12.0,10.2,0.3612565445026178,1,160
0.0,1.6094379124341003,11.0,10.8,0.3612565445026178,0,160
30.0,1.0986122886681098,12.0,12.9,0.3612565445026178,3,160
0.0,3.258096538021482,12.0,14.4,0.3612565445026178,4,160
0.0,2.0149030205422647,12.0,15.5,0.3612565445026178,2,160
0.0,1.6094379124341003,13.0,10.9,0.3612565445026178,1,160
0.0,1.6094379124341003,13.0,10.9,0.3612565445026178,1,160
0.0,1.6094379124341003,12.0,12.2,0.3612565445026178,0,160
0.0,3.258096538021482,12.0,13.5,0.3612565445026178,4,160
40.0,2.8622008809294686,11.0,22.4,0.3612565445026178,3,160
0.0,2.5649493574615367,11.0,17.8,0.3612565445026178,1,160
0.0,2.5649493574615367,10.0,24.3,0.3612565445026178,1,160
0.0,2.5649493574615367,11.0,17.8,0.3612565445026178,1,160
0.0,2.5649493574615367,10.0,24.3,0.3612565445026178,1,160
0.0,2.5649493574615367,11.0,17.8,0.3612565445026178,1,160
0.0,2.5649493574615367,10.0,24.3,0.3612565445026178,1,160
0.0,1.0986122886681098,12.0,21.0,0.3612565445026178,1,160
0.0,1.0986122886681098,10.0,24.4,0.3612565445026178,1,160
0.0,1.0986122886681098,12.0,21.0,0.3612565445026178,1,160
0.0,1.0986122886681098,10.0,24.4,0.3612565445026178,1,160
0.0,1.6094379124341003,12.0,20.0,0.3612565445026178,2,160
0.0,1.6094379124341003,10.0,22.7,0.3612565445026178,2,160
0.0,1.6094379124341003,12.0,20.0,0.3612565445026178,2,160
0.0,1.6094379124341003,10.0,22.7,0.3612565445026178,2,160
0.0,1.6094379124341003,12.0,20.0,0.3612565445026178,2,160
0.0,1.6094379124341003,10.0,22.7,0.3612565445026178,2,160
0.0,1.7047480922384253,11.0,22.2,0.3612565445026178,3,160
0.0,1.7047480922384253,11.0,20.5,0.3612565445026178,3,160
0.0,1.7047480922384253,11.0,22.2,0.3612565445026178,3,160
0.0,1.7047480922384253,11.0,20.5,0.3612565445026178,3,160
20.0,1.6094379124341003,11.0,27.7,0.3612565445026178,3,160
0.0,1.6094379124341003,13.0,10.4,0.3612565445026178,0,160
0.0,0.6931471805599453,12.0,21.0,0.3612565445026178,1,160
0.0,0.6931471805599453,10.0,24.4,0.3612565445026178,1,160
0.0,0.6931471805599453,12.0,21.0,0.3612565445026178,1,160
0.0,0.6931471805599453,10.0,24.4,0.3612565445026178,1,160
0.0,1.791759469228055,10.0,25.0,0.3612565445026178,2,160
0.0,1.3862943611198906,10.0,25.2,0.3612565445026178,0,160
10.0,1.9459101490553132,10.0,30.3,0.3612565445026178,3,160
0.0,2.1972245773362196,11.0,20.3,0.3612565445026178,1,160
0.0,2.1972245773362196,10.0,22.7,0.3612565445026178,1,160
0.0,2.1972245773362196,11.0,20.3,0.3612565445026178,1,160
0.0,2.1972245773362196,10.0,22.7,0.3612565445026178,1,160
0.0,1.3862943611198906,11.0,22.2,0.3612565445026178,2,160
0.0,1.3862943611198906,11.0,20.5,0.3612565445026178,2,160
0.0,1.3862943611198906,11.0,22.2,0.3612565445026178,2,160
0.0,1.3862943611198906,11.0,20.5,0.3612565445026178,2,160
0.0,1.9459101490553132,11.0,16.1,0.3612565445026178,3,160
0.0,1.9459101490553132,11.0,19.5,0.3612565445026178,3,160
0.0,1.9459101490553132,11.0,16.1,0.3612565445026178,3,160
0.0,1.9459101490553132,11.0,19.5,0.3612565445026178,3,160
0.0,1.791759469228055,10.0,26.0,0.3612565445026178,1,160
0.0,3.258096538021482,10.0,30.9,0.3612565445026178,0,160
0.0,2.3978952727983707,11.0,22.6,0.3612565445026178,1,160
0.0,2.3978952727983707,11.0,22.6,0.3612565445026178,1,160
0.0,2.0149030205422647,11.0,23.4,0.3612565445026178,2,160
0.0,2.740840023925201,14.0,27.8,0.3612565445026178,3,160
0.0,1.7047480922384253,13.0,22.1,0.3612565445026178,3,160
0.0,2.772588722239781,11.0,16.7,0.3612565445026178,1,160
10.0,2.6026896854443837,11.0,36.1,0.3612565445026178,2,160
10.0,0.8458682675776092,12.0,28.4,0.3612565445026178,1,160
0.0,1.791759469228055,12.0,31.9,0.3612565445026178,1,160
0.0,1.791759469228055,12.0,29.5,0.3612565445026178,1,160
0.0,1.791759469228055,12.0,26.4,0.3612565445026178,3,160
0.0,3.044522437723423,12.0,19.2,0.3612565445026178,3,160
0.0,1.791759469228055,11.0,22.8,0.3612565445026178,0,160
10.0,1.0986122886681098,12.0,20.2,0.3612565445026178,3,160
0.0,1.791759469228055,13.0,29.5,0.3612565445026178,3,160
10.0,1.252762968495368,12.0,28.0,0.3612565445026178,3,160
0.0,2.0149030205422647,11.0,15.1,0.3612565445026178,1,160
0.0,2.0149030205422647,11.0,15.1,0.3612565445026178,1,160
0.0,3.044522437723423,11.0,17.2,0.3612565445026178,2,160
0.0,3.044522437723423,12.0,16.8,0.3612565445026178,0,160
0.0,3.044522437723423,14.0,17.8,0.3612565445026178,2,160
0.0,2.3978952727983707,12.0,28.2,0.3612565445026178,3,160
0.0,2.3978952727983707,11.0,35.9,0.3612565445026178,3,160
0.0,0.6931471805599453,11.0,33.8,0.3612565445026178,1,160
0.0,0.6931471805599453,11.0,33.8,0.3612565445026178,1,160
0.0,0.6931471805599453,11.0,31.5,0.3612565445026178,1,160
0.0,0.6931471805599453,11.0,31.5,0.3612565445026178,1,160
60.0,1.9459101490553132,10.0,43.3,0.3612565445026178,2,160
0.0,2.6390573296152584,10.0,39.1,0.3612565445026178,1,160
0.0,2.6390573296152584,10.0,39.1,0.3612565445026178,1,160
0.0,1.791759469228055,10.0,37.6,0.3612565445026178,3,160
0.0,1.6094379124341003,11.0,34.4,0.3612565445026178,1,160
0.0,1.6094379124341003,11.0,34.4,0.3612565445026178,1,160
0.0,2.3978952727983707,10.0,36.0,0.3612565445026178,1,160
0.0,2.3978952727983707,10.0,36.0,0.3612565445026178,1,160
0.0,0.6931471805599453,10.0,34.8,0.3612565445026178,0,160
30.0,1.6094379124341003,11.0,31.5,0.3612565445026178,3,160
20.0,2.3978952727983707,12.0,25.5,0.3612565445026178,1,160
0.0,2.3978952727983707,12.0,25.5,0.3612565445026178,1,160
20.0,1.791759469228055,10.0,14.6,0.3612565445026178,3,160
0.0,1.0986122886681098,10.0,37.6,0.3612565445026178,0,160
0.0,1.791759469228055,12.0,28.5,0.3612565445026178,1,160
30.0,1.6094379124341003,11.0,28.6,0.3612565445026178,3,160
0.0,1.0986122886681098,10.0,40.5,0.3612565445026178,1,160
20.0,1.3862943611198906,11.0,33.3,0.3612565445026178,1,160
0.0,1.3862943611198906,11.0,33.3,0.3612565445026178,1,160
0.0,1.0986122886681098,11.0,42.2,0.3612565445026178,2,160
0.0,0.6931471805599453,11.0,35.8,0.3612565445026178,1,160
15.0,2.3978952727983707,12.0,26.9,0.3612565445026178,1,160
0.0,2.3978952727983707,12.0,26.9,0.3612565445026178,1,160
0.0,1.0986122886681098,14.0,9.7,0.3612565445026178,0,160
0.0,1.791759469228055,12.0,24.6,0.3612565445026178,0,160
0.0,1.0986122886681098,11.0,45.5,0.3612565445026178,3,160
0.0,0.4054651081081644,11.0,45.5,0.3612565445026178,3,160
10.0,1.3862943611198906,12.0,9.0,0.3612565445026178,1,160
10.0,1.0986122886681098,12.0,8.8,0.3612565445026178,2,160
0.0,0.6931471805599453,13.0,9.4,0.06993006993006994,2,161
0.0,0.6931471805599453,13.0,9.4,0.06993006993006994,2,161
0.0,4.795790545596741,11.0,19.1,0.06993006993006994,1,161
0.0,4.795790545596741,11.0,19.1,0.06993006993006994,1,161
0.0,4.61512051684126,11.0,21.5,0.06993006993006994,2,161
0.0,5.303304908059076,11.0,21.1,0.06993006993006994,1,161
0.0,4.795790545596741,12.0,9.4,0.06993006993006994,2,161
0.0,0.6931471805599453,13.0,9.4,0.06993006993006994,2,161
0.0,0.6931471805599453,13.0,9.4,0.06993006993006994,2,161
20.0,0.6931471805599453,12.0,6.9,0.06993006993006994,1,161
0.0,0.6931471805599453,12.0,6.9,0.06993006993006994,1,161
50.0,2.3978952727983707,12.0,9.4,0.06993006993006994,2,161
0.0,1.0986122886681098,12.0,6.9,0.06993006993006994,2,161
30.0,5.707110264748875,12.0,9.9,0.06993006993006994,4,161
0.0,3.044522437723423,12.0,9.5,0.06993006993006994,3,161
0.0,0.6931471805599453,12.0,12.0,0.06993006993006994,1,161
0.0,1.0986122886681098,11.0,30.7,0.06993006993006994,4,161
0.0,1.791759469228055,12.0,2.3,0.06993006993006994,1,161
0.0,1.791759469228055,12.0,2.3,0.06993006993006994,1,161
0.0,0.6931471805599453,12.0,6.1,0.06993006993006994,0,161
0.0,1.0986122886681098,13.0,11.4,0.06993006993006994,4,161
0.0,4.2626798770413155,12.0,2.4,0.06993006993006994,3,161
0.0,1.0986122886681098,12.0,7.8,0.06993006993006994,2,161
0.0,1.0986122886681098,12.0,6.5,0.06993006993006994,1,161
0.0,3.9318256327243257,11.0,20.5,0.06993006993006994,1,161
0.0,0.6931471805599453,11.0,22.9,0.06993006993006994,4,161
0.0,1.0986122886681098,11.0,22.8,0.06993006993006994,1,161
0.0,0.6931471805599453,12.0,39.1,0.06993006993006994,2,161
0.0,1.0986122886681098,12.0,16.4,0.06993006993006994,1,161
0.0,1.0986122886681098,13.0,6.7,0.06993006993006994,4,161
0.0,1.0986122886681098,10.0,27.5,0.06993006993006994,1,161
0.0,0.6931471805599453,11.0,20.9,0.06993006993006994,4,161
0.0,0.6931471805599453,10.0,26.7,0.06993006993006994,2,161
0.0,0.6931471805599453,13.0,7.9,0.06993006993006994,4,161
20.0,4.61512051684126,13.0,16.0,0.06993006993006994,1,161
20.0,4.61512051684126,16.0,7.3,0.06993006993006994,1,161
0.0,4.61512051684126,13.0,16.0,0.06993006993006994,1,161
0.0,4.61512051684126,16.0,7.3,0.06993006993006994,1,161
0.0,4.61512051684126,13.0,16.0,0.06993006993006994,1,161
0.0,4.61512051684126,16.0,7.3,0.06993006993006994,1,161
0.0,5.707110264748875,11.0,22.8,0.06993006993006994,2,161
20.0,5.303304908059076,11.0,26.6,0.06993006993006994,1,161
0.0,1.0986122886681098,11.0,20.2,0.06993006993006994,1,161
0.0,1.0986122886681098,11.0,20.2,0.06993006993006994,1,161
0.0,1.0986122886681098,11.0,24.8,0.06993006993006994,2,161
0.0,1.3862943611198906,11.0,24.7,0.06993006993006994,4,161
0.0,1.0986122886681098,11.0,13.5,0.06993006993006994,1,161
0.0,1.3862943611198906,11.0,14.4,0.06993006993006994,2,161
0.0,1.0986122886681098,12.0,14.6,0.06993006993006994,1,161
0.0,0.6931471805599453,11.0,16.2,0.06993006993006994,2,161
0.0,1.0986122886681098,11.0,21.1,0.06993006993006994,2,161
0.0,0.6931471805599453,12.0,5.0,0.4685714285714286,0,162
20.0,1.6094379124341003,12.0,5.5,0.4685714285714286,1,162
20.0,1.6094379124341003,12.0,5.5,0.4685714285714286,1,162
0.0,2.1972245773362196,12.0,3.9,0.4685714285714286,1,162
20.0,2.0794415416798357,12.0,7.2,0.4685714285714286,3,162
40.0,3.367295829986474,10.0,31.6,0.4685714285714286,4,162
30.0,1.0986122886681098,12.0,13.8,0.4685714285714286,3,162
50.0,0.6931471805599453,12.0,11.1,0.4685714285714286,3,162
0.0,3.2188758248682006,16.0,7.9,0.4685714285714286,1,162
0.0,1.0986122886681098,12.0,7.7,0.4685714285714286,1,162
30.0,1.0986122886681098,12.0,7.7,0.4685714285714286,1,162
40.0,0.6931471805599453,11.0,6.2,0.4685714285714286,1,162
70.0,0.6931471805599453,11.0,6.2,0.4685714285714286,1,162
0.0,0.6931471805599453,11.0,6.2,0.4685714285714286,1,162
0.0,0.6931471805599453,11.0,6.2,0.4685714285714286,1,162
0.0,0.6931471805599453,12.0,6.0,0.4685714285714286,0,162
0.0,1.6094379124341003,11.0,4.8,0.4685714285714286,1,162
0.0,1.6094379124341003,11.0,4.8,0.4685714285714286,1,162
0.0,0.6931471805599453,11.0,4.2,0.4685714285714286,0,162
0.0,2.1972245773362196,12.0,14.5,0.4685714285714286,1,162
20.0,1.9459101490553132,12.0,22.6,0.4685714285714286,4,162
0.0,0.6931471805599453,12.0,23.5,0.4685714285714286,0,162
0.0,0.4054651081081644,12.0,23.4,0.4685714285714286,0,162
30.0,2.1972245773362196,12.0,20.6,0.4685714285714286,3,162
30.0,1.0986122886681098,12.0,13.4,0.4685714285714286,3,162
20.0,1.791759469228055,11.0,22.0,0.4685714285714286,1,162
20.0,1.791759469228055,11.0,22.0,0.4685714285714286,1,162
50.0,1.0986122886681098,11.0,24.5,0.4685714285714286,1,162
0.0,1.6094379124341003,11.0,23.0,0.4685714285714286,3,162
0.0,1.0986122886681098,12.0,9.0,0.4685714285714286,3,162
0.0,2.1972245773362196,11.0,21.7,0.4685714285714286,3,162
20.0,1.791759469228055,11.0,11.2,0.4685714285714286,1,162
10.0,2.0794415416798357,11.0,25.9,0.4685714285714286,3,162
0.0,2.5649493574615367,11.0,25.8,0.4685714285714286,4,162
20.0,0.6931471805599453,11.0,32.1,0.4685714285714286,3,162
20.0,1.6094379124341003,12.0,10.4,0.4685714285714286,3,162
0.0,1.6094379124341003,12.0,7.4,0.4685714285714286,1,162
0.0,1.0986122886681098,13.0,11.0,0.4685714285714286,1,162
0.0,1.0986122886681098,13.0,11.0,0.4685714285714286,1,162
100.0,1.0986122886681098,13.0,11.0,0.4685714285714286,1,162
0.0,1.9459101490553132,11.0,12.3,0.4685714285714286,3,162
0.0,1.0986122886681098,12.0,12.0,0.4685714285714286,3,162
0.0,3.4339872044851463,14.0,4.8,0.4685714285714286,1,162
0.0,3.4339872044851463,13.0,7.8,0.4685714285714286,1,162
0.0,1.9459101490553132,12.0,7.8,0.4685714285714286,3,162
10.0,1.9459101490553132,12.0,11.9,0.4685714285714286,3,162
20.0,2.1972245773362196,12.0,14.9,0.4685714285714286,3,162
0.0,2.0794415416798357,12.0,20.6,0.4685714285714286,1,162
20.0,1.6094379124341003,22.0,7.9,0.4685714285714286,3,162
20.0,1.3862943611198906,11.0,20.4,0.4685714285714286,3,162
0.0,2.302585092994046,11.0,22.5,0.4685714285714286,0,162
20.0,2.772588722239781,11.0,21.7,0.4685714285714286,4,162
10.0,1.791759469228055,11.0,12.8,0.4685714285714286,3,162
20.0,1.9459101490553132,11.0,17.6,0.4685714285714286,3,162
30.0,1.6094379124341003,11.0,9.4,0.4685714285714286,3,162
0.0,1.0986122886681098,11.0,11.9,0.4685714285714286,1,162
0.0,1.0986122886681098,11.0,11.9,0.4685714285714286,1,162
20.0,2.1972245773362196,11.0,13.1,0.4685714285714286,3,162
0.0,2.3978952727983707,13.0,17.9,0.4685714285714286,1,162
30.0,2.833213344056216,15.0,8.5,0.4685714285714286,3,162
10.0,1.0986122886681098,14.0,11.7,0.4685714285714286,3,162
0.0,1.3862943611198906,12.0,12.1,0.4685714285714286,0,162
0.0,1.0986122886681098,12.0,13.3,0.4685714285714286,0,162
20.0,1.3862943611198906,12.0,13.1,0.4685714285714286,3,162
20.0,1.0986122886681098,11.0,7.7,0.4685714285714286,3,162
0.0,1.0986122886681098,12.0,14.6,0.4685714285714286,1,162
0.0,2.0794415416798357,12.0,12.6,0.4685714285714286,1,162
0.0,1.0986122886681098,12.0,14.0,0.4685714285714286,3,162
0.0,2.3978952727983707,13.0,4.4,0.4685714285714286,3,162
0.0,3.4339872044851463,13.0,11.2,0.4685714285714286,1,162
30.0,1.6094379124341003,11.0,17.6,0.4685714285714286,4,162
10.0,1.791759469228055,11.0,16.1,0.4685714285714286,3,162
0.0,0.6931471805599453,12.0,12.8,0.4685714285714286,0,162
0.0,1.0986122886681098,12.0,12.1,0.4685714285714286,1,162
0.0,1.0986122886681098,12.0,12.1,0.4685714285714286,1,162
0.0,0.6931471805599453,11.0,14.0,0.4685714285714286,3,162
0.0,3.9318256327243257,13.0,4.9,0.45098039215686275,1,163
0.0,3.9318256327243257,13.0,4.9,0.45098039215686275,1,163
0.0,4.61512051684126,13.0,5.0,0.45098039215686275,1,163
0.0,1.0986122886681098,13.0,6.7,0.45098039215686275,1,163
0.0,1.0986122886681098,13.0,6.7,0.45098039215686275,1,163
30.0,1.3862943611198906,13.0,6.4,0.45098039215686275,3,163
0.0,1.791759469228055,15.0,3.1,0.45098039215686275,1,163
40.0,1.0986122886681098,13.0,3.6,0.45098039215686275,3,163
30.0,1.0986122886681098,13.0,6.7,0.45098039215686275,3,163
0.0,1.6094379124341003,13.0,3.6,0.45098039215686275,1,163
0.0,1.6094379124341003,13.0,3.6,0.45098039215686275,1,163
0.0,0.9162907318741551,14.0,4.6,0.45098039215686275,4,163
0.0,1.0986122886681098,12.0,6.0,0.45098039215686275,1,163
10.0,0.6931471805599453,12.0,3.8,0.45098039215686275,1,163
10.0,0.6931471805599453,12.0,4.1,0.45098039215686275,1,163
10.0,0.6931471805599453,13.0,8.9,0.45098039215686275,1,163
20.0,0.6931471805599453,12.0,3.8,0.45098039215686275,1,163
20.0,0.6931471805599453,12.0,4.1,0.45098039215686275,1,163
20.0,0.6931471805599453,13.0,8.9,0.45098039215686275,1,163
20.0,0.6931471805599453,12.0,3.8,0.45098039215686275,1,163
20.0,0.6931471805599453,12.0,4.1,0.45098039215686275,1,163
20.0,0.6931471805599453,13.0,8.9,0.45098039215686275,1,163
0.0,0.6931471805599453,12.0,3.8,0.45098039215686275,1,163
0.0,0.6931471805599453,12.0,4.1,0.45098039215686275,1,163
0.0,0.6931471805599453,13.0,8.9,0.45098039215686275,1,163
30.0,0.6931471805599453,12.0,3.8,0.45098039215686275,1,163
30.0,0.6931471805599453,12.0,4.1,0.45098039215686275,1,163
30.0,0.6931471805599453,13.0,8.9,0.45098039215686275,1,163
20.0,0.4054651081081644,12.0,3.8,0.45098039215686275,1,163
20.0,0.4054651081081644,12.0,4.1,0.45098039215686275,1,163
10.0,0.4054651081081644,12.0,3.8,0.45098039215686275,1,163
10.0,0.4054651081081644,12.0,4.1,0.45098039215686275,1,163
0.0,0.4054651081081644,12.0,3.8,0.45098039215686275,1,163
0.0,0.4054651081081644,12.0,4.1,0.45098039215686275,1,163
10.0,0.4054651081081644,12.0,3.8,0.45098039215686275,1,163
10.0,0.4054651081081644,12.0,4.1,0.45098039215686275,1,163
10.0,0.4054651081081644,13.0,8.9,0.45098039215686275,1,163
20.0,0.4054651081081644,12.0,3.8,0.45098039215686275,1,163
20.0,0.4054651081081644,12.0,4.1,0.45098039215686275,1,163
20.0,0.4054651081081644,13.0,8.9,0.45098039215686275,1,163
20.0,0.4054651081081644,12.0,3.8,0.45098039215686275,1,163
20.0,0.4054651081081644,12.0,4.1,0.45098039215686275,1,163
20.0,0.4054651081081644,13.0,8.9,0.45098039215686275,1,163
0.0,0.4054651081081644,12.0,3.8,0.45098039215686275,1,163
0.0,0.4054651081081644,12.0,4.1,0.45098039215686275,1,163
0.0,0.4054651081081644,13.0,8.9,0.45098039215686275,1,163
30.0,0.4054651081081644,12.0,3.8,0.45098039215686275,1,163
30.0,0.4054651081081644,12.0,4.1,0.45098039215686275,1,163
30.0,0.4054651081081644,13.0,8.9,0.45098039215686275,1,163
0.0,0.4054651081081644,12.0,4.2,0.45098039215686275,1,163
0.0,0.4054651081081644,12.0,4.2,0.45098039215686275,1,163
10.0,2.0794415416798357,13.0,7.8,0.45098039215686275,1,163
40.0,1.791759469228055,13.0,9.1,0.45098039215686275,3,163
10.0,1.6094379124341003,12.0,3.8,0.45098039215686275,3,163
10.0,1.6094379124341003,12.0,4.1,0.45098039215686275,3,163
10.0,1.6094379124341003,13.0,8.9,0.45098039215686275,3,163
20.0,1.6094379124341003,12.0,3.8,0.45098039215686275,3,163
20.0,1.6094379124341003,12.0,4.1,0.45098039215686275,3,163
20.0,1.6094379124341003,13.0,8.9,0.45098039215686275,3,163
20.0,1.6094379124341003,12.0,3.8,0.45098039215686275,3,163
20.0,1.6094379124341003,12.0,4.1,0.45098039215686275,3,163
20.0,1.6094379124341003,13.0,8.9,0.45098039215686275,3,163
0.0,1.6094379124341003,12.0,3.8,0.45098039215686275,3,163
0.0,1.6094379124341003,12.0,4.1,0.45098039215686275,3,163
0.0,1.6094379124341003,13.0,8.9,0.45098039215686275,3,163
30.0,1.6094379124341003,12.0,3.8,0.45098039215686275,3,163
30.0,1.6094379124341003,12.0,4.1,0.45098039215686275,3,163
30.0,1.6094379124341003,13.0,8.9,0.45098039215686275,3,163
90.0,1.6094379124341003,12.0,3.2,0.45098039215686275,3,163
90.0,1.0986122886681098,13.0,4.0,0.45098039215686275,3,163
0.0,1.791759469228055,13.0,2.9,0.45098039215686275,1,163
0.0,1.3862943611198906,12.0,5.0,0.45098039215686275,0,163
50.0,1.6094379124341003,12.0,5.0,0.45098039215686275,3,163
40.0,1.6094379124341003,12.0,4.0,0.45098039215686275,4,163
0.0,0.4054651081081644,12.0,9.7,0.45098039215686275,3,163
30.0,0.6931471805599453,12.0,3.4,0.45098039215686275,4,163
20.0,0.6931471805599453,13.0,4.9,0.45098039215686275,1,163
40.0,0.6931471805599453,13.0,6.2,0.45098039215686275,3,163
30.0,2.3978952727983707,12.0,11.5,0.45098039215686275,3,163
10.0,2.3978952727983707,13.0,4.9,0.45098039215686275,1,163
50.0,0.6931471805599453,13.0,2.3,0.45098039215686275,1,163
0.0,0.6931471805599453,13.0,2.3,0.45098039215686275,1,163
50.0,0.6931471805599453,13.0,2.2,0.45098039215686275,1,163
0.0,0.6931471805599453,13.0,2.2,0.45098039215686275,1,163
20.0,1.791759469228055,13.0,2.6,0.45098039215686275,3,163
10.0,0.6931471805599453,13.0,2.6,0.45098039215686275,1,163
0.0,1.3862943611198906,13.0,2.3,0.45098039215686275,1,163
20.0,1.3862943611198906,13.0,2.3,0.45098039215686275,1,163
20.0,1.0986122886681098,15.0,3.2,0.45098039215686275,4,163
50.0,1.6094379124341003,14.0,2.8,0.45098039215686275,3,163
0.0,2.0794415416798357,17.0,2.1,0.45098039215686275,1,163
0.0,2.0794415416798357,17.0,2.1,0.45098039215686275,1,163
0.0,2.772588722239781,17.0,2.1,0.45098039215686275,1,163
0.0,2.772588722239781,17.0,2.1,0.45098039215686275,1,163
20.0,3.258096538021482,13.0,3.1,0.45098039215686275,1,163
50.0,0.6931471805599453,13.0,3.0,0.45098039215686275,3,163
0.0,2.0794415416798357,13.0,2.8,0.45098039215686275,1,163
0.0,2.0794415416798357,13.0,2.8,0.45098039215686275,1,163
0.0,2.0794415416798357,13.0,2.8,0.45098039215686275,1,163
50.0,0.6931471805599453,13.0,3.1,0.45098039215686275,1,163
20.0,5.303304908059076,13.0,5.4,0.45098039215686275,1,163
0.0,0.6931471805599453,13.0,9.2,0.1896551724137931,1,164
0.0,0.6931471805599453,13.0,9.2,0.1896551724137931,1,164
0.0,1.0986122886681098,13.0,5.1,0.1896551724137931,4,164
0.0,1.6094379124341003,13.0,5.2,0.1896551724137931,1,164
0.0,1.6094379124341003,13.0,5.2,0.1896551724137931,1,164
0.0,1.6094379124341003,11.0,14.9,0.1896551724137931,3,164
0.0,1.3862943611198906,11.0,10.4,0.1896551724137931,3,164
0.0,1.0986122886681098,13.0,5.2,0.1896551724137931,1,164
0.0,2.70805020110221,12.0,10.8,0.1896551724137931,1,164
0.0,1.9459101490553132,12.0,10.3,0.1896551724137931,4,164
0.0,1.6094379124341003,11.0,15.9,0.1896551724137931,3,164
0.0,2.1972245773362196,12.0,11.6,0.1896551724137931,3,164
0.0,0.6931471805599453,13.0,4.3,0.1896551724137931,1,164
0.0,0.6931471805599453,13.0,4.3,0.1896551724137931,1,164
0.0,0.6931471805599453,13.0,4.3,0.1896551724137931,1,164
0.0,0.6931471805599453,13.0,4.3,0.1896551724137931,1,164
0.0,1.0986122886681098,13.0,4.4,0.1896551724137931,0,164
0.0,0.6931471805599453,12.0,6.7,0.1896551724137931,1,164
0.0,0.6931471805599453,12.0,6.7,0.1896551724137931,1,164
0.0,1.9459101490553132,12.0,4.0,0.1896551724137931,4,164
30.0,2.1972245773362196,12.0,4.0,0.1896551724137931,1,164
25.0,1.6094379124341003,11.0,18.6,0.1896551724137931,3,164
0.0,0.6931471805599453,12.0,12.1,0.1896551724137931,0,164
0.0,1.3862943611198906,12.0,12.5,0.1896551724137931,4,164
0.0,1.3862943611198906,12.0,12.3,0.1896551724137931,3,164
0.0,1.3862943611198906,12.0,17.2,0.1896551724137931,3,164
0.0,2.1972245773362196,15.0,23.3,0.1896551724137931,3,164
50.0,1.0986122886681098,11.0,3.7,0.1896551724137931,1,164
0.0,1.0986122886681098,11.0,3.7,0.1896551724137931,1,164
0.0,1.0986122886681098,11.0,3.7,0.1896551724137931,1,164
30.0,0.6931471805599453,11.0,4.2,0.1896551724137931,1,164
0.0,0.6931471805599453,11.0,4.2,0.1896551724137931,1,164
0.0,0.6931471805599453,11.0,4.2,0.1896551724137931,1,164
0.0,1.6094379124341003,15.0,15.4,0.1896551724137931,3,164
10.0,1.0986122886681098,12.0,11.3,0.1896551724137931,1,164
10.0,1.0986122886681098,12.0,11.3,0.1896551724137931,1,164
0.0,1.0986122886681098,12.0,11.3,0.1896551724137931,1,164
20.0,1.791759469228055,12.0,10.6,0.1896551724137931,1,164
0.0,1.791759469228055,12.0,10.6,0.1896551724137931,1,164
0.0,1.0986122886681098,12.0,13.3,0.1896551724137931,0,164
20.0,2.5649493574615367,12.0,24.9,0.1896551724137931,4,164
0.0,1.0986122886681098,11.0,12.7,0.1896551724137931,4,164
0.0,1.0986122886681098,11.0,17.1,0.1896551724137931,0,164
0.0,1.9459101490553132,11.0,22.9,0.1896551724137931,3,164
0.0,1.9459101490553132,11.0,26.9,0.1896551724137931,4,164
0.0,2.3978952727983707,12.0,15.1,0.1896551724137931,3,164
0.0,3.044522437723423,12.0,34.8,0.1896551724137931,1,164
0.0,3.044522437723423,12.0,34.8,0.1896551724137931,1,164
0.0,2.1972245773362196,11.0,40.2,0.1896551724137931,3,164
0.0,1.0986122886681098,12.0,9.7,0.1896551724137931,4,164
0.0,1.0986122886681098,12.0,13.3,0.1896551724137931,4,164
0.0,0.6931471805599453,12.0,8.1,0.1896551724137931,1,164
0.0,0.6931471805599453,12.0,8.1,0.1896551724137931,1,164
0.0,0.4054651081081644,12.0,9.2,0.1896551724137931,1,164
0.0,0.4054651081081644,12.0,9.2,0.1896551724137931,1,164
0.0,0.4054651081081644,12.0,9.1,0.1896551724137931,1,164
20.0,0.4054651081081644,12.0,9.1,0.1896551724137931,1,164
0.0,1.9459101490553132,12.0,9.3,0.1896551724137931,4,164
0.0,1.6094379124341003,12.0,13.0,0.1896551724137931,4,164
10.0,1.9459101490553132,11.0,9.7,0.1896551724137931,1,164
0.0,1.9459101490553132,11.0,9.7,0.1896551724137931,1,164
50.0,1.9459101490553132,11.0,10.8,0.1896551724137931,3,164
0.0,1.791759469228055,12.0,11.1,0.1896551724137931,1,164
0.0,1.791759469228055,12.0,11.1,0.1896551724137931,1,164
0.0,1.791759469228055,12.0,11.1,0.1896551724137931,1,164
0.0,0.6931471805599453,12.0,8.8,0.1896551724137931,0,164
0.0,2.833213344056216,11.0,15.7,0.1896551724137931,1,164
0.0,2.0794415416798357,12.0,25.4,0.1896551724137931,3,164
0.0,2.1972245773362196,11.0,20.9,0.1896551724137931,3,164
0.0,2.5649493574615367,11.0,17.7,0.1896551724137931,0,164
0.0,2.0794415416798357,11.0,17.8,0.1896551724137931,3,164
30.0,1.6094379124341003,12.0,18.1,0.1896551724137931,4,164
0.0,1.0986122886681098,12.0,17.3,0.1896551724137931,3,164
0.0,0.6931471805599453,12.0,10.9,0.1896551724137931,0,164
0.0,2.70805020110221,11.0,11.6,0.1896551724137931,4,164
20.0,1.9459101490553132,11.0,14.3,0.1896551724137931,1,164
0.0,1.9459101490553132,11.0,14.3,0.1896551724137931,1,164
0.0,1.9459101490553132,11.0,14.3,0.1896551724137931,3,164
0.0,2.1972245773362196,11.0,16.4,0.1896551724137931,3,164
0.0,1.0986122886681098,11.0,12.7,0.1896551724137931,0,164
50.0,2.3978952727983707,12.0,10.8,0.1896551724137931,1,164
0.0,2.3978952727983707,12.0,10.8,0.1896551724137931,1,164
0.0,0.6931471805599453,12.0,46.8,0.1896551724137931,0,164
0.0,1.9459101490553132,12.0,50.5,0.1896551724137931,1,164
0.0,1.9459101490553132,12.0,50.5,0.1896551724137931,1,164
0.0,1.0986122886681098,12.0,50.1,0.1896551724137931,1,164
50.0,1.9459101490553132,12.0,50.5,0.1896551724137931,3,164
0.0,2.833213344056216,10.0,39.6,0.1896551724137931,4,164
0.0,1.791759469228055,12.0,35.2,0.1896551724137931,4,164
40.0,2.8903717578961645,12.0,47.7,0.1896551724137931,3,164
70.0,0.6931471805599453,14.0,0.9,1.0,1,165
100.0,0.6931471805599453,14.0,1.3,1.0,2,165
60.0,1.791759469228055,14.0,0.8,1.0,2,165
70.0,1.6094379124341003,14.0,1.8,1.0,2,165
70.0,0.6931471805599453,15.0,1.4,1.0,2,165
60.0,0.6931471805599453,14.0,2.0,1.0,1,165
70.0,1.0986122886681098,13.0,2.5,1.0,2,165
100.0,0.6931471805599453,18.0,3.5,1.0,1,165
70.0,0.6931471805599453,16.0,3.1,1.0,2,165
20.0,1.3862943611198906,12.0,5.7,0.7256637168141593,1,166
60.0,1.3862943611198906,12.0,5.7,0.7256637168141593,1,166
35.0,1.3862943611198906,12.0,5.7,0.7256637168141593,1,166
20.0,0.6931471805599453,12.0,5.7,0.7256637168141593,2,166
60.0,0.6931471805599453,12.0,5.7,0.7256637168141593,2,166
35.0,0.6931471805599453,12.0,5.7,0.7256637168141593,2,166
10.0,0.6931471805599453,14.0,3.7,0.7256637168141593,1,166
30.0,0.6931471805599453,14.0,3.7,0.7256637168141593,1,166
10.0,0.6931471805599453,14.0,3.7,0.7256637168141593,1,166
40.0,0.6931471805599453,15.0,3.5,0.7256637168141593,1,166
20.0,0.6931471805599453,15.0,3.5,0.7256637168141593,1,166
40.0,5.420534999272286,12.0,13.0,0.7256637168141593,1,166
40.0,4.02535169073515,12.0,15.0,0.7256637168141593,1,166
0.0,4.02535169073515,12.0,15.0,0.7256637168141593,1,166
20.0,4.02535169073515,12.0,15.0,0.7256637168141593,1,166
40.0,4.727387818712341,12.0,12.7,0.7256637168141593,1,166
0.0,4.727387818712341,12.0,12.7,0.7256637168141593,1,166
40.0,4.07753744390572,11.0,17.8,0.7256637168141593,1,166
10.0,1.791759469228055,16.0,3.9,0.7256637168141593,1,166
20.0,1.791759469228055,16.0,3.9,0.7256637168141593,1,166
70.0,0.6931471805599453,13.0,5.1,0.7256637168141593,2,166
0.0,1.0986122886681098,14.0,4.5,0.7256637168141593,2,166
0.0,1.0986122886681098,14.0,4.5,0.7256637168141593,2,166
0.0,1.0986122886681098,14.0,4.5,0.7256637168141593,2,166
30.0,0.6931471805599453,14.0,5.1,0.7256637168141593,2,166
0.0,0.6931471805599453,14.0,5.1,0.7256637168141593,2,166
50.0,0.6931471805599453,14.0,5.1,0.7256637168141593,2,166
60.0,1.0986122886681098,13.0,5.5,0.7256637168141593,2,166
60.0,1.0986122886681098,13.0,5.5,0.7256637168141593,2,166
60.0,2.1972245773362196,18.0,19.2,0.7256637168141593,1,166
100.0,2.1972245773362196,18.0,19.2,0.7256637168141593,1,166
40.0,2.3978952727983707,13.0,9.2,0.9423076923076923,2,167
50.0,1.791759469228055,13.0,6.0,1.0,1,168
20.0,1.791759469228055,13.0,6.0,1.0,1,168
50.0,0.6931471805599453,11.0,34.7,1.0,2,169
50.0,0.6931471805599453,12.0,14.9,1.0,2,169
50.0,0.6931471805599453,12.0,14.9,1.0,2,169
50.0,1.0986122886681098,12.0,13.1,1.0,2,169
100.0,1.0986122886681098,12.0,13.1,1.0,2,169
50.0,0.6931471805599453,12.0,26.2,1.0,1,169
50.0,0.6931471805599453,12.0,26.2,1.0,1,169
50.0,0.6931471805599453,12.0,26.2,1.0,1,169
50.0,0.6931471805599453,12.0,26.2,1.0,2,169
50.0,0.6931471805599453,12.0,26.2,1.0,2,169
50.0,0.6931471805599453,12.0,26.2,1.0,2,169
75.0,2.3978952727983707,12.0,7.2,1.0,1,169
75.0,2.3978952727983707,12.0,7.2,1.0,1,169
95.0,2.3978952727983707,12.0,7.2,1.0,1,169
75.0,2.3978952727983707,12.0,7.2,1.0,2,169
75.0,2.3978952727983707,12.0,7.2,1.0,2,169
95.0,2.3978952727983707,12.0,7.2,1.0,2,169
50.0,0.6931471805599453,12.0,6.9,1.0,1,169
75.0,0.6931471805599453,12.0,6.9,1.0,1,169
50.0,0.6931471805599453,12.0,6.9,1.0,2,169
75.0,0.6931471805599453,12.0,6.9,1.0,2,169
75.0,0.6931471805599453,12.0,6.4,1.0,1,169
75.0,0.6931471805599453,12.0,6.4,1.0,1,169
75.0,2.3978952727983707,12.0,6.4,1.0,2,169
75.0,2.3978952727983707,12.0,6.4,1.0,2,169
75.0,2.3978952727983707,12.0,6.1,1.0,1,169
75.0,2.3978952727983707,12.0,6.1,1.0,1,169
75.0,2.772588722239781,12.0,6.3,1.0,1,169
75.0,2.772588722239781,12.0,6.3,1.0,1,169
75.0,2.3978952727983707,12.0,6.3,1.0,2,169
75.0,2.3978952727983707,12.0,6.3,1.0,2,169
50.0,0.6931471805599453,13.0,4.1,1.0,1,169
75.0,0.6931471805599453,13.0,4.1,1.0,1,169
50.0,0.6931471805599453,13.0,4.1,1.0,2,169
75.0,0.6931471805599453,13.0,4.1,1.0,2,169
75.0,0.6931471805599453,12.0,7.2,1.0,1,169
50.0,0.6931471805599453,13.0,10.8,1.0,1,169
50.0,0.6931471805599453,13.0,10.8,1.0,1,169
50.0,0.6931471805599453,13.0,10.8,1.0,2,169
50.0,0.6931471805599453,13.0,10.8,1.0,2,169
50.0,1.0986122886681098,12.0,5.9,1.0,1,169
50.0,1.0986122886681098,12.0,5.9,1.0,1,169
50.0,0.6931471805599453,12.0,5.9,1.0,2,169
50.0,0.6931471805599453,12.0,5.9,1.0,2,169
75.0,0.6931471805599453,12.0,4.3,1.0,2,169
50.0,0.6931471805599453,12.0,4.3,1.0,2,169
75.0,0.6931471805599453,13.0,4.5,1.0,1,169
75.0,0.6931471805599453,13.0,4.5,1.0,1,169
75.0,1.0986122886681098,13.0,4.5,1.0,2,169
75.0,1.0986122886681098,13.0,4.5,1.0,2,169
80.0,0.6931471805599453,12.0,6.7,1.0,1,169
60.0,0.6931471805599453,12.0,6.7,1.0,1,169
80.0,1.0986122886681098,12.0,6.7,1.0,2,169
60.0,1.0986122886681098,12.0,6.7,1.0,2,169
60.0,0.6931471805599453,13.0,7.0,1.0,2,169
75.0,0.6931471805599453,16.0,3.5,1.0,2,169
75.0,0.6931471805599453,16.0,3.5,1.0,2,169
75.0,0.6931471805599453,17.0,2.6,1.0,2,169
100.0,0.6931471805599453,17.0,2.6,1.0,2,169
50.0,2.772588722239781,13.0,7.8,1.0,2,169
50.0,2.772588722239781,13.0,7.8,1.0,2,169
75.0,2.772588722239781,13.0,7.6,1.0,2,169
50.0,0.6931471805599453,12.0,6.4,1.0,1,169
80.0,0.6931471805599453,12.0,6.4,1.0,1,169
100.0,0.6931471805599453,12.0,6.4,1.0,1,169
50.0,2.772588722239781,12.0,6.4,1.0,2,169
80.0,2.772588722239781,12.0,6.4,1.0,2,169
100.0,2.772588722239781,12.0,6.4,1.0,2,169
75.0,3.4339872044851463,16.0,3.5,1.0,2,169
75.0,3.4339872044851463,16.0,3.5,1.0,2,169
75.0,0.6931471805599453,13.0,12.1,1.0,1,169
75.0,0.6931471805599453,13.0,12.1,1.0,1,169
75.0,1.0986122886681098,13.0,12.1,1.0,2,169
75.0,1.0986122886681098,13.0,12.1,1.0,2,169
50.0,1.3862943611198906,13.0,10.9,1.0,2,169
50.0,1.0986122886681098,13.0,5.7,1.0,2,169
75.0,0.6931471805599453,13.0,5.6,1.0,2,169
75.0,0.6931471805599453,13.0,5.6,1.0,2,169
50.0,0.6931471805599453,13.0,5.6,1.0,2,169
75.0,0.6931471805599453,13.0,3.7,1.0,2,169
75.0,1.0986122886681098,13.0,3.5,1.0,1,169
80.0,0.6931471805599453,12.0,3.8,1.0,2,169
50.0,1.3862943611198906,17.0,3.4,1.0,2,169
10.0,0.6931471805599453,14.0,1.7,0.7073170731707317,1,170
10.0,0.6931471805599453,14.0,2.0,0.7073170731707317,1,170
0.0,0.6931471805599453,14.0,1.7,0.7073170731707317,1,170
0.0,0.6931471805599453,14.0,2.0,0.7073170731707317,1,170
10.0,1.3862943611198906,14.0,1.7,0.7073170731707317,2,170
10.0,1.3862943611198906,14.0,2.0,0.7073170731707317,2,170
0.0,1.3862943611198906,14.0,1.7,0.7073170731707317,2,170
0.0,1.3862943611198906,14.0,2.0,0.7073170731707317,2,170
0.0,0.6931471805599453,13.0,1.8,0.7073170731707317,1,170
0.0,0.6931471805599453,14.0,3.3,0.7073170731707317,1,170
0.0,2.5649493574615367,16.0,2.4,0.7073170731707317,2,170
0.0,2.3978952727983707,14.0,2.7,0.7073170731707317,1,170
0.0,2.3978952727983707,15.0,1.6,0.7073170731707317,1,170
0.0,2.3978952727983707,14.0,2.7,0.7073170731707317,1,170
0.0,2.3978952727983707,15.0,1.6,0.7073170731707317,1,170
0.0,1.6094379124341003,14.0,2.7,0.7073170731707317,2,170
0.0,1.6094379124341003,15.0,1.6,0.7073170731707317,2,170
0.0,1.6094379124341003,14.0,2.7,0.7073170731707317,2,170
0.0,1.6094379124341003,15.0,1.6,0.7073170731707317,2,170
0.0,1.3862943611198906,13.0,3.1,0.7073170731707317,2,170
0.0,1.3862943611198906,16.0,3.7,0.7073170731707317,2,170
15.0,1.3862943611198906,13.0,2.7,0.7073170731707317,1,170
15.0,1.3862943611198906,13.0,3.0,0.7073170731707317,1,170
20.0,1.3862943611198906,13.0,2.7,0.7073170731707317,1,170
20.0,1.3862943611198906,13.0,3.0,0.7073170731707317,1,170
15.0,2.5649493574615367,13.0,2.7,0.7073170731707317,2,170
15.0,2.5649493574615367,13.0,3.0,0.7073170731707317,2,170
20.0,2.5649493574615367,13.0,2.7,0.7073170731707317,2,170
20.0,2.5649493574615367,13.0,3.0,0.7073170731707317,2,170
100.0,2.8903717578961645,14.0,2.2,0.7073170731707317,1,170
75.0,1.0986122886681098,14.0,2.3,0.7073170731707317,2,170
70.0,1.3862943611198906,16.0,2.0,0.7073170731707317,2,170
50.0,1.3862943611198906,16.0,2.0,0.7073170731707317,2,170
50.0,0.6931471805599453,14.0,3.0,0.7073170731707317,2,170
50.0,0.6931471805599453,14.0,3.2,0.7073170731707317,2,170
50.0,3.713572066704308,12.0,4.2,0.7073170731707317,1,170
50.0,3.713572066704308,15.0,3.0,0.7073170731707317,1,170
30.0,3.713572066704308,12.0,4.2,0.7073170731707317,1,170
30.0,3.713572066704308,15.0,3.0,0.7073170731707317,1,170
50.0,3.044522437723423,12.0,4.1,0.7073170731707317,1,170
50.0,3.044522437723423,12.0,4.1,0.7073170731707317,1,170
50.0,0.6931471805599453,12.0,4.1,0.7073170731707317,2,170
50.0,0.6931471805599453,12.0,4.1,0.7073170731707317,2,170
50.0,1.5040773967762742,12.0,4.2,0.7073170731707317,2,170
50.0,1.5040773967762742,15.0,3.0,0.7073170731707317,2,170
30.0,1.5040773967762742,12.0,4.2,0.7073170731707317,2,170
30.0,1.5040773967762742,15.0,3.0,0.7073170731707317,2,170
15.0,2.1972245773362196,14.0,0.9,0.7073170731707317,2,170
0.0,2.0794415416798357,13.0,4.2,0.7073170731707317,2,170
20.0,2.1972245773362196,13.0,11.2,1.0,1,171
50.0,1.0986122886681098,12.0,4.8,1.0,2,171
50.0,1.3862943611198906,13.0,6.0,1.0,2,171
25.0,1.0986122886681098,13.0,6.4,1.0,1,171
50.0,1.0986122886681098,13.0,6.4,1.0,1,171
25.0,0.6931471805599453,13.0,6.4,1.0,2,171
50.0,0.6931471805599453,13.0,6.4,1.0,2,171
50.0,0.6931471805599453,13.0,8.1,1.0,2,171
50.0,1.9459101490553132,14.0,8.9,1.0,1,171
50.0,1.3862943611198906,12.0,4.1,1.0,1,171
40.0,1.3862943611198906,12.0,4.1,1.0,1,171
50.0,1.3862943611198906,12.0,4.1,1.0,2,171
40.0,1.3862943611198906,12.0,4.1,1.0,2,171
50.0,0.6931471805599453,13.0,5.5,1.0,2,171
20.0,0.6931471805599453,13.0,5.5,1.0,2,171
80.0,0.6931471805599453,13.0,4.9,1.0,2,171
80.0,1.0986122886681098,13.0,5.4,1.0,1,171
50.0,1.6094379124341003,14.0,5.9,1.0,1,171
50.0,0.6931471805599453,13.0,6.1,1.0,1,171
30.0,0.6931471805599453,13.0,6.9,1.0,1,171
30.0,1.0986122886681098,13.0,5.9,1.0,1,171
50.0,1.0986122886681098,13.0,5.9,1.0,1,171
30.0,0.6931471805599453,13.0,5.9,1.0,2,171
50.0,0.6931471805599453,13.0,5.9,1.0,2,171
50.0,1.6094379124341003,12.0,5.9,1.0,1,171
50.0,2.1972245773362196,13.0,4.9,1.0,1,171
50.0,2.0794415416798357,12.0,3.5,1.0,1,171
50.0,1.0986122886681098,12.0,7.0,1.0,1,171
75.0,1.791759469228055,12.0,6.8,1.0,2,171
40.0,1.6094379124341003,13.0,10.0,1.0,1,171
50.0,1.0986122886681098,12.0,11.2,1.0,1,171
50.0,1.0986122886681098,12.0,11.2,1.0,1,171
25.0,1.791759469228055,13.0,3.8,1.0,1,171
40.0,1.6094379124341003,14.0,4.8,1.0,1,171
50.0,1.0986122886681098,13.0,4.3,1.0,1,171
50.0,1.0986122886681098,13.0,4.3,1.0,1,171
50.0,0.6931471805599453,13.0,4.3,1.0,2,171
50.0,0.6931471805599453,13.0,4.3,1.0,2,171
40.0,0.6931471805599453,13.0,4.1,1.0,1,171
50.0,0.6931471805599453,13.0,4.1,1.0,1,171
40.0,0.6931471805599453,13.0,4.1,1.0,1,171
40.0,0.6931471805599453,13.0,4.1,1.0,2,171
50.0,0.6931471805599453,13.0,4.1,1.0,2,171
40.0,0.6931471805599453,13.0,4.1,1.0,2,171
45.0,0.6931471805599453,13.0,5.0,1.0,2,171
55.0,0.6931471805599453,13.0,5.0,1.0,2,171
50.0,1.0986122886681098,13.0,4.8,1.0,2,171
40.0,1.0986122886681098,13.0,4.6,1.0,1,171
50.0,1.0986122886681098,13.0,4.6,1.0,1,171
25.0,1.0986122886681098,13.0,4.6,1.0,1,171
25.0,1.0986122886681098,13.0,4.6,1.0,1,171
40.0,0.6931471805599453,13.0,4.6,1.0,2,171
50.0,0.6931471805599453,13.0,4.6,1.0,2,171
25.0,0.6931471805599453,13.0,4.6,1.0,2,171
25.0,0.6931471805599453,13.0,4.6,1.0,2,171
50.0,1.6094379124341003,13.0,6.2,1.0,1,171
50.0,1.6094379124341003,13.0,6.2,1.0,1,171
30.0,1.9459101490553132,13.0,5.2,1.0,2,171
40.0,1.3862943611198906,12.0,7.9,1.0,1,171
50.0,0.6931471805599453,12.0,9.0,1.0,1,171
20.0,0.6931471805599453,12.0,9.0,1.0,1,171
50.0,0.6931471805599453,13.0,7.5,1.0,1,171
50.0,1.3862943611198906,13.0,7.0,1.0,1,171
50.0,2.1972245773362196,13.0,3.4,0.9090909090909091,1,172
0.0,2.3978952727983707,15.0,2.2,0.0,1,173
0.0,1.791759469228055,20.0,3.2,0.38095238095238093,1,175
0.0,1.3862943611198906,29.0,3.2,0.38095238095238093,1,175
0.0,0.6931471805599453,30.0,3.1,0.38095238095238093,1,175
0.0,2.5649493574615367,15.0,1.6,0.38095238095238093,1,175
20.0,2.1972245773362196,18.0,1.7,0.38095238095238093,1,175
20.0,2.1972245773362196,21.0,4.4,0.38095238095238093,1,175
0.0,2.1972245773362196,18.0,1.7,0.38095238095238093,1,175
0.0,2.3978952727983707,13.0,5.1,0.38095238095238093,1,175
0.0,3.044522437723423,13.0,4.3,0.38095238095238093,1,175
0.0,2.3978952727983707,17.0,1.4,0.38095238095238093,1,175
0.0,2.3978952727983707,14.0,2.2,0.38095238095238093,1,175
0.0,2.3978952727983707,17.0,1.4,0.38095238095238093,1,175
0.0,2.3978952727983707,14.0,2.2,0.38095238095238093,1,175
0.0,1.6094379124341003,17.0,1.4,0.38095238095238093,1,175
0.0,1.6094379124341003,14.0,2.2,0.38095238095238093,1,175
0.0,1.6094379124341003,17.0,1.4,0.38095238095238093,1,175
0.0,1.6094379124341003,14.0,2.2,0.38095238095238093,1,175
0.0,1.0986122886681098,32.0,3.0,0.38095238095238093,1,175
0.0,1.0986122886681098,15.0,3.6,0.38095238095238093,1,175
0.0,1.0986122886681098,32.0,3.0,0.38095238095238093,1,175
0.0,1.0986122886681098,15.0,3.6,0.38095238095238093,1,175
0.0,1.9459101490553132,32.0,3.0,0.38095238095238093,1,175
0.0,1.9459101490553132,15.0,3.6,0.38095238095238093,1,175
0.0,1.9459101490553132,32.0,3.0,0.38095238095238093,1,175
0.0,1.9459101490553132,15.0,3.6,0.38095238095238093,1,175
0.0,1.0986122886681098,13.0,2.2,0.14444444444444443,1,176
0.0,1.0986122886681098,13.0,5.2,0.14444444444444443,1,176
0.0,1.0986122886681098,13.0,3.3,0.14444444444444443,3,176
30.0,0.6931471805599453,13.0,2.4,0.14444444444444443,1,176
0.0,3.9318256327243257,13.0,5.3,0.14444444444444443,1,176
25.0,0.6931471805599453,13.0,1.9,0.14444444444444443,1,176
0.0,1.3862943611198906,13.0,3.1,0.14444444444444443,2,176
0.0,1.0986122886681098,12.0,3.2,0.14444444444444443,1,176
0.0,1.9459101490553132,15.0,13.0,0.14444444444444443,2,176
0.0,1.3862943611198906,12.0,9.6,0.14444444444444443,3,176
50.0,3.4339872044851463,14.0,2.2,0.14444444444444443,1,176
0.0,1.3862943611198906,14.0,13.3,0.14444444444444443,3,176
10.0,4.110873864173311,13.0,14.7,0.14444444444444443,1,176
0.0,0.6931471805599453,13.0,3.3,0.14444444444444443,1,176
0.0,1.6094379124341003,15.0,3.6,0.14444444444444443,3,176
0.0,1.791759469228055,13.0,3.9,0.14444444444444443,1,176
0.0,1.6094379124341003,13.0,2.5,0.14444444444444443,2,176
0.0,1.0986122886681098,13.0,4.9,0.14444444444444443,1,176
0.0,1.0986122886681098,13.0,5.1,0.14444444444444443,1,176
30.0,0.6931471805599453,14.0,5.7,0.14444444444444443,1,176
20.0,1.0986122886681098,13.0,4.1,0.14444444444444443,1,176
30.0,1.6094379124341003,12.0,9.2,0.14444444444444443,1,176
0.0,1.6094379124341003,12.0,7.3,0.14444444444444443,2,176
0.0,1.0986122886681098,15.0,6.4,0.14444444444444443,3,176
33.0,2.1972245773362196,13.0,5.5,0.3404255319148936,1,177
0.0,1.9459101490553132,12.0,6.4,0.3404255319148936,2,177
25.0,2.5649493574615367,12.0,7.1,0.3404255319148936,1,177
100.0,2.5649493574615367,12.0,7.1,0.3404255319148936,1,177
0.0,3.713572066704308,14.0,8.4,0.3404255319148936,1,177
33.0,1.6094379124341003,12.0,9.1,0.3404255319148936,3,177
0.0,1.0986122886681098,15.0,3.8,0.3404255319148936,1,177
80.0,1.0986122886681098,15.0,3.8,0.3404255319148936,1,177
50.0,2.0794415416798357,14.0,5.4,0.3404255319148936,1,177
80.0,2.0794415416798357,14.0,5.4,0.3404255319148936,1,177
0.0,2.0794415416798357,14.0,5.4,0.3404255319148936,1,177
25.0,3.044522437723423,13.0,9.9,0.3404255319148936,1,177
0.0,0.6931471805599453,12.0,4.9,0.3404255319148936,1,177
100.0,0.6931471805599453,12.0,4.9,0.3404255319148936,1,177
0.0,2.0794415416798357,13.0,6.2,0.3404255319148936,1,177
0.0,1.0986122886681098,12.0,7.3,0.3404255319148936,1,177
100.0,1.0986122886681098,12.0,7.3,0.3404255319148936,1,177
25.0,2.772588722239781,12.0,5.3,0.3404255319148936,1,177
33.0,1.3862943611198906,13.0,6.8,0.3404255319148936,1,177
0.0,1.3862943611198906,13.0,6.8,0.3404255319148936,1,177
33.0,1.791759469228055,12.0,7.0,0.3404255319148936,2,177
0.0,2.3978952727983707,12.0,3.3,0.05357142857142857,1,178
0.0,2.3978952727983707,12.0,3.3,0.05357142857142857,1,178
0.0,1.252762968495368,12.0,11.9,0.05357142857142857,3,178
0.0,2.3978952727983707,13.0,3.6,0.05357142857142857,1,178
10.0,1.9459101490553132,13.0,2.4,0.05357142857142857,1,178
0.0,1.9459101490553132,13.0,2.4,0.05357142857142857,1,178
0.0,1.3862943611198906,12.0,2.3,0.05357142857142857,1,178
0.0,1.3862943611198906,12.0,2.3,0.05357142857142857,1,178
0.0,1.3862943611198906,12.0,2.3,0.05357142857142857,1,178
0.0,0.6931471805599453,13.0,4.2,0.05357142857142857,1,178
0.0,1.3862943611198906,12.0,17.2,0.05357142857142857,3,178
0.0,1.3862943611198906,14.0,2.1,0.05357142857142857,1,178
0.0,1.3862943611198906,14.0,2.1,0.05357142857142857,1,178
0.0,1.3862943611198906,14.0,2.1,0.05357142857142857,1,178
0.0,1.6094379124341003,12.0,6.8,0.05357142857142857,3,178
0.0,1.791759469228055,14.0,24.0,0.05357142857142857,3,178
60.0,3.044522437723423,12.0,4.2,0.7368421052631579,1,179
80.0,3.044522437723423,12.0,4.2,0.7368421052631579,1,179
30.0,3.044522437723423,12.0,4.2,0.7368421052631579,1,179
10.0,3.044522437723423,13.0,3.4,0.7368421052631579,2,179
20.0,3.044522437723423,13.0,3.4,0.7368421052631579,2,179
10.0,3.044522437723423,13.0,3.4,0.7368421052631579,2,179
20.0,1.791759469228055,13.0,3.3,0.7368421052631579,1,179
20.0,1.791759469228055,13.0,3.3,0.7368421052631579,1,179
10.0,1.791759469228055,13.0,3.3,0.7368421052631579,1,179
80.0,2.772588722239781,12.0,5.2,0.7368421052631579,1,179
0.0,2.772588722239781,12.0,5.2,0.7368421052631579,1,179
60.0,2.772588722239781,14.0,3.5,0.7368421052631579,1,179
40.0,2.772588722239781,14.0,3.5,0.7368421052631579,1,179
20.0,2.772588722239781,14.0,3.5,0.7368421052631579,1,179
0.0,3.9318256327243257,13.0,3.2,0.7368421052631579,1,179
0.0,3.9318256327243257,13.0,3.2,0.7368421052631579,1,179
0.0,3.9318256327243257,13.0,3.2,0.7368421052631579,1,179
0.0,2.3978952727983707,13.0,3.0,0.7368421052631579,1,179
0.0,2.3978952727983707,13.0,3.0,0.7368421052631579,1,179
0.0,2.3978952727983707,13.0,3.0,0.7368421052631579,1,179
0.0,3.4339872044851463,13.0,3.0,0.7368421052631579,2,179
0.0,3.4339872044851463,13.0,3.0,0.7368421052631579,2,179
0.0,3.4339872044851463,13.0,3.0,0.7368421052631579,2,179
80.0,4.330733340286331,13.0,4.8,0.7368421052631579,1,179
60.0,4.330733340286331,13.0,4.8,0.7368421052631579,1,179
0.0,4.330733340286331,13.0,4.8,0.7368421052631579,1,179
30.0,4.330733340286331,13.0,4.8,0.7368421052631579,1,179
50.0,3.9318256327243257,12.0,3.3,0.7368421052631579,1,179
33.0,3.9318256327243257,12.0,3.3,0.7368421052631579,1,179
50.0,0.6931471805599453,15.0,3.7,0.7368421052631579,2,179
80.0,3.258096538021482,13.0,0.3,0.7368421052631579,1,179
50.0,3.258096538021482,13.0,0.3,0.7368421052631579,1,179
90.0,2.3978952727983707,13.0,2.5,0.7368421052631579,1,179
60.0,2.3978952727983707,13.0,2.5,0.7368421052631579,1,179
90.0,2.3978952727983707,13.0,2.5,0.7368421052631579,1,179
60.0,2.772588722239781,14.0,2.3,0.7368421052631579,1,179
20.0,1.0986122886681098,12.0,3.6,0.7368421052631579,2,179
60.0,1.0986122886681098,12.0,3.6,0.7368421052631579,2,179
20.0,1.0986122886681098,12.0,3.6,0.7368421052631579,2,179
30.0,4.61512051684126,12.0,3.2,0.7368421052631579,1,179
20.0,3.9318256327243257,12.0,3.2,0.7368421052631579,1,179
40.0,3.9318256327243257,12.0,3.2,0.7368421052631579,1,179
10.0,3.9318256327243257,12.0,3.2,0.7368421052631579,1,179
50.0,3.258096538021482,13.0,3.0,0.7368421052631579,1,179
60.0,3.258096538021482,13.0,3.0,0.7368421052631579,1,179
10.0,3.258096538021482,13.0,3.0,0.7368421052631579,1,179
30.0,3.258096538021482,13.0,3.0,0.7368421052631579,1,179
20.0,5.017279836814924,11.0,9.9,0.7368421052631579,2,179
40.0,5.017279836814924,11.0,9.9,0.7368421052631579,2,179
20.0,5.017279836814924,11.0,9.9,0.7368421052631579,2,179
0.0,0.6931471805599453,13.0,6.9,0.12087912087912088,1,180
0.0,0.6931471805599453,14.0,5.4,0.12087912087912088,1,180
0.0,0.6931471805599453,13.0,3.5,0.12087912087912088,3,180
0.0,0.6931471805599453,12.0,3.5,0.12087912087912088,3,180
0.0,1.3862943611198906,14.0,6.5,0.12087912087912088,2,180
0.0,0.6931471805599453,12.0,9.0,0.12087912087912088,3,180
0.0,0.6931471805599453,13.0,3.9,0.12087912087912088,1,180
0.0,1.0986122886681098,13.0,4.3,0.12087912087912088,2,180
0.0,1.0986122886681098,13.0,6.8,0.12087912087912088,2,180
0.0,5.017279836814924,12.0,4.5,0.12087912087912088,3,180
0.0,5.017279836814924,13.0,7.2,0.12087912087912088,3,180
0.0,0.6931471805599453,13.0,4.0,0.12087912087912088,1,180
0.0,0.6931471805599453,13.0,4.0,0.12087912087912088,1,180
0.0,3.044522437723423,12.0,7.7,0.12087912087912088,1,180
0.0,3.044522437723423,14.0,3.7,0.12087912087912088,1,180
0.0,3.044522437723423,12.0,7.7,0.12087912087912088,1,180
0.0,3.044522437723423,14.0,3.7,0.12087912087912088,1,180
0.0,3.044522437723423,12.0,7.7,0.12087912087912088,1,180
0.0,3.044522437723423,14.0,3.7,0.12087912087912088,1,180
20.0,0.6931471805599453,13.0,3.9,0.12087912087912088,1,180
20.0,0.6931471805599453,12.0,5.7,0.12087912087912088,1,180
0.0,0.6931471805599453,13.0,3.9,0.12087912087912088,1,180
0.0,0.6931471805599453,12.0,5.7,0.12087912087912088,1,180
20.0,3.4339872044851463,14.0,3.4,0.12087912087912088,3,180
20.0,3.4339872044851463,13.0,5.7,0.12087912087912088,3,180
0.0,3.713572066704308,13.0,7.4,0.12087912087912088,3,180
0.0,3.713572066704308,13.0,5.6,0.12087912087912088,3,180
0.0,3.713572066704308,13.0,7.4,0.12087912087912088,3,180
0.0,3.713572066704308,13.0,5.6,0.12087912087912088,3,180
0.0,3.4339872044851463,13.0,3.9,0.12087912087912088,3,180
0.0,3.4339872044851463,13.0,4.0,0.12087912087912088,3,180
0.0,3.4339872044851463,13.0,3.9,0.12087912087912088,3,180
0.0,3.4339872044851463,13.0,4.0,0.12087912087912088,3,180
0.0,1.0986122886681098,13.0,5.4,0.12087912087912088,2,180
0.0,1.0986122886681098,13.0,6.9,0.12087912087912088,2,180
0.0,1.0986122886681098,13.0,5.4,0.12087912087912088,2,180
0.0,1.0986122886681098,13.0,6.9,0.12087912087912088,2,180
0.0,1.0986122886681098,12.0,7.7,0.12087912087912088,1,180
0.0,1.0986122886681098,14.0,3.7,0.12087912087912088,1,180
0.0,1.0986122886681098,12.0,7.7,0.12087912087912088,1,180
0.0,1.0986122886681098,14.0,3.7,0.12087912087912088,1,180
0.0,1.0986122886681098,12.0,7.7,0.12087912087912088,1,180
0.0,1.0986122886681098,14.0,3.7,0.12087912087912088,1,180
0.0,0.6931471805599453,13.0,3.3,0.12087912087912088,3,180
0.0,0.6931471805599453,13.0,4.0,0.12087912087912088,3,180
10.0,0.6931471805599453,13.0,3.3,0.12087912087912088,3,180
10.0,0.6931471805599453,13.0,4.0,0.12087912087912088,3,180
0.0,1.0986122886681098,13.0,3.9,0.12087912087912088,3,180
0.0,1.0986122886681098,13.0,4.0,0.12087912087912088,3,180
0.0,1.0986122886681098,13.0,3.9,0.12087912087912088,3,180
0.0,1.0986122886681098,13.0,4.0,0.12087912087912088,3,180
0.0,1.0986122886681098,13.0,5.4,0.12087912087912088,2,180
0.0,1.0986122886681098,13.0,6.9,0.12087912087912088,2,180
0.0,1.0986122886681098,13.0,5.4,0.12087912087912088,2,180
0.0,1.0986122886681098,13.0,6.9,0.12087912087912088,2,180
0.0,0.6931471805599453,13.0,5.3,0.12087912087912088,2,180
0.0,0.6931471805599453,14.0,10.2,0.12087912087912088,2,180
0.0,0.6931471805599453,13.0,5.3,0.12087912087912088,2,180
0.0,0.6931471805599453,14.0,10.2,0.12087912087912088,2,180
0.0,0.6931471805599453,13.0,6.5,0.12087912087912088,1,180
0.0,1.0986122886681098,12.0,4.1,0.12087912087912088,1,180
0.0,1.0986122886681098,12.0,4.1,0.12087912087912088,1,180
0.0,1.0986122886681098,13.0,6.3,0.12087912087912088,1,180
0.0,0.6931471805599453,12.0,7.3,0.12087912087912088,3,180
0.0,1.0986122886681098,14.0,1.4,0.12087912087912088,2,180
0.0,0.6931471805599453,14.0,0.8,0.12087912087912088,3,180
0.0,0.6931471805599453,14.0,1.7,0.12087912087912088,2,180
0.0,0.6931471805599453,13.0,5.3,0.12087912087912088,3,180
0.0,3.9318256327243257,12.0,8.1,0.12087912087912088,3,180
0.0,0.6931471805599453,13.0,4.6,0.12087912087912088,1,180
0.0,0.6931471805599453,13.0,4.6,0.12087912087912088,1,180
0.0,0.6931471805599453,13.0,3.6,0.12087912087912088,2,180
0.0,0.6931471805599453,13.0,1.5,0.12087912087912088,3,180
0.0,0.6931471805599453,13.0,5.0,0.12087912087912088,2,180
0.0,0.6931471805599453,14.0,2.6,0.12087912087912088,3,180
0.0,1.791759469228055,14.0,5.5,0.12087912087912088,1,180
0.0,1.0986122886681098,14.0,1.4,0.12087912087912088,3,180
10.0,1.0986122886681098,12.0,5.1,0.12087912087912088,1,180
0.0,1.791759469228055,12.0,5.8,0.12087912087912088,1,180
0.0,1.791759469228055,12.0,5.8,0.12087912087912088,1,180
0.0,1.0986122886681098,12.0,5.1,0.12087912087912088,2,180
0.0,3.9318256327243257,12.0,5.0,0.12087912087912088,3,180
0.0,0.6931471805599453,12.0,5.0,0.12087912087912088,1,180
0.0,0.6931471805599453,13.0,5.3,0.12087912087912088,3,180
0.0,1.0986122886681098,13.0,5.6,0.12087912087912088,1,180
0.0,1.0986122886681098,13.0,5.6,0.12087912087912088,1,180
0.0,1.3862943611198906,12.0,4.1,0.12087912087912088,2,180
0.0,0.6931471805599453,13.0,4.5,0.12087912087912088,3,180
0.0,0.6931471805599453,12.0,4.5,0.12087912087912088,3,180
0.0,0.6931471805599453,13.0,3.8,0.12087912087912088,1,180
0.0,0.6931471805599453,15.0,5.8,0.12087912087912088,2,180
0.0,3.713572066704308,15.0,5.7,0.12087912087912088,3,180
0.0,3.713572066704308,13.0,7.6,0.12087912087912088,3,180
20.0,1.0986122886681098,13.0,4.4,0.12087912087912088,1,180
0.0,2.772588722239781,12.0,4.7,0.12087912087912088,3,180
0.0,0.6931471805599453,13.0,2.7,0.12087912087912088,2,180
20.0,3.4339872044851463,13.0,7.9,0.12087912087912088,3,180
30.0,0.6931471805599453,12.0,7.8,0.12087912087912088,2,180
0.0,6.398594934535208,12.0,8.3,0.2717391304347826,2,181
0.0,4.948759890378168,12.0,7.1,0.2717391304347826,3,181
0.0,3.9318256327243257,13.0,4.6,0.2717391304347826,1,181
75.0,5.303304908059076,12.0,3.4,0.2717391304347826,2,181
0.0,6.2166061010848646,13.0,7.0,0.2717391304347826,1,181
60.0,4.795790545596741,14.0,6.4,0.2717391304347826,1,181
30.0,1.6094379124341003,14.0,8.5,0.2717391304347826,1,181
30.0,1.6094379124341003,14.0,8.5,0.2717391304347826,1,181
0.0,1.6094379124341003,14.0,8.5,0.2717391304347826,1,181
30.0,1.0986122886681098,14.0,8.2,0.2717391304347826,1,181
50.0,1.0986122886681098,14.0,8.2,0.2717391304347826,1,181
0.0,4.61512051684126,12.0,1.7,0.2717391304347826,1,181
100.0,4.61512051684126,12.0,1.7,0.2717391304347826,1,181
0.0,1.791759469228055,12.0,1.9,0.2717391304347826,1,181
20.0,3.044522437723423,13.0,7.0,0.2717391304347826,1,181
30.0,3.044522437723423,13.0,7.0,0.2717391304347826,1,181
0.0,0.6931471805599453,13.0,10.3,0.2717391304347826,1,181
50.0,0.6931471805599453,12.0,9.6,0.2717391304347826,1,181
0.0,0.6931471805599453,13.0,3.6,0.2717391304347826,1,181
50.0,1.0986122886681098,13.0,6.2,0.13076923076923078,1,182
0.0,1.0986122886681098,13.0,6.2,0.13076923076923078,1,182
0.0,1.0986122886681098,14.0,8.8,0.13076923076923078,1,182
80.0,1.0986122886681098,14.0,8.8,0.13076923076923078,1,182
0.0,1.6094379124341003,12.0,7.3,0.13076923076923078,2,182
0.0,1.6094379124341003,12.0,11.0,0.13076923076923078,2,182
10.0,1.0986122886681098,13.0,2.4,0.13076923076923078,1,182
0.0,0.6931471805599453,14.0,6.9,0.13076923076923078,1,182
0.0,1.6094379124341003,14.0,1.8,0.13076923076923078,1,182
0.0,1.0986122886681098,13.0,1.9,0.13076923076923078,1,182
0.0,0.6931471805599453,12.0,2.3,0.13076923076923078,1,182
0.0,2.3978952727983707,13.0,1.9,0.13076923076923078,2,182
0.0,0.6931471805599453,13.0,5.5,0.13076923076923078,1,182
10.0,1.6094379124341003,14.0,7.0,0.13076923076923078,1,182
10.0,1.6094379124341003,12.0,2.4,0.13076923076923078,1,182
10.0,1.6094379124341003,13.0,1.4,0.13076923076923078,1,182
10.0,1.6094379124341003,13.0,0.9,0.13076923076923078,1,182
50.0,1.6094379124341003,14.0,7.0,0.13076923076923078,1,182
50.0,1.6094379124341003,12.0,2.4,0.13076923076923078,1,182
50.0,1.6094379124341003,13.0,1.4,0.13076923076923078,1,182
50.0,1.6094379124341003,13.0,0.9,0.13076923076923078,1,182
0.0,1.6094379124341003,14.0,7.0,0.13076923076923078,1,182
0.0,1.6094379124341003,12.0,2.4,0.13076923076923078,1,182
0.0,1.6094379124341003,13.0,1.4,0.13076923076923078,1,182
0.0,1.6094379124341003,13.0,0.9,0.13076923076923078,1,182
10.0,1.6094379124341003,14.0,7.0,0.13076923076923078,1,182
10.0,1.6094379124341003,12.0,2.4,0.13076923076923078,1,182
10.0,1.6094379124341003,13.0,1.4,0.13076923076923078,1,182
10.0,1.6094379124341003,13.0,0.9,0.13076923076923078,1,182
50.0,1.6094379124341003,14.0,7.0,0.13076923076923078,1,182
50.0,1.6094379124341003,12.0,2.4,0.13076923076923078,1,182
50.0,1.6094379124341003,13.0,1.4,0.13076923076923078,1,182
50.0,1.6094379124341003,13.0,0.9,0.13076923076923078,1,182
0.0,1.6094379124341003,14.0,7.0,0.13076923076923078,1,182
0.0,1.6094379124341003,12.0,2.4,0.13076923076923078,1,182
0.0,1.6094379124341003,13.0,1.4,0.13076923076923078,1,182
0.0,1.6094379124341003,13.0,0.9,0.13076923076923078,1,182
0.0,1.3862943611198906,13.0,1.4,0.13076923076923078,2,182
0.0,1.791759469228055,14.0,3.4,0.13076923076923078,2,182
0.0,1.3862943611198906,13.0,3.9,0.13076923076923078,1,182
0.0,1.3862943611198906,13.0,3.0,0.13076923076923078,2,182
0.0,1.3862943611198906,13.0,2.2,0.13076923076923078,1,182
0.0,1.0986122886681098,13.0,2.9,0.13076923076923078,1,182
0.0,1.6094379124341003,13.0,1.4,0.13076923076923078,2,182
0.0,0.6931471805599453,12.0,5.7,0.13076923076923078,1,182
90.0,0.6931471805599453,12.0,5.7,0.13076923076923078,1,182
0.0,1.6094379124341003,13.0,4.0,0.13076923076923078,2,182
0.0,1.6094379124341003,12.0,5.5,0.13076923076923078,2,182
0.0,1.6094379124341003,13.0,4.9,0.13076923076923078,2,182
0.0,1.0986122886681098,13.0,6.2,0.13076923076923078,1,182
90.0,1.0986122886681098,13.0,6.2,0.13076923076923078,1,182
0.0,1.0986122886681098,13.0,6.1,0.13076923076923078,1,182
0.0,0.6931471805599453,14.0,5.3,0.13076923076923078,1,182
0.0,2.1972245773362196,13.0,5.3,0.13076923076923078,2,182
0.0,1.0986122886681098,14.0,0.9,0.13076923076923078,1,182
0.0,2.1972245773362196,14.0,2.4,0.13076923076923078,2,182
0.0,0.6931471805599453,13.0,8.0,0.13076923076923078,1,182
90.0,0.6931471805599453,13.0,8.0,0.13076923076923078,1,182
0.0,3.4339872044851463,13.0,5.8,0.13076923076923078,2,182
0.0,0.6931471805599453,14.0,6.5,0.13076923076923078,1,182
50.0,0.6931471805599453,14.0,6.5,0.13076923076923078,1,182
0.0,1.791759469228055,14.0,5.6,0.13076923076923078,2,182
0.0,1.0986122886681098,14.0,4.7,0.13076923076923078,1,182
0.0,1.0986122886681098,14.0,4.7,0.13076923076923078,1,182
0.0,1.3862943611198906,14.0,3.9,0.13076923076923078,1,182
0.0,1.3862943611198906,14.0,3.9,0.13076923076923078,1,182
0.0,1.3862943611198906,14.0,3.9,0.13076923076923078,1,182
0.0,0.6931471805599453,13.0,2.8,0.13076923076923078,1,182
0.0,0.6931471805599453,13.0,2.8,0.13076923076923078,1,182
0.0,1.3862943611198906,13.0,5.1,0.13076923076923078,2,182
0.0,0.6931471805599453,13.0,3.1,0.13076923076923078,1,182
0.0,0.6931471805599453,13.0,3.1,0.13076923076923078,1,182
0.0,1.9459101490553132,13.0,3.6,0.13076923076923078,2,182
25.0,1.0986122886681098,16.0,3.3,0.4444444444444444,2,183
0.0,1.0986122886681098,16.0,3.3,0.4444444444444444,2,183
50.0,2.5649493574615367,16.0,3.1,0.4444444444444444,2,183
40.0,2.5649493574615367,16.0,3.1,0.4444444444444444,2,183
70.0,3.044522437723423,13.0,3.0,0.4444444444444444,1,183
100.0,3.044522437723423,13.0,3.0,0.4444444444444444,1,183
0.0,1.6094379124341003,13.0,7.8,0.4444444444444444,2,183
0.0,1.6094379124341003,13.0,7.8,0.4444444444444444,2,183
90.0,1.0986122886681098,13.0,6.4,0.4444444444444444,1,183
0.0,1.791759469228055,12.0,8.7,0.4444444444444444,2,183
10.0,1.791759469228055,12.0,8.7,0.4444444444444444,2,183
0.0,1.791759469228055,12.0,8.7,0.4444444444444444,2,183
0.0,2.0794415416798357,11.0,26.6,0.4444444444444444,2,183
0.0,2.0794415416798357,11.0,26.6,0.4444444444444444,2,183
0.0,1.791759469228055,13.0,4.1,0.4444444444444444,2,183
50.0,1.3862943611198906,12.0,7.6,0.4444444444444444,2,183
40.0,1.3862943611198906,12.0,7.6,0.4444444444444444,2,183
0.0,3.9318256327243257,11.0,14.5,0.4444444444444444,2,183
0.0,3.9318256327243257,11.0,14.5,0.4444444444444444,2,183
0.0,4.2626798770413155,12.0,4.4,0.4444444444444444,2,183
0.0,4.2626798770413155,12.0,4.4,0.4444444444444444,2,183
0.0,1.6094379124341003,15.0,5.1,0.4444444444444444,2,183
0.0,1.6094379124341003,15.0,5.1,0.4444444444444444,2,183
50.0,3.713572066704308,15.0,5.1,0.4444444444444444,2,183
0.0,3.713572066704308,15.0,5.1,0.4444444444444444,2,183
75.0,1.0986122886681098,14.0,2.1,0.4444444444444444,1,183
50.0,1.0986122886681098,14.0,2.1,0.4444444444444444,1,183
75.0,0.6931471805599453,14.0,2.1,0.4444444444444444,2,183
50.0,0.6931471805599453,14.0,2.1,0.4444444444444444,2,183
50.0,1.0986122886681098,12.0,9.7,0.4444444444444444,1,183
0.0,1.0986122886681098,12.0,9.7,0.4444444444444444,1,183
0.0,2.3978952727983707,14.0,13.5,0.4444444444444444,2,183
0.0,2.3978952727983707,14.0,13.5,0.4444444444444444,2,183
0.0,1.791759469228055,13.0,13.4,0.4444444444444444,2,183
0.0,1.791759469228055,13.0,13.4,0.4444444444444444,2,183
60.0,1.0986122886681098,13.0,5.2,0.4444444444444444,2,183
50.0,1.0986122886681098,13.0,5.2,0.4444444444444444,2,183
70.0,0.6931471805599453,13.0,4.7,0.4444444444444444,1,183
60.0,0.6931471805599453,12.0,6.4,0.4444444444444444,2,183
50.0,1.3862943611198906,14.0,5.0,0.4444444444444444,1,183
25.0,1.3862943611198906,14.0,5.0,0.4444444444444444,1,183
50.0,0.6931471805599453,14.0,5.0,0.4444444444444444,2,183
25.0,0.6931471805599453,14.0,5.0,0.4444444444444444,2,183
0.0,2.1972245773362196,15.0,7.1,0.4444444444444444,2,183
0.0,2.1972245773362196,15.0,7.1,0.4444444444444444,2,183
73.0,1.3862943611198906,12.0,4.1,0.4444444444444444,1,183
0.0,1.3862943611198906,12.0,4.1,0.4444444444444444,1,183
0.0,1.3862943611198906,12.0,4.1,0.4444444444444444,1,183
73.0,1.6094379124341003,12.0,4.1,0.4444444444444444,2,183
0.0,1.6094379124341003,12.0,4.1,0.4444444444444444,2,183
0.0,1.6094379124341003,12.0,4.1,0.4444444444444444,2,183
60.0,1.3862943611198906,12.0,4.4,0.4444444444444444,1,183
0.0,2.1972245773362196,12.0,3.9,0.4444444444444444,2,183
0.0,2.1972245773362196,12.0,3.9,0.4444444444444444,2,183
0.0,1.6094379124341003,14.0,2.8,0.4444444444444444,2,183
0.0,1.6094379124341003,14.0,2.8,0.4444444444444444,2,183
70.0,0.6931471805599453,13.0,2.2,0.4444444444444444,1,183
10.0,6.2166061010848646,12.0,5.3,0.4444444444444444,2,183
10.0,6.2166061010848646,12.0,5.3,0.4444444444444444,2,183
25.0,4.61512051684126,12.0,5.6,0.4444444444444444,2,183
0.0,4.61512051684126,12.0,5.6,0.4444444444444444,2,183
30.0,3.9318256327243257,13.0,4.2,0.4444444444444444,2,183
10.0,0.6931471805599453,13.0,4.0,0.047619047619047616,1,184
10.0,0.6931471805599453,13.0,4.0,0.047619047619047616,1,184
10.0,1.791759469228055,14.0,4.7,0.047619047619047616,1,184
10.0,1.791759469228055,13.0,6.1,0.047619047619047616,1,184
10.0,1.791759469228055,13.0,2.2,0.047619047619047616,1,184
0.0,1.791759469228055,14.0,4.7,0.047619047619047616,1,184
0.0,1.791759469228055,13.0,6.1,0.047619047619047616,1,184
0.0,1.791759469228055,13.0,2.2,0.047619047619047616,1,184
0.0,1.791759469228055,14.0,4.7,0.047619047619047616,1,184
0.0,1.791759469228055,13.0,6.1,0.047619047619047616,1,184
0.0,1.791759469228055,13.0,2.2,0.047619047619047616,1,184
10.0,1.6094379124341003,14.0,4.7,0.047619047619047616,1,184
0.0,1.3862943611198906,12.0,6.8,0.047619047619047616,2,184
0.0,1.3862943611198906,16.0,7.2,0.047619047619047616,2,184
0.0,0.6931471805599453,15.0,6.2,0.047619047619047616,1,184
0.0,0.6931471805599453,12.0,8.2,0.047619047619047616,1,184
0.0,0.6931471805599453,15.0,6.2,0.047619047619047616,1,184
0.0,0.6931471805599453,12.0,8.2,0.047619047619047616,1,184
0.0,0.6931471805599453,13.0,4.8,0.047619047619047616,1,184
0.0,3.713572066704308,12.0,7.8,0.047619047619047616,1,184
0.0,2.4849066497880004,14.0,7.7,0.047619047619047616,1,184
0.0,4.189654742026425,14.0,7.3,0.047619047619047616,2,184
0.0,3.9318256327243257,13.0,4.4,0.047619047619047616,1,184
0.0,3.044522437723423,13.0,3.4,0.047619047619047616,2,184
0.0,3.58351893845611,13.0,4.8,0.047619047619047616,1,184
0.0,3.58351893845611,13.0,4.8,0.047619047619047616,1,184
0.0,3.58351893845611,13.0,4.8,0.047619047619047616,1,184
0.0,1.3862943611198906,13.0,4.8,0.047619047619047616,2,184
0.0,1.3862943611198906,13.0,4.8,0.047619047619047616,2,184
0.0,1.3862943611198906,13.0,4.8,0.047619047619047616,2,184
0.0,3.9318256327243257,13.0,5.1,0.047619047619047616,1,184
0.0,3.9318256327243257,13.0,5.1,0.047619047619047616,1,184
0.0,3.9318256327243257,13.0,5.1,0.047619047619047616,1,184
0.0,2.3978952727983707,13.0,5.1,0.047619047619047616,2,184
0.0,2.3978952727983707,13.0,5.1,0.047619047619047616,2,184
0.0,2.3978952727983707,13.0,5.1,0.047619047619047616,2,184
0.0,5.017279836814924,12.0,6.1,0.047619047619047616,1,184
0.0,5.017279836814924,12.0,6.1,0.047619047619047616,1,184
0.0,3.9318256327243257,13.0,3.5,0.047619047619047616,1,184
0.0,3.9318256327243257,13.0,3.5,0.047619047619047616,1,184
0.0,3.9318256327243257,13.0,3.5,0.047619047619047616,1,184
0.0,1.0986122886681098,13.0,3.5,0.047619047619047616,2,184
0.0,1.0986122886681098,13.0,3.5,0.047619047619047616,2,184
0.0,1.0986122886681098,13.0,3.5,0.047619047619047616,2,184
0.0,1.791759469228055,14.0,7.5,0.047619047619047616,1,184
0.0,4.110873864173311,12.0,9.9,0.047619047619047616,1,184
0.0,4.110873864173311,12.0,9.9,0.047619047619047616,1,184
0.0,4.110873864173311,12.0,9.9,0.047619047619047616,1,184
0.0,1.3862943611198906,12.0,9.9,0.047619047619047616,2,184
0.0,1.3862943611198906,12.0,9.9,0.047619047619047616,2,184
0.0,1.3862943611198906,12.0,9.9,0.047619047619047616,2,184
0.0,1.6094379124341003,12.0,5.3,0.047619047619047616,1,184
0.0,1.6094379124341003,12.0,5.3,0.047619047619047616,1,184
0.0,0.6931471805599453,12.0,5.4,0.047619047619047616,1,184
0.0,3.4339872044851463,15.0,4.3,0.047619047619047616,3,184
0.0,0.6931471805599453,14.0,3.4,0.047619047619047616,3,184
0.0,2.1972245773362196,13.0,5.9,0.047619047619047616,2,184
0.0,3.9318256327243257,13.0,3.9,0.047619047619047616,1,184
0.0,3.9318256327243257,14.0,3.5,0.047619047619047616,1,184
0.0,3.9318256327243257,13.0,3.9,0.047619047619047616,1,184
0.0,3.9318256327243257,14.0,3.5,0.047619047619047616,1,184
0.0,3.9318256327243257,13.0,3.9,0.047619047619047616,1,184
0.0,3.9318256327243257,14.0,3.5,0.047619047619047616,1,184
0.0,3.9318256327243257,13.0,3.9,0.047619047619047616,1,184
0.0,3.9318256327243257,14.0,3.5,0.047619047619047616,1,184
0.0,1.3862943611198906,13.0,3.9,0.047619047619047616,1,184
0.0,1.3862943611198906,14.0,3.5,0.047619047619047616,1,184
0.0,1.3862943611198906,13.0,3.9,0.047619047619047616,1,184
0.0,1.3862943611198906,14.0,3.5,0.047619047619047616,1,184
0.0,1.3862943611198906,13.0,3.9,0.047619047619047616,1,184
0.0,1.3862943611198906,14.0,3.5,0.047619047619047616,1,184
0.0,1.3862943611198906,13.0,3.9,0.047619047619047616,1,184
0.0,1.3862943611198906,14.0,3.5,0.047619047619047616,1,184
0.0,2.5649493574615367,12.0,3.6,0.11557788944723618,1,185
0.0,2.5649493574615367,12.0,3.6,0.11557788944723618,1,185
0.0,2.5649493574615367,12.0,3.5,0.11557788944723618,1,185
50.0,2.5649493574615367,12.0,3.5,0.11557788944723618,1,185
0.0,2.5649493574615367,12.0,3.5,0.11557788944723618,1,185
0.0,3.044522437723423,12.0,3.7,0.11557788944723618,1,185
0.0,3.044522437723423,12.0,3.7,0.11557788944723618,1,185
0.0,1.3862943611198906,12.0,6.0,0.11557788944723618,1,185
0.0,3.044522437723423,12.0,4.8,0.11557788944723618,1,185
0.0,3.044522437723423,12.0,4.8,0.11557788944723618,1,185
0.0,3.044522437723423,12.0,3.7,0.11557788944723618,1,185
30.0,3.044522437723423,12.0,3.7,0.11557788944723618,1,185
0.0,3.044522437723423,12.0,3.7,0.11557788944723618,1,185
0.0,1.9459101490553132,13.0,4.4,0.11557788944723618,2,185
0.0,2.302585092994046,12.0,8.5,0.11557788944723618,2,185
0.0,2.302585092994046,12.0,8.5,0.11557788944723618,2,185
0.0,5.017279836814924,12.0,8.8,0.11557788944723618,1,185
0.0,5.017279836814924,12.0,8.8,0.11557788944723618,1,185
50.0,5.017279836814924,12.0,8.8,0.11557788944723618,1,185
0.0,5.017279836814924,12.0,8.8,0.11557788944723618,1,185
0.0,2.3978952727983707,13.0,8.5,0.11557788944723618,1,185
0.0,0.6931471805599453,11.0,8.8,0.11557788944723618,1,185
0.0,1.3862943611198906,12.0,7.6,0.11557788944723618,2,185
0.0,0.6931471805599453,12.0,3.4,0.11557788944723618,1,185
0.0,0.6931471805599453,12.0,3.1,0.11557788944723618,1,185
80.0,0.6931471805599453,12.0,3.4,0.11557788944723618,1,185
80.0,0.6931471805599453,12.0,3.1,0.11557788944723618,1,185
0.0,0.6931471805599453,12.0,3.4,0.11557788944723618,1,185
0.0,0.6931471805599453,12.0,3.1,0.11557788944723618,1,185
50.0,0.6931471805599453,12.0,3.4,0.11557788944723618,1,185
50.0,0.6931471805599453,12.0,3.1,0.11557788944723618,1,185
0.0,5.017279836814924,11.0,9.5,0.11557788944723618,1,185
0.0,5.017279836814924,12.0,8.9,0.11557788944723618,1,185
0.0,5.017279836814924,11.0,9.5,0.11557788944723618,1,185
0.0,5.017279836814924,12.0,8.9,0.11557788944723618,1,185
0.0,1.6094379124341003,12.0,9.4,0.11557788944723618,2,185
0.0,5.5254529391317835,11.0,9.5,0.11557788944723618,2,185
0.0,5.5254529391317835,12.0,8.9,0.11557788944723618,2,185
0.0,5.5254529391317835,11.0,9.5,0.11557788944723618,2,185
0.0,5.5254529391317835,12.0,8.9,0.11557788944723618,2,185
20.0,4.394449154672439,13.0,4.2,0.11557788944723618,1,185
20.0,4.394449154672439,11.0,9.6,0.11557788944723618,1,185
0.0,4.394449154672439,13.0,4.2,0.11557788944723618,1,185
0.0,4.394449154672439,11.0,9.6,0.11557788944723618,1,185
0.0,3.258096538021482,12.0,9.1,0.11557788944723618,1,185
0.0,3.258096538021482,12.0,9.1,0.11557788944723618,1,185
0.0,4.61512051684126,11.0,8.8,0.11557788944723618,1,185
0.0,4.61512051684126,11.0,8.8,0.11557788944723618,1,185
0.0,4.61512051684126,11.0,8.8,0.11557788944723618,1,185
0.0,1.3862943611198906,12.0,12.9,0.11557788944723618,2,185
0.0,3.9318256327243257,12.0,8.5,0.11557788944723618,1,185
0.0,3.9318256327243257,12.0,8.5,0.11557788944723618,1,185
0.0,3.713572066704308,12.0,6.9,0.11557788944723618,1,185
0.0,3.713572066704308,12.0,6.9,0.11557788944723618,1,185
0.0,3.9318256327243257,12.0,6.8,0.11557788944723618,1,185
0.0,3.9318256327243257,12.0,6.8,0.11557788944723618,1,185
0.0,0.6931471805599453,14.0,7.4,0.11557788944723618,1,185
0.0,0.6931471805599453,14.0,7.4,0.11557788944723618,1,185
0.0,3.713572066704308,14.0,7.4,0.11557788944723618,1,185
20.0,3.713572066704308,14.0,7.4,0.11557788944723618,1,185
0.0,3.713572066704308,14.0,7.4,0.11557788944723618,1,185
0.0,3.828641396489095,14.0,7.4,0.11557788944723618,1,185
0.0,1.3862943611198906,12.0,6.9,0.11557788944723618,2,185
0.0,0.6931471805599453,12.0,7.4,0.11557788944723618,1,185
0.0,0.6931471805599453,12.0,7.2,0.11557788944723618,1,185
30.0,0.6931471805599453,12.0,7.4,0.11557788944723618,1,185
30.0,0.6931471805599453,12.0,7.2,0.11557788944723618,1,185
0.0,0.6931471805599453,12.0,7.4,0.11557788944723618,1,185
0.0,0.6931471805599453,12.0,7.2,0.11557788944723618,1,185
0.0,0.6931471805599453,12.0,7.4,0.11557788944723618,1,185
0.0,0.6931471805599453,12.0,7.2,0.11557788944723618,1,185
20.0,0.6931471805599453,12.0,7.4,0.11557788944723618,1,185
20.0,0.6931471805599453,12.0,7.2,0.11557788944723618,1,185
0.0,1.6094379124341003,12.0,8.6,0.11557788944723618,2,185
0.0,1.6094379124341003,12.0,9.1,0.11557788944723618,2,185
0.0,1.6094379124341003,12.0,8.6,0.11557788944723618,2,185
0.0,1.6094379124341003,12.0,9.1,0.11557788944723618,2,185
0.0,1.0986122886681098,12.0,6.4,0.11557788944723618,1,185
0.0,1.0986122886681098,12.0,5.9,0.11557788944723618,1,185
0.0,1.0986122886681098,12.0,6.4,0.11557788944723618,1,185
0.0,1.0986122886681098,12.0,5.9,0.11557788944723618,1,185
20.0,1.0986122886681098,12.0,6.4,0.11557788944723618,1,185
20.0,1.0986122886681098,12.0,5.9,0.11557788944723618,1,185
0.0,3.9318256327243257,12.0,7.4,0.11557788944723618,1,185
0.0,3.9318256327243257,12.0,7.1,0.11557788944723618,1,185
0.0,3.044522437723423,12.0,7.4,0.11557788944723618,1,185
0.0,3.044522437723423,12.0,7.2,0.11557788944723618,1,185
30.0,3.044522437723423,12.0,7.4,0.11557788944723618,1,185
30.0,3.044522437723423,12.0,7.2,0.11557788944723618,1,185
0.0,3.044522437723423,12.0,7.4,0.11557788944723618,1,185
0.0,3.044522437723423,12.0,7.2,0.11557788944723618,1,185
0.0,3.044522437723423,12.0,7.4,0.11557788944723618,1,185
0.0,3.044522437723423,12.0,7.2,0.11557788944723618,1,185
20.0,3.044522437723423,12.0,7.4,0.11557788944723618,1,185
20.0,3.044522437723423,12.0,7.2,0.11557788944723618,1,185
0.0,5.993961427306569,12.0,8.6,0.11557788944723618,2,185
0.0,5.993961427306569,12.0,9.1,0.11557788944723618,2,185
0.0,5.993961427306569,12.0,8.6,0.11557788944723618,2,185
0.0,5.993961427306569,12.0,9.1,0.11557788944723618,2,185
0.0,3.9318256327243257,13.0,8.3,0.11557788944723618,1,185
50.0,3.9318256327243257,13.0,8.3,0.11557788944723618,1,185
0.0,3.9318256327243257,13.0,8.2,0.11557788944723618,1,185
0.0,3.9318256327243257,13.0,8.2,0.11557788944723618,1,185
0.0,3.9318256327243257,13.0,8.2,0.11557788944723618,1,185
0.0,3.713572066704308,13.0,8.7,0.11557788944723618,2,185
0.0,3.713572066704308,13.0,8.7,0.11557788944723618,2,185
0.0,4.394449154672439,13.0,8.1,0.11557788944723618,1,185
50.0,4.394449154672439,13.0,8.1,0.11557788944723618,1,185
0.0,4.394449154672439,13.0,8.1,0.11557788944723618,1,185
0.0,1.0986122886681098,12.0,7.4,0.11557788944723618,1,185
0.0,0.6931471805599453,12.0,8.2,0.11557788944723618,2,185
0.0,0.6931471805599453,12.0,8.2,0.11557788944723618,2,185
0.0,0.6931471805599453,12.0,9.5,0.11557788944723618,1,185
0.0,0.6931471805599453,12.0,9.5,0.11557788944723618,1,185
60.0,0.6931471805599453,12.0,9.5,0.11557788944723618,1,185
0.0,0.6931471805599453,12.0,9.5,0.11557788944723618,1,185
0.0,1.791759469228055,12.0,9.7,0.11557788944723618,2,185
0.0,5.017279836814924,12.0,6.3,0.11557788944723618,1,185
0.0,1.0986122886681098,12.0,6.2,0.11557788944723618,2,185
0.0,4.110873864173311,12.0,9.3,0.11557788944723618,1,185
0.0,3.258096538021482,12.0,10.4,0.11557788944723618,2,185
0.0,1.791759469228055,12.0,7.5,0.11557788944723618,1,185
0.0,1.791759469228055,12.0,9.5,0.11557788944723618,1,185
0.0,1.791759469228055,12.0,8.8,0.11557788944723618,1,185
20.0,1.791759469228055,12.0,7.5,0.11557788944723618,1,185
20.0,1.791759469228055,12.0,9.5,0.11557788944723618,1,185
20.0,1.791759469228055,12.0,8.8,0.11557788944723618,1,185
0.0,1.791759469228055,12.0,7.5,0.11557788944723618,1,185
0.0,1.791759469228055,12.0,9.5,0.11557788944723618,1,185
0.0,1.791759469228055,12.0,8.8,0.11557788944723618,1,185
0.0,1.791759469228055,12.0,7.5,0.11557788944723618,1,185
0.0,1.791759469228055,12.0,9.5,0.11557788944723618,1,185
0.0,1.791759469228055,12.0,8.8,0.11557788944723618,1,185
0.0,1.791759469228055,12.0,7.5,0.11557788944723618,1,185
0.0,1.791759469228055,12.0,9.5,0.11557788944723618,1,185
0.0,1.791759469228055,12.0,8.8,0.11557788944723618,1,185
0.0,5.017279836814924,12.0,6.8,0.11557788944723618,1,185
0.0,5.017279836814924,12.0,9.1,0.11557788944723618,1,185
0.0,5.017279836814924,17.0,3.7,0.11557788944723618,1,185
90.0,5.017279836814924,12.0,6.8,0.11557788944723618,1,185
90.0,5.017279836814924,12.0,9.1,0.11557788944723618,1,185
90.0,5.017279836814924,17.0,3.7,0.11557788944723618,1,185
0.0,5.017279836814924,12.0,6.8,0.11557788944723618,1,185
0.0,5.017279836814924,12.0,9.1,0.11557788944723618,1,185
0.0,5.017279836814924,17.0,3.7,0.11557788944723618,1,185
20.0,5.017279836814924,12.0,6.8,0.11557788944723618,1,185
20.0,5.017279836814924,12.0,9.1,0.11557788944723618,1,185
20.0,5.017279836814924,17.0,3.7,0.11557788944723618,1,185
0.0,5.017279836814924,12.0,6.8,0.11557788944723618,1,185
0.0,5.017279836814924,12.0,9.1,0.11557788944723618,1,185
0.0,5.017279836814924,17.0,3.7,0.11557788944723618,1,185
0.0,1.0986122886681098,12.0,3.4,0.11557788944723618,1,185
0.0,5.017279836814924,12.0,7.0,0.11557788944723618,2,185
0.0,5.017279836814924,16.0,4.0,0.11557788944723618,2,185
0.0,5.017279836814924,13.0,4.8,0.11557788944723618,2,185
30.0,5.017279836814924,12.0,7.0,0.11557788944723618,2,185
30.0,5.017279836814924,16.0,4.0,0.11557788944723618,2,185
30.0,5.017279836814924,13.0,4.8,0.11557788944723618,2,185
0.0,5.017279836814924,12.0,7.0,0.11557788944723618,2,185
0.0,5.017279836814924,16.0,4.0,0.11557788944723618,2,185
0.0,5.017279836814924,13.0,4.8,0.11557788944723618,2,185
0.0,5.017279836814924,12.0,7.0,0.11557788944723618,2,185
0.0,5.017279836814924,16.0,4.0,0.11557788944723618,2,185
0.0,5.017279836814924,13.0,4.8,0.11557788944723618,2,185
0.0,5.017279836814924,11.0,7.8,0.11557788944723618,2,185
0.0,1.3862943611198906,12.0,6.8,0.11557788944723618,2,185
0.0,1.3862943611198906,12.0,9.1,0.11557788944723618,2,185
0.0,1.3862943611198906,17.0,3.7,0.11557788944723618,2,185
90.0,1.3862943611198906,12.0,6.8,0.11557788944723618,2,185
90.0,1.3862943611198906,12.0,9.1,0.11557788944723618,2,185
90.0,1.3862943611198906,17.0,3.7,0.11557788944723618,2,185
0.0,1.3862943611198906,12.0,6.8,0.11557788944723618,2,185
0.0,1.3862943611198906,12.0,9.1,0.11557788944723618,2,185
0.0,1.3862943611198906,17.0,3.7,0.11557788944723618,2,185
20.0,1.3862943611198906,12.0,6.8,0.11557788944723618,2,185
20.0,1.3862943611198906,12.0,9.1,0.11557788944723618,2,185
20.0,1.3862943611198906,17.0,3.7,0.11557788944723618,2,185
0.0,1.3862943611198906,12.0,6.8,0.11557788944723618,2,185
0.0,1.3862943611198906,12.0,9.1,0.11557788944723618,2,185
0.0,1.3862943611198906,17.0,3.7,0.11557788944723618,2,185
0.0,5.017279836814924,12.0,7.0,0.11557788944723618,2,185
0.0,5.017279836814924,16.0,4.0,0.11557788944723618,2,185
0.0,5.017279836814924,13.0,4.8,0.11557788944723618,2,185
30.0,5.017279836814924,12.0,7.0,0.11557788944723618,2,185
30.0,5.017279836814924,16.0,4.0,0.11557788944723618,2,185
30.0,5.017279836814924,13.0,4.8,0.11557788944723618,2,185
0.0,5.017279836814924,12.0,7.0,0.11557788944723618,2,185
0.0,5.017279836814924,16.0,4.0,0.11557788944723618,2,185
0.0,5.017279836814924,13.0,4.8,0.11557788944723618,2,185
0.0,5.017279836814924,12.0,7.0,0.11557788944723618,2,185
0.0,5.017279836814924,16.0,4.0,0.11557788944723618,2,185
0.0,5.017279836814924,13.0,4.8,0.11557788944723618,2,185
0.0,3.4339872044851463,12.0,7.8,0.11557788944723618,1,185
0.0,3.4339872044851463,12.0,8.5,0.11557788944723618,1,185
0.0,3.4339872044851463,12.0,8.1,0.11557788944723618,1,185
0.0,3.4339872044851463,12.0,7.8,0.11557788944723618,1,185
0.0,3.4339872044851463,12.0,8.5,0.11557788944723618,1,185
0.0,3.4339872044851463,12.0,8.1,0.11557788944723618,1,185
0.0,3.4339872044851463,12.0,7.8,0.11557788944723618,1,185
0.0,3.4339872044851463,12.0,8.5,0.11557788944723618,1,185
0.0,3.4339872044851463,12.0,8.1,0.11557788944723618,1,185
0.0,3.713572066704308,12.0,7.5,0.11557788944723618,1,185
0.0,3.713572066704308,12.0,9.5,0.11557788944723618,1,185
0.0,3.713572066704308,12.0,8.8,0.11557788944723618,1,185
20.0,3.713572066704308,12.0,7.5,0.11557788944723618,1,185
20.0,3.713572066704308,12.0,9.5,0.11557788944723618,1,185
20.0,3.713572066704308,12.0,8.8,0.11557788944723618,1,185
0.0,3.713572066704308,12.0,7.5,0.11557788944723618,1,185
0.0,3.713572066704308,12.0,9.5,0.11557788944723618,1,185
0.0,3.713572066704308,12.0,8.8,0.11557788944723618,1,185
0.0,3.713572066704308,12.0,7.5,0.11557788944723618,1,185
0.0,3.713572066704308,12.0,9.5,0.11557788944723618,1,185
0.0,3.713572066704308,12.0,8.8,0.11557788944723618,1,185
0.0,3.713572066704308,12.0,7.5,0.11557788944723618,1,185
0.0,3.713572066704308,12.0,9.5,0.11557788944723618,1,185
0.0,3.713572066704308,12.0,8.8,0.11557788944723618,1,185
0.0,5.5254529391317835,12.0,6.8,0.11557788944723618,2,185
0.0,5.5254529391317835,12.0,9.1,0.11557788944723618,2,185
0.0,5.5254529391317835,17.0,3.7,0.11557788944723618,2,185
90.0,5.5254529391317835,12.0,6.8,0.11557788944723618,2,185
90.0,5.5254529391317835,12.0,9.1,0.11557788944723618,2,185
90.0,5.5254529391317835,17.0,3.7,0.11557788944723618,2,185
0.0,5.5254529391317835,12.0,6.8,0.11557788944723618,2,185
0.0,5.5254529391317835,12.0,9.1,0.11557788944723618,2,185
0.0,5.5254529391317835,17.0,3.7,0.11557788944723618,2,185
20.0,5.5254529391317835,12.0,6.8,0.11557788944723618,2,185
20.0,5.5254529391317835,12.0,9.1,0.11557788944723618,2,185
20.0,5.5254529391317835,17.0,3.7,0.11557788944723618,2,185
0.0,5.5254529391317835,12.0,6.8,0.11557788944723618,2,185
0.0,5.5254529391317835,12.0,9.1,0.11557788944723618,2,185
0.0,5.5254529391317835,17.0,3.7,0.11557788944723618,2,185
0.0,0.6931471805599453,12.0,7.8,0.07339449541284404,1,186
0.0,0.6931471805599453,12.0,7.8,0.07339449541284404,1,186
0.0,0.6931471805599453,12.0,7.1,0.07339449541284404,1,186
0.0,0.6931471805599453,12.0,7.1,0.07339449541284404,1,186
0.0,1.6094379124341003,12.0,4.9,0.07339449541284404,2,186
20.0,1.791759469228055,13.0,5.3,0.07339449541284404,1,186
0.0,1.3862943611198906,12.0,18.6,0.07339449541284404,1,186
0.0,1.0986122886681098,12.0,11.2,0.07339449541284404,1,186
0.0,1.0986122886681098,12.0,7.5,0.07339449541284404,2,186
50.0,1.0986122886681098,13.0,7.9,0.07339449541284404,1,186
30.0,1.6094379124341003,13.0,7.7,0.07339449541284404,2,186
0.0,4.007333185232471,12.0,4.9,0.07339449541284404,1,186
0.0,1.3862943611198906,11.0,15.2,0.07339449541284404,2,186
0.0,0.6931471805599453,14.0,10.8,0.07339449541284404,1,186
0.0,0.6931471805599453,14.0,10.8,0.07339449541284404,1,186
0.0,1.0986122886681098,11.0,16.2,0.07339449541284404,1,186
0.0,1.0986122886681098,14.0,6.1,0.07339449541284404,2,186
30.0,5.017279836814924,12.0,8.3,0.07339449541284404,1,186
0.0,5.017279836814924,12.0,8.3,0.07339449541284404,1,186
0.0,1.791759469228055,12.0,8.3,0.07339449541284404,2,186
0.0,1.6094379124341003,15.0,5.0,0.07339449541284404,1,186
0.0,1.6094379124341003,15.0,5.0,0.07339449541284404,1,186
0.0,5.017279836814924,14.0,4.6,0.07339449541284404,1,186
0.0,1.9459101490553132,14.0,4.7,0.07339449541284404,1,186
0.0,5.017279836814924,15.0,5.2,0.07339449541284404,1,186
0.0,1.9459101490553132,14.0,7.2,0.07339449541284404,2,186
0.0,5.017279836814924,15.0,5.2,0.07339449541284404,1,186
0.0,5.017279836814924,15.0,5.2,0.07339449541284404,1,186
0.0,5.017279836814924,15.0,5.2,0.07339449541284404,1,186
0.0,5.017279836814924,15.0,5.2,0.07339449541284404,1,186
0.0,5.017279836814924,15.0,5.2,0.07339449541284404,1,186
30.0,2.3978952727983707,14.0,4.8,0.07339449541284404,3,186
0.0,0.6931471805599453,13.0,5.9,0.07339449541284404,1,186
0.0,0.6931471805599453,13.0,5.9,0.07339449541284404,1,186
0.0,1.0986122886681098,13.0,6.8,0.07339449541284404,1,186
0.0,0.6931471805599453,13.0,9.4,0.07339449541284404,2,186
0.0,3.4339872044851463,17.0,2.6,0.07339449541284404,1,186
0.0,3.713572066704308,20.0,2.9,0.07339449541284404,1,186
30.0,3.044522437723423,15.0,4.9,0.9473684210526315,1,187
25.0,3.044522437723423,15.0,4.9,0.9473684210526315,1,187
20.0,3.295836866004329,14.0,4.4,0.9473684210526315,1,187
25.0,3.295836866004329,14.0,4.4,0.9473684210526315,1,187
30.0,1.0986122886681098,14.0,2.8,0.9473684210526315,1,187
20.0,1.0986122886681098,14.0,2.8,0.9473684210526315,1,187
25.0,1.0986122886681098,14.0,2.8,0.9473684210526315,1,187
30.0,1.0986122886681098,13.0,3.0,0.9473684210526315,1,187
30.0,1.0986122886681098,14.0,2.7,0.9473684210526315,3,187
20.0,2.3978952727983707,12.0,7.5,0.9473684210526315,1,187
20.0,2.3978952727983707,12.0,7.5,0.9473684210526315,1,187
25.0,2.3978952727983707,12.0,7.5,0.9473684210526315,1,187
25.0,0.6931471805599453,12.0,5.7,0.9473684210526315,3,187
30.0,0.6931471805599453,13.0,1.4,0.9473684210526315,1,187
20.0,0.6931471805599453,13.0,1.4,0.9473684210526315,1,187
30.0,0.6931471805599453,13.0,1.2,0.9473684210526315,1,187
20.0,0.6931471805599453,13.0,2.9,0.9473684210526315,1,187
30.0,0.6931471805599453,13.0,2.9,0.9473684210526315,1,187
20.0,0.6931471805599453,13.0,4.2,0.9473684210526315,1,187
20.0,0.6931471805599453,13.0,4.2,0.9473684210526315,1,187
20.0,0.6931471805599453,13.0,2.7,0.9473684210526315,1,187
25.0,0.6931471805599453,13.0,2.7,0.9473684210526315,1,187
20.0,0.6931471805599453,13.0,3.9,0.9473684210526315,1,187
25.0,0.6931471805599453,13.0,3.9,0.9473684210526315,1,187
20.0,1.0986122886681098,12.0,5.2,0.9473684210526315,3,187
20.0,0.6931471805599453,12.0,4.1,0.9473684210526315,4,187
30.0,1.0986122886681098,12.0,5.6,0.9473684210526315,1,187
30.0,1.0986122886681098,14.0,1.5,0.9473684210526315,3,187
30.0,3.044522437723423,12.0,7.5,0.9473684210526315,1,187
20.0,3.044522437723423,12.0,7.5,0.9473684210526315,1,187
20.0,3.044522437723423,12.0,7.5,0.9473684210526315,1,187
25.0,3.258096538021482,12.0,8.1,0.9473684210526315,1,187
25.0,3.258096538021482,12.0,8.1,0.9473684210526315,1,187
20.0,3.258096538021482,12.0,8.1,0.9473684210526315,1,187
20.0,0.6931471805599453,12.0,8.1,0.9473684210526315,3,187
40.0,2.772588722239781,13.0,2.4,0.9473684210526315,1,187
20.0,2.772588722239781,13.0,2.4,0.9473684210526315,1,187
20.0,3.713572066704308,15.0,8.7,0.9473684210526315,4,187
30.0,2.3978952727983707,14.0,1.4,0.9473684210526315,3,187
90.0,0.6931471805599453,15.0,2.8,1.0,1,188
90.0,0.6931471805599453,15.0,3.8,1.0,1,188
90.0,2.0794415416798357,14.0,3.5,1.0,3,188
75.0,0.6931471805599453,15.0,4.6,1.0,4,188
90.0,1.791759469228055,14.0,7.4,1.0,3,188
75.0,0.6931471805599453,12.0,6.7,1.0,4,188
75.0,0.6931471805599453,14.0,3.3,1.0,4,188
90.0,0.6931471805599453,14.0,2.9,1.0,1,188
90.0,0.6931471805599453,14.0,1.8,1.0,1,188
75.0,0.6931471805599453,14.0,2.9,1.0,1,188
75.0,0.6931471805599453,14.0,1.8,1.0,1,188
65.0,0.6931471805599453,14.0,3.9,1.0,4,188
65.0,0.6931471805599453,13.0,2.4,1.0,4,188
90.0,0.6931471805599453,14.0,3.9,1.0,4,188
90.0,0.6931471805599453,13.0,2.4,1.0,4,188
70.0,0.6931471805599453,13.0,3.8,1.0,4,188
70.0,0.6931471805599453,15.0,2.1,1.0,4,188
75.0,0.6931471805599453,13.0,3.8,1.0,4,188
75.0,0.6931471805599453,15.0,2.1,1.0,4,188
70.0,1.0986122886681098,15.0,2.5,1.0,4,188
70.0,1.0986122886681098,15.0,1.9,1.0,4,188
90.0,1.0986122886681098,15.0,2.5,1.0,4,188
90.0,1.0986122886681098,15.0,1.9,1.0,4,188
75.0,0.6931471805599453,16.0,1.9,1.0,3,188
70.0,0.6931471805599453,14.0,3.2,1.0,3,188
70.0,0.6931471805599453,14.0,3.2,1.0,3,188
75.0,0.6931471805599453,13.0,3.1,1.0,0,188
70.0,0.6931471805599453,14.0,4.2,1.0,4,188
65.0,0.6931471805599453,12.0,4.5,1.0,4,188
75.0,0.6931471805599453,13.0,4.4,1.0,3,188
100.0,0.6931471805599453,13.0,3.3,1.0,1,188
100.0,0.6931471805599453,14.0,1.9,1.0,1,188
90.0,0.6931471805599453,14.0,2.9,1.0,4,188
90.0,0.6931471805599453,14.0,1.8,1.0,4,188
75.0,0.6931471805599453,14.0,2.9,1.0,4,188
75.0,0.6931471805599453,14.0,1.8,1.0,4,188
70.0,0.6931471805599453,13.0,1.6,1.0,3,188
75.0,1.0986122886681098,13.0,2.7,1.0,4,188
70.0,0.6931471805599453,13.0,3.8,1.0,4,188
70.0,0.6931471805599453,15.0,2.1,1.0,4,188
75.0,0.6931471805599453,13.0,3.8,1.0,4,188
75.0,0.6931471805599453,15.0,2.1,1.0,4,188
70.0,0.6931471805599453,15.0,2.5,1.0,2,188
70.0,0.6931471805599453,15.0,1.9,1.0,2,188
90.0,0.6931471805599453,15.0,2.5,1.0,2,188
90.0,0.6931471805599453,15.0,1.9,1.0,2,188
90.0,1.0986122886681098,14.0,2.6,1.0,1,188
75.0,1.6094379124341003,13.0,2.0,1.0,4,188
75.0,1.791759469228055,14.0,6.3,1.0,4,188
75.0,1.791759469228055,12.0,4.9,1.0,4,188
90.0,1.791759469228055,14.0,6.3,1.0,4,188
90.0,1.791759469228055,12.0,4.9,1.0,4,188
90.0,0.6931471805599453,12.0,6.7,1.0,3,188
90.0,0.6931471805599453,12.0,7.7,1.0,3,188
80.0,0.6931471805599453,12.0,6.7,1.0,3,188
80.0,0.6931471805599453,12.0,7.7,1.0,3,188
75.0,1.0986122886681098,13.0,3.8,1.0,4,188
75.0,1.0986122886681098,13.0,4.1,1.0,4,188
60.0,1.0986122886681098,13.0,3.8,1.0,4,188
60.0,1.0986122886681098,13.0,4.1,1.0,4,188
90.0,0.6931471805599453,13.0,3.7,1.0,3,188
75.0,1.6094379124341003,14.0,4.0,1.0,4,188
75.0,1.6094379124341003,13.0,4.0,1.0,4,188
90.0,0.6931471805599453,15.0,4.4,1.0,3,188
75.0,1.0986122886681098,13.0,1.0,1.0,4,188
75.0,0.6931471805599453,14.0,1.7,1.0,4,188
90.0,2.772588722239781,17.0,4.2,1.0,1,188
90.0,2.772588722239781,13.0,7.9,1.0,1,188
60.0,0.6931471805599453,16.0,4.1,1.0,4,188
60.0,0.6931471805599453,14.0,7.7,1.0,4,188
90.0,3.044522437723423,16.0,4.0,1.0,1,188
90.0,3.044522437723423,13.0,7.1,1.0,1,188
75.0,0.6931471805599453,14.0,6.3,1.0,1,188
75.0,0.6931471805599453,12.0,4.9,1.0,1,188
90.0,0.6931471805599453,14.0,6.3,1.0,1,188
90.0,0.6931471805599453,12.0,4.9,1.0,1,188
90.0,0.6931471805599453,12.0,6.7,1.0,3,188
90.0,0.6931471805599453,12.0,7.7,1.0,3,188
80.0,0.6931471805599453,12.0,6.7,1.0,3,188
80.0,0.6931471805599453,12.0,7.7,1.0,3,188
75.0,0.6931471805599453,13.0,3.8,1.0,4,188
75.0,0.6931471805599453,13.0,4.1,1.0,4,188
60.0,0.6931471805599453,13.0,3.8,1.0,4,188
60.0,0.6931471805599453,13.0,4.1,1.0,4,188
80.0,0.6931471805599453,13.0,6.1,1.0,0,188
85.0,0.6931471805599453,13.0,5.0,1.0,1,188
75.0,0.6931471805599453,14.0,5.6,1.0,3,188
75.0,1.3862943611198906,13.0,3.6,1.0,4,188
85.0,1.6094379124341003,13.0,4.4,1.0,1,188
75.0,0.6931471805599453,13.0,4.1,1.0,4,188
75.0,0.6931471805599453,13.0,4.1,1.0,3,188
75.0,1.0986122886681098,14.0,3.8,1.0,4,188
75.0,0.6931471805599453,13.0,2.9,1.0,3,188
75.0,0.6931471805599453,13.0,2.2,1.0,4,188
75.0,2.3978952727983707,13.0,2.0,1.0,3,188
75.0,0.6931471805599453,14.0,2.5,1.0,3,188
75.0,1.0986122886681098,14.0,2.6,1.0,4,188
90.0,0.6931471805599453,16.0,3.6,1.0,2,188
75.0,2.3978952727983707,16.0,3.8,1.0,4,188
100.0,0.6931471805599453,13.0,3.0,1.0,1,188
80.0,0.6931471805599453,13.0,2.6,1.0,3,188
75.0,0.6931471805599453,13.0,2.6,1.0,4,188
75.0,2.3978952727983707,14.0,2.4,1.0,4,188
80.0,1.3862943611198906,13.0,4.5,1.0,3,188
75.0,0.6931471805599453,14.0,5.0,1.0,4,188
80.0,0.6931471805599453,12.0,4.7,1.0,3,188
75.0,0.6931471805599453,14.0,5.1,1.0,4,188
80.0,0.6931471805599453,13.0,2.3,1.0,3,188
80.0,0.6931471805599453,18.0,2.2,1.0,3,188
80.0,0.6931471805599453,12.0,4.3,1.0,3,188
90.0,0.6931471805599453,14.0,4.1,1.0,1,188
75.0,0.6931471805599453,13.0,3.8,1.0,4,188
75.0,0.6931471805599453,14.0,3.2,1.0,4,188
75.0,1.0986122886681098,16.0,2.8,1.0,4,188
90.0,0.6931471805599453,12.0,4.4,1.0,3,188
75.0,0.6931471805599453,13.0,6.7,1.0,4,188
75.0,0.6931471805599453,14.0,3.2,1.0,4,188
90.0,0.6931471805599453,14.0,3.3,1.0,2,188
90.0,0.6931471805599453,14.0,3.6,1.0,3,188
90.0,0.6931471805599453,13.0,2.2,1.0,3,188
75.0,1.0986122886681098,14.0,1.9,1.0,4,188
90.0,0.6931471805599453,18.0,2.2,1.0,3,188
75.0,1.0986122886681098,15.0,4.6,1.0,4,188
90.0,0.6931471805599453,14.0,3.9,1.0,1,188
80.0,0.6931471805599453,15.0,5.0,1.0,3,188
60.0,0.6931471805599453,13.0,4.6,1.0,4,188
60.0,0.6931471805599453,14.0,3.6,1.0,4,188
60.0,1.3862943611198906,14.0,4.7,1.0,4,188
60.0,1.791759469228055,12.0,5.3,1.0,4,188
60.0,1.0986122886681098,13.0,4.8,1.0,4,188
80.0,3.258096538021482,13.0,4.8,1.0,3,188
90.0,0.6931471805599453,13.0,2.8,1.0,1,188
75.0,2.302585092994046,12.0,4.0,1.0,3,188
75.0,1.1151415906193203,14.0,3.3,1.0,4,188
75.0,2.772588722239781,15.0,2.5,1.0,3,188
75.0,0.6931471805599453,13.0,1.8,1.0,4,188
75.0,0.6931471805599453,12.0,6.8,1.0,3,188
75.0,3.091042453358316,14.0,3.1,1.0,3,188
75.0,1.0986122886681098,14.0,2.0,1.0,4,188
75.0,1.0986122886681098,13.0,3.8,1.0,4,188
75.0,1.0986122886681098,13.0,4.9,1.0,4,188
75.0,0.6931471805599453,15.0,4.2,1.0,4,188
75.0,0.6931471805599453,15.0,5.9,1.0,4,188
75.0,0.6931471805599453,12.0,5.0,1.0,3,188
75.0,0.7178397931503169,12.0,6.6,1.0,4,188
75.0,1.3862943611198906,13.0,4.8,1.0,4,188
90.0,0.6931471805599453,14.0,2.2,1.0,1,188
90.0,3.9318256327243257,14.0,3.5,1.0,1,188
90.0,0.6931471805599453,17.0,3.7,1.0,1,188
75.0,1.0986122886681098,13.0,3.6,1.0,1,188
75.0,0.6931471805599453,12.0,3.9,1.0,4,188
75.0,0.6931471805599453,14.0,3.5,1.0,0,188
75.0,2.1972245773362196,15.0,3.1,1.0,4,188
75.0,1.0986122886681098,13.0,3.6,1.0,4,188
75.0,0.6931471805599453,13.0,2.2,1.0,4,188
75.0,0.6931471805599453,14.0,4.0,1.0,3,188
75.0,0.6931471805599453,18.0,3.2,1.0,3,188
75.0,1.3862943611198906,13.0,2.6,1.0,3,188
75.0,0.6931471805599453,13.0,4.6,1.0,2,188
75.0,1.0986122886681098,12.0,4.7,1.0,3,188
75.0,3.4339872044851463,13.0,5.2,1.0,4,188
75.0,0.6931471805599453,13.0,3.5,1.0,3,188
75.0,1.6094379124341003,14.0,5.6,1.0,4,188
75.0,1.0986122886681098,14.0,3.5,1.0,4,188
75.0,0.6931471805599453,12.0,2.8,1.0,3,188
75.0,1.0986122886681098,13.0,2.6,1.0,4,188
75.0,0.6931471805599453,14.0,2.4,1.0,3,188
75.0,1.6094379124341003,14.0,1.8,1.0,4,188
75.0,0.6931471805599453,14.0,1.9,1.0,3,188
75.0,1.3862943611198906,13.0,1.7,1.0,4,188
90.0,0.6931471805599453,13.0,3.5,1.0,1,188
0.0,1.0986122886681098,11.0,17.6,0.046875,0,189
0.0,0.6931471805599453,11.0,24.4,0.046875,1,189
0.0,0.6931471805599453,12.0,12.2,0.046875,0,189
0.0,1.0986122886681098,12.0,12.0,0.046875,4,189
0.0,1.3862943611198906,11.0,18.7,0.046875,3,189
0.0,0.6931471805599453,12.0,18.1,0.046875,1,189
0.0,0.6931471805599453,12.0,18.1,0.046875,1,189
0.0,0.6931471805599453,12.0,18.1,0.046875,1,189
0.0,1.3862943611198906,11.0,15.1,0.046875,4,189
0.0,1.0986122886681098,11.0,18.2,0.046875,0,189
0.0,1.0986122886681098,14.0,12.2,0.046875,4,189
0.0,1.0986122886681098,15.0,11.1,0.046875,0,189
0.0,1.0986122886681098,12.0,6.2,0.046875,0,189
0.0,1.3862943611198906,12.0,5.6,0.046875,4,189
0.0,0.6931471805599453,11.0,11.2,0.046875,0,189
0.0,1.3862943611198906,11.0,12.2,0.046875,4,189
0.0,0.6931471805599453,12.0,7.1,0.046875,0,189
0.0,1.0986122886681098,11.0,7.2,0.046875,4,189
0.0,1.3862943611198906,15.0,1.3,0.0,3,190
20.0,1.791759469228055,13.0,4.7,0.4065934065934066,1,191
25.0,1.6094379124341003,18.0,7.4,0.4065934065934066,1,191
25.0,1.6094379124341003,14.0,4.3,0.4065934065934066,1,191
0.0,0.6931471805599453,12.0,6.2,0.4065934065934066,1,191
0.0,1.791759469228055,13.0,4.5,0.4065934065934066,1,191
0.0,0.6931471805599453,12.0,6.2,0.4065934065934066,1,191
0.0,0.6931471805599453,12.0,6.2,0.4065934065934066,1,191
0.0,0.6931471805599453,12.0,6.2,0.4065934065934066,1,191
20.0,1.9459101490553132,13.0,3.4,0.4065934065934066,1,191
30.0,0.6931471805599453,12.0,4.4,0.4065934065934066,1,191
25.0,0.6931471805599453,12.0,5.0,0.4065934065934066,1,191
30.0,0.6931471805599453,13.0,6.2,0.4065934065934066,1,191
25.0,1.9459101490553132,13.0,5.2,0.4065934065934066,1,191
20.0,1.791759469228055,14.0,4.3,0.4065934065934066,1,191
20.0,1.3862943611198906,12.0,9.3,0.9861111111111112,0,192
40.0,1.0986122886681098,13.0,4.5,0.9861111111111112,0,192
40.0,1.0986122886681098,12.0,4.4,0.9861111111111112,0,192
30.0,1.0986122886681098,13.0,4.5,0.9861111111111112,0,192
30.0,1.0986122886681098,12.0,4.4,0.9861111111111112,0,192
20.0,1.3862943611198906,12.0,5.6,0.9861111111111112,0,192
20.0,1.3862943611198906,12.0,6.2,0.9861111111111112,0,192
40.0,1.3862943611198906,12.0,5.6,0.9861111111111112,0,192
40.0,1.3862943611198906,12.0,6.2,0.9861111111111112,0,192
20.0,1.3862943611198906,12.0,5.6,0.9861111111111112,0,192
20.0,1.3862943611198906,12.0,6.2,0.9861111111111112,0,192
40.0,1.3862943611198906,12.0,5.6,0.9861111111111112,0,192
40.0,1.3862943611198906,12.0,6.2,0.9861111111111112,0,192
30.0,1.0986122886681098,12.0,7.0,0.9861111111111112,0,192
30.0,1.0986122886681098,13.0,6.3,0.9861111111111112,0,192
30.0,1.0986122886681098,12.0,5.0,0.9861111111111112,0,192
20.0,1.0986122886681098,13.0,6.3,0.9861111111111112,0,192
20.0,1.0986122886681098,12.0,5.0,0.9861111111111112,0,192
30.0,0.6931471805599453,13.0,5.8,0.9861111111111112,0,192
10.0,1.3862943611198906,13.0,6.2,0.9861111111111112,0,192
20.0,1.0986122886681098,12.0,5.8,0.9861111111111112,0,192
0.0,1.3862943611198906,12.0,5.4,0.9861111111111112,0,192
30.0,1.3862943611198906,12.0,5.3,0.9861111111111112,0,192
10.0,1.3862943611198906,13.0,4.3,0.9861111111111112,0,192
30.0,1.0986122886681098,15.0,3.9,0.9861111111111112,0,192
30.0,1.0986122886681098,15.0,3.4,0.9861111111111112,0,192
30.0,1.0986122886681098,13.0,1.4,0.9861111111111112,0,192
0.0,1.0986122886681098,13.0,13.0,0.04,1,193
0.0,3.713572066704308,13.0,13.4,0.04,1,193
0.0,0.6931471805599453,12.0,10.4,0.04,2,193
0.0,0.6931471805599453,12.0,10.4,0.04,2,193
0.0,1.0986122886681098,13.0,10.5,0.04,4,193
0.0,4.61512051684126,13.0,10.5,0.04,1,193
0.0,0.6931471805599453,14.0,10.8,0.04,1,193
0.0,3.044522437723423,13.0,4.8,0.04,1,193
0.0,1.3862943611198906,13.0,5.4,0.04,1,193
0.0,3.044522437723423,12.0,6.2,0.04,1,193
0.0,3.9318256327243257,14.0,25.3,0.04,1,193
0.0,1.0986122886681098,12.0,23.9,0.04,4,193
0.0,1.0986122886681098,12.0,23.9,0.04,4,193
0.0,3.044522437723423,13.0,26.5,0.04,1,193
0.0,3.044522437723423,13.0,26.5,0.04,1,193
0.0,0.6931471805599453,12.0,9.8,0.0,1,194
0.0,1.3862943611198906,12.0,8.2,0.0,1,194
0.0,1.3862943611198906,12.0,8.2,0.0,1,194
0.0,1.3862943611198906,12.0,8.2,0.0,1,194
0.0,0.6931471805599453,12.0,9.4,0.0,0,194
0.0,0.6931471805599453,12.0,10.2,0.0,4,194
0.0,1.6094379124341003,12.0,8.6,0.0,4,194
0.0,1.0986122886681098,12.0,9.0,0.0,3,194
0.0,2.3978952727983707,12.0,8.9,0.0,3,194
0.0,1.6094379124341003,12.0,8.8,0.0,1,194
0.0,1.6094379124341003,12.0,8.8,0.0,1,194
0.0,1.3862943611198906,15.0,7.5,0.0,3,194
0.0,1.0986122886681098,12.0,6.9,0.0,1,194
0.0,1.0986122886681098,12.0,7.0,0.0,1,194
0.0,1.0986122886681098,12.0,6.9,0.0,1,194
0.0,1.0986122886681098,12.0,7.0,0.0,1,194
0.0,1.0986122886681098,12.0,6.9,0.0,1,194
0.0,1.0986122886681098,12.0,7.0,0.0,1,194
0.0,1.0986122886681098,12.0,6.9,0.0,1,194
0.0,1.0986122886681098,12.0,7.0,0.0,1,194
0.0,0.6931471805599453,12.0,6.6,0.0,4,194
0.0,0.6931471805599453,12.0,8.6,0.0,4,194
0.0,0.6931471805599453,12.0,6.6,0.0,4,194
0.0,0.6931471805599453,12.0,8.6,0.0,4,194
0.0,0.6931471805599453,12.0,6.6,0.0,4,194
0.0,0.6931471805599453,12.0,8.6,0.0,4,194
0.0,0.6931471805599453,12.0,7.4,0.0,2,194
0.0,0.6931471805599453,11.0,11.7,0.0,2,194
0.0,0.6931471805599453,12.0,7.4,0.0,2,194
0.0,0.6931471805599453,11.0,11.7,0.0,2,194
0.0,1.6094379124341003,12.0,7.8,0.0,1,194
0.0,1.6094379124341003,11.0,14.0,0.0,1,194
0.0,1.6094379124341003,12.0,7.8,0.0,1,194
0.0,1.6094379124341003,11.0,14.0,0.0,1,194
0.0,1.3862943611198906,12.0,8.7,0.0,4,194
0.0,1.3862943611198906,12.0,11.7,0.0,4,194
0.0,1.3862943611198906,12.0,8.7,0.0,4,194
0.0,1.3862943611198906,12.0,11.7,0.0,4,194
0.0,0.6931471805599453,12.0,5.1,0.0,1,194
0.0,1.6094379124341003,12.0,5.9,0.0,4,194
0.0,0.6931471805599453,13.0,10.5,0.0,3,194
0.0,1.3862943611198906,13.0,5.0,0.0,1,194
0.0,0.6931471805599453,13.0,5.1,0.0,2,194
0.0,1.6094379124341003,13.0,5.2,0.0,1,194
0.0,1.6094379124341003,12.0,4.9,0.0,1,194
0.0,1.6094379124341003,12.0,4.9,0.0,1,194
0.0,1.0986122886681098,11.0,10.8,0.0,3,194
0.0,1.0986122886681098,12.0,7.4,0.0,3,194
0.0,1.6094379124341003,12.0,7.5,0.0,1,194
0.0,1.0986122886681098,12.0,7.4,0.0,2,194
0.0,1.3862943611198906,12.0,6.7,0.0,1,194
0.0,1.3862943611198906,12.0,6.7,0.0,1,194
0.0,0.6931471805599453,13.0,3.0,0.0,1,194
0.0,3.044522437723423,13.0,3.2,0.0,3,194
0.0,0.6931471805599453,13.0,3.4,0.0,2,194
0.0,0.6931471805599453,13.0,3.4,0.0,2,194
0.0,1.0986122886681098,12.0,7.9,0.0,1,194
0.0,0.6931471805599453,12.0,6.0,0.0,3,194
0.0,0.6931471805599453,13.0,5.0,0.0,2,194
0.0,1.3862943611198906,15.0,4.9,0.0,1,194
0.0,0.6931471805599453,15.0,4.5,0.0,3,194
0.0,1.0986122886681098,15.0,4.9,0.0,1,194
0.0,1.0986122886681098,15.0,4.9,0.0,1,194
0.0,1.0986122886681098,15.0,5.4,0.0,3,194
0.0,1.3862943611198906,12.0,9.4,0.0,4,194
0.0,0.6931471805599453,13.0,5.4,0.0,4,194
0.0,0.6931471805599453,13.0,5.4,0.0,4,194
0.0,1.0986122886681098,13.0,3.4,0.0,3,194
0.0,1.3862943611198906,13.0,10.9,0.0,1,194
0.0,1.3862943611198906,12.0,13.0,0.0,1,194
0.0,1.3862943611198906,12.0,13.0,0.0,1,194
0.0,1.0986122886681098,13.0,10.6,0.0,4,194
0.0,1.0986122886681098,13.0,15.9,0.0,4,194
0.0,1.6094379124341003,11.0,12.2,0.0,3,194
0.0,1.0986122886681098,11.0,42.6,0.0,2,194
0.0,0.6931471805599453,11.0,13.8,0.0,1,194
0.0,0.6931471805599453,11.0,13.8,0.0,1,194
0.0,1.0986122886681098,12.0,12.3,0.0,1,194
0.0,1.3862943611198906,13.0,5.6,0.0,1,194
0.0,1.3862943611198906,13.0,5.6,0.0,1,194
0.0,3.9318256327243257,13.0,5.4,0.0,4,194
0.0,3.9318256327243257,13.0,5.4,0.0,4,194
0.0,1.0986122886681098,13.0,5.9,0.0,4,194
0.0,3.9318256327243257,13.0,6.2,0.0,2,194
0.0,0.6931471805599453,12.0,8.0,0.0,3,194
0.0,3.044522437723423,13.0,0.9,0.10843373493975904,2,195
0.0,3.044522437723423,13.0,0.9,0.10843373493975904,2,195
20.0,1.0986122886681098,13.0,0.9,0.10843373493975904,3,195
20.0,1.0986122886681098,13.0,7.7,0.10843373493975904,3,195
0.0,1.0986122886681098,13.0,0.9,0.10843373493975904,3,195
0.0,1.0986122886681098,13.0,7.7,0.10843373493975904,3,195
0.0,1.0986122886681098,13.0,0.9,0.10843373493975904,3,195
0.0,1.0986122886681098,13.0,7.7,0.10843373493975904,3,195
0.0,3.258096538021482,14.0,3.6,0.10843373493975904,2,195
0.0,1.0986122886681098,14.0,4.8,0.10843373493975904,3,195
0.0,0.6931471805599453,13.0,5.1,0.10843373493975904,2,195
0.0,0.6931471805599453,12.0,5.0,0.10843373493975904,3,195
0.0,3.713572066704308,13.0,3.5,0.10843373493975904,2,195
30.0,3.713572066704308,13.0,3.5,0.10843373493975904,2,195
0.0,3.9318256327243257,14.0,4.2,0.10843373493975904,3,195
10.0,3.713572066704308,12.0,2.9,0.10843373493975904,2,195
0.0,5.017279836814924,17.0,3.8,0.10843373493975904,3,195
0.0,4.61512051684126,13.0,2.8,0.10843373493975904,3,195
0.0,1.0986122886681098,12.0,14.2,0.22340425531914893,4,196
35.0,0.6931471805599453,12.0,14.1,0.22340425531914893,0,196
25.0,1.3862943611198906,12.0,14.1,0.22340425531914893,0,196
0.0,1.791759469228055,12.0,13.6,0.22340425531914893,4,196
0.0,1.791759469228055,14.0,13.3,0.22340425531914893,4,196
10.0,1.791759469228055,12.0,13.6,0.22340425531914893,4,196
10.0,1.791759469228055,14.0,13.3,0.22340425531914893,4,196
0.0,1.0986122886681098,12.0,14.0,0.22340425531914893,4,196
0.0,1.0986122886681098,14.0,12.7,0.22340425531914893,4,196
15.0,1.0986122886681098,12.0,14.0,0.22340425531914893,4,196
15.0,1.0986122886681098,14.0,12.7,0.22340425531914893,4,196
30.0,1.3862943611198906,12.0,10.0,0.22340425531914893,4,196
30.0,1.3862943611198906,13.0,12.7,0.22340425531914893,4,196
0.0,1.3862943611198906,12.0,10.0,0.22340425531914893,4,196
0.0,1.3862943611198906,13.0,12.7,0.22340425531914893,4,196
0.0,0.6931471805599453,11.0,11.9,0.22340425531914893,0,196
30.0,0.6931471805599453,11.0,12.0,0.22340425531914893,4,196
0.0,1.0986122886681098,13.0,13.8,0.22340425531914893,0,196
0.0,1.3862943611198906,13.0,12.7,0.22340425531914893,0,196
55.0,0.6931471805599453,12.0,16.3,0.22340425531914893,0,196
20.0,1.6094379124341003,12.0,15.8,0.22340425531914893,4,196
15.0,0.6931471805599453,12.0,14.9,0.22340425531914893,0,196
0.0,1.0986122886681098,14.0,11.5,0.22340425531914893,4,196
30.0,1.0986122886681098,14.0,11.4,0.22340425531914893,3,196
0.0,1.3862943611198906,15.0,11.4,0.22340425531914893,4,196
0.0,1.0986122886681098,15.0,11.5,0.22340425531914893,4,196
0.0,1.0986122886681098,11.0,16.2,0.22340425531914893,4,196
0.0,0.6931471805599453,13.0,8.1,0.03508771929824561,2,197
0.0,0.6931471805599453,14.0,8.2,0.03508771929824561,4,197
0.0,1.0986122886681098,12.0,7.7,0.03508771929824561,4,197
0.0,0.6931471805599453,12.0,7.9,0.03508771929824561,3,197
0.0,0.6931471805599453,13.0,5.6,0.03508771929824561,3,197
0.0,1.0986122886681098,15.0,6.4,0.03508771929824561,3,197
0.0,1.0986122886681098,13.0,6.7,0.03508771929824561,3,197
0.0,1.0986122886681098,13.0,3.5,0.03508771929824561,2,197
0.0,0.6931471805599453,13.0,3.9,0.03508771929824561,1,197
0.0,0.6931471805599453,13.0,3.9,0.03508771929824561,1,197
0.0,1.0986122886681098,13.0,3.9,0.03508771929824561,4,197
0.0,0.6931471805599453,14.0,4.1,0.03508771929824561,3,197
0.0,0.6931471805599453,14.0,4.1,0.03508771929824561,3,197
2.0,1.0986122886681098,14.0,4.3,0.03508771929824561,3,197
0.0,1.0986122886681098,13.0,4.6,0.03508771929824561,4,197
0.0,2.302585092994046,13.0,4.8,0.03508771929824561,3,197
0.0,0.6931471805599453,12.0,4.9,0.03508771929824561,4,197
0.0,0.6931471805599453,12.0,5.3,0.03508771929824561,2,197
0.0,2.3978952727983707,12.0,4.6,0.03508771929824561,0,197
0.0,0.7178397931503169,12.0,8.1,0.03508771929824561,3,197
0.0,0.4054651081081644,13.0,3.9,0.03508771929824561,0,197
0.0,0.6931471805599453,13.0,3.7,0.03508771929824561,1,197
0.0,0.6931471805599453,17.0,3.5,0.03508771929824561,3,197
0.0,1.0986122886681098,12.0,3.2,0.03508771929824561,4,197
0.0,0.6931471805599453,12.0,4.1,0.03508771929824561,4,197
0.0,0.6931471805599453,12.0,4.1,0.03508771929824561,4,197
20.0,0.6931471805599453,12.0,6.1,0.03508771929824561,1,197
0.0,0.6931471805599453,13.0,2.9,0.03508771929824561,3,197
0.0,0.6931471805599453,14.0,3.6,0.03508771929824561,3,197
0.0,0.6931471805599453,13.0,4.8,0.03508771929824561,1,197
0.0,0.7178397931503169,12.0,4.2,0.03508771929824561,2,197
0.0,0.048790164169432,12.0,4.9,0.03508771929824561,0,197
10.0,1.0986122886681098,14.0,4.5,0.03508771929824561,4,197
0.0,1.0986122886681098,13.0,4.9,0.03508771929824561,3,197
0.0,0.7178397931503169,14.0,4.4,0.03508771929824561,4,197
0.0,1.0986122886681098,12.0,3.5,0.03508771929824561,1,197
0.0,1.0986122886681098,12.0,3.5,0.03508771929824561,1,197
0.0,1.0986122886681098,13.0,5.5,0.03508771929824561,1,197
0.0,4.663439094112067,13.0,5.8,0.03508771929824561,4,197
0.0,0.6931471805599453,15.0,6.1,0.03508771929824561,3,197
0.0,1.3862943611198906,13.0,8.5,0.03508771929824561,4,197
0.0,1.0986122886681098,13.0,9.0,0.03508771929824561,3,197
0.0,0.6931471805599453,13.0,3.6,0.03508771929824561,0,197
0.0,1.0986122886681098,14.0,1.7,0.03508771929824561,2,197
0.0,0.6931471805599453,13.0,3.3,0.03508771929824561,4,197
0.0,0.6931471805599453,13.0,3.1,0.03508771929824561,1,197
0.0,0.6931471805599453,13.0,3.1,0.03508771929824561,4,197
0.0,0.6931471805599453,13.0,3.0,0.03508771929824561,4,197
0.0,0.6931471805599453,13.0,3.0,0.03508771929824561,4,197
0.0,0.6931471805599453,13.0,3.0,0.03508771929824561,4,197
0.0,1.0986122886681098,12.0,5.1,0.03508771929824561,3,197
0.0,1.3862943611198906,15.0,4.5,0.03508771929824561,3,197
0.0,0.6931471805599453,13.0,4.1,0.03508771929824561,4,197
0.0,0.6931471805599453,13.0,4.1,0.03508771929824561,4,197
2.0,1.0986122886681098,14.0,2.4,0.03508771929824561,4,197
0.0,0.6931471805599453,13.0,4.4,0.03508771929824561,1,197
0.0,1.3862943611198906,13.0,3.8,0.03508771929824561,3,197
0.0,1.0986122886681098,12.0,7.6,0.03508771929824561,3,197
0.0,0.6931471805599453,13.0,8.0,0.03508771929824561,2,197
0.0,1.0986122886681098,13.0,4.1,0.03508771929824561,4,197
0.0,0.4054651081081644,13.0,4.1,0.03508771929824561,3,197
0.0,1.3862943611198906,16.0,1.7,0.03508771929824561,3,197
0.0,0.9162907318741551,12.0,4.2,0.03508771929824561,1,197
0.0,0.4054651081081644,12.0,5.8,0.03508771929824561,3,197
0.0,1.0986122886681098,12.0,7.8,0.03508771929824561,3,197
10.0,2.772588722239781,11.0,13.7,0.645320197044335,1,198
50.0,2.772588722239781,11.0,13.7,0.645320197044335,1,198
10.0,0.6931471805599453,11.0,13.9,0.645320197044335,1,198
0.0,0.6931471805599453,11.0,13.9,0.645320197044335,1,198
0.0,0.6931471805599453,11.0,13.9,0.645320197044335,1,198
50.0,0.6931471805599453,11.0,13.9,0.645320197044335,1,198
0.0,0.6931471805599453,11.0,13.9,0.645320197044335,1,198
10.0,1.0986122886681098,11.0,13.0,0.645320197044335,1,198
25.0,1.0986122886681098,11.0,13.0,0.645320197044335,1,198
0.0,1.0986122886681098,11.0,13.0,0.645320197044335,1,198
10.0,0.6931471805599453,11.0,13.0,0.645320197044335,2,198
25.0,0.6931471805599453,11.0,13.0,0.645320197044335,2,198
0.0,0.6931471805599453,11.0,13.0,0.645320197044335,2,198
0.0,4.330733340286331,12.0,8.2,0.645320197044335,3,198
50.0,3.9318256327243257,13.0,5.1,0.645320197044335,1,198
25.0,3.258096538021482,13.0,3.6,0.645320197044335,2,198
25.0,4.61512051684126,12.0,6.1,0.645320197044335,2,198
0.0,3.9318256327243257,13.0,3.0,0.645320197044335,3,198
25.0,0.6931471805599453,12.0,5.1,0.645320197044335,1,198
25.0,0.6931471805599453,15.0,6.8,0.645320197044335,1,198
50.0,0.6931471805599453,12.0,5.1,0.645320197044335,1,198
50.0,0.6931471805599453,15.0,6.8,0.645320197044335,1,198
25.0,0.6931471805599453,12.0,5.1,0.645320197044335,1,198
25.0,0.6931471805599453,15.0,6.8,0.645320197044335,1,198
0.0,0.6931471805599453,12.0,5.1,0.645320197044335,1,198
0.0,0.6931471805599453,15.0,6.8,0.645320197044335,1,198
25.0,0.6931471805599453,12.0,5.1,0.645320197044335,1,198
25.0,0.6931471805599453,15.0,6.8,0.645320197044335,1,198
25.0,0.6931471805599453,12.0,5.1,0.645320197044335,1,198
25.0,0.6931471805599453,15.0,6.8,0.645320197044335,1,198
50.0,0.6931471805599453,12.0,5.1,0.645320197044335,1,198
50.0,0.6931471805599453,15.0,6.8,0.645320197044335,1,198
25.0,0.6931471805599453,12.0,5.1,0.645320197044335,1,198
25.0,0.6931471805599453,15.0,6.8,0.645320197044335,1,198
25.0,0.6931471805599453,12.0,5.1,0.645320197044335,1,198
25.0,0.6931471805599453,15.0,6.8,0.645320197044335,1,198
10.0,0.6931471805599453,12.0,5.1,0.645320197044335,1,198
10.0,0.6931471805599453,15.0,6.8,0.645320197044335,1,198
25.0,0.6931471805599453,12.0,5.1,0.645320197044335,1,198
25.0,0.6931471805599453,13.0,5.9,0.645320197044335,1,198
25.0,0.6931471805599453,12.0,5.1,0.645320197044335,1,198
25.0,0.6931471805599453,13.0,5.9,0.645320197044335,1,198
25.0,0.6931471805599453,12.0,5.1,0.645320197044335,1,198
25.0,0.6931471805599453,13.0,5.9,0.645320197044335,1,198
25.0,0.6931471805599453,12.0,5.1,0.645320197044335,1,198
25.0,0.6931471805599453,13.0,5.9,0.645320197044335,1,198
25.0,1.3862943611198906,13.0,7.9,0.645320197044335,1,198
25.0,1.3862943611198906,16.0,6.7,0.645320197044335,1,198
25.0,1.3862943611198906,13.0,7.9,0.645320197044335,1,198
25.0,1.3862943611198906,16.0,6.7,0.645320197044335,1,198
0.0,1.3862943611198906,13.0,7.9,0.645320197044335,1,198
0.0,1.3862943611198906,16.0,6.7,0.645320197044335,1,198
25.0,1.3862943611198906,13.0,7.9,0.645320197044335,1,198
25.0,1.3862943611198906,16.0,6.7,0.645320197044335,1,198
25.0,0.6931471805599453,13.0,7.9,0.645320197044335,2,198
25.0,0.6931471805599453,16.0,6.7,0.645320197044335,2,198
25.0,0.6931471805599453,13.0,7.9,0.645320197044335,2,198
25.0,0.6931471805599453,16.0,6.7,0.645320197044335,2,198
0.0,0.6931471805599453,13.0,7.9,0.645320197044335,2,198
0.0,0.6931471805599453,16.0,6.7,0.645320197044335,2,198
25.0,0.6931471805599453,13.0,7.9,0.645320197044335,2,198
25.0,0.6931471805599453,16.0,6.7,0.645320197044335,2,198
25.0,0.6931471805599453,13.0,5.2,0.645320197044335,1,198
0.0,0.6931471805599453,13.0,5.5,0.645320197044335,3,198
25.0,1.3862943611198906,12.0,8.0,0.645320197044335,1,198
0.0,0.6931471805599453,12.0,6.6,0.645320197044335,3,198
25.0,0.6931471805599453,12.0,5.1,0.645320197044335,1,198
25.0,0.6931471805599453,15.0,6.8,0.645320197044335,1,198
25.0,0.6931471805599453,12.0,5.1,0.645320197044335,1,198
25.0,0.6931471805599453,15.0,6.8,0.645320197044335,1,198
50.0,0.6931471805599453,12.0,5.1,0.645320197044335,1,198
50.0,0.6931471805599453,15.0,6.8,0.645320197044335,1,198
25.0,0.6931471805599453,12.0,5.1,0.645320197044335,1,198
25.0,0.6931471805599453,15.0,6.8,0.645320197044335,1,198
25.0,0.6931471805599453,12.0,5.1,0.645320197044335,1,198
25.0,0.6931471805599453,15.0,6.8,0.645320197044335,1,198
10.0,0.6931471805599453,12.0,5.1,0.645320197044335,1,198
10.0,0.6931471805599453,15.0,6.8,0.645320197044335,1,198
25.0,1.3862943611198906,12.0,5.1,0.645320197044335,1,198
25.0,1.3862943611198906,13.0,5.9,0.645320197044335,1,198
25.0,1.3862943611198906,12.0,5.1,0.645320197044335,1,198
25.0,1.3862943611198906,13.0,5.9,0.645320197044335,1,198
25.0,1.3862943611198906,12.0,5.1,0.645320197044335,1,198
25.0,1.3862943611198906,13.0,5.9,0.645320197044335,1,198
25.0,1.3862943611198906,12.0,5.1,0.645320197044335,1,198
25.0,1.3862943611198906,13.0,5.9,0.645320197044335,1,198
25.0,3.9318256327243257,12.0,5.1,0.645320197044335,2,198
25.0,3.9318256327243257,13.0,5.9,0.645320197044335,2,198
25.0,3.9318256327243257,12.0,5.1,0.645320197044335,2,198
25.0,3.9318256327243257,13.0,5.9,0.645320197044335,2,198
25.0,3.9318256327243257,12.0,5.1,0.645320197044335,2,198
25.0,3.9318256327243257,13.0,5.9,0.645320197044335,2,198
25.0,3.9318256327243257,12.0,5.1,0.645320197044335,2,198
25.0,3.9318256327243257,13.0,5.9,0.645320197044335,2,198
25.0,3.9318256327243257,13.0,7.9,0.645320197044335,2,198
25.0,3.9318256327243257,16.0,6.7,0.645320197044335,2,198
25.0,3.9318256327243257,13.0,7.9,0.645320197044335,2,198
25.0,3.9318256327243257,16.0,6.7,0.645320197044335,2,198
0.0,3.9318256327243257,13.0,7.9,0.645320197044335,2,198
0.0,3.9318256327243257,16.0,6.7,0.645320197044335,2,198
25.0,3.9318256327243257,13.0,7.9,0.645320197044335,2,198
25.0,3.9318256327243257,16.0,6.7,0.645320197044335,2,198
25.0,1.791759469228055,13.0,4.8,0.645320197044335,1,198
50.0,3.713572066704308,13.0,4.8,0.645320197044335,2,198
10.0,3.713572066704308,13.0,4.8,0.645320197044335,2,198
50.0,2.1972245773362196,13.0,4.5,0.645320197044335,1,198
30.0,0.6931471805599453,13.0,4.6,0.645320197044335,2,198
30.0,1.6193882432872684,13.0,4.6,0.645320197044335,3,198
25.0,1.0986122886681098,12.0,12.6,0.645320197044335,3,198
25.0,3.4339872044851463,12.0,12.0,0.645320197044335,1,198
10.0,3.4339872044851463,12.0,12.0,0.645320197044335,1,198
25.0,4.330733340286331,12.0,12.6,0.645320197044335,1,198
25.0,0.6931471805599453,12.0,12.0,0.645320197044335,1,198
25.0,0.6931471805599453,12.0,12.0,0.645320197044335,1,198
25.0,0.6931471805599453,12.0,12.0,0.645320197044335,2,198
25.0,0.6931471805599453,12.0,12.0,0.645320197044335,2,198
25.0,0.6931471805599453,12.0,11.9,0.645320197044335,1,198
10.0,0.6931471805599453,12.0,11.9,0.645320197044335,1,198
50.0,0.6931471805599453,12.0,11.9,0.645320197044335,1,198
25.0,1.252762968495368,12.0,11.5,0.645320197044335,1,198
20.0,0.6931471805599453,11.0,10.0,0.645320197044335,3,198
25.0,1.0986122886681098,12.0,5.8,0.645320197044335,1,198
25.0,0.6931471805599453,12.0,5.2,0.645320197044335,2,198
20.0,4.330733340286331,13.0,2.7,0.645320197044335,3,198
30.0,2.5649493574615367,12.0,10.8,0.645320197044335,1,198
25.0,2.5649493574615367,12.0,10.8,0.645320197044335,1,198
30.0,1.791759469228055,12.0,10.7,0.645320197044335,1,198
30.0,1.791759469228055,12.0,10.7,0.645320197044335,1,198
30.0,0.6931471805599453,12.0,10.7,0.645320197044335,2,198
30.0,0.6931471805599453,12.0,10.7,0.645320197044335,2,198
0.0,0.6931471805599453,14.0,2.5,0.645320197044335,4,198
25.0,0.6931471805599453,16.0,4.6,0.645320197044335,3,198
25.0,1.0986122886681098,12.0,10.0,0.645320197044335,1,198
25.0,1.0986122886681098,12.0,10.0,0.645320197044335,1,198
25.0,0.6931471805599453,12.0,10.0,0.645320197044335,2,198
25.0,0.6931471805599453,12.0,10.0,0.645320197044335,2,198
25.0,1.6094379124341003,15.0,5.6,0.645320197044335,1,198
25.0,1.0986122886681098,14.0,4.4,0.645320197044335,3,198
10.0,1.252762968495368,12.0,16.0,0.645320197044335,1,198
25.0,1.1151415906193203,12.0,14.5,0.645320197044335,1,198
25.0,1.0986122886681098,12.0,18.7,0.645320197044335,2,198
25.0,1.3862943611198906,14.0,4.7,0.645320197044335,1,198
75.0,0.6931471805599453,13.0,2.7,0.645320197044335,3,198
25.0,0.6931471805599453,12.0,8.3,0.645320197044335,1,198
30.0,0.6931471805599453,13.0,7.3,0.645320197044335,1,198
0.0,0.6931471805599453,13.0,7.3,0.645320197044335,1,198
30.0,0.6931471805599453,15.0,6.1,0.645320197044335,1,198
0.0,1.0986122886681098,14.0,6.6,0.645320197044335,1,198
30.0,0.6931471805599453,15.0,6.1,0.645320197044335,1,198
0.0,0.6931471805599453,15.0,6.1,0.645320197044335,1,198
50.0,0.6931471805599453,15.0,6.1,0.645320197044335,1,198
30.0,1.3862943611198906,14.0,6.2,0.645320197044335,1,198
25.0,0.6931471805599453,12.0,6.3,0.645320197044335,2,198
25.0,1.0986122886681098,13.0,4.9,0.645320197044335,2,198
0.0,0.6931471805599453,11.0,10.8,0.645320197044335,3,198
30.0,0.6931471805599453,18.0,5.3,0.645320197044335,1,198
0.0,4.330733340286331,12.0,8.6,0.645320197044335,1,198
0.0,4.330733340286331,12.0,8.6,0.645320197044335,1,198
0.0,1.1151415906193203,12.0,8.7,0.645320197044335,1,198
0.0,1.1151415906193203,12.0,8.7,0.645320197044335,1,198
0.0,0.6931471805599453,12.0,8.8,0.645320197044335,1,198
0.0,1.9459101490553132,13.0,4.7,0.645320197044335,1,198
0.0,0.7178397931503169,13.0,7.8,0.645320197044335,1,198
30.0,0.7178397931503169,13.0,7.8,0.645320197044335,1,198
0.0,4.330733340286331,13.0,7.8,0.645320197044335,2,198
30.0,4.330733340286331,13.0,7.8,0.645320197044335,2,198
0.0,1.0986122886681098,13.0,7.8,0.645320197044335,1,198
30.0,1.0986122886681098,13.0,4.9,0.645320197044335,2,198
2.0,1.3862943611198906,13.0,4.6,0.645320197044335,3,198
0.0,1.6094379124341003,13.0,6.9,0.645320197044335,1,198
0.0,1.6094379124341003,13.0,6.9,0.645320197044335,1,198
0.0,0.6931471805599453,13.0,6.9,0.645320197044335,2,198
0.0,0.6931471805599453,13.0,6.9,0.645320197044335,2,198
0.0,0.6931471805599453,13.0,6.9,0.645320197044335,1,198
100.0,0.6931471805599453,13.0,6.9,0.645320197044335,1,198
0.0,1.0986122886681098,13.0,7.0,0.645320197044335,1,198
0.0,1.0986122886681098,13.0,7.0,0.645320197044335,1,198
0.0,1.3862943611198906,13.0,7.0,0.645320197044335,2,198
0.0,1.3862943611198906,13.0,7.0,0.645320197044335,2,198
95.0,0.6931471805599453,13.0,7.1,0.645320197044335,4,198
0.0,0.6931471805599453,13.0,7.2,0.645320197044335,2,198
30.0,1.0986122886681098,12.0,7.6,0.645320197044335,3,198
40.0,0.6931471805599453,13.0,4.6,0.645320197044335,2,198
30.0,1.0986122886681098,14.0,4.6,0.645320197044335,1,198
40.0,1.0986122886681098,14.0,4.6,0.645320197044335,1,198
30.0,0.6931471805599453,14.0,4.6,0.645320197044335,2,198
40.0,0.6931471805599453,14.0,4.6,0.645320197044335,2,198
40.0,1.0986122886681098,14.0,4.2,0.645320197044335,2,198
0.0,0.2851789422336624,12.0,13.0,0.01098901098901099,4,199
0.0,0.2851789422336624,14.0,15.8,0.01098901098901099,4,199
0.0,0.2851789422336624,12.0,13.0,0.01098901098901099,4,199
0.0,0.2851789422336624,14.0,15.8,0.01098901098901099,4,199
0.0,0.9162907318741551,12.0,14.0,0.01098901098901099,0,199
0.0,0.7884573603642702,11.0,16.4,0.01098901098901099,0,199
0.0,0.6931471805599453,11.0,15.8,0.01098901098901099,4,199
0.0,0.6931471805599453,12.0,19.3,0.01098901098901099,4,199
0.0,0.6931471805599453,12.0,17.8,0.01098901098901099,0,199
0.0,0.9162907318741551,12.0,13.0,0.01098901098901099,0,199
0.0,0.9162907318741551,14.0,15.8,0.01098901098901099,0,199
0.0,0.9162907318741551,12.0,13.0,0.01098901098901099,0,199
0.0,0.9162907318741551,14.0,15.8,0.01098901098901099,0,199
0.0,0.4054651081081644,12.0,18.0,0.01098901098901099,0,199
0.0,0.8109302162163288,12.0,17.9,0.01098901098901099,0,199
0.0,1.3862943611198906,12.0,10.7,0.01098901098901099,4,199
0.0,1.3862943611198906,12.0,14.0,0.01098901098901099,4,199
0.0,1.3862943611198906,12.0,10.7,0.01098901098901099,4,199
0.0,1.3862943611198906,12.0,14.0,0.01098901098901099,4,199
0.0,0.6931471805599453,12.0,10.4,0.01098901098901099,4,199
0.0,0.6931471805599453,12.0,18.7,0.01098901098901099,4,199
0.0,0.6931471805599453,12.0,10.4,0.01098901098901099,4,199
0.0,0.6931471805599453,12.0,18.7,0.01098901098901099,4,199
33.0,0.6931471805599453,12.0,21.7,0.01098901098901099,0,199
10.0,4.330733340286331,12.0,22.4,0.01098901098901099,4,199
0.0,0.6931471805599453,11.0,33.0,0.01098901098901099,4,199
0.0,0.5596157879354227,12.0,34.6,0.01098901098901099,3,199
0.0,0.9162907318741551,12.0,16.0,0.01098901098901099,4,199
0.0,0.09531017980432487,12.0,15.9,0.01098901098901099,0,199
0.0,0.09531017980432487,12.0,15.9,0.01098901098901099,0,199
0.0,1.0986122886681098,13.0,16.4,0.01098901098901099,0,199
0.0,0.9162907318741551,12.0,17.5,0.01098901098901099,4,199
0.0,1.0986122886681098,12.0,18.8,0.01098901098901099,3,199
0.0,1.252762968495368,12.0,9.2,0.01098901098901099,4,199
0.0,0.6931471805599453,16.0,14.7,0.01098901098901099,4,199
0.0,0.5596157879354227,15.0,13.4,0.01098901098901099,4,199
0.0,0.5596157879354227,12.0,15.8,0.01098901098901099,0,199
0.0,1.0986122886681098,11.0,14.9,0.01098901098901099,4,199
0.0,0.6931471805599453,11.0,15.7,0.01098901098901099,0,199
0.0,0.6931471805599453,12.0,15.5,0.01098901098901099,0,199
0.0,1.0986122886681098,11.0,12.9,0.01098901098901099,4,199
0.0,0.9162907318741551,14.0,9.4,0.01098901098901099,4,199
0.0,1.0986122886681098,15.0,15.1,0.01098901098901099,4,199
0.0,1.3862943611198906,11.0,23.4,0.01098901098901099,4,199
0.0,0.8109302162163288,12.0,11.5,0.01098901098901099,0,199
0.0,0.6931471805599453,11.0,10.2,0.01098901098901099,4,199
0.0,0.4054651081081644,11.0,14.2,0.01098901098901099,4,199
0.0,1.0986122886681098,11.0,12.1,0.01098901098901099,4,199
70.0,0.6931471805599453,13.0,7.0,0.8523489932885906,0,200
30.0,0.6931471805599453,13.0,8.9,0.8523489932885906,1,200
0.0,0.6931471805599453,13.0,8.9,0.8523489932885906,1,200
35.0,0.6931471805599453,12.0,8.5,0.8523489932885906,1,200
40.0,0.6931471805599453,13.0,11.3,0.8523489932885906,2,200
40.0,1.0986122886681098,14.0,11.2,0.8523489932885906,2,200
20.0,0.6931471805599453,15.0,10.6,0.8523489932885906,3,200
20.0,1.0986122886681098,15.0,10.4,0.8523489932885906,3,200
20.0,0.6931471805599453,12.0,2.3,0.8523489932885906,1,200
30.0,0.6931471805599453,12.0,2.3,0.8523489932885906,1,200
40.0,1.6094379124341003,12.0,2.0,0.8523489932885906,4,200
30.0,1.0986122886681098,12.0,2.4,0.8523489932885906,4,200
50.0,3.9318256327243257,12.0,3.1,0.8523489932885906,2,200
50.0,1.0986122886681098,12.0,4.0,0.8523489932885906,4,200
30.0,1.0986122886681098,13.0,2.7,0.8523489932885906,1,200
20.0,3.4339872044851463,13.0,2.6,0.8523489932885906,1,200
40.0,3.4339872044851463,13.0,2.6,0.8523489932885906,1,200
30.0,1.0986122886681098,13.0,3.1,0.8523489932885906,2,200
0.0,1.0986122886681098,13.0,3.1,0.8523489932885906,2,200
5.0,1.0986122886681098,14.0,3.9,0.8523489932885906,3,200
40.0,0.6931471805599453,12.0,6.1,0.8523489932885906,1,200
80.0,0.6931471805599453,12.0,6.1,0.8523489932885906,1,200
0.0,0.6931471805599453,12.0,6.1,0.8523489932885906,1,200
0.0,0.6931471805599453,12.0,6.7,0.8523489932885906,1,200
0.0,0.6931471805599453,12.0,6.7,0.8523489932885906,1,200
50.0,0.6931471805599453,12.0,6.3,0.8523489932885906,0,200
50.0,0.6931471805599453,12.0,6.8,0.8523489932885906,4,200
0.0,0.6931471805599453,13.0,7.0,0.8523489932885906,1,200
10.0,1.0986122886681098,15.0,7.2,0.8523489932885906,3,200
50.0,1.6094379124341003,15.0,8.7,0.8523489932885906,4,200
50.0,1.0986122886681098,11.0,14.4,0.8523489932885906,2,200
80.0,0.6931471805599453,11.0,14.8,0.8523489932885906,4,200
50.0,1.0986122886681098,11.0,13.4,0.8523489932885906,2,200
20.0,1.0986122886681098,12.0,12.4,0.8523489932885906,3,200
50.0,1.0986122886681098,12.0,4.0,0.8523489932885906,1,200
60.0,1.0986122886681098,12.0,4.5,0.8523489932885906,2,200
70.0,1.0986122886681098,12.0,5.1,0.8523489932885906,4,200
60.0,0.6931471805599453,12.0,9.2,0.8523489932885906,3,200
80.0,1.0986122886681098,13.0,4.4,0.8523489932885906,4,200
30.0,0.6931471805599453,12.0,4.3,0.8523489932885906,2,200
30.0,0.6931471805599453,12.0,4.0,0.8523489932885906,2,200
30.0,0.6931471805599453,12.0,4.0,0.8523489932885906,2,200
50.0,0.6931471805599453,12.0,4.0,0.8523489932885906,2,200
60.0,0.6931471805599453,12.0,7.3,0.8523489932885906,4,200
0.0,1.0986122886681098,12.0,12.4,0.8523489932885906,3,200
20.0,0.6931471805599453,13.0,7.2,0.8523489932885906,1,200
30.0,0.6931471805599453,13.0,7.2,0.8523489932885906,1,200
20.0,1.0986122886681098,12.0,7.7,0.8523489932885906,1,200
60.0,3.044522437723423,12.0,7.7,0.8523489932885906,0,200
40.0,0.6931471805599453,12.0,7.9,0.8523489932885906,1,200
30.0,0.6931471805599453,12.0,7.9,0.8523489932885906,1,200
40.0,0.6931471805599453,12.0,7.9,0.8523489932885906,2,200
30.0,0.6931471805599453,12.0,7.9,0.8523489932885906,2,200
10.0,1.0986122886681098,19.0,6.0,0.8523489932885906,3,200
80.0,1.0986122886681098,17.0,11.8,0.8523489932885906,4,200
50.0,0.6931471805599453,13.0,3.0,0.8523489932885906,1,200
70.0,0.6931471805599453,13.0,3.0,0.8523489932885906,1,200
50.0,0.6931471805599453,13.0,3.0,0.8523489932885906,2,200
70.0,0.6931471805599453,13.0,3.0,0.8523489932885906,2,200
10.0,3.258096538021482,14.0,4.8,0.8523489932885906,3,200
20.0,3.9318256327243257,13.0,3.0,0.8523489932885906,1,200
10.0,3.9318256327243257,14.0,4.2,0.8523489932885906,2,200
40.0,3.9318256327243257,14.0,4.2,0.8523489932885906,2,200
50.0,1.0986122886681098,13.0,10.7,0.8523489932885906,4,200
50.0,0.6931471805599453,14.0,1.3,0.14093959731543623,1,201
30.0,0.6931471805599453,14.0,1.3,0.14093959731543623,1,201
0.0,0.6931471805599453,14.0,1.3,0.14093959731543623,1,201
50.0,2.3978952727983707,14.0,3.2,0.14093959731543623,1,201
0.0,2.3978952727983707,14.0,3.2,0.14093959731543623,1,201
0.0,2.3978952727983707,14.0,3.2,0.14093959731543623,1,201
60.0,0.6931471805599453,16.0,1.9,0.14093959731543623,1,201
0.0,0.6931471805599453,16.0,1.9,0.14093959731543623,1,201
0.0,0.6931471805599453,16.0,1.9,0.14093959731543623,1,201
0.0,0.6931471805599453,16.0,1.9,0.14093959731543623,1,201
40.0,0.6931471805599453,16.0,2.0,0.14093959731543623,1,201
0.0,0.6931471805599453,16.0,2.0,0.14093959731543623,1,201
0.0,0.6931471805599453,16.0,2.0,0.14093959731543623,1,201
0.0,0.6931471805599453,14.0,4.4,0.14093959731543623,1,201
70.0,0.6931471805599453,14.0,4.4,0.14093959731543623,1,201
0.0,0.6931471805599453,14.0,4.4,0.14093959731543623,1,201
0.0,0.6931471805599453,14.0,4.4,0.14093959731543623,1,201
60.0,0.6931471805599453,14.0,4.2,0.14093959731543623,1,201
0.0,0.6931471805599453,14.0,4.2,0.14093959731543623,1,201
40.0,0.6931471805599453,14.0,4.2,0.14093959731543623,1,201
0.0,0.6931471805599453,14.0,4.2,0.14093959731543623,1,201
50.0,0.6931471805599453,14.0,2.1,0.14093959731543623,1,201
0.0,0.6931471805599453,14.0,2.1,0.14093959731543623,1,201
0.0,0.6931471805599453,13.0,2.8,0.14093959731543623,1,201
0.0,0.6931471805599453,13.0,2.8,0.14093959731543623,1,201
0.0,0.6931471805599453,13.0,2.8,0.14093959731543623,1,201
0.0,0.6931471805599453,13.0,1.7,0.14093959731543623,1,201
0.0,0.6931471805599453,13.0,1.7,0.14093959731543623,1,201
0.0,0.6931471805599453,13.0,1.7,0.14093959731543623,1,201
50.0,0.6931471805599453,15.0,3.0,0.14093959731543623,1,201
0.0,0.6931471805599453,15.0,3.0,0.14093959731543623,1,201
0.0,0.6931471805599453,15.0,3.0,0.14093959731543623,1,201
0.0,0.6931471805599453,15.0,3.0,0.14093959731543623,1,201
40.0,0.6931471805599453,14.0,2.3,0.14093959731543623,1,201
60.0,0.6931471805599453,14.0,2.3,0.14093959731543623,1,201
0.0,0.6931471805599453,14.0,2.3,0.14093959731543623,1,201
0.0,0.6931471805599453,13.0,30.8,0.01639344262295082,1,202
0.0,0.6931471805599453,13.0,30.8,0.01639344262295082,1,202
0.0,0.6931471805599453,13.0,30.8,0.01639344262295082,1,202
0.0,1.3862943611198906,11.0,14.0,0.01639344262295082,1,202
60.0,3.9318256327243257,16.0,11.3,0.6333333333333333,2,203
30.0,0.6931471805599453,11.0,12.0,0.352112676056338,1,204
30.0,0.6931471805599453,11.0,11.8,0.352112676056338,1,204
40.0,0.6931471805599453,11.0,12.0,0.352112676056338,1,204
40.0,0.6931471805599453,11.0,11.8,0.352112676056338,1,204
30.0,0.6931471805599453,12.0,10.0,0.352112676056338,1,204
30.0,0.6931471805599453,11.0,12.5,0.352112676056338,1,204
30.0,2.5649493574615367,11.0,11.8,0.352112676056338,1,204
30.0,2.5649493574615367,11.0,11.5,0.352112676056338,1,204
40.0,2.5649493574615367,11.0,11.8,0.352112676056338,1,204
40.0,2.5649493574615367,11.0,11.5,0.352112676056338,1,204
40.0,0.6931471805599453,15.0,10.6,0.352112676056338,1,204
40.0,0.6931471805599453,11.0,12.6,0.352112676056338,1,204
0.0,0.6931471805599453,15.0,10.6,0.352112676056338,1,204
0.0,0.6931471805599453,11.0,12.6,0.352112676056338,1,204
30.0,0.6931471805599453,15.0,10.6,0.352112676056338,1,204
30.0,0.6931471805599453,11.0,12.6,0.352112676056338,1,204
0.0,0.6931471805599453,15.0,10.6,0.352112676056338,1,204
0.0,0.6931471805599453,11.0,12.6,0.352112676056338,1,204
0.0,2.5649493574615367,14.0,16.3,0.352112676056338,1,204
0.0,2.5649493574615367,13.0,10.4,0.352112676056338,1,204
0.0,2.5649493574615367,14.0,16.3,0.352112676056338,1,204
0.0,2.5649493574615367,13.0,10.4,0.352112676056338,1,204
0.0,1.0986122886681098,16.0,15.7,0.352112676056338,1,204
0.0,1.0986122886681098,14.0,9.9,0.352112676056338,1,204
0.0,1.0986122886681098,16.0,15.7,0.352112676056338,1,204
0.0,1.0986122886681098,14.0,9.9,0.352112676056338,1,204
0.0,1.0986122886681098,16.0,15.7,0.352112676056338,1,204
0.0,1.0986122886681098,14.0,9.9,0.352112676056338,1,204
40.0,1.0986122886681098,16.0,15.7,0.352112676056338,1,204
40.0,1.0986122886681098,14.0,9.9,0.352112676056338,1,204
0.0,2.3978952727983707,16.0,15.7,0.352112676056338,0,204
0.0,2.3978952727983707,14.0,9.9,0.352112676056338,0,204
0.0,2.3978952727983707,16.0,15.7,0.352112676056338,0,204
0.0,2.3978952727983707,14.0,9.9,0.352112676056338,0,204
0.0,2.3978952727983707,16.0,15.7,0.352112676056338,0,204
0.0,2.3978952727983707,14.0,9.9,0.352112676056338,0,204
40.0,2.3978952727983707,16.0,15.7,0.352112676056338,0,204
40.0,2.3978952727983707,14.0,9.9,0.352112676056338,0,204
20.0,3.4339872044851463,15.0,9.9,0.352112676056338,0,204
30.0,3.4339872044851463,15.0,9.9,0.352112676056338,0,204
20.0,2.302585092994046,15.0,9.9,0.352112676056338,1,204
30.0,2.302585092994046,15.0,9.9,0.352112676056338,1,204
0.0,3.044522437723423,15.0,9.6,0.352112676056338,1,204
2.0,2.5649493574615367,13.0,18.2,0.352112676056338,1,204
40.0,2.5649493574615367,13.0,18.2,0.352112676056338,1,204
0.0,2.5649493574615367,13.0,18.2,0.352112676056338,1,204
0.0,3.4339872044851463,12.0,17.7,0.352112676056338,1,204
0.0,3.4339872044851463,12.0,17.7,0.352112676056338,1,204
0.0,3.4339872044851463,12.0,17.7,0.352112676056338,1,204
30.0,3.044522437723423,12.0,9.7,0.352112676056338,1,204
30.0,3.044522437723423,12.0,9.7,0.352112676056338,1,204
0.0,3.044522437723423,12.0,9.7,0.352112676056338,1,204
30.0,2.3978952727983707,14.0,9.9,0.352112676056338,1,204
40.0,2.3978952727983707,14.0,9.9,0.352112676056338,1,204
0.0,2.0794415416798357,11.0,22.2,0.352112676056338,1,204
0.0,2.0794415416798357,11.0,22.2,0.352112676056338,1,204
0.0,2.0794415416798357,11.0,22.2,0.352112676056338,1,204
0.0,1.9459101490553132,11.0,12.8,0.352112676056338,1,204
25.0,1.9459101490553132,11.0,12.8,0.352112676056338,1,204
0.0,2.6390573296152584,11.0,13.1,0.352112676056338,1,204
30.0,2.6390573296152584,11.0,13.1,0.352112676056338,1,204
0.0,0.6931471805599453,11.0,16.6,0.352112676056338,1,204
0.0,1.0986122886681098,11.0,11.3,0.352112676056338,1,204
0.0,3.4339872044851463,14.0,4.5,0.0,1,205
0.0,3.4339872044851463,14.0,4.5,0.0,0,205
0.0,4.2626798770413155,12.0,17.8,0.0,0,205
0.0,3.828641396489095,12.0,18.6,0.0,1,205
0.0,5.564520407322694,12.0,14.8,0.0,4,205
0.0,5.5254529391317835,12.0,15.5,0.0,4,205
0.0,0.6931471805599453,13.0,14.4,0.06097560975609756,0,206
0.0,1.0986122886681098,12.0,18.0,0.28440366972477066,2,207
0.0,0.6931471805599453,12.0,16.2,0.28440366972477066,1,207
0.0,1.3862943611198906,12.0,15.4,0.28440366972477066,2,207
40.0,3.9318256327243257,13.0,9.2,0.28440366972477066,1,207
15.0,3.9318256327243257,13.0,9.2,0.28440366972477066,1,207
10.0,3.9318256327243257,13.0,9.2,0.28440366972477066,1,207
40.0,3.9318256327243257,13.0,10.0,0.28440366972477066,1,207
60.0,1.3862943611198906,12.0,6.8,0.28440366972477066,2,207
0.0,1.0986122886681098,16.0,3.2,0.28440366972477066,2,207
0.0,0.6931471805599453,15.0,3.4,0.28440366972477066,1,207
25.0,0.6931471805599453,15.0,3.4,0.28440366972477066,1,207
25.0,3.9318256327243257,15.0,9.2,0.28440366972477066,1,207
0.0,3.9318256327243257,14.0,5.5,0.28440366972477066,1,207
0.0,3.044522437723423,14.0,5.2,0.28440366972477066,2,207
10.0,0.6931471805599453,13.0,4.5,0.28440366972477066,1,207
0.0,0.6931471805599453,12.0,4.6,0.28440366972477066,1,207
80.0,0.6931471805599453,12.0,4.6,0.28440366972477066,1,207
0.0,1.3862943611198906,12.0,4.5,0.28440366972477066,1,207
0.0,1.3862943611198906,12.0,4.5,0.28440366972477066,1,207
0.0,1.3862943611198906,12.0,18.8,0.28440366972477066,2,207
0.0,0.6931471805599453,15.0,5.3,0.28440366972477066,1,207
50.0,3.9318256327243257,15.0,5.2,0.28440366972477066,1,207
40.0,3.9318256327243257,15.0,5.2,0.28440366972477066,1,207
0.0,2.3978952727983707,15.0,5.2,0.28440366972477066,1,207
0.0,2.3978952727983707,15.0,5.2,0.28440366972477066,1,207
0.0,1.9459101490553132,15.0,5.1,0.28440366972477066,2,207
0.0,2.772588722239781,13.0,4.5,0.28440366972477066,1,207
0.0,2.772588722239781,13.0,4.5,0.28440366972477066,1,207
40.0,1.0986122886681098,14.0,2.6,0.28440366972477066,1,207
0.0,1.0986122886681098,14.0,2.6,0.28440366972477066,1,207
50.0,3.044522437723423,14.0,2.7,0.28440366972477066,1,207
0.0,3.044522437723423,14.0,2.7,0.28440366972477066,1,207
20.0,3.9318256327243257,14.0,2.1,0.28440366972477066,3,207
0.0,1.0986122886681098,13.0,3.6,0.28440366972477066,1,207
0.0,1.0986122886681098,13.0,3.6,0.28440366972477066,1,207
0.0,0.6931471805599453,14.0,6.2,0.1111111111111111,3,208
0.0,0.6931471805599453,14.0,6.4,0.1111111111111111,1,208
0.0,0.6931471805599453,14.0,5.1,0.1111111111111111,3,208
0.0,3.9318256327243257,14.0,5.7,0.1111111111111111,3,208
0.0,2.772588722239781,12.0,9.7,0.1111111111111111,1,208
0.0,2.772588722239781,12.0,9.7,0.1111111111111111,1,208
0.0,0.6931471805599453,13.0,9.1,0.1111111111111111,4,208
0.0,0.6931471805599453,12.0,9.4,0.1111111111111111,1,208
0.0,0.6931471805599453,12.0,9.4,0.1111111111111111,1,208
0.0,0.6931471805599453,12.0,8.0,0.1111111111111111,3,208
0.0,0.6931471805599453,12.0,7.3,0.1111111111111111,3,208
0.0,0.6931471805599453,12.0,10.7,0.1111111111111111,1,208
0.0,0.6931471805599453,12.0,10.7,0.1111111111111111,1,208
0.0,0.6931471805599453,11.0,11.0,0.1111111111111111,4,208
0.0,0.6931471805599453,13.0,2.2,0.1111111111111111,3,208
0.0,0.9162907318741551,13.0,4.3,0.1111111111111111,1,208
0.0,4.394449154672439,13.0,6.9,0.1111111111111111,3,208
20.0,0.6931471805599453,13.0,2.3,0.1111111111111111,3,208
0.0,0.6931471805599453,11.0,25.6,0.2903225806451613,3,209
0.0,0.6931471805599453,11.0,25.3,0.2903225806451613,3,209
40.0,0.6931471805599453,11.0,33.2,0.2903225806451613,3,209
0.0,2.3978952727983707,14.0,32.9,0.2903225806451613,2,209
50.0,1.0986122886681098,11.0,31.3,0.2903225806451613,3,209
0.0,1.3862943611198906,11.0,10.2,0.2903225806451613,1,209
35.0,2.772588722239781,12.0,36.4,0.5772357723577236,3,210
0.0,2.772588722239781,12.0,36.4,0.5772357723577236,3,210
20.0,3.58351893845611,12.0,36.5,0.5772357723577236,3,210
0.0,3.58351893845611,12.0,36.5,0.5772357723577236,3,210
15.0,3.4339872044851463,13.0,38.9,0.5772357723577236,3,210
10.0,1.3862943611198906,12.0,43.6,0.5772357723577236,3,210
40.0,3.4339872044851463,12.0,40.3,0.5772357723577236,3,210
30.0,1.791759469228055,11.0,30.0,0.5772357723577236,2,210
0.0,1.791759469228055,11.0,30.0,0.5772357723577236,2,210
15.0,1.791759469228055,11.0,30.7,0.5772357723577236,2,210
0.0,1.791759469228055,11.0,30.7,0.5772357723577236,2,210
10.0,1.791759469228055,11.0,30.7,0.5772357723577236,2,210
15.0,1.9459101490553132,11.0,49.5,0.5772357723577236,2,210
15.0,1.791759469228055,11.0,49.4,0.5772357723577236,2,210
0.0,1.791759469228055,11.0,49.4,0.5772357723577236,2,210
15.0,1.6094379124341003,11.0,54.0,0.5772357723577236,3,210
20.0,2.8903717578961645,11.0,53.3,0.5772357723577236,3,210
10.0,2.772588722239781,11.0,55.9,0.5772357723577236,2,210
0.0,2.772588722239781,11.0,55.9,0.5772357723577236,2,210
15.0,2.772588722239781,11.0,55.9,0.5772357723577236,2,210
20.0,2.1972245773362196,10.0,45.4,0.5772357723577236,2,210
0.0,2.1972245773362196,10.0,45.4,0.5772357723577236,2,210
10.0,2.1972245773362196,10.0,45.4,0.5772357723577236,2,210
20.0,3.713572066704308,10.0,46.9,0.5772357723577236,2,210
0.0,3.713572066704308,10.0,46.9,0.5772357723577236,2,210
15.0,3.713572066704308,10.0,46.9,0.5772357723577236,2,210
30.0,2.772588722239781,13.0,31.4,0.5772357723577236,3,210
25.0,2.772588722239781,13.0,32.0,0.5772357723577236,3,210
20.0,3.4339872044851463,10.0,42.6,0.5772357723577236,2,210
0.0,3.4339872044851463,10.0,42.6,0.5772357723577236,2,210
35.0,2.3978952727983707,11.0,54.4,0.5772357723577236,2,210
0.0,2.3978952727983707,11.0,54.4,0.5772357723577236,2,210
60.0,2.9444389791664403,12.0,39.6,0.5772357723577236,3,210
15.0,3.4339872044851463,13.0,39.6,0.5772357723577236,2,210
0.0,3.4339872044851463,13.0,39.6,0.5772357723577236,2,210
10.0,3.4339872044851463,13.0,39.6,0.5772357723577236,2,210
50.0,3.4339872044851463,13.0,38.6,0.5772357723577236,3,210
10.0,3.4339872044851463,10.0,48.7,0.5772357723577236,2,210
0.0,3.4339872044851463,10.0,48.7,0.5772357723577236,2,210
15.0,3.4339872044851463,10.0,48.7,0.5772357723577236,2,210
15.0,3.4339872044851463,10.0,48.7,0.5772357723577236,2,210
0.0,1.0986122886681098,11.0,19.7,0.07692307692307693,1,211
0.0,1.0986122886681098,11.0,23.5,0.07692307692307693,1,211
0.0,1.0986122886681098,11.0,19.7,0.07692307692307693,1,211
0.0,1.0986122886681098,11.0,23.5,0.07692307692307693,1,211
0.0,1.0986122886681098,11.0,19.7,0.07692307692307693,1,211
0.0,1.0986122886681098,11.0,23.5,0.07692307692307693,1,211
0.0,1.0986122886681098,11.0,19.7,0.07692307692307693,1,211
0.0,1.0986122886681098,11.0,23.5,0.07692307692307693,1,211
0.0,1.0986122886681098,11.0,19.7,0.07692307692307693,1,211
0.0,1.0986122886681098,11.0,23.5,0.07692307692307693,1,211
0.0,1.0986122886681098,11.0,19.7,0.07692307692307693,1,211
0.0,1.0986122886681098,11.0,23.5,0.07692307692307693,1,211
0.0,1.0986122886681098,11.0,19.7,0.07692307692307693,1,211
0.0,1.0986122886681098,11.0,23.5,0.07692307692307693,1,211
0.0,1.6094379124341003,11.0,21.5,0.07692307692307693,1,211
0.0,1.6094379124341003,11.0,21.5,0.07692307692307693,1,211
50.0,1.6094379124341003,11.0,21.5,0.07692307692307693,1,211
0.0,1.6094379124341003,11.0,21.5,0.07692307692307693,1,211
0.0,1.6094379124341003,11.0,21.5,0.07692307692307693,1,211
0.0,0.6931471805599453,11.0,21.5,0.07692307692307693,2,211
0.0,0.6931471805599453,11.0,21.5,0.07692307692307693,2,211
50.0,0.6931471805599453,11.0,21.5,0.07692307692307693,2,211
0.0,0.6931471805599453,11.0,21.5,0.07692307692307693,2,211
0.0,0.6931471805599453,11.0,21.5,0.07692307692307693,2,211
0.0,0.6931471805599453,11.0,22.5,0.07692307692307693,1,211
0.0,0.6931471805599453,11.0,22.5,0.07692307692307693,1,211
0.0,0.6931471805599453,11.0,22.5,0.07692307692307693,2,211
0.0,0.6931471805599453,11.0,22.5,0.07692307692307693,2,211
0.0,1.6094379124341003,11.0,23.3,0.07692307692307693,1,211
0.0,1.6094379124341003,11.0,23.3,0.07692307692307693,1,211
0.0,0.6931471805599453,11.0,23.3,0.07692307692307693,2,211
0.0,0.6931471805599453,11.0,23.3,0.07692307692307693,2,211
0.0,0.6931471805599453,11.0,19.7,0.07692307692307693,1,211
0.0,0.6931471805599453,11.0,23.5,0.07692307692307693,1,211
0.0,0.6931471805599453,11.0,19.7,0.07692307692307693,1,211
0.0,0.6931471805599453,11.0,23.5,0.07692307692307693,1,211
0.0,0.6931471805599453,11.0,19.7,0.07692307692307693,1,211
0.0,0.6931471805599453,11.0,23.5,0.07692307692307693,1,211
0.0,0.6931471805599453,11.0,19.7,0.07692307692307693,1,211
0.0,0.6931471805599453,11.0,23.5,0.07692307692307693,1,211
0.0,0.6931471805599453,11.0,19.7,0.07692307692307693,1,211
0.0,0.6931471805599453,11.0,23.5,0.07692307692307693,1,211
0.0,0.6931471805599453,11.0,19.7,0.07692307692307693,1,211
0.0,0.6931471805599453,11.0,23.5,0.07692307692307693,1,211
0.0,0.6931471805599453,11.0,19.7,0.07692307692307693,1,211
0.0,0.6931471805599453,11.0,23.5,0.07692307692307693,1,211
0.0,0.6931471805599453,11.0,20.3,0.07692307692307693,2,211
80.0,0.6931471805599453,11.0,20.3,0.07692307692307693,2,211
0.0,1.0986122886681098,11.0,19.4,0.07692307692307693,3,211
0.0,0.6931471805599453,11.0,21.5,0.07692307692307693,2,211
0.0,0.6931471805599453,11.0,18.0,0.07692307692307693,0,211
0.0,1.6094379124341003,11.0,20.1,0.07692307692307693,1,211
0.0,1.6094379124341003,11.0,20.1,0.07692307692307693,1,211
0.0,1.3862943611198906,10.0,33.9,0.07692307692307693,1,211
0.0,0.6931471805599453,10.0,31.3,0.07692307692307693,4,211
0.0,0.6931471805599453,12.0,37.9,0.07692307692307693,4,211
0.0,0.6931471805599453,12.0,37.6,0.07692307692307693,0,211
0.0,1.0986122886681098,12.0,13.8,0.07692307692307693,1,211
0.0,1.9459101490553132,12.0,13.6,0.07692307692307693,1,211
0.0,1.9459101490553132,12.0,13.6,0.07692307692307693,1,211
0.0,1.6094379124341003,12.0,14.9,0.07692307692307693,0,211
0.0,1.6094379124341003,12.0,14.9,0.07692307692307693,0,211
0.0,1.3862943611198906,12.0,15.2,0.07692307692307693,4,211
0.0,1.3862943611198906,12.0,15.2,0.07692307692307693,4,211
0.0,2.3978952727983707,11.0,14.6,0.07692307692307693,1,211
0.0,1.0986122886681098,11.0,11.7,0.07692307692307693,4,211
0.0,1.6094379124341003,13.0,6.9,0.07692307692307693,1,211
0.0,1.6094379124341003,13.0,6.9,0.07692307692307693,1,211
0.0,1.6094379124341003,13.0,6.9,0.07692307692307693,1,211
0.0,1.791759469228055,14.0,8.1,0.07692307692307693,1,211
0.0,1.791759469228055,14.0,8.1,0.07692307692307693,1,211
0.0,1.0986122886681098,14.0,8.1,0.07692307692307693,2,211
0.0,1.0986122886681098,14.0,8.1,0.07692307692307693,2,211
0.0,1.9459101490553132,12.0,15.4,0.07692307692307693,1,211
0.0,1.0986122886681098,12.0,15.5,0.07692307692307693,2,211
0.0,1.791759469228055,12.0,16.1,0.07692307692307693,1,211
0.0,1.3862943611198906,12.0,18.7,0.07692307692307693,1,211
0.0,1.3862943611198906,10.0,27.2,0.07692307692307693,0,211
0.0,1.0986122886681098,11.0,26.8,0.07692307692307693,3,211
0.0,1.6094379124341003,12.0,16.8,0.07692307692307693,1,211
0.0,1.0986122886681098,12.0,16.5,0.07692307692307693,1,211
0.0,1.0986122886681098,12.0,16.5,0.07692307692307693,1,211
0.0,1.6094379124341003,12.0,16.5,0.07692307692307693,2,211
0.0,1.6094379124341003,12.0,16.5,0.07692307692307693,2,211
0.0,1.0986122886681098,12.0,25.6,0.07692307692307693,1,211
0.0,2.3978952727983707,11.0,16.8,0.07692307692307693,4,211
0.0,1.9459101490553132,11.0,13.7,0.07692307692307693,3,211
0.0,1.0986122886681098,15.0,13.8,0.07692307692307693,4,211
0.0,1.3862943611198906,13.0,7.3,0.07692307692307693,1,211
0.0,1.3862943611198906,13.0,7.3,0.07692307692307693,1,211
0.0,1.791759469228055,13.0,7.3,0.07692307692307693,2,211
0.0,1.791759469228055,13.0,7.3,0.07692307692307693,2,211
0.0,3.4339872044851463,13.0,6.9,0.07692307692307693,1,211
0.0,3.4339872044851463,13.0,6.9,0.07692307692307693,1,211
0.0,3.4339872044851463,13.0,6.9,0.07692307692307693,1,211
0.0,1.6094379124341003,11.0,13.6,0.07692307692307693,1,211
0.0,1.6094379124341003,11.0,13.6,0.07692307692307693,1,211
0.0,1.6094379124341003,12.0,12.8,0.07692307692307693,1,211
0.0,1.6094379124341003,12.0,12.8,0.07692307692307693,1,211
0.0,0.6931471805599453,13.0,16.5,0.07692307692307693,1,211
0.0,0.6931471805599453,13.0,16.5,0.07692307692307693,1,211
0.0,1.3862943611198906,12.0,25.7,0.07692307692307693,1,211
0.0,0.6931471805599453,12.0,30.3,0.07692307692307693,4,211
0.0,1.3862943611198906,10.0,24.5,0.07692307692307693,1,211
0.0,1.3862943611198906,10.0,24.5,0.07692307692307693,1,211
0.0,1.3862943611198906,10.0,24.5,0.07692307692307693,1,211
0.0,1.6094379124341003,10.0,21.4,0.07692307692307693,1,211
0.0,1.6094379124341003,10.0,21.4,0.07692307692307693,1,211
0.0,0.6931471805599453,10.0,21.4,0.07692307692307693,2,211
0.0,0.6931471805599453,10.0,21.4,0.07692307692307693,2,211
0.0,1.791759469228055,12.0,15.8,0.07692307692307693,1,211
0.0,1.3862943611198906,12.0,20.4,0.07692307692307693,1,211
0.0,1.0986122886681098,12.0,20.3,0.07692307692307693,1,211
60.0,1.0986122886681098,12.0,20.3,0.07692307692307693,1,211
0.0,1.0986122886681098,12.0,6.4,0.07692307692307693,1,211
0.0,1.6094379124341003,11.0,10.0,0.07692307692307693,1,211
0.0,1.6094379124341003,11.0,10.0,0.07692307692307693,1,211
0.0,1.0986122886681098,11.0,10.0,0.07692307692307693,2,211
0.0,1.0986122886681098,11.0,10.0,0.07692307692307693,2,211
0.0,1.0986122886681098,11.0,9.9,0.07692307692307693,4,211
0.0,0.6931471805599453,13.0,11.1,0.07692307692307693,1,211
0.0,0.6931471805599453,13.0,11.1,0.07692307692307693,1,211
0.0,1.0986122886681098,12.0,10.1,0.07692307692307693,1,211
0.0,1.6094379124341003,12.0,10.5,0.07692307692307693,1,211
0.0,1.6094379124341003,12.0,10.5,0.07692307692307693,1,211
0.0,1.0986122886681098,12.0,10.5,0.07692307692307693,2,211
0.0,1.0986122886681098,12.0,10.5,0.07692307692307693,2,211
0.0,1.3862943611198906,12.0,10.5,0.07692307692307693,1,211
0.0,1.3862943611198906,12.0,10.5,0.07692307692307693,1,211
0.0,1.3862943611198906,12.0,10.5,0.07692307692307693,1,211
0.0,1.3862943611198906,12.0,7.5,0.07692307692307693,0,211
0.0,0.6931471805599453,11.0,32.6,0.07692307692307693,0,211
0.0,0.6931471805599453,11.0,13.8,0.07692307692307693,0,211
0.0,0.6931471805599453,11.0,22.0,0.07692307692307693,0,211
0.0,1.3862943611198906,11.0,43.8,0.07692307692307693,1,211
0.0,6.293419278846481,11.0,21.6,0.4064516129032258,1,212
0.0,6.293419278846481,11.0,21.6,0.4064516129032258,1,212
0.0,6.293419278846481,11.0,21.6,0.4064516129032258,1,212
0.0,5.648974238161206,11.0,21.6,0.4064516129032258,2,212
0.0,5.648974238161206,11.0,21.6,0.4064516129032258,2,212
0.0,5.648974238161206,11.0,21.6,0.4064516129032258,2,212
5.0,2.70805020110221,13.0,30.2,0.4064516129032258,0,212
5.0,2.70805020110221,16.0,23.0,0.4064516129032258,0,212
0.0,2.5649493574615367,12.0,30.3,0.4064516129032258,2,212
0.0,2.5649493574615367,16.0,23.1,0.4064516129032258,2,212
0.0,2.5649493574615367,12.0,30.3,0.4064516129032258,2,212
0.0,2.5649493574615367,16.0,23.1,0.4064516129032258,2,212
0.0,2.5649493574615367,12.0,30.3,0.4064516129032258,2,212
0.0,2.5649493574615367,16.0,23.1,0.4064516129032258,2,212
0.0,2.70805020110221,16.0,23.3,0.4064516129032258,2,212
0.0,2.70805020110221,16.0,23.3,0.4064516129032258,2,212
0.0,2.70805020110221,16.0,23.3,0.4064516129032258,2,212
0.0,2.8903717578961645,14.0,27.5,0.4064516129032258,0,212
25.0,5.746203190540153,11.0,46.8,0.4064516129032258,0,212
25.0,5.746203190540153,17.0,20.8,0.4064516129032258,0,212
5.0,5.746203190540153,11.0,46.8,0.4064516129032258,0,212
5.0,5.746203190540153,17.0,20.8,0.4064516129032258,0,212
25.0,5.049856007249537,11.0,46.8,0.4064516129032258,0,212
25.0,5.049856007249537,17.0,20.8,0.4064516129032258,0,212
5.0,5.049856007249537,11.0,46.8,0.4064516129032258,0,212
5.0,5.049856007249537,17.0,20.8,0.4064516129032258,0,212
0.0,3.1354942159291497,13.0,37.8,0.4064516129032258,2,212
20.0,3.1354942159291497,13.0,37.8,0.4064516129032258,2,212
0.0,3.1354942159291497,13.0,37.8,0.4064516129032258,2,212
0.0,3.1354942159291497,13.0,37.8,0.4064516129032258,2,212
5.0,3.7612001156935624,11.0,37.0,0.4064516129032258,4,212
5.0,0.6931471805599453,13.0,17.1,0.4064516129032258,0,212
15.0,0.6931471805599453,12.0,22.5,0.4064516129032258,0,212
10.0,1.6094379124341003,12.0,54.9,0.4064516129032258,4,212
15.0,0.6931471805599453,13.0,21.6,0.4064516129032258,0,212
0.0,0.6931471805599453,10.0,38.6,0.4064516129032258,0,212
0.0,0.6931471805599453,10.0,39.2,0.4064516129032258,0,212
0.0,0.6931471805599453,10.0,39.2,0.4064516129032258,0,212
0.0,3.713572066704308,10.0,39.2,0.4064516129032258,2,212
0.0,3.713572066704308,10.0,39.2,0.4064516129032258,2,212
10.0,3.1354942159291497,12.0,34.4,0.4064516129032258,4,212
0.0,2.0794415416798357,11.0,30.6,0.4064516129032258,0,212
0.0,2.302585092994046,10.0,30.1,0.4064516129032258,2,212
25.0,3.5263605246161616,14.0,10.5,0.4064516129032258,4,212
0.0,1.791759469228055,11.0,27.5,0.4064516129032258,2,212
10.0,1.0986122886681098,11.0,22.5,0.4064516129032258,4,212
5.0,1.0986122886681098,11.0,21.7,0.4064516129032258,0,212
0.0,1.0986122886681098,11.0,21.7,0.4064516129032258,0,212
0.0,1.6094379124341003,12.0,28.1,0.4064516129032258,4,212
15.0,1.6094379124341003,10.0,43.6,0.4064516129032258,0,212
20.0,1.6094379124341003,11.0,22.1,0.4064516129032258,4,212
0.0,0.6931471805599453,15.0,15.7,0.4064516129032258,4,212
0.0,3.9318256327243257,15.0,15.9,0.4064516129032258,0,212
10.0,0.6931471805599453,10.0,49.2,0.4064516129032258,4,212
10.0,2.995732273553991,14.0,17.9,0.4064516129032258,4,212
0.0,1.0986122886681098,14.0,2.2,0.0,1,213
0.0,1.9459101490553132,15.0,1.1,0.0,1,213
0.0,3.4339872044851463,12.0,13.6,0.2912621359223301,3,214
0.0,2.3978952727983707,12.0,15.6,0.2912621359223301,3,214
0.0,0.6931471805599453,13.0,10.0,0.2912621359223301,3,214
0.0,3.4965075614664802,12.0,9.5,0.2912621359223301,3,214
0.0,3.044522437723423,12.0,7.6,0.2912621359223301,0,214
50.0,3.713572066704308,13.0,9.5,0.2912621359223301,3,214
0.0,3.713572066704308,12.0,10.2,0.2912621359223301,3,214
0.0,3.4339872044851463,13.0,16.9,0.2912621359223301,3,214
0.0,2.833213344056216,13.0,16.6,0.2912621359223301,0,214
0.0,1.0986122886681098,12.0,7.0,0.2714285714285714,2,215
0.0,1.791759469228055,15.0,14.4,0.2714285714285714,2,215
0.0,0.6931471805599453,12.0,3.1,0.16091954022988506,2,216
0.0,0.6931471805599453,12.0,3.1,0.16091954022988506,2,216
0.0,0.6931471805599453,12.0,3.4,0.16091954022988506,2,216
0.0,0.6931471805599453,12.0,3.4,0.16091954022988506,2,216
0.0,1.3862943611198906,13.0,8.1,0.16091954022988506,1,216
0.0,1.3862943611198906,13.0,8.1,0.16091954022988506,1,216
0.0,1.3862943611198906,13.0,8.1,0.16091954022988506,1,216
0.0,1.3862943611198906,12.0,10.2,0.16091954022988506,2,216
0.0,1.6094379124341003,14.0,6.6,0.16091954022988506,2,216
0.0,0.6931471805599453,12.0,5.1,0.16091954022988506,2,216
0.0,0.6931471805599453,12.0,5.1,0.16091954022988506,2,216
0.0,0.6931471805599453,12.0,5.1,0.16091954022988506,2,216
0.0,0.6931471805599453,12.0,5.1,0.16091954022988506,2,216
0.0,1.9459101490553132,13.0,9.2,0.16091954022988506,2,216
0.0,1.3862943611198906,12.0,7.7,0.16091954022988506,1,216
0.0,1.0986122886681098,12.0,6.1,0.16091954022988506,2,216
0.0,0.6931471805599453,11.0,14.1,0.4088050314465409,0,217
0.0,1.0986122886681098,12.0,19.6,0.4088050314465409,0,217
0.0,1.9459101490553132,12.0,17.9,0.4088050314465409,3,217
20.0,3.044522437723423,11.0,14.9,0.4088050314465409,0,217
10.0,2.3978952727983707,13.0,10.3,0.4088050314465409,3,217
0.0,4.795790545596741,11.0,12.7,0.4088050314465409,0,217
10.0,1.6094379124341003,13.0,11.2,0.4088050314465409,3,217
0.0,2.3978952727983707,11.0,12.9,0.4088050314465409,0,217
20.0,2.3978952727983707,11.0,15.8,0.4088050314465409,0,217
10.0,0.6931471805599453,14.0,14.0,0.4088050314465409,3,217
20.0,0.6931471805599453,11.0,38.2,0.4088050314465409,0,217
10.0,1.0986122886681098,11.0,26.3,0.4088050314465409,3,217
20.0,1.3862943611198906,12.0,41.5,0.4088050314465409,0,217
20.0,1.0986122886681098,11.0,19.9,0.4088050314465409,0,217
20.0,1.6094379124341003,11.0,15.9,0.4088050314465409,0,217
20.0,1.0986122886681098,11.0,16.2,0.4088050314465409,4,217
20.0,1.6094379124341003,11.0,16.7,0.4088050314465409,0,217
10.0,0.6931471805599453,12.0,16.7,0.4088050314465409,3,217
0.0,0.6931471805599453,12.0,28.3,0.4088050314465409,3,217
0.0,0.6931471805599453,12.0,28.0,0.4088050314465409,3,217
0.0,2.0794415416798357,13.0,16.3,0.4088050314465409,3,217
0.0,0.6931471805599453,13.0,17.5,0.4088050314465409,0,217
20.0,3.258096538021482,11.0,10.5,0.4088050314465409,3,217
20.0,0.6931471805599453,11.0,7.1,0.4088050314465409,3,217
0.0,0.6931471805599453,12.0,11.4,0.4088050314465409,0,217
0.0,0.6931471805599453,12.0,12.0,0.26627218934911245,1,218
0.0,0.6931471805599453,12.0,12.0,0.26627218934911245,1,218
40.0,0.6931471805599453,12.0,12.1,0.26627218934911245,3,218
50.0,0.6931471805599453,11.0,47.2,0.26627218934911245,3,218
0.0,0.6931471805599453,11.0,18.6,0.26627218934911245,3,218
0.0,1.0986122886681098,11.0,31.1,0.26627218934911245,1,218
75.0,1.0986122886681098,11.0,31.1,0.26627218934911245,1,218
0.0,0.6931471805599453,11.0,32.1,0.26627218934911245,1,218
40.0,1.0986122886681098,12.0,35.8,0.26627218934911245,1,218
50.0,0.6931471805599453,12.0,38.0,0.26627218934911245,3,218
50.0,0.6931471805599453,11.0,41.5,0.26627218934911245,3,218
30.0,0.6931471805599453,12.0,38.5,0.26627218934911245,1,218
10.0,0.6931471805599453,12.0,38.5,0.26627218934911245,1,218
50.0,0.6931471805599453,12.0,36.7,0.26627218934911245,2,218
0.0,0.9162907318741551,12.0,25.4,0.26627218934911245,2,218
75.0,0.6931471805599453,11.0,16.3,0.26627218934911245,1,218
0.0,0.6931471805599453,11.0,18.1,0.26627218934911245,3,218
0.0,0.6931471805599453,11.0,12.7,0.26627218934911245,2,218
0.0,0.6931471805599453,11.0,11.3,0.26627218934911245,3,218
50.0,1.3862943611198906,13.0,24.6,0.26627218934911245,1,218
0.0,0.6931471805599453,12.0,21.0,0.26627218934911245,2,218
0.0,0.6931471805599453,12.0,19.8,0.26627218934911245,2,218
50.0,1.0986122886681098,12.0,17.0,0.26627218934911245,1,218
50.0,0.6931471805599453,13.0,11.2,0.26627218934911245,3,218
0.0,0.6931471805599453,11.0,16.9,0.26627218934911245,1,218
0.0,0.6931471805599453,11.0,16.9,0.26627218934911245,1,218
0.0,2.833213344056216,11.0,17.6,0.26627218934911245,0,218
60.0,0.6931471805599453,11.0,29.2,0.26627218934911245,2,218
0.0,0.6931471805599453,11.0,32.1,0.26627218934911245,3,218
40.0,0.6931471805599453,10.0,30.4,0.26627218934911245,2,218
0.0,0.6931471805599453,12.0,14.1,0.26627218934911245,2,218
50.0,0.9162907318741551,14.0,11.0,0.26627218934911245,1,218
0.0,1.6094379124341003,11.0,33.6,0.26627218934911245,1,218
0.0,1.3862943611198906,13.0,12.7,0.26627218934911245,1,218
0.0,0.6931471805599453,11.0,13.1,0.26627218934911245,2,218
80.0,0.6931471805599453,13.0,11.3,0.26627218934911245,3,218
50.0,0.6931471805599453,11.0,17.8,0.26627218934911245,3,218
40.0,0.6931471805599453,11.0,16.7,0.26627218934911245,3,218
50.0,1.791759469228055,11.0,25.4,0.26627218934911245,3,218
0.0,2.3978952727983707,12.0,15.9,0.12264150943396226,1,219
0.0,2.3978952727983707,12.0,15.9,0.12264150943396226,1,219
0.0,2.3978952727983707,12.0,15.9,0.12264150943396226,1,219
0.0,4.61512051684126,11.0,17.4,0.12264150943396226,1,219
0.0,4.61512051684126,11.0,17.4,0.12264150943396226,1,219
0.0,0.6931471805599453,12.0,23.5,0.12264150943396226,3,219
0.0,0.6931471805599453,13.0,22.2,0.12264150943396226,1,219
0.0,0.6931471805599453,13.0,22.2,0.12264150943396226,1,219
0.0,0.6931471805599453,13.0,21.4,0.12264150943396226,1,219
0.0,0.6931471805599453,13.0,21.4,0.12264150943396226,1,219
0.0,3.713572066704308,15.0,15.1,0.12264150943396226,0,219
0.0,3.9318256327243257,15.0,15.9,0.12264150943396226,4,219
0.0,3.713572066704308,12.0,14.1,0.12264150943396226,0,219
0.0,3.58351893845611,11.0,34.6,0.12264150943396226,3,219
25.0,3.4339872044851463,14.0,26.8,0.12264150943396226,0,219
0.0,3.4339872044851463,12.0,14.4,0.07964601769911504,3,220
0.0,0.6931471805599453,12.0,14.6,0.07964601769911504,2,220
0.0,0.6931471805599453,11.0,10.7,0.07964601769911504,2,220
0.0,1.0986122886681098,11.0,9.6,0.07964601769911504,2,220
0.0,1.0986122886681098,11.0,13.4,0.07964601769911504,2,220
0.0,0.6931471805599453,14.0,30.6,0.07964601769911504,2,220
0.0,2.3978952727983707,14.0,32.2,0.07964601769911504,3,220
0.0,0.6931471805599453,14.0,32.1,0.07964601769911504,2,220
0.0,3.713572066704308,13.0,23.7,0.07964601769911504,3,220
0.0,2.772588722239781,11.0,29.6,0.07964601769911504,2,220
0.0,1.0986122886681098,12.0,25.1,0.07964601769911504,2,220
0.0,3.713572066704308,12.0,25.9,0.07964601769911504,0,220
25.0,3.044522437723423,12.0,23.2,0.07964601769911504,3,220
0.0,0.6931471805599453,11.0,23.1,0.07964601769911504,2,220
0.0,1.0986122886681098,12.0,24.2,0.07964601769911504,2,220
0.0,0.6931471805599453,11.0,24.9,0.07964601769911504,3,220
0.0,1.0986122886681098,11.0,22.4,0.07964601769911504,2,220
0.0,1.0986122886681098,12.0,23.3,0.07964601769911504,2,220
0.0,4.394449154672439,12.0,32.3,0.07964601769911504,3,220
0.0,3.9318256327243257,12.0,32.9,0.07964601769911504,0,220
0.0,3.9318256327243257,12.0,32.6,0.07964601769911504,3,220
0.0,0.6931471805599453,11.0,38.0,0.07964601769911504,2,220
0.0,4.110873864173311,11.0,28.2,0.07964601769911504,3,220
0.0,1.0986122886681098,11.0,37.8,0.07964601769911504,2,220
0.0,0.6931471805599453,11.0,17.2,0.6190476190476191,1,221
10.0,0.6931471805599453,11.0,17.2,0.6190476190476191,1,221
50.0,0.6931471805599453,11.0,17.2,0.6190476190476191,1,221
10.0,0.6931471805599453,11.0,17.2,0.6190476190476191,1,221
0.0,0.6931471805599453,11.0,17.2,0.6190476190476191,1,221
60.0,1.0986122886681098,11.0,21.0,0.6190476190476191,1,221
30.0,3.9318256327243257,11.0,20.8,0.6190476190476191,3,221
50.0,1.0986122886681098,11.0,15.3,0.6190476190476191,1,221
60.0,3.713572066704308,11.0,11.2,0.6190476190476191,3,221
0.0,4.110873864173311,11.0,13.1,0.6190476190476191,1,221
20.0,4.110873864173311,11.0,13.1,0.6190476190476191,1,221
0.0,4.110873864173311,11.0,13.7,0.6190476190476191,1,221
0.0,1.9459101490553132,12.0,19.7,0.6190476190476191,1,221
0.0,1.9459101490553132,12.0,19.7,0.6190476190476191,1,221
30.0,1.3862943611198906,12.0,17.5,0.6190476190476191,1,221
30.0,1.3862943611198906,12.0,17.5,0.6190476190476191,1,221
80.0,1.9459101490553132,11.0,17.5,0.6190476190476191,1,221
80.0,1.9459101490553132,11.0,17.5,0.6190476190476191,1,221
50.0,1.9459101490553132,11.0,17.5,0.6190476190476191,1,221
50.0,1.0986122886681098,11.0,16.9,0.6190476190476191,1,221
0.0,1.0986122886681098,11.0,16.9,0.6190476190476191,1,221
50.0,4.110873864173311,11.0,16.9,0.6190476190476191,2,221
0.0,4.110873864173311,11.0,16.9,0.6190476190476191,2,221
30.0,3.713572066704308,11.0,19.7,0.6190476190476191,4,221
0.0,0.6931471805599453,12.0,16.8,0.6190476190476191,1,221
50.0,0.6931471805599453,12.0,16.8,0.6190476190476191,1,221
30.0,0.6931471805599453,12.0,16.8,0.6190476190476191,1,221
30.0,3.828641396489095,15.0,16.1,0.6190476190476191,4,221
0.0,3.044522437723423,14.0,15.0,0.6190476190476191,3,221
0.0,1.0986122886681098,14.0,13.7,0.6190476190476191,1,221
0.0,1.0986122886681098,14.0,13.7,0.6190476190476191,1,221
0.0,1.3862943611198906,14.0,13.7,0.6190476190476191,1,221
0.0,3.4339872044851463,13.0,13.8,0.6190476190476191,3,221
0.0,0.6931471805599453,11.0,22.1,0.6190476190476191,1,221
0.0,0.6931471805599453,11.0,22.1,0.6190476190476191,1,221
0.0,1.0986122886681098,11.0,22.1,0.6190476190476191,1,221
70.0,1.791759469228055,13.0,18.5,0.6190476190476191,1,221
40.0,4.110873864173311,13.0,18.5,0.6190476190476191,3,221
50.0,3.713572066704308,12.0,12.2,0.6190476190476191,3,221
30.0,1.3862943611198906,12.0,12.2,0.6190476190476191,1,221
0.0,3.9318256327243257,16.0,19.2,0.6190476190476191,3,221
30.0,0.6931471805599453,11.0,17.6,0.6190476190476191,2,221
50.0,4.110873864173311,11.0,17.7,0.6190476190476191,1,221
0.0,4.110873864173311,11.0,17.7,0.6190476190476191,1,221
20.0,4.110873864173311,11.0,17.7,0.6190476190476191,1,221
50.0,1.9459101490553132,11.0,15.7,0.6190476190476191,1,221
50.0,0.6931471805599453,11.0,6.3,0.6190476190476191,0,221
50.0,2.0794415416798357,11.0,19.5,0.6190476190476191,1,221
20.0,4.110873864173311,11.0,19.5,0.6190476190476191,3,221
50.0,0.6931471805599453,11.0,23.1,0.6190476190476191,0,221
0.0,0.6931471805599453,11.0,27.8,0.6190476190476191,4,221
30.0,0.6931471805599453,12.0,18.2,0.6190476190476191,1,221
20.0,0.6931471805599453,12.0,18.2,0.6190476190476191,1,221
10.0,1.0986122886681098,13.0,7.2,0.6190476190476191,2,221
50.0,1.3862943611198906,13.0,7.2,0.6190476190476191,1,221
50.0,0.4054651081081644,13.0,7.8,0.6190476190476191,1,221
20.0,0.4054651081081644,13.0,7.8,0.6190476190476191,1,221
50.0,0.4054651081081644,13.0,7.8,0.6190476190476191,1,221
50.0,0.4054651081081644,13.0,7.9,0.6190476190476191,1,221
50.0,0.4054651081081644,13.0,7.9,0.6190476190476191,1,221
20.0,0.4054651081081644,13.0,7.9,0.6190476190476191,1,221
50.0,0.4054651081081644,13.0,7.2,0.6190476190476191,1,221
20.0,0.4054651081081644,13.0,7.2,0.6190476190476191,1,221
50.0,4.795790545596741,13.0,6.3,0.6190476190476191,1,221
10.0,1.0986122886681098,13.0,7.3,0.6190476190476191,2,221
50.0,1.0986122886681098,16.0,9.8,0.6190476190476191,1,221
20.0,1.0986122886681098,16.0,9.8,0.6190476190476191,1,221
20.0,1.0986122886681098,16.0,9.8,0.6190476190476191,1,221
50.0,0.6931471805599453,16.0,9.8,0.6190476190476191,1,221
0.0,4.61512051684126,12.0,8.9,0.6190476190476191,1,221
0.0,4.61512051684126,12.0,8.9,0.6190476190476191,1,221
30.0,4.795790545596741,12.0,9.2,0.6190476190476191,1,221
20.0,4.795790545596741,12.0,9.2,0.6190476190476191,1,221
0.0,5.198497031265826,12.0,8.2,0.6190476190476191,2,221
50.0,2.1972245773362196,12.0,15.4,0.6190476190476191,1,221
0.0,1.6094379124341003,10.0,36.3,0.328,3,222
0.0,1.9459101490553132,12.0,25.2,0.328,3,222
10.0,0.6931471805599453,10.0,36.2,0.328,2,222
30.0,1.0986122886681098,11.0,42.4,0.328,2,222
25.0,0.6931471805599453,11.0,41.8,0.328,3,222
25.0,2.3978952727983707,12.0,17.4,0.328,3,222
25.0,2.302585092994046,14.0,21.0,0.328,3,222
50.0,1.6094379124341003,13.0,23.5,0.328,3,222
20.0,0.6931471805599453,11.0,29.8,0.328,2,222
33.0,0.6931471805599453,11.0,27.5,0.328,3,222
0.0,1.0986122886681098,11.0,27.6,0.328,2,222
0.0,1.0986122886681098,11.0,27.6,0.328,2,222
0.0,1.3862943611198906,11.0,40.0,0.328,1,222
0.0,1.3862943611198906,11.0,40.0,0.328,1,222
0.0,1.3862943611198906,11.0,40.0,0.328,1,222
20.0,1.0986122886681098,10.0,19.7,0.328,2,222
0.0,1.0986122886681098,10.0,19.7,0.328,2,222
20.0,2.5649493574615367,11.0,33.6,0.328,2,222
33.0,1.3862943611198906,10.0,20.5,0.328,3,222
100.0,1.0986122886681098,12.0,13.2,0.8205128205128205,1,223
40.0,1.9459101490553132,14.0,6.1,0.8205128205128205,1,223
10.0,0.6931471805599453,12.0,4.4,0.8205128205128205,2,223
20.0,4.7535901911063645,11.0,23.8,0.8205128205128205,2,223
70.0,3.9318256327243257,11.0,12.7,0.8205128205128205,1,223
70.0,3.9318256327243257,12.0,10.1,0.8205128205128205,1,223
60.0,3.9318256327243257,11.0,12.7,0.8205128205128205,1,223
60.0,3.9318256327243257,12.0,10.1,0.8205128205128205,1,223
30.0,0.6931471805599453,13.0,5.9,0.8205128205128205,1,223
30.0,0.6931471805599453,13.0,5.9,0.8205128205128205,1,223
60.0,0.6931471805599453,13.0,4.8,0.8205128205128205,2,223
30.0,2.772588722239781,12.0,2.3,0.8205128205128205,2,223
60.0,1.791759469228055,11.0,13.6,0.8205128205128205,1,223
60.0,1.791759469228055,12.0,5.6,0.8205128205128205,1,223
40.0,1.791759469228055,11.0,13.6,0.8205128205128205,1,223
40.0,1.791759469228055,12.0,5.6,0.8205128205128205,1,223
60.0,1.3862943611198906,12.0,4.5,0.8205128205128205,0,223
40.0,0.6931471805599453,14.0,4.9,0.8205128205128205,1,223
10.0,1.0986122886681098,15.0,9.6,0.6443298969072165,2,224
75.0,0.6931471805599453,15.0,8.9,0.6443298969072165,1,224
50.0,0.6931471805599453,15.0,8.9,0.6443298969072165,1,224
33.0,0.6931471805599453,10.0,30.0,0.6443298969072165,2,224
0.0,3.4339872044851463,11.0,26.4,0.6443298969072165,3,224
50.0,2.833213344056216,11.0,27.7,0.6443298969072165,1,224
0.0,2.833213344056216,11.0,27.7,0.6443298969072165,1,224
25.0,1.791759469228055,12.0,21.1,0.6443298969072165,2,224
0.0,4.330733340286331,11.0,27.6,0.6443298969072165,3,224
33.0,1.6094379124341003,12.0,7.7,0.6443298969072165,3,224
40.0,0.6931471805599453,12.0,7.5,0.6443298969072165,1,224
33.0,0.6931471805599453,11.0,25.0,0.6443298969072165,2,224
25.0,0.6931471805599453,11.0,25.0,0.6443298969072165,2,224
0.0,0.6931471805599453,12.0,7.2,0.6443298969072165,2,224
50.0,1.0986122886681098,13.0,7.1,0.6443298969072165,1,224
33.0,1.0986122886681098,13.0,7.1,0.6443298969072165,1,224
25.0,0.6931471805599453,12.0,7.8,0.6443298969072165,1,224
40.0,0.6931471805599453,12.0,7.8,0.6443298969072165,1,224
33.0,1.6094379124341003,12.0,6.7,0.6443298969072165,0,224
25.0,1.6094379124341003,12.0,6.7,0.6443298969072165,0,224
50.0,1.3862943611198906,12.0,9.5,0.6443298969072165,0,224
60.0,1.3862943611198906,12.0,9.5,0.6443298969072165,0,224
60.0,1.3862943611198906,12.0,9.5,0.6443298969072165,0,224
50.0,1.3862943611198906,12.0,9.5,0.6443298969072165,0,224
50.0,1.3862943611198906,12.0,9.5,0.6443298969072165,1,224
60.0,1.3862943611198906,12.0,9.5,0.6443298969072165,1,224
60.0,1.3862943611198906,12.0,9.5,0.6443298969072165,1,224
50.0,1.3862943611198906,12.0,9.5,0.6443298969072165,1,224
33.0,1.9459101490553132,12.0,11.4,0.6443298969072165,3,224
25.0,3.258096538021482,12.0,18.3,0.6443298969072165,3,224
25.0,0.6931471805599453,11.0,12.6,0.6443298969072165,2,224
10.0,1.791759469228055,11.0,28.9,0.6443298969072165,0,224
50.0,1.0986122886681098,12.0,34.8,0.6443298969072165,1,224
50.0,1.0986122886681098,12.0,34.8,0.6443298969072165,1,224
60.0,4.61512051684126,12.0,30.2,0.6443298969072165,2,224
0.0,0.6931471805599453,12.0,18.5,0.6443298969072165,3,224
25.0,0.6931471805599453,11.0,22.6,0.6443298969072165,2,224
80.0,1.9459101490553132,11.0,22.7,0.6443298969072165,1,224
50.0,1.9459101490553132,11.0,22.7,0.6443298969072165,1,224
80.0,0.6931471805599453,11.0,22.7,0.6443298969072165,3,224
50.0,0.6931471805599453,11.0,22.7,0.6443298969072165,3,224
40.0,2.5649493574615367,14.0,13.2,0.6443298969072165,2,224
40.0,1.791759469228055,12.0,26.0,0.6443298969072165,3,224
0.0,1.9459101490553132,11.0,22.7,0.6443298969072165,1,224
0.0,1.9459101490553132,11.0,22.7,0.6443298969072165,1,224
25.0,1.9459101490553132,11.0,22.7,0.6443298969072165,1,224
0.0,1.0986122886681098,11.0,22.7,0.6443298969072165,2,224
0.0,1.0986122886681098,11.0,22.7,0.6443298969072165,2,224
25.0,1.0986122886681098,11.0,22.7,0.6443298969072165,2,224
25.0,2.772588722239781,11.0,21.5,0.6443298969072165,1,224
40.0,2.772588722239781,11.0,21.5,0.6443298969072165,1,224
33.0,2.772588722239781,11.0,21.5,0.6443298969072165,1,224
40.0,2.8903717578961645,11.0,24.1,0.6443298969072165,2,224
50.0,1.3862943611198906,11.0,16.0,0.6443298969072165,1,224
0.0,1.3862943611198906,11.0,16.0,0.6443298969072165,1,224
30.0,0.6931471805599453,11.0,16.0,0.6443298969072165,2,224
25.0,1.6094379124341003,15.0,27.4,0.6443298969072165,2,224
60.0,1.9459101490553132,11.0,27.7,0.6443298969072165,3,224
75.0,0.6931471805599453,11.0,30.3,0.6443298969072165,3,224
33.0,1.3862943611198906,12.0,18.1,0.6443298969072165,2,224
33.0,1.0986122886681098,12.0,15.1,0.6443298969072165,1,224
50.0,1.0986122886681098,12.0,15.1,0.6443298969072165,1,224
33.0,0.6931471805599453,12.0,15.1,0.6443298969072165,3,224
50.0,0.6931471805599453,12.0,15.1,0.6443298969072165,3,224
60.0,0.6931471805599453,12.0,16.1,0.6443298969072165,1,224
40.0,0.6931471805599453,12.0,16.1,0.6443298969072165,1,224
60.0,1.6094379124341003,12.0,16.1,0.6443298969072165,3,224
40.0,1.6094379124341003,12.0,16.1,0.6443298969072165,3,224
0.0,1.791759469228055,12.0,23.2,0.6443298969072165,0,224
10.0,1.3862943611198906,11.0,44.5,0.6443298969072165,2,224
20.0,1.3862943611198906,11.0,44.5,0.6443298969072165,2,224
40.0,0.6931471805599453,12.0,22.4,0.6443298969072165,2,224
50.0,1.791759469228055,10.0,44.6,0.6443298969072165,1,224
25.0,1.791759469228055,10.0,44.6,0.6443298969072165,1,224
20.0,0.6931471805599453,11.0,37.3,0.6443298969072165,2,224
75.0,1.791759469228055,11.0,38.3,0.6443298969072165,1,224
25.0,1.791759469228055,11.0,38.3,0.6443298969072165,1,224
75.0,2.5649493574615367,11.0,38.3,0.6443298969072165,2,224
25.0,2.5649493574615367,11.0,38.3,0.6443298969072165,2,224
50.0,0.6931471805599453,11.0,24.8,0.6443298969072165,2,224
20.0,1.6094379124341003,10.0,64.0,0.6443298969072165,1,224
10.0,1.3862943611198906,11.0,15.5,0.6443298969072165,2,224
20.0,0.6931471805599453,16.0,18.6,0.6443298969072165,2,224
95.0,1.0986122886681098,12.0,20.3,0.6443298969072165,3,224
10.0,5.017279836814924,11.0,15.6,0.6443298969072165,2,224
0.0,0.6931471805599453,13.0,13.0,0.0,0,225
0.0,1.0986122886681098,11.0,35.9,0.0,1,225
0.0,1.0986122886681098,11.0,35.9,0.0,1,225
60.0,1.0986122886681098,12.0,51.7,0.48,0,226
40.0,0.6931471805599453,12.0,50.5,0.48,0,226
0.0,0.6931471805599453,12.0,50.5,0.48,4,226
60.0,0.6931471805599453,13.0,41.3,0.48,0,226
50.0,0.6931471805599453,11.0,30.3,0.48,0,226
40.0,0.6931471805599453,14.0,24.7,0.48,0,226
30.0,2.6390573296152584,13.0,28.5,0.48,0,226
40.0,0.6931471805599453,13.0,28.3,0.48,0,226
30.0,0.6931471805599453,12.0,26.4,0.48,0,226
20.0,0.6931471805599453,11.0,33.6,0.48,0,226
40.0,0.6931471805599453,13.0,32.1,0.48,0,226
30.0,0.6931471805599453,13.0,28.8,0.48,0,226
50.0,0.6931471805599453,12.0,29.0,0.48,0,226
20.0,0.6931471805599453,11.0,30.1,0.48,0,226
20.0,0.6931471805599453,12.0,29.4,0.48,0,226
40.0,0.6931471805599453,12.0,29.3,0.48,0,226
50.0,0.6931471805599453,12.0,30.9,0.48,0,226
0.0,0.6931471805599453,12.0,32.1,0.48,0,226
60.0,0.6931471805599453,13.0,26.5,0.48,0,226
20.0,0.6931471805599453,11.0,29.5,0.48,0,226
0.0,0.6931471805599453,13.0,23.9,0.48,0,226
0.0,0.6931471805599453,11.0,40.9,0.48,0,226
0.0,0.6931471805599453,12.0,17.1,0.48,0,226
20.0,0.6931471805599453,11.0,29.1,0.48,0,226
30.0,0.6931471805599453,11.0,38.1,0.48,0,226
0.0,1.0986122886681098,13.0,12.6,0.48,4,226
0.0,0.6931471805599453,12.0,29.7,0.48,0,226
30.0,0.6931471805599453,13.0,24.5,0.48,0,226
0.0,0.6931471805599453,13.0,24.5,0.48,4,226
0.0,0.6931471805599453,13.0,24.5,0.48,0,226
30.0,0.6931471805599453,12.0,12.2,0.48,0,226
50.0,0.6931471805599453,12.0,51.1,0.48,0,226
40.0,0.6931471805599453,12.0,49.4,0.48,0,226
30.0,0.6931471805599453,11.0,14.7,0.48,0,226
20.0,0.6931471805599453,11.0,30.4,0.48,0,226
50.0,0.6931471805599453,11.0,25.1,0.48,0,226
0.0,0.6931471805599453,12.0,35.3,0.48,0,226
0.0,0.6931471805599453,11.0,29.6,0.48,0,226
80.0,0.6931471805599453,11.0,29.6,0.48,0,226
0.0,0.6931471805599453,13.0,28.0,0.48,0,226
50.0,0.6931471805599453,10.0,49.0,1.0,1,227
50.0,0.6931471805599453,10.0,49.0,1.0,1,227
50.0,1.0986122886681098,10.0,42.2,1.0,1,227
50.0,1.0986122886681098,10.0,42.4,1.0,1,227
50.0,0.6931471805599453,10.0,33.9,1.0,1,227
60.0,0.6931471805599453,10.0,45.9,1.0,0,227
50.0,0.6931471805599453,10.0,40.4,1.0,1,227
60.0,0.6931471805599453,10.0,42.8,1.0,0,227
0.0,0.6931471805599453,14.0,15.8,0.0,2,228
0.0,0.6931471805599453,14.0,15.8,0.0,2,228
0.0,4.110873864173311,10.0,12.1,0.0,2,228
0.0,1.0986122886681098,12.0,18.3,0.0,2,228
0.0,1.3862943611198906,13.0,19.1,0.0,2,228
0.0,1.0986122886681098,11.0,42.0,0.0,2,228
0.0,1.3862943611198906,13.0,18.9,0.0,2,228
0.0,1.791759469228055,11.0,32.4,0.0,2,228
0.0,1.791759469228055,11.0,8.9,0.0,2,228
0.0,0.6931471805599453,12.0,12.5,0.0,2,228
0.0,1.9459101490553132,13.0,10.5,0.0,2,228
0.0,1.3862943611198906,13.0,11.6,0.0,2,228
0.0,1.3862943611198906,12.0,16.2,0.0,2,228
0.0,0.6931471805599453,13.0,24.5,0.17770034843205576,1,229
0.0,0.6931471805599453,13.0,24.5,0.17770034843205576,1,229
0.0,0.6931471805599453,13.0,24.5,0.17770034843205576,1,229
0.0,1.0986122886681098,12.0,18.7,0.17770034843205576,1,229
0.0,1.0986122886681098,12.0,18.7,0.17770034843205576,1,229
0.0,1.0986122886681098,12.0,18.7,0.17770034843205576,1,229
0.0,0.6931471805599453,12.0,14.6,0.17770034843205576,1,229
50.0,0.6931471805599453,12.0,14.6,0.17770034843205576,1,229
10.0,1.0986122886681098,11.0,22.4,0.17770034843205576,2,229
0.0,2.3978952727983707,13.0,11.1,0.17770034843205576,1,229
0.0,2.3978952727983707,13.0,12.0,0.17770034843205576,1,229
0.0,2.3978952727983707,13.0,11.1,0.17770034843205576,1,229
0.0,2.3978952727983707,13.0,12.0,0.17770034843205576,1,229
50.0,2.3978952727983707,13.0,11.1,0.17770034843205576,1,229
50.0,2.3978952727983707,13.0,12.0,0.17770034843205576,1,229
0.0,1.9459101490553132,14.0,11.0,0.17770034843205576,1,229
0.0,1.9459101490553132,13.0,11.9,0.17770034843205576,1,229
0.0,1.9459101490553132,14.0,11.0,0.17770034843205576,1,229
0.0,1.9459101490553132,13.0,11.9,0.17770034843205576,1,229
0.0,1.9459101490553132,14.0,11.0,0.17770034843205576,1,229
0.0,1.9459101490553132,13.0,11.9,0.17770034843205576,1,229
0.0,1.3862943611198906,10.0,30.6,0.17770034843205576,1,229
0.0,1.3862943611198906,10.0,30.6,0.17770034843205576,1,229
0.0,2.3978952727983707,10.0,20.3,0.17770034843205576,1,229
0.0,2.3978952727983707,10.0,20.3,0.17770034843205576,1,229
0.0,2.3978952727983707,10.0,20.3,0.17770034843205576,1,229
0.0,0.6931471805599453,10.0,20.4,0.17770034843205576,1,229
10.0,0.6931471805599453,10.0,20.4,0.17770034843205576,1,229
0.0,0.6931471805599453,10.0,20.4,0.17770034843205576,1,229
0.0,2.1972245773362196,10.0,20.7,0.17770034843205576,1,229
0.0,0.6931471805599453,11.0,31.5,0.17770034843205576,1,229
0.0,0.6931471805599453,11.0,31.5,0.17770034843205576,1,229
0.0,0.6931471805599453,11.0,31.5,0.17770034843205576,1,229
0.0,0.6931471805599453,10.0,40.5,0.17770034843205576,1,229
0.0,0.6931471805599453,10.0,40.5,0.17770034843205576,1,229
0.0,0.6931471805599453,10.0,40.5,0.17770034843205576,1,229
25.0,1.0986122886681098,12.0,12.6,0.10714285714285714,3,230
75.0,4.795790545596741,13.0,5.5,0.10714285714285714,3,230
80.0,0.6931471805599453,15.0,7.4,0.10714285714285714,3,230
0.0,1.0986122886681098,12.0,11.3,0.10714285714285714,1,230
0.0,1.0986122886681098,12.0,11.3,0.10714285714285714,1,230
0.0,1.0986122886681098,12.0,11.3,0.10714285714285714,1,230
0.0,1.0986122886681098,12.0,12.5,0.10714285714285714,2,230
0.0,1.0986122886681098,12.0,12.5,0.10714285714285714,2,230
60.0,1.0986122886681098,11.0,12.5,0.10714285714285714,3,230
60.0,1.0986122886681098,14.0,12.6,0.10714285714285714,3,230
20.0,0.6931471805599453,13.0,3.8,0.08771929824561403,0,231
0.0,1.9459101490553132,11.0,9.8,0.08771929824561403,0,231
0.0,1.0986122886681098,12.0,9.8,0.08771929824561403,0,231
0.0,1.0986122886681098,12.0,9.8,0.08771929824561403,0,231
30.0,1.0986122886681098,11.0,7.2,0.08771929824561403,0,231
40.0,1.6094379124341003,13.0,12.3,0.08771929824561403,0,231
0.0,1.6094379124341003,13.0,12.3,0.08771929824561403,0,231
30.0,1.3862943611198906,12.0,14.2,0.08771929824561403,0,231
20.0,0.6931471805599453,13.0,7.2,0.08771929824561403,3,231
0.0,0.6931471805599453,11.0,15.9,0.08771929824561403,1,231
0.0,0.6931471805599453,11.0,15.9,0.08771929824561403,1,231
0.0,0.6931471805599453,11.0,15.9,0.08771929824561403,1,231
0.0,0.6931471805599453,11.0,15.9,0.08771929824561403,1,231
60.0,0.6931471805599453,12.0,14.7,0.08771929824561403,2,231
0.0,0.6931471805599453,12.0,14.7,0.08771929824561403,2,231
40.0,1.0986122886681098,13.0,9.9,0.08771929824561403,2,231
0.0,1.0986122886681098,13.0,9.9,0.08771929824561403,2,231
10.0,0.6931471805599453,12.0,5.4,0.08771929824561403,0,231
0.0,5.707110264748875,12.0,7.3,0.04504504504504504,1,232
0.0,1.6094379124341003,13.0,17.5,0.04504504504504504,1,232
0.0,1.3862943611198906,14.0,4.3,0.04504504504504504,1,232
0.0,1.9459101490553132,11.0,10.8,0.04504504504504504,2,232
0.0,5.564520407322694,12.0,15.1,0.04504504504504504,1,232
0.0,4.394449154672439,13.0,16.0,0.04504504504504504,1,232
0.0,4.394449154672439,13.0,16.0,0.04504504504504504,1,232
0.0,4.394449154672439,13.0,16.0,0.04504504504504504,1,232
0.0,1.3862943611198906,11.0,17.2,0.04504504504504504,1,232
0.0,0.6931471805599453,12.0,14.7,0.04504504504504504,0,232
0.0,1.3862943611198906,12.0,17.8,0.04504504504504504,1,232
0.0,1.0986122886681098,12.0,5.5,0.04504504504504504,1,232
0.0,2.9444389791664403,12.0,30.4,0.04504504504504504,0,232
25.0,1.3862943611198906,12.0,12.4,0.04504504504504504,1,232
25.0,0.6931471805599453,11.0,16.9,0.04504504504504504,0,232
0.0,1.3862943611198906,11.0,5.8,0.036585365853658534,2,233
0.0,0.6931471805599453,12.0,8.6,0.036585365853658534,2,233
0.0,0.6931471805599453,12.0,8.6,0.036585365853658534,2,233
0.0,0.6931471805599453,12.0,8.6,0.036585365853658534,2,233
0.0,0.6931471805599453,12.0,8.6,0.036585365853658534,2,233
0.0,0.6931471805599453,12.0,8.6,0.036585365853658534,2,233
0.0,3.4339872044851463,11.0,8.2,0.036585365853658534,1,233
0.0,3.044522437723423,11.0,8.1,0.036585365853658534,0,233
0.0,0.6931471805599453,11.0,8.3,0.036585365853658534,2,233
10.0,3.258096538021482,11.0,7.0,0.036585365853658534,2,233
30.0,3.258096538021482,11.0,7.0,0.036585365853658534,2,233
0.0,3.258096538021482,11.0,7.0,0.036585365853658534,2,233
0.0,3.258096538021482,11.0,7.0,0.036585365853658534,2,233
0.0,1.0986122886681098,12.0,6.0,0.036585365853658534,2,233
0.0,0.6931471805599453,12.0,7.0,0.036585365853658534,2,233
0.0,0.6931471805599453,12.0,9.3,0.036585365853658534,2,233
0.0,0.6931471805599453,11.0,5.9,0.036585365853658534,1,233
0.0,0.6931471805599453,11.0,5.9,0.036585365853658534,1,233
0.0,1.3862943611198906,11.0,8.0,0.036585365853658534,2,233
0.0,2.3978952727983707,12.0,6.5,0.036585365853658534,2,233
0.0,2.3978952727983707,12.0,6.5,0.036585365853658534,2,233
0.0,2.3978952727983707,12.0,6.5,0.036585365853658534,2,233
0.0,2.3978952727983707,12.0,6.5,0.036585365853658534,2,233
0.0,3.258096538021482,12.0,6.3,0.036585365853658534,2,233
0.0,3.258096538021482,12.0,6.3,0.036585365853658534,2,233
0.0,3.258096538021482,12.0,6.3,0.036585365853658534,2,233
0.0,3.258096538021482,12.0,6.3,0.036585365853658534,2,233
0.0,1.791759469228055,12.0,6.1,0.036585365853658534,2,233
0.0,1.791759469228055,12.0,6.1,0.036585365853658534,2,233
0.0,2.3978952727983707,12.0,6.4,0.036585365853658534,2,233
0.0,2.3978952727983707,12.0,6.4,0.036585365853658534,2,233
0.0,2.3978952727983707,12.0,6.4,0.036585365853658534,2,233
0.0,2.3978952727983707,12.0,6.4,0.036585365853658534,2,233
0.0,0.6931471805599453,12.0,6.0,0.036585365853658534,1,233
0.0,1.0986122886681098,12.0,9.9,0.036585365853658534,2,233
100.0,0.6931471805599453,11.0,18.9,0.08982035928143713,3,234
60.0,2.8903717578961645,11.0,18.6,0.08982035928143713,1,234
0.0,2.8903717578961645,11.0,18.7,0.08982035928143713,1,234
0.0,2.8903717578961645,11.0,18.7,0.08982035928143713,1,234
0.0,2.8903717578961645,11.0,18.7,0.08982035928143713,1,234
0.0,0.6931471805599453,11.0,18.6,0.08982035928143713,2,234
0.0,3.5553480614894135,11.0,16.6,0.08982035928143713,1,234
0.0,3.5553480614894135,11.0,16.6,0.08982035928143713,3,234
0.0,0.6931471805599453,11.0,16.6,0.08982035928143713,2,234
0.0,0.6931471805599453,11.0,16.6,0.08982035928143713,2,234
0.0,1.3862943611198906,13.0,7.5,0.08982035928143713,1,234
0.0,1.0986122886681098,11.0,23.6,0.08982035928143713,3,234
40.0,0.6931471805599453,12.0,14.1,0.08982035928143713,3,234
0.0,3.9318256327243257,13.0,13.3,0.08982035928143713,1,234
0.0,3.9318256327243257,13.0,13.3,0.08982035928143713,1,234
0.0,3.9318256327243257,13.0,13.3,0.08982035928143713,2,234
0.0,1.0986122886681098,13.0,12.1,0.08982035928143713,1,234
0.0,1.0986122886681098,13.0,12.1,0.08982035928143713,1,234
0.0,0.6931471805599453,12.0,12.7,0.08982035928143713,1,234
0.0,0.6931471805599453,12.0,12.7,0.08982035928143713,1,234
0.0,0.6931471805599453,14.0,7.6,0.08982035928143713,1,234
0.0,0.6931471805599453,14.0,7.6,0.08982035928143713,1,234
0.0,0.6931471805599453,12.0,13.8,0.08982035928143713,1,234
0.0,3.5553480614894135,12.0,13.5,0.08982035928143713,1,234
0.0,2.8903717578961645,13.0,11.9,0.08982035928143713,4,234
0.0,1.0986122886681098,12.0,10.3,0.08982035928143713,1,234
0.0,0.6931471805599453,12.0,15.2,0.08982035928143713,3,234
0.0,1.0986122886681098,12.0,23.5,0.08982035928143713,1,234
0.0,2.8903717578961645,11.0,24.8,0.08982035928143713,1,234
0.0,2.8903717578961645,11.0,24.8,0.08982035928143713,1,234
40.0,2.8903717578961645,11.0,24.8,0.08982035928143713,1,234
0.0,0.6931471805599453,10.0,25.9,0.08982035928143713,3,234
0.0,0.6931471805599453,13.0,11.2,0.08982035928143713,3,234
0.0,3.9318256327243257,15.0,8.9,0.08982035928143713,1,234
0.0,2.8903717578961645,16.0,9.9,0.08982035928143713,1,234
0.0,2.8903717578961645,16.0,9.9,0.08982035928143713,1,234
0.0,2.8903717578961645,16.0,9.9,0.08982035928143713,1,234
0.0,0.6931471805599453,14.0,19.5,0.08982035928143713,3,234
0.0,2.0794415416798357,16.0,17.7,0.08982035928143713,1,234
0.0,2.8903717578961645,11.0,22.9,0.08982035928143713,1,234
0.0,1.0986122886681098,11.0,28.5,0.08982035928143713,1,234
0.0,1.0986122886681098,12.0,17.7,0.08982035928143713,3,234
0.0,1.791759469228055,12.0,9.2,0.08982035928143713,1,234
0.0,1.791759469228055,12.0,9.2,0.08982035928143713,1,234
0.0,1.791759469228055,12.0,9.2,0.08982035928143713,1,234
0.0,1.791759469228055,12.0,9.2,0.08982035928143713,1,234
0.0,1.791759469228055,12.0,9.2,0.08982035928143713,1,234
0.0,0.6931471805599453,12.0,8.0,0.08982035928143713,4,234
0.0,0.6931471805599453,12.0,8.0,0.08982035928143713,4,234
0.0,0.6931471805599453,12.0,8.0,0.08982035928143713,4,234
0.0,1.6094379124341003,12.0,8.0,0.08982035928143713,1,234
0.0,1.6094379124341003,12.0,8.0,0.08982035928143713,1,234
0.0,1.6094379124341003,12.0,8.0,0.08982035928143713,1,234
0.0,1.6094379124341003,12.0,8.0,0.08982035928143713,1,234
0.0,0.6931471805599453,12.0,21.6,0.08982035928143713,3,234
0.0,0.6931471805599453,13.0,15.4,0.08982035928143713,3,234
0.0,0.6931471805599453,12.0,18.3,0.08982035928143713,3,234
0.0,0.6931471805599453,11.0,22.9,0.08982035928143713,1,234
0.0,3.9318256327243257,12.0,18.1,0.08982035928143713,0,234
0.0,3.9318256327243257,12.0,11.1,0.08982035928143713,1,234
0.0,3.9318256327243257,12.0,11.1,0.08982035928143713,1,234
0.0,1.0986122886681098,13.0,10.9,0.08982035928143713,1,234
0.0,0.6931471805599453,12.0,14.2,0.08982035928143713,3,234
0.0,0.6931471805599453,11.0,11.8,0.08982035928143713,3,234
0.0,0.6931471805599453,11.0,11.8,0.08982035928143713,2,234
0.0,1.0986122886681098,12.0,30.1,0.08982035928143713,3,234
0.0,3.9318256327243257,15.0,13.2,0.08982035928143713,1,234
0.0,2.8903717578961645,12.0,12.4,0.08982035928143713,4,234
0.0,1.0986122886681098,11.0,10.6,0.08982035928143713,1,234
0.0,5.303304908059076,11.0,18.7,0.08421052631578947,0,235
0.0,0.6931471805599453,11.0,18.0,0.08421052631578947,4,235
0.0,0.6931471805599453,11.0,16.0,0.08421052631578947,4,235
0.0,1.0986122886681098,13.0,16.7,0.08421052631578947,3,235
0.0,0.6931471805599453,17.0,15.3,0.08421052631578947,3,235
0.0,0.6931471805599453,11.0,27.6,0.08421052631578947,1,235
100.0,0.6931471805599453,11.0,27.6,0.08421052631578947,1,235
90.0,0.6931471805599453,11.0,27.6,0.08421052631578947,1,235
0.0,0.6931471805599453,11.0,27.6,0.08421052631578947,1,235
0.0,3.258096538021482,11.0,24.2,0.08421052631578947,1,235
0.0,1.0986122886681098,12.0,39.4,0.08421052631578947,0,235
0.0,1.0986122886681098,13.0,21.5,0.08421052631578947,4,235
0.0,1.0986122886681098,11.0,37.1,0.08421052631578947,4,235
0.0,1.0986122886681098,12.0,15.3,0.08421052631578947,1,235
0.0,1.6094379124341003,10.0,42.5,0.08421052631578947,4,235
0.0,1.0986122886681098,10.0,45.3,0.08421052631578947,4,235
0.0,2.1972245773362196,11.0,17.9,0.08421052631578947,4,235
0.0,1.6094379124341003,12.0,26.6,0.08421052631578947,3,235
0.0,1.0986122886681098,12.0,29.9,0.08421052631578947,3,235
0.0,1.791759469228055,11.0,12.5,0.08421052631578947,4,235
0.0,3.4339872044851463,11.0,11.4,0.08421052631578947,1,235
0.0,3.4339872044851463,12.0,28.9,0.08421052631578947,1,235
0.0,3.4339872044851463,11.0,11.4,0.08421052631578947,1,235
0.0,3.4339872044851463,12.0,28.9,0.08421052631578947,1,235
0.0,0.9162907318741551,11.0,13.3,0.08421052631578947,1,235
0.0,0.9162907318741551,12.0,27.9,0.08421052631578947,1,235
0.0,0.9162907318741551,11.0,13.3,0.08421052631578947,1,235
0.0,0.9162907318741551,12.0,27.9,0.08421052631578947,1,235
0.0,0.9162907318741551,11.0,13.3,0.08421052631578947,1,235
0.0,0.9162907318741551,12.0,27.9,0.08421052631578947,1,235
0.0,0.9162907318741551,11.0,13.3,0.08421052631578947,1,235
0.0,0.9162907318741551,12.0,27.9,0.08421052631578947,1,235
0.0,3.4339872044851463,11.0,10.3,0.08421052631578947,0,235
0.0,3.4339872044851463,12.0,29.7,0.08421052631578947,0,235
0.0,3.4339872044851463,11.0,10.3,0.08421052631578947,0,235
0.0,3.4339872044851463,12.0,29.7,0.08421052631578947,0,235
0.0,3.4339872044851463,11.0,10.3,0.08421052631578947,0,235
0.0,3.4339872044851463,12.0,29.7,0.08421052631578947,0,235
0.0,3.4339872044851463,11.0,10.3,0.08421052631578947,0,235
0.0,3.4339872044851463,12.0,29.7,0.08421052631578947,0,235
0.0,3.9318256327243257,11.0,15.0,0.08421052631578947,1,235
0.0,3.9318256327243257,12.0,30.3,0.08421052631578947,1,235
0.0,3.9318256327243257,11.0,15.0,0.08421052631578947,1,235
0.0,3.9318256327243257,12.0,30.3,0.08421052631578947,1,235
0.0,1.9459101490553132,11.0,15.5,0.08421052631578947,4,235
0.0,1.9459101490553132,12.0,26.2,0.08421052631578947,4,235
25.0,1.9459101490553132,11.0,15.5,0.08421052631578947,4,235
25.0,1.9459101490553132,12.0,26.2,0.08421052631578947,4,235
0.0,1.3862943611198906,12.0,19.3,0.08421052631578947,3,235
0.0,1.3862943611198906,14.0,24.4,0.08421052631578947,3,235
0.0,0.6931471805599453,11.0,13.3,0.08421052631578947,1,235
0.0,0.6931471805599453,12.0,27.9,0.08421052631578947,1,235
0.0,0.6931471805599453,11.0,13.3,0.08421052631578947,1,235
0.0,0.6931471805599453,12.0,27.9,0.08421052631578947,1,235
0.0,0.6931471805599453,11.0,13.3,0.08421052631578947,1,235
0.0,0.6931471805599453,12.0,27.9,0.08421052631578947,1,235
0.0,0.6931471805599453,11.0,13.3,0.08421052631578947,1,235
0.0,0.6931471805599453,12.0,27.9,0.08421052631578947,1,235
0.0,0.6931471805599453,11.0,15.0,0.08421052631578947,4,235
0.0,0.6931471805599453,12.0,30.3,0.08421052631578947,4,235
0.0,0.6931471805599453,11.0,15.0,0.08421052631578947,4,235
0.0,0.6931471805599453,12.0,30.3,0.08421052631578947,4,235
0.0,0.6931471805599453,11.0,15.5,0.08421052631578947,0,235
0.0,0.6931471805599453,12.0,26.2,0.08421052631578947,0,235
25.0,0.6931471805599453,11.0,15.5,0.08421052631578947,0,235
25.0,0.6931471805599453,12.0,26.2,0.08421052631578947,0,235
0.0,3.5553480614894135,11.0,36.1,0.08421052631578947,0,235
0.0,2.3978952727983707,12.0,26.7,0.08421052631578947,1,235
0.0,2.3978952727983707,12.0,26.7,0.08421052631578947,1,235
0.0,3.044522437723423,12.0,27.0,0.08421052631578947,0,235
0.0,3.044522437723423,12.0,27.0,0.08421052631578947,0,235
0.0,3.4339872044851463,12.0,27.5,0.08421052631578947,1,235
0.0,3.4339872044851463,12.0,27.5,0.08421052631578947,1,235
0.0,3.4339872044851463,12.0,27.5,0.08421052631578947,1,235
0.0,3.4339872044851463,12.0,27.2,0.08421052631578947,1,235
0.0,3.4339872044851463,12.0,27.2,0.08421052631578947,1,235
0.0,1.791759469228055,12.0,24.0,0.08421052631578947,4,235
0.0,3.713572066704308,13.0,17.7,0.08421052631578947,0,235
0.0,3.713572066704308,13.0,18.8,0.08421052631578947,4,235
0.0,3.4339872044851463,14.0,19.7,0.08421052631578947,0,235
0.0,0.6931471805599453,11.0,26.7,0.08421052631578947,4,235
0.0,0.6931471805599453,11.0,29.6,0.08421052631578947,0,235
0.0,2.8903717578961645,12.0,13.7,0.08421052631578947,0,235
0.0,3.9318256327243257,12.0,12.1,0.08421052631578947,4,235
50.0,0.6931471805599453,12.0,12.5,0.08421052631578947,0,235
0.0,3.258096538021482,12.0,10.9,0.08421052631578947,0,235
0.0,1.791759469228055,10.0,43.1,0.08421052631578947,2,235
0.0,3.2188758248682006,10.0,42.1,0.08421052631578947,3,235
0.0,3.9318256327243257,12.0,34.1,0.08421052631578947,0,235
0.0,4.02535169073515,11.0,37.6,0.08421052631578947,1,235
0.0,1.791759469228055,13.0,36.6,0.08421052631578947,2,235
0.0,0.6931471805599453,13.0,42.9,0.08421052631578947,3,235
0.0,0.6931471805599453,13.0,38.0,0.08421052631578947,0,235
0.0,1.0986122886681098,10.0,29.3,0.08421052631578947,3,235
0.0,0.6931471805599453,12.0,14.7,0.08421052631578947,1,235
0.0,0.6931471805599453,11.0,26.2,0.08421052631578947,4,235
0.0,2.772588722239781,12.0,18.3,0.08421052631578947,1,235
0.0,2.772588722239781,12.0,18.3,0.08421052631578947,1,235
0.0,1.6094379124341003,12.0,18.0,0.08421052631578947,1,235
0.0,1.6094379124341003,12.0,18.0,0.08421052631578947,1,235
0.0,3.828641396489095,12.0,17.6,0.08421052631578947,0,235
0.0,2.3978952727983707,12.0,17.1,0.08421052631578947,1,235
0.0,2.3978952727983707,12.0,17.1,0.08421052631578947,1,235
0.0,2.3978952727983707,12.0,17.6,0.08421052631578947,1,235
0.0,2.3978952727983707,12.0,17.6,0.08421052631578947,1,235
0.0,4.836281906951478,12.0,17.4,0.08421052631578947,1,235
0.0,2.3978952727983707,11.0,15.0,0.08421052631578947,1,235
0.0,2.3978952727983707,11.0,15.0,0.08421052631578947,1,235
0.0,1.0986122886681098,13.0,37.0,0.08421052631578947,4,235
0.0,0.6931471805599453,11.0,15.6,0.08421052631578947,1,235
0.0,0.6931471805599453,11.0,22.1,0.08421052631578947,0,235
0.0,2.3978952727983707,12.0,7.1,0.08421052631578947,1,235
0.0,2.3978952727983707,12.0,7.1,0.08421052631578947,1,235
0.0,3.044522437723423,12.0,9.0,0.08421052631578947,0,235
0.0,3.258096538021482,12.0,28.5,0.08421052631578947,1,235
0.0,3.9318256327243257,10.0,50.4,0.08421052631578947,0,235
0.0,3.9318256327243257,10.0,53.0,0.08421052631578947,3,235
0.0,1.0986122886681098,12.0,11.8,0.08421052631578947,1,235
0.0,4.330733340286331,12.0,16.0,0.08421052631578947,4,235
0.0,0.6931471805599453,12.0,21.1,0.21794871794871795,1,236
0.0,1.3862943611198906,12.0,25.6,0.21794871794871795,1,236
0.0,1.0986122886681098,12.0,25.7,0.21794871794871795,3,236
0.0,1.3862943611198906,10.0,21.8,0.21794871794871795,4,236
0.0,1.6094379124341003,11.0,14.3,0.21794871794871795,4,236
0.0,0.6931471805599453,13.0,15.2,0.21794871794871795,4,236
0.0,0.6931471805599453,12.0,23.3,0.21794871794871795,4,236
0.0,0.6931471805599453,13.0,15.2,0.21794871794871795,4,236
0.0,0.6931471805599453,12.0,23.3,0.21794871794871795,4,236
0.0,0.6931471805599453,13.0,14.4,0.21794871794871795,0,236
0.0,0.6931471805599453,12.0,23.2,0.21794871794871795,0,236
0.0,0.6931471805599453,13.0,14.4,0.21794871794871795,0,236
0.0,0.6931471805599453,12.0,23.2,0.21794871794871795,0,236
0.0,0.6931471805599453,13.0,14.8,0.21794871794871795,4,236
0.0,2.8903717578961645,13.0,16.0,0.21794871794871795,4,236
0.0,2.8903717578961645,13.0,16.0,0.21794871794871795,4,236
0.0,2.8903717578961645,13.0,16.0,0.21794871794871795,4,236
0.0,2.8903717578961645,13.0,16.0,0.21794871794871795,4,236
0.0,1.0986122886681098,13.0,15.2,0.21794871794871795,3,236
0.0,1.0986122886681098,12.0,23.3,0.21794871794871795,3,236
0.0,1.0986122886681098,13.0,15.2,0.21794871794871795,3,236
0.0,1.0986122886681098,12.0,23.3,0.21794871794871795,3,236
0.0,1.9459101490553132,13.0,14.4,0.21794871794871795,4,236
0.0,1.9459101490553132,12.0,23.2,0.21794871794871795,4,236
0.0,1.9459101490553132,13.0,14.4,0.21794871794871795,4,236
0.0,1.9459101490553132,12.0,23.2,0.21794871794871795,4,236
0.0,1.0986122886681098,13.0,16.7,0.21794871794871795,3,236
0.0,1.0986122886681098,11.0,28.5,0.21794871794871795,3,236
0.0,1.0986122886681098,13.0,16.7,0.21794871794871795,3,236
0.0,1.0986122886681098,11.0,28.5,0.21794871794871795,3,236
0.0,3.4339872044851463,14.0,15.5,0.21794871794871795,2,236
0.0,1.0986122886681098,11.0,46.8,0.21794871794871795,4,236
0.0,1.0986122886681098,11.0,15.3,0.21794871794871795,3,236
0.0,2.772588722239781,12.0,11.3,0.21794871794871795,1,236
0.0,1.3862943611198906,12.0,16.8,0.21794871794871795,2,236
0.0,2.8903717578961645,11.0,28.9,0.21794871794871795,1,236
0.0,1.791759469228055,12.0,21.6,0.21794871794871795,1,236
0.0,1.3862943611198906,13.0,22.6,0.21794871794871795,3,236
0.0,1.6094379124341003,12.0,16.3,0.21794871794871795,4,236
0.0,1.3862943611198906,10.0,39.4,0.21794871794871795,4,236
0.0,1.0986122886681098,10.0,27.2,0.21794871794871795,0,236
0.0,2.8903717578961645,10.0,29.1,0.21794871794871795,3,236
0.0,1.9459101490553132,10.0,66.7,0.21794871794871795,4,236
0.0,1.6094379124341003,10.0,59.4,0.21794871794871795,0,236
0.0,1.0986122886681098,10.0,55.6,0.21794871794871795,3,236
0.0,0.6931471805599453,11.0,26.1,0.21794871794871795,3,236
0.0,1.9459101490553132,11.0,26.2,0.21794871794871795,4,236
0.0,2.1972245773362196,12.0,34.9,0.21794871794871795,1,236
0.0,3.9512437185814275,11.0,23.8,0.21794871794871795,3,236
0.0,1.3862943611198906,11.0,14.2,0.21794871794871795,1,236
20.0,1.0986122886681098,11.0,18.5,0.21794871794871795,2,236
30.0,0.6931471805599453,12.0,28.0,0.21794871794871795,4,236
10.0,3.5553480614894135,13.0,37.3,0.21794871794871795,3,236
0.0,0.6931471805599453,12.0,23.5,0.21794871794871795,1,236
0.0,1.0986122886681098,12.0,22.5,0.21794871794871795,0,236
0.0,0.6931471805599453,11.0,23.7,0.21794871794871795,4,236
0.0,0.9162907318741551,11.0,23.1,0.21794871794871795,1,236
0.0,1.0986122886681098,11.0,23.6,0.21794871794871795,4,236
0.0,1.6094379124341003,12.0,36.4,0.21794871794871795,4,236
0.0,0.6931471805599453,14.0,40.2,0.21794871794871795,2,236
0.0,2.8903717578961645,13.0,35.1,0.21794871794871795,2,236
0.0,0.6931471805599453,12.0,43.2,0.21794871794871795,0,236
0.0,1.3862943611198906,12.0,14.8,0.21794871794871795,1,236
0.0,1.0986122886681098,12.0,13.9,0.21794871794871795,4,236
0.0,1.0986122886681098,12.0,14.8,0.21794871794871795,2,236
0.0,1.0986122886681098,12.0,10.3,0.21794871794871795,3,236
0.0,3.5553480614894135,12.0,18.9,0.21794871794871795,2,236
0.0,2.1972245773362196,12.0,18.3,0.21794871794871795,1,236
0.0,2.1972245773362196,12.0,17.7,0.21794871794871795,0,236
0.0,1.3862943611198906,11.0,28.3,0.21794871794871795,1,236
0.0,1.3862943611198906,11.0,28.3,0.21794871794871795,1,236
0.0,1.6094379124341003,11.0,27.8,0.21794871794871795,1,236
0.0,1.6094379124341003,11.0,27.8,0.21794871794871795,1,236
0.0,1.6094379124341003,11.0,27.8,0.21794871794871795,1,236
0.0,2.1972245773362196,11.0,29.0,0.21794871794871795,1,236
0.0,1.3862943611198906,10.0,25.6,0.21794871794871795,4,236
0.0,1.6094379124341003,13.0,17.5,0.21794871794871795,4,236
0.0,1.6094379124341003,10.0,26.0,0.21794871794871795,4,236
0.0,1.3862943611198906,14.0,9.4,0.972972972972973,3,237
40.0,0.6931471805599453,12.0,11.1,0.972972972972973,1,237
35.0,1.0986122886681098,12.0,7.2,0.972972972972973,1,237
55.0,0.6931471805599453,13.0,8.1,0.972972972972973,1,237
40.0,0.6931471805599453,12.0,6.6,0.972972972972973,1,237
35.0,0.6931471805599453,12.0,6.6,0.972972972972973,1,237
30.0,1.0986122886681098,14.0,10.7,0.972972972972973,3,237
45.0,0.6931471805599453,11.0,18.3,0.972972972972973,3,237
50.0,0.6931471805599453,15.0,0.6,0.972972972972973,3,237
50.0,0.6931471805599453,11.0,18.4,0.972972972972973,3,237
45.0,3.044522437723423,13.0,16.0,0.972972972972973,1,237
45.0,3.044522437723423,13.0,16.0,0.972972972972973,1,237
30.0,1.0986122886681098,12.0,7.8,0.972972972972973,3,237
40.0,0.6931471805599453,12.0,7.9,0.972972972972973,1,237
0.0,3.9318256327243257,11.0,8.6,0.5958904109589042,0,238
0.0,3.713572066704308,13.0,11.9,0.5958904109589042,1,238
0.0,3.713572066704308,13.0,11.9,0.5958904109589042,1,238
0.0,0.6931471805599453,12.0,12.1,0.5958904109589042,3,238
0.0,0.6931471805599453,11.0,23.5,0.5958904109589042,3,238
0.0,0.6931471805599453,14.0,4.5,0.5958904109589042,1,238
0.0,0.6931471805599453,11.0,14.4,0.5958904109589042,3,238
0.0,1.3862943611198906,13.0,17.3,0.5958904109589042,1,238
0.0,2.772588722239781,11.0,43.6,0.5958904109589042,0,238
0.0,2.772588722239781,11.0,43.6,0.5958904109589042,0,238
0.0,1.0986122886681098,13.0,14.3,0.5958904109589042,1,238
0.0,1.0986122886681098,13.0,14.3,0.5958904109589042,1,238
0.0,1.0986122886681098,12.0,28.4,0.5958904109589042,3,238
0.0,1.0986122886681098,11.0,14.5,0.5958904109589042,3,238
0.0,4.110873864173311,11.0,19.0,0.5958904109589042,0,238
0.0,0.6931471805599453,11.0,18.7,0.5958904109589042,3,238
0.0,3.9318256327243257,10.0,55.5,0.5958904109589042,0,238
10.0,4.110873864173311,11.0,9.1,0.5958904109589042,3,238
0.0,5.017279836814924,15.0,9.3,0.5958904109589042,3,238
0.0,1.3862943611198906,11.0,3.9,0.13138686131386862,1,239
0.0,1.3862943611198906,11.0,3.9,0.13138686131386862,1,239
20.0,1.6094379124341003,11.0,3.3,0.13138686131386862,0,239
0.0,1.6094379124341003,11.0,3.3,0.13138686131386862,0,239
20.0,1.0986122886681098,11.0,3.3,0.13138686131386862,1,239
0.0,1.0986122886681098,11.0,3.3,0.13138686131386862,1,239
0.0,0.6931471805599453,12.0,11.6,0.13138686131386862,3,239
25.0,1.3862943611198906,17.0,18.4,0.13138686131386862,1,239
0.0,1.6094379124341003,11.0,9.9,0.13138686131386862,1,239
0.0,1.6094379124341003,11.0,9.9,0.13138686131386862,1,239
0.0,1.0986122886681098,11.0,14.6,0.13138686131386862,1,239
0.0,1.791759469228055,13.0,7.8,0.13138686131386862,0,239
0.0,3.9318256327243257,15.0,11.9,0.13138686131386862,4,239
70.0,1.0986122886681098,14.0,10.0,0.13138686131386862,1,239
0.0,1.791759469228055,13.0,8.8,0.13138686131386862,0,239
0.0,1.6094379124341003,12.0,20.9,0.13138686131386862,2,239
0.0,1.0986122886681098,14.0,9.1,0.13138686131386862,3,239
10.0,4.61512051684126,12.0,4.6,0.13138686131386862,1,239
20.0,4.61512051684126,12.0,4.6,0.13138686131386862,1,239
75.0,4.61512051684126,13.0,6.1,0.13138686131386862,3,239
25.0,5.303304908059076,11.0,10.1,0.13138686131386862,1,239
20.0,6.398594934535208,12.0,14.3,0.13138686131386862,3,239
0.0,5.993961427306569,13.0,13.3,0.13138686131386862,1,239
30.0,5.993961427306569,13.0,13.3,0.13138686131386862,1,239
0.0,1.9459101490553132,12.0,13.6,0.13138686131386862,1,239
15.0,1.9459101490553132,12.0,13.6,0.13138686131386862,1,239
0.0,2.3978952727983707,12.0,12.8,0.13138686131386862,2,239
0.0,2.1972245773362196,12.0,18.3,0.13138686131386862,1,239
0.0,2.1972245773362196,12.0,18.3,0.13138686131386862,1,239
0.0,2.3978952727983707,12.0,18.5,0.13138686131386862,1,239
0.0,2.3978952727983707,12.0,18.5,0.13138686131386862,1,239
0.0,3.9318256327243257,12.0,14.0,0.13138686131386862,1,239
0.0,3.9318256327243257,12.0,14.0,0.13138686131386862,1,239
0.0,2.0794415416798357,12.0,14.0,0.13138686131386862,3,239
0.0,2.0794415416798357,12.0,14.0,0.13138686131386862,3,239
0.0,1.9459101490553132,14.0,7.1,0.13138686131386862,0,239
0.0,1.6094379124341003,13.0,13.1,0.13138686131386862,1,239
0.0,1.6094379124341003,13.0,13.1,0.13138686131386862,1,239
0.0,1.0986122886681098,13.0,9.4,0.13138686131386862,1,239
0.0,1.0986122886681098,13.0,9.4,0.13138686131386862,1,239
0.0,1.0986122886681098,13.0,9.4,0.13138686131386862,1,239
0.0,1.0986122886681098,13.0,9.4,0.13138686131386862,1,239
0.0,2.1972245773362196,12.0,18.1,0.13138686131386862,1,239
20.0,0.6931471805599453,10.0,26.8,0.13138686131386862,1,239
0.0,0.6931471805599453,10.0,26.8,0.13138686131386862,1,239
20.0,1.791759469228055,10.0,26.8,0.13138686131386862,3,239
0.0,1.791759469228055,10.0,26.8,0.13138686131386862,3,239
0.0,0.6931471805599453,11.0,27.0,0.13138686131386862,0,239
0.0,3.9318256327243257,12.0,10.2,0.13138686131386862,2,239
0.0,1.6094379124341003,13.0,5.5,0.13138686131386862,3,239
0.0,3.9318256327243257,14.0,5.8,0.13138686131386862,1,239
0.0,3.9318256327243257,14.0,5.8,0.13138686131386862,1,239
0.0,2.1972245773362196,12.0,8.3,0.13138686131386862,4,239
0.0,1.791759469228055,15.0,5.7,0.13138686131386862,0,239
0.0,1.791759469228055,12.0,11.3,0.13138686131386862,3,239
0.0,0.6931471805599453,15.0,10.6,0.13138686131386862,1,239
0.0,1.791759469228055,13.0,7.6,0.13138686131386862,0,239
0.0,2.3978952727983707,13.0,7.6,0.13138686131386862,1,239
0.0,2.3978952727983707,13.0,7.6,0.13138686131386862,1,239
0.0,2.3978952727983707,13.0,7.6,0.13138686131386862,1,239
0.0,2.3978952727983707,13.0,7.6,0.13138686131386862,1,239
0.0,2.772588722239781,13.0,7.6,0.13138686131386862,4,239
0.0,2.772588722239781,13.0,7.6,0.13138686131386862,4,239
0.0,2.772588722239781,13.0,7.6,0.13138686131386862,4,239
0.0,2.772588722239781,13.0,7.6,0.13138686131386862,4,239
0.0,2.3978952727983707,12.0,20.5,0.13138686131386862,3,239
0.0,0.6931471805599453,13.0,19.4,0.13138686131386862,0,239
0.0,1.0986122886681098,12.0,19.6,0.13138686131386862,3,239
0.0,1.3862943611198906,14.0,3.5,0.13138686131386862,1,239
0.0,0.6931471805599453,16.0,5.5,0.13138686131386862,1,239
0.0,0.6931471805599453,16.0,5.5,0.13138686131386862,1,239
0.0,0.6931471805599453,11.0,26.5,0.13138686131386862,1,239
0.0,0.6931471805599453,11.0,26.5,0.13138686131386862,1,239
0.0,1.6094379124341003,11.0,26.6,0.13138686131386862,1,239
0.0,1.6094379124341003,11.0,26.6,0.13138686131386862,1,239
0.0,2.772588722239781,11.0,21.3,0.13138686131386862,0,239
0.0,2.3978952727983707,12.0,7.6,0.13138686131386862,1,239
0.0,2.3978952727983707,12.0,7.6,0.13138686131386862,1,239
0.0,3.044522437723423,12.0,7.5,0.13138686131386862,1,239
0.0,3.044522437723423,12.0,7.5,0.13138686131386862,1,239
0.0,3.4339872044851463,12.0,7.5,0.13138686131386862,1,239
0.0,1.3862943611198906,11.0,14.4,0.13138686131386862,1,239
0.0,3.713572066704308,11.0,11.5,0.13138686131386862,2,239
0.0,2.3978952727983707,11.0,15.5,0.13138686131386862,1,239
0.0,0.6931471805599453,12.0,10.9,0.2786885245901639,4,240
0.0,0.6931471805599453,12.0,10.9,0.2786885245901639,4,240
0.0,3.6635616461296463,13.0,7.4,0.2786885245901639,4,240
0.0,2.1972245773362196,13.0,7.3,0.2786885245901639,0,240
0.0,0.6931471805599453,13.0,9.4,0.2786885245901639,4,240
0.0,0.6931471805599453,12.0,12.9,0.2786885245901639,4,240
0.0,3.4339872044851463,11.0,15.5,0.2786885245901639,0,240
0.0,1.0986122886681098,11.0,15.3,0.2786885245901639,4,240
0.0,0.6931471805599453,13.0,7.0,0.2786885245901639,4,240
25.0,0.6931471805599453,14.0,12.9,0.2786885245901639,4,240
70.0,2.3978952727983707,14.0,16.8,0.2786885245901639,3,240
40.0,2.772588722239781,13.0,11.8,0.2786885245901639,0,240
0.0,0.6931471805599453,13.0,9.7,0.2786885245901639,2,240
99.0,0.6931471805599453,13.0,9.7,0.2786885245901639,2,240
0.0,2.3978952727983707,16.0,11.3,0.030864197530864196,1,241
0.0,0.6931471805599453,11.0,36.9,0.030864197530864196,1,241
60.0,0.6931471805599453,14.0,5.7,0.030864197530864196,2,241
0.0,0.6931471805599453,16.0,5.3,0.030864197530864196,1,241
0.0,1.0986122886681098,12.0,23.6,0.030864197530864196,1,241
0.0,1.0986122886681098,12.0,23.6,0.030864197530864196,1,241
0.0,1.0986122886681098,12.0,23.6,0.030864197530864196,1,241
0.0,1.0986122886681098,12.0,8.9,0.030864197530864196,1,241
0.0,1.0986122886681098,12.0,8.9,0.030864197530864196,1,241
0.0,1.6094379124341003,15.0,3.5,0.030864197530864196,3,241
0.0,1.9459101490553132,15.0,3.8,0.030864197530864196,2,241
0.0,1.9459101490553132,15.0,3.8,0.030864197530864196,2,241
0.0,1.0986122886681098,13.0,5.9,0.030864197530864196,2,241
0.0,0.6931471805599453,16.0,4.5,0.030864197530864196,2,241
0.0,0.6931471805599453,16.0,4.5,0.030864197530864196,2,241
0.0,1.9459101490553132,15.0,4.9,0.030864197530864196,2,241
0.0,1.9459101490553132,15.0,4.9,0.030864197530864196,2,241
0.0,1.0986122886681098,15.0,5.2,0.030864197530864196,2,241
0.0,0.6931471805599453,15.0,5.4,0.030864197530864196,2,241
0.0,0.6931471805599453,15.0,5.4,0.030864197530864196,2,241
0.0,1.0986122886681098,13.0,5.5,0.030864197530864196,2,241
0.0,1.0986122886681098,15.0,6.2,0.030864197530864196,2,241
0.0,1.0986122886681098,15.0,6.2,0.030864197530864196,2,241
0.0,0.6931471805599453,15.0,6.8,0.030864197530864196,2,241
0.0,2.833213344056216,14.0,6.1,0.030864197530864196,1,241
0.0,0.6931471805599453,10.0,27.2,0.030864197530864196,1,241
0.0,0.6931471805599453,10.0,27.2,0.030864197530864196,1,241
0.0,0.6931471805599453,10.0,27.2,0.030864197530864196,1,241
0.0,1.3862943611198906,11.0,25.0,0.030864197530864196,1,241
0.0,1.3862943611198906,11.0,25.0,0.030864197530864196,1,241
0.0,1.0986122886681098,11.0,25.0,0.030864197530864196,3,241
0.0,1.0986122886681098,11.0,25.0,0.030864197530864196,3,241
0.0,2.5649493574615367,11.0,28.0,0.030864197530864196,2,241
0.0,2.5649493574615367,12.0,14.9,0.030864197530864196,1,241
0.0,1.0986122886681098,11.0,8.1,0.030864197530864196,1,241
0.0,1.0986122886681098,11.0,8.1,0.030864197530864196,1,241
0.0,1.3862943611198906,11.0,8.1,0.030864197530864196,3,241
0.0,1.3862943611198906,11.0,8.1,0.030864197530864196,3,241
0.0,1.791759469228055,12.0,8.1,0.030864197530864196,1,241
0.0,1.791759469228055,12.0,8.1,0.030864197530864196,1,241
0.0,1.791759469228055,12.0,9.4,0.030864197530864196,0,241
0.0,1.791759469228055,12.0,9.4,0.030864197530864196,0,241
0.0,1.791759469228055,12.0,9.4,0.030864197530864196,1,241
0.0,1.791759469228055,12.0,9.4,0.030864197530864196,1,241
0.0,1.791759469228055,12.0,9.8,0.030864197530864196,1,241
0.0,1.791759469228055,12.0,9.8,0.030864197530864196,1,241
0.0,1.791759469228055,12.0,9.8,0.030864197530864196,4,241
0.0,1.791759469228055,12.0,9.8,0.030864197530864196,4,241
0.0,2.5649493574615367,14.0,1.7,0.030864197530864196,1,241
0.0,2.5649493574615367,14.0,1.7,0.030864197530864196,1,241
0.0,2.5649493574615367,14.0,1.7,0.030864197530864196,1,241
0.0,2.9444389791664403,14.0,2.5,0.030864197530864196,1,241
0.0,2.3978952727983707,14.0,2.1,0.030864197530864196,1,241
0.0,2.3978952727983707,14.0,2.1,0.030864197530864196,1,241
0.0,2.1972245773362196,29.0,1.8,0.030864197530864196,1,241
0.0,1.6094379124341003,15.0,1.3,0.030864197530864196,2,241
0.0,3.258096538021482,11.0,20.3,0.030864197530864196,1,241
0.0,3.258096538021482,11.0,20.3,0.030864197530864196,1,241
0.0,0.6931471805599453,10.0,15.3,0.030864197530864196,2,241
0.0,0.6931471805599453,10.0,15.3,0.030864197530864196,2,241
60.0,2.3978952727983707,10.0,15.8,0.030864197530864196,1,241
30.0,3.044522437723423,12.0,12.1,0.030864197530864196,2,241
40.0,3.044522437723423,12.0,12.1,0.030864197530864196,2,241
0.0,2.3978952727983707,12.0,11.3,0.030864197530864196,1,241
0.0,2.3978952727983707,12.0,11.2,0.030864197530864196,1,241
0.0,3.9318256327243257,13.0,19.6,0.030864197530864196,3,241
0.0,3.9318256327243257,11.0,23.8,0.030864197530864196,3,241
0.0,1.6094379124341003,13.0,17.4,0.030864197530864196,1,241
0.0,0.6931471805599453,13.0,17.3,0.030864197530864196,0,241
0.0,0.6931471805599453,11.0,32.6,0.030864197530864196,2,241
0.0,0.6931471805599453,11.0,32.6,0.030864197530864196,2,241
0.0,2.3978952727983707,12.0,11.8,0.030864197530864196,1,241
0.0,2.3978952727983707,12.0,11.8,0.030864197530864196,1,241
0.0,2.3978952727983707,12.0,11.8,0.030864197530864196,1,241
0.0,1.3862943611198906,11.0,25.8,0.030864197530864196,1,241
0.0,1.6094379124341003,12.0,8.1,0.030864197530864196,1,241
0.0,1.0986122886681098,10.0,17.9,0.030864197530864196,3,241
0.0,1.0986122886681098,12.0,12.1,0.030864197530864196,3,241
0.0,0.6931471805599453,12.0,13.9,0.030864197530864196,2,241
0.0,0.6931471805599453,12.0,13.9,0.030864197530864196,2,241
0.0,0.6931471805599453,12.0,13.9,0.030864197530864196,2,241
0.0,1.0986122886681098,13.0,18.9,0.030864197530864196,2,241
0.0,2.3978952727983707,10.0,32.0,0.030864197530864196,1,241
0.0,0.6931471805599453,11.0,30.8,0.030864197530864196,1,241
0.0,2.9444389791664403,11.0,22.5,0.030864197530864196,1,241
0.0,2.9444389791664403,11.0,22.5,0.030864197530864196,1,241
0.0,2.9444389791664403,11.0,22.5,0.030864197530864196,1,241
0.0,2.4849066497880004,11.0,20.6,0.030864197530864196,1,241
0.0,2.1972245773362196,11.0,21.2,0.030864197530864196,1,241
0.0,2.1972245773362196,11.0,21.2,0.030864197530864196,1,241
0.0,2.5649493574615367,11.0,26.8,0.030864197530864196,1,241
0.0,2.3978952727983707,11.0,36.8,0.030864197530864196,1,241
0.0,2.1972245773362196,12.0,23.2,0.030864197530864196,2,241
0.0,1.791759469228055,12.0,36.8,0.030864197530864196,2,241
0.0,1.0986122886681098,12.0,35.3,0.030864197530864196,1,241
0.0,1.791759469228055,12.0,33.7,0.030864197530864196,2,241
0.0,3.1780538303479458,11.0,29.3,0.030864197530864196,1,241
0.0,2.772588722239781,10.0,30.8,0.030864197530864196,1,241
0.0,3.1354942159291497,11.0,29.9,0.030864197530864196,1,241
0.0,0.6931471805599453,10.0,50.3,0.030864197530864196,2,241
0.0,0.6931471805599453,11.0,10.9,0.030864197530864196,3,241
0.0,0.6931471805599453,11.0,11.8,0.030864197530864196,3,241
0.0,0.6931471805599453,12.0,11.9,0.030864197530864196,2,241
0.0,0.6931471805599453,12.0,11.9,0.030864197530864196,2,241
0.0,1.6094379124341003,11.0,11.9,0.030864197530864196,2,241
0.0,1.6094379124341003,11.0,11.9,0.030864197530864196,2,241
0.0,1.0986122886681098,11.0,11.6,0.030864197530864196,3,241
0.0,0.6931471805599453,11.0,11.7,0.030864197530864196,2,241
0.0,0.6931471805599453,11.0,11.7,0.030864197530864196,2,241
0.0,0.6931471805599453,11.0,11.7,0.030864197530864196,2,241
0.0,0.6931471805599453,11.0,12.0,0.030864197530864196,3,241
0.0,0.6931471805599453,13.0,16.1,0.030864197530864196,2,241
0.0,1.0986122886681098,11.0,24.6,0.030864197530864196,2,241
0.0,1.0986122886681098,14.0,2.1,0.030864197530864196,2,241
0.0,1.0986122886681098,11.0,25.6,0.030864197530864196,2,241
0.0,0.6931471805599453,12.0,45.4,0.030864197530864196,2,241
0.0,1.6094379124341003,16.0,4.6,0.030864197530864196,2,241
0.0,2.1972245773362196,11.0,28.5,0.030864197530864196,1,241
0.0,2.1972245773362196,11.0,28.5,0.030864197530864196,1,241
0.0,2.1972245773362196,11.0,28.5,0.030864197530864196,1,241
0.0,2.3978952727983707,10.0,18.3,0.030864197530864196,1,241
0.0,2.3978952727983707,10.0,18.3,0.030864197530864196,1,241
65.0,0.6931471805599453,11.0,23.5,0.36,2,242
0.0,0.6931471805599453,11.0,23.5,0.36,2,242
30.0,0.6931471805599453,11.0,23.5,0.36,2,242
0.0,1.791759469228055,13.0,3.0,0.36,1,242
50.0,1.0986122886681098,12.0,20.7,0.36,2,242
60.0,1.0986122886681098,12.0,20.7,0.36,2,242
90.0,1.0986122886681098,13.0,6.0,0.36,2,242
50.0,1.0986122886681098,13.0,6.0,0.36,2,242
50.0,1.3862943611198906,11.0,23.9,0.36,2,242
0.0,1.6094379124341003,16.0,1.2,0.36,1,242
60.0,0.6931471805599453,11.0,31.5,0.36,2,242
0.0,0.6931471805599453,11.0,31.5,0.36,2,242
0.0,1.6094379124341003,15.0,2.0,0.36,1,242
0.0,1.3862943611198906,11.0,14.7,0.36,1,242
0.0,1.3862943611198906,13.0,3.9,0.36,1,242
40.0,1.0986122886681098,11.0,29.2,0.36,2,242
0.0,0.6931471805599453,14.0,20.0,0.36,1,242
40.0,0.6931471805599453,14.0,20.0,0.36,1,242
0.0,1.3862943611198906,14.0,20.0,0.36,2,242
40.0,1.3862943611198906,14.0,20.0,0.36,2,242
20.0,1.6094379124341003,23.0,1.7,0.36,2,242
0.0,1.6094379124341003,14.0,1.5,0.36,2,242
30.0,1.0986122886681098,10.0,30.9,0.36,2,242
0.0,1.3862943611198906,16.0,1.3,0.36,1,242
0.0,1.6094379124341003,15.0,1.8,0.36,1,242
0.0,1.791759469228055,14.0,0.6,0.36,1,242
40.0,0.6931471805599453,11.0,25.7,0.36,2,242
0.0,0.6931471805599453,11.0,25.7,0.36,2,242
0.0,1.3862943611198906,11.0,26.5,0.36,2,242
0.0,1.3862943611198906,11.0,26.5,0.36,2,242
0.0,1.6094379124341003,15.0,1.3,0.36,1,242
20.0,1.3862943611198906,13.0,2.5,0.36,1,242
0.0,1.3862943611198906,16.0,2.1,0.36,1,242
0.0,1.3862943611198906,14.0,2.4,0.36,1,242
0.0,1.791759469228055,18.0,2.4,0.36,1,242
0.0,1.6094379124341003,15.0,0.7,0.36,1,242
0.0,1.0986122886681098,14.0,2.8,0.36,1,242
50.0,1.3862943611198906,11.0,8.2,0.36,2,242
0.0,1.3862943611198906,11.0,8.2,0.36,2,242
0.0,1.0986122886681098,14.0,2.1,0.36,1,242
0.0,1.0986122886681098,11.0,17.9,0.36,2,242
0.0,1.9459101490553132,14.0,1.7,0.36,1,242
0.0,1.6094379124341003,23.0,1.6,0.36,1,242
40.0,0.6931471805599453,12.0,41.8,0.36,2,242
10.0,1.791759469228055,14.0,1.1,0.36,2,242
20.0,1.791759469228055,14.0,1.1,0.36,2,242
20.0,1.791759469228055,14.0,1.5,0.36,2,242
40.0,1.791759469228055,14.0,1.5,0.36,2,242
20.0,1.0986122886681098,14.0,2.6,0.36,1,242
30.0,1.3862943611198906,15.0,1.0,0.36,1,242
0.0,2.5649493574615367,14.0,0.6,0.36,1,242
0.0,1.791759469228055,18.0,3.2,0.36,1,242
0.0,1.6094379124341003,20.0,4.2,0.14285714285714285,2,243
50.0,1.6094379124341003,20.0,4.2,0.14285714285714285,2,243
0.0,1.0986122886681098,11.0,28.7,0.14285714285714285,1,243
0.0,0.6931471805599453,10.0,31.1,0.14285714285714285,1,243
100.0,0.6931471805599453,10.0,31.1,0.14285714285714285,1,243
0.0,0.6931471805599453,10.0,31.1,0.14285714285714285,2,243
100.0,0.6931471805599453,10.0,31.1,0.14285714285714285,2,243
0.0,1.9459101490553132,13.0,6.2,0.14285714285714285,2,243
0.0,1.6094379124341003,26.0,2.1,0.14285714285714285,1,243
0.0,1.6094379124341003,26.0,2.1,0.14285714285714285,1,243
0.0,1.6094379124341003,26.0,2.1,0.14285714285714285,1,243
0.0,1.6094379124341003,26.0,2.1,0.14285714285714285,2,243
0.0,1.6094379124341003,26.0,2.1,0.14285714285714285,2,243
0.0,1.6094379124341003,26.0,2.1,0.14285714285714285,2,243
0.0,0.6931471805599453,10.0,30.8,0.14285714285714285,1,243
0.0,0.6931471805599453,10.0,30.8,0.14285714285714285,1,243
0.0,1.0986122886681098,10.0,31.7,0.14285714285714285,1,243
0.0,1.0986122886681098,10.0,31.7,0.14285714285714285,1,243
0.0,1.0986122886681098,10.0,31.7,0.14285714285714285,1,243
0.0,1.0986122886681098,10.0,31.7,0.14285714285714285,1,243
0.0,0.6931471805599453,10.0,31.7,0.14285714285714285,2,243
0.0,0.6931471805599453,10.0,31.7,0.14285714285714285,2,243
0.0,0.6931471805599453,10.0,31.7,0.14285714285714285,2,243
0.0,0.6931471805599453,10.0,31.7,0.14285714285714285,2,243
0.0,1.3862943611198906,12.0,22.8,0.14285714285714285,2,243
0.0,1.3862943611198906,12.0,22.8,0.14285714285714285,2,243
0.0,0.6931471805599453,17.0,3.1,0.14285714285714285,1,243
0.0,0.6931471805599453,17.0,3.1,0.14285714285714285,1,243
0.0,1.0986122886681098,12.0,24.2,0.14285714285714285,2,243
0.0,1.0986122886681098,12.0,24.2,0.14285714285714285,2,243
0.0,1.0986122886681098,12.0,24.2,0.14285714285714285,2,243
0.0,1.0986122886681098,12.0,24.2,0.14285714285714285,2,243
0.0,1.9459101490553132,26.0,2.1,0.14285714285714285,1,243
0.0,1.6094379124341003,28.0,2.3,0.14285714285714285,1,243
50.0,1.6094379124341003,28.0,2.3,0.14285714285714285,1,243
0.0,0.6931471805599453,28.0,2.3,0.14285714285714285,2,243
50.0,0.6931471805599453,28.0,2.3,0.14285714285714285,2,243
0.0,0.6931471805599453,11.0,35.3,0.14285714285714285,2,243
0.0,0.6931471805599453,11.0,35.3,0.14285714285714285,2,243
0.0,1.6094379124341003,11.0,50.8,0.14285714285714285,2,243
0.0,1.6094379124341003,11.0,50.8,0.14285714285714285,2,243
0.0,1.3862943611198906,11.0,17.6,0.14285714285714285,2,243
0.0,1.3862943611198906,11.0,17.6,0.14285714285714285,2,243
0.0,1.3862943611198906,11.0,17.6,0.14285714285714285,2,243
0.0,1.3862943611198906,21.0,3.7,0.14285714285714285,1,243
0.0,1.3862943611198906,21.0,3.7,0.14285714285714285,1,243
70.0,1.3862943611198906,21.0,3.7,0.14285714285714285,1,243
0.0,1.791759469228055,21.0,3.7,0.14285714285714285,2,243
0.0,1.791759469228055,21.0,3.7,0.14285714285714285,2,243
70.0,1.791759469228055,21.0,3.7,0.14285714285714285,2,243
0.0,0.6931471805599453,11.0,29.1,0.14285714285714285,2,243
0.0,0.6931471805599453,11.0,29.1,0.14285714285714285,2,243
0.0,0.6931471805599453,11.0,29.1,0.14285714285714285,2,243
0.0,0.6931471805599453,11.0,29.1,0.14285714285714285,2,243
0.0,0.6931471805599453,14.0,20.3,0.14285714285714285,2,243
0.0,0.6931471805599453,14.0,20.3,0.14285714285714285,2,243
0.0,1.0986122886681098,11.0,28.6,0.14285714285714285,2,243
0.0,1.0986122886681098,11.0,28.6,0.14285714285714285,2,243
0.0,1.0986122886681098,11.0,28.6,0.14285714285714285,2,243
0.0,1.3862943611198906,11.0,18.1,0.14285714285714285,2,243
0.0,1.3862943611198906,11.0,18.1,0.14285714285714285,2,243
0.0,1.3862943611198906,11.0,18.1,0.14285714285714285,2,243
0.0,1.0986122886681098,11.0,17.1,0.14285714285714285,2,243
0.0,1.0986122886681098,11.0,17.1,0.14285714285714285,2,243
0.0,1.0986122886681098,11.0,17.1,0.14285714285714285,2,243
0.0,1.9459101490553132,13.0,2.7,0.14285714285714285,1,243
0.0,1.3862943611198906,13.0,3.6,0.14285714285714285,1,243
0.0,1.3862943611198906,13.0,3.6,0.14285714285714285,1,243
0.0,1.6094379124341003,15.0,10.3,0.14285714285714285,2,243
0.0,1.6094379124341003,15.0,10.3,0.14285714285714285,2,243
0.0,1.3862943611198906,16.0,11.5,0.14285714285714285,1,243
80.0,1.3862943611198906,16.0,11.5,0.14285714285714285,1,243
0.0,1.3862943611198906,13.0,3.7,0.14285714285714285,2,243
0.0,1.3862943611198906,13.0,3.7,0.14285714285714285,2,243
50.0,1.6094379124341003,17.0,3.1,0.14285714285714285,2,243
50.0,1.6094379124341003,17.0,3.1,0.14285714285714285,2,243
25.0,2.5649493574615367,36.0,0.8,0.9387755102040817,1,244
50.0,1.6094379124341003,29.0,0.7,0.9387755102040817,2,244
70.0,4.804021044733257,36.0,0.9,0.9387755102040817,1,244
75.0,1.0986122886681098,13.0,11.3,0.9387755102040817,1,244
70.0,1.0986122886681098,11.0,16.0,0.9387755102040817,2,244
70.0,1.0986122886681098,11.0,15.3,0.9387755102040817,2,244
50.0,1.0986122886681098,11.0,16.0,0.9387755102040817,2,244
50.0,1.0986122886681098,11.0,15.3,0.9387755102040817,2,244
60.0,1.0986122886681098,11.0,16.0,0.9387755102040817,2,244
60.0,1.0986122886681098,11.0,15.3,0.9387755102040817,2,244
70.0,1.0986122886681098,11.0,16.0,0.9387755102040817,2,244
70.0,1.0986122886681098,11.0,15.3,0.9387755102040817,2,244
33.0,1.0986122886681098,11.0,16.0,0.9387755102040817,2,244
33.0,1.0986122886681098,11.0,15.3,0.9387755102040817,2,244
60.0,1.3862943611198906,11.0,14.2,0.9387755102040817,2,244
60.0,1.3862943611198906,11.0,14.2,0.9387755102040817,2,244
30.0,1.6094379124341003,14.0,1.8,0.9387755102040817,1,244
30.0,1.6094379124341003,12.0,13.1,0.9387755102040817,1,244
75.0,2.833213344056216,13.0,9.5,0.9387755102040817,1,244
60.0,1.6094379124341003,15.0,1.7,0.9387755102040817,1,244
75.0,1.6094379124341003,16.0,3.0,0.9387755102040817,1,244
60.0,2.302585092994046,15.0,8.0,0.9387755102040817,2,244
0.0,1.9459101490553132,13.0,1.7,0.9387755102040817,1,244
60.0,1.9459101490553132,13.0,1.7,0.9387755102040817,1,244
70.0,1.9459101490553132,13.0,1.7,0.9387755102040817,1,244
0.0,1.791759469228055,13.0,1.7,0.9387755102040817,2,244
60.0,1.791759469228055,13.0,1.7,0.9387755102040817,2,244
70.0,1.791759469228055,13.0,1.7,0.9387755102040817,2,244
70.0,1.6094379124341003,13.0,1.7,0.9387755102040817,1,244
20.0,2.3978952727983707,11.0,24.3,0.1517509727626459,0,245
0.0,2.3978952727983707,11.0,24.3,0.1517509727626459,0,245
0.0,2.3978952727983707,11.0,24.3,0.1517509727626459,0,245
20.0,2.3978952727983707,12.0,6.1,0.1517509727626459,2,245
0.0,2.3978952727983707,12.0,6.1,0.1517509727626459,2,245
0.0,2.3978952727983707,12.0,6.1,0.1517509727626459,2,245
30.0,2.5649493574615367,12.0,32.6,0.1517509727626459,0,245
0.0,1.0986122886681098,12.0,14.5,0.1517509727626459,1,245
30.0,4.110873864173311,11.0,25.9,0.1517509727626459,2,245
0.0,4.110873864173311,11.0,25.9,0.1517509727626459,2,245
0.0,4.110873864173311,11.0,25.9,0.1517509727626459,2,245
20.0,3.713572066704308,12.0,9.3,0.1517509727626459,2,245
0.0,3.713572066704308,12.0,9.3,0.1517509727626459,2,245
20.0,3.044522437723423,12.0,14.8,0.1517509727626459,0,245
10.0,3.044522437723423,12.0,14.8,0.1517509727626459,0,245
0.0,4.795790545596741,16.0,18.3,0.1517509727626459,1,245
0.0,4.795790545596741,16.0,18.3,0.1517509727626459,1,245
0.0,4.795790545596741,14.0,11.2,0.1517509727626459,3,245
0.0,3.044522437723423,12.0,14.8,0.1517509727626459,0,245
0.0,2.772588722239781,11.0,12.2,0.1517509727626459,0,245
0.0,3.044522437723423,11.0,14.8,0.1517509727626459,0,245
0.0,3.044522437723423,11.0,14.8,0.1517509727626459,0,245
20.0,4.394449154672439,12.0,28.3,0.1517509727626459,3,245
20.0,4.394449154672439,12.0,28.3,0.1517509727626459,3,245
20.0,3.044522437723423,12.0,19.7,0.1517509727626459,3,245
0.0,4.795790545596741,13.0,10.6,0.1517509727626459,1,245
0.0,4.795790545596741,13.0,10.6,0.1517509727626459,1,245
0.0,4.394449154672439,13.0,10.6,0.1517509727626459,2,245
0.0,4.394449154672439,13.0,10.6,0.1517509727626459,2,245
0.0,3.713572066704308,12.0,41.5,0.1517509727626459,3,245
0.0,3.044522437723423,11.0,19.3,0.1517509727626459,0,245
20.0,3.044522437723423,11.0,19.8,0.1517509727626459,0,245
20.0,3.044522437723423,11.0,19.8,0.1517509727626459,0,245
0.0,3.044522437723423,11.0,19.8,0.1517509727626459,0,245
0.0,2.3978952727983707,19.0,13.8,0.1517509727626459,2,245
30.0,1.791759469228055,10.0,32.6,0.1517509727626459,0,245
0.0,1.791759469228055,10.0,32.6,0.1517509727626459,0,245
30.0,2.3978952727983707,10.0,32.6,0.1517509727626459,3,245
0.0,2.3978952727983707,10.0,32.6,0.1517509727626459,3,245
20.0,2.772588722239781,10.0,32.8,0.1517509727626459,0,245
10.0,2.772588722239781,10.0,32.8,0.1517509727626459,0,245
20.0,2.3978952727983707,10.0,32.8,0.1517509727626459,1,245
10.0,2.3978952727983707,10.0,32.8,0.1517509727626459,1,245
0.0,3.044522437723423,13.0,23.0,0.1517509727626459,2,245
0.0,4.394449154672439,12.0,14.2,0.1517509727626459,1,245
20.0,4.394449154672439,12.0,14.2,0.1517509727626459,1,245
0.0,4.61512051684126,11.0,27.0,0.1517509727626459,3,245
0.0,4.61512051684126,11.0,27.0,0.1517509727626459,3,245
10.0,3.4339872044851463,13.0,24.9,0.1517509727626459,0,245
30.0,3.4339872044851463,13.0,24.9,0.1517509727626459,0,245
0.0,4.110873864173311,13.0,27.5,0.1517509727626459,2,245
0.0,4.394449154672439,10.0,40.7,0.1517509727626459,2,245
30.0,3.044522437723423,12.0,17.3,0.1517509727626459,3,245
20.0,4.110873864173311,13.0,17.4,0.1517509727626459,3,245
0.0,2.772588722239781,13.0,18.3,0.1517509727626459,0,245
0.0,3.044522437723423,12.0,18.4,0.1517509727626459,0,245
0.0,3.044522437723423,12.0,18.4,0.1517509727626459,0,245
0.0,3.044522437723423,12.0,18.4,0.1517509727626459,0,245
20.0,3.044522437723423,12.0,11.3,0.1517509727626459,1,245
0.0,3.044522437723423,12.0,11.3,0.1517509727626459,1,245
20.0,3.044522437723423,12.0,11.3,0.1517509727626459,1,245
20.0,4.795790545596741,12.0,11.3,0.1517509727626459,2,245
0.0,4.795790545596741,12.0,11.3,0.1517509727626459,2,245
20.0,4.795790545596741,12.0,11.3,0.1517509727626459,2,245
20.0,3.4339872044851463,11.0,10.3,0.1517509727626459,0,245
0.0,3.4339872044851463,11.0,10.3,0.1517509727626459,0,245
0.0,3.4339872044851463,11.0,10.3,0.1517509727626459,0,245
0.0,3.4339872044851463,11.0,10.3,0.1517509727626459,0,245
10.0,4.795790545596741,12.0,16.3,0.1517509727626459,2,245
0.0,4.394449154672439,11.0,18.7,0.1517509727626459,1,245
20.0,4.394449154672439,11.0,18.7,0.1517509727626459,1,245
0.0,4.61512051684126,11.0,18.7,0.1517509727626459,2,245
20.0,4.61512051684126,11.0,18.7,0.1517509727626459,2,245
20.0,3.4339872044851463,11.0,32.7,0.1517509727626459,0,245
10.0,3.4339872044851463,11.0,32.7,0.1517509727626459,0,245
20.0,3.9318256327243257,11.0,32.7,0.1517509727626459,1,245
10.0,3.9318256327243257,11.0,32.7,0.1517509727626459,1,245
10.0,1.6094379124341003,11.0,16.2,0.1517509727626459,0,245
0.0,1.6094379124341003,11.0,16.2,0.1517509727626459,0,245
0.0,1.6094379124341003,11.0,16.2,0.1517509727626459,0,245
20.0,5.303304908059076,13.0,23.4,0.1517509727626459,2,245
20.0,5.081404364984463,11.0,16.9,0.1517509727626459,1,245
0.0,5.081404364984463,11.0,16.9,0.1517509727626459,1,245
0.0,4.110873864173311,12.0,18.8,0.1517509727626459,0,245
33.0,4.110873864173311,11.0,19.0,0.1517509727626459,0,245
0.0,4.110873864173311,11.0,19.0,0.1517509727626459,0,245
0.0,4.394449154672439,11.0,29.0,0.1517509727626459,2,245
0.0,0.6931471805599453,10.0,27.3,0.23076923076923078,2,246
0.0,4.61512051684126,14.0,10.8,0.23076923076923078,1,246
50.0,1.9459101490553132,12.0,13.1,0.23076923076923078,3,246
0.0,2.917770732084279,10.0,43.2,0.23076923076923078,3,246
0.0,5.303304908059076,11.0,15.8,0.23076923076923078,1,246
0.0,4.61512051684126,11.0,11.4,0.23076923076923078,1,246
0.0,2.3978952727983707,11.0,13.5,0.06818181818181818,4,247
0.0,1.0986122886681098,10.0,29.9,0.06818181818181818,4,247
0.0,0.6931471805599453,11.0,32.6,0.06818181818181818,3,247
0.0,0.6931471805599453,10.0,31.9,0.06818181818181818,0,247
10.0,1.0986122886681098,11.0,22.3,0.25333333333333335,1,248
0.0,1.0986122886681098,12.0,21.3,0.25333333333333335,3,248
20.0,1.3862943611198906,15.0,24.2,0.25333333333333335,1,248
20.0,1.3862943611198906,11.0,12.3,0.25333333333333335,1,248
0.0,1.0986122886681098,11.0,31.7,0.25333333333333335,3,248
0.0,1.0986122886681098,11.0,31.7,0.25333333333333335,2,248
0.0,0.6931471805599453,11.0,31.6,0.25333333333333335,3,248
10.0,1.0986122886681098,11.0,35.5,0.25333333333333335,3,248
10.0,1.9459101490553132,11.0,32.9,0.25333333333333335,1,248
0.0,0.6931471805599453,12.0,26.5,0.25333333333333335,3,248
0.0,0.6931471805599453,11.0,31.2,0.25333333333333335,1,248
10.0,1.0986122886681098,11.0,22.4,0.25333333333333335,3,248
20.0,1.3862943611198906,11.0,30.5,0.25333333333333335,1,248
15.0,1.0986122886681098,11.0,27.6,0.25333333333333335,3,248
10.0,0.6931471805599453,13.0,31.0,0.25333333333333335,3,248
0.0,1.3862943611198906,14.0,28.1,0.25333333333333335,1,248
0.0,1.0986122886681098,12.0,52.9,0.16071428571428573,4,249
30.0,1.3862943611198906,12.0,50.1,0.16071428571428573,2,249
0.0,1.3862943611198906,12.0,42.6,0.16071428571428573,1,249
50.0,1.3862943611198906,12.0,42.6,0.16071428571428573,1,249
0.0,1.6094379124341003,13.0,41.6,0.16071428571428573,2,249
0.0,0.6931471805599453,11.0,41.6,0.16071428571428573,3,249
0.0,0.6931471805599453,11.0,38.2,0.16071428571428573,1,249
0.0,0.6931471805599453,10.0,39.1,0.16071428571428573,1,249
0.0,1.0986122886681098,12.0,52.8,0.16071428571428573,2,249
0.0,1.0986122886681098,14.0,28.5,0.16071428571428573,2,249
0.0,1.0986122886681098,12.0,52.8,0.16071428571428573,2,249
0.0,1.0986122886681098,14.0,28.5,0.16071428571428573,2,249
0.0,0.6931471805599453,12.0,49.9,0.16071428571428573,1,249
0.0,0.6931471805599453,14.0,30.7,0.16071428571428573,1,249
50.0,0.6931471805599453,12.0,49.9,0.16071428571428573,1,249
50.0,0.6931471805599453,14.0,30.7,0.16071428571428573,1,249
0.0,0.6931471805599453,12.0,49.9,0.16071428571428573,1,249
0.0,0.6931471805599453,14.0,30.7,0.16071428571428573,1,249
0.0,0.6931471805599453,12.0,51.2,0.16071428571428573,0,249
0.0,0.6931471805599453,14.0,32.0,0.16071428571428573,0,249
0.0,0.6931471805599453,12.0,51.2,0.16071428571428573,0,249
0.0,0.6931471805599453,14.0,32.0,0.16071428571428573,0,249
50.0,0.6931471805599453,12.0,51.7,0.16071428571428573,3,249
50.0,0.6931471805599453,13.0,24.2,0.16071428571428573,3,249
0.0,0.6931471805599453,12.0,51.7,0.16071428571428573,3,249
0.0,0.6931471805599453,13.0,24.2,0.16071428571428573,3,249
0.0,1.3862943611198906,12.0,50.4,0.16071428571428573,1,249
0.0,1.3862943611198906,14.0,31.9,0.16071428571428573,1,249
0.0,1.3862943611198906,12.0,50.4,0.16071428571428573,1,249
0.0,1.3862943611198906,14.0,31.9,0.16071428571428573,1,249
0.0,1.3862943611198906,12.0,50.4,0.16071428571428573,1,249
0.0,1.3862943611198906,14.0,31.9,0.16071428571428573,1,249
0.0,1.3862943611198906,12.0,52.8,0.16071428571428573,1,249
0.0,1.3862943611198906,14.0,28.5,0.16071428571428573,1,249
0.0,1.3862943611198906,12.0,52.8,0.16071428571428573,1,249
0.0,1.3862943611198906,14.0,28.5,0.16071428571428573,1,249
0.0,1.0986122886681098,13.0,53.0,0.16071428571428573,0,249
0.0,1.0986122886681098,14.0,28.8,0.16071428571428573,0,249
0.0,1.0986122886681098,13.0,53.0,0.16071428571428573,0,249
0.0,1.0986122886681098,14.0,28.8,0.16071428571428573,0,249
0.0,1.0986122886681098,12.0,51.2,0.16071428571428573,1,249
0.0,1.0986122886681098,14.0,32.0,0.16071428571428573,1,249
0.0,1.0986122886681098,12.0,51.2,0.16071428571428573,1,249
0.0,1.0986122886681098,14.0,32.0,0.16071428571428573,1,249
0.0,1.6094379124341003,13.0,48.5,0.16071428571428573,3,249
0.0,1.6094379124341003,14.0,34.2,0.16071428571428573,3,249
0.0,1.0986122886681098,14.0,22.6,0.16071428571428573,2,249
0.0,1.0986122886681098,10.0,29.0,0.16071428571428573,1,249
0.0,1.0986122886681098,10.0,29.0,0.16071428571428573,1,249
0.0,1.3862943611198906,11.0,25.3,0.16071428571428573,1,249
0.0,1.6094379124341003,10.0,30.3,0.16071428571428573,2,249
0.0,0.6931471805599453,11.0,28.0,0.16071428571428573,3,249
0.0,1.0986122886681098,11.0,26.5,0.16071428571428573,1,249
0.0,1.6094379124341003,11.0,25.1,0.16071428571428573,1,249
0.0,3.9318256327243257,11.0,23.7,0.16071428571428573,3,249
0.0,3.9318256327243257,11.0,28.7,0.16071428571428573,1,249
0.0,3.9318256327243257,11.0,28.7,0.16071428571428573,1,249
0.0,1.6094379124341003,11.0,27.2,0.16071428571428573,1,249
80.0,3.713572066704308,12.0,17.2,0.16071428571428573,3,249
0.0,1.0986122886681098,11.0,18.1,0.16071428571428573,2,249
0.0,1.3862943611198906,11.0,20.1,0.16071428571428573,3,249
0.0,1.3862943611198906,13.0,21.4,0.16071428571428573,1,249
0.0,1.0986122886681098,13.0,21.5,0.16071428571428573,1,249
0.0,1.0986122886681098,13.0,21.5,0.16071428571428573,1,249
0.0,0.6931471805599453,13.0,21.6,0.16071428571428573,3,249
0.0,1.0986122886681098,13.0,20.6,0.16071428571428573,1,249
30.0,1.0986122886681098,13.0,20.6,0.16071428571428573,1,249
0.0,1.0986122886681098,14.0,31.8,0.16071428571428573,2,249
0.0,0.6931471805599453,13.0,29.8,0.16071428571428573,3,249
0.0,0.6931471805599453,13.0,19.4,0.5126050420168067,1,250
20.0,0.6931471805599453,13.0,19.4,0.5126050420168067,1,250
0.0,1.0986122886681098,12.0,21.9,0.5126050420168067,3,250
0.0,1.6094379124341003,12.0,21.7,0.5126050420168067,3,250
0.0,0.6931471805599453,12.0,21.9,0.5126050420168067,3,250
0.0,0.6931471805599453,14.0,23.8,0.5126050420168067,1,250
25.0,0.6931471805599453,14.0,23.8,0.5126050420168067,1,250
0.0,0.6931471805599453,14.0,23.8,0.5126050420168067,1,250
0.0,0.6931471805599453,11.0,26.3,0.5126050420168067,1,250
0.0,1.0986122886681098,11.0,23.9,0.5126050420168067,2,250
40.0,1.0986122886681098,11.0,24.4,0.5126050420168067,3,250
0.0,0.6931471805599453,11.0,24.3,0.5126050420168067,2,250
40.0,0.6931471805599453,11.0,24.3,0.5126050420168067,3,250
30.0,0.6931471805599453,11.0,24.6,0.5126050420168067,2,250
20.0,0.6931471805599453,11.0,24.4,0.5126050420168067,1,250
25.0,0.6931471805599453,11.0,24.2,0.5126050420168067,1,250
25.0,1.3862943611198906,11.0,24.2,0.5126050420168067,3,250
40.0,1.0986122886681098,12.0,19.5,0.5126050420168067,1,250
0.0,1.0986122886681098,12.0,19.5,0.5126050420168067,1,250
40.0,1.0986122886681098,12.0,19.5,0.5126050420168067,2,250
0.0,1.0986122886681098,12.0,19.5,0.5126050420168067,2,250
40.0,0.6931471805599453,12.0,19.6,0.5126050420168067,1,250
25.0,0.6931471805599453,12.0,18.7,0.5126050420168067,1,250
25.0,0.6931471805599453,12.0,18.5,0.5126050420168067,1,250
25.0,0.6931471805599453,12.0,18.5,0.5126050420168067,1,250
25.0,0.6931471805599453,12.0,18.2,0.5126050420168067,2,250
25.0,1.0986122886681098,12.0,18.2,0.5126050420168067,2,250
0.0,1.0986122886681098,12.0,10.0,0.5126050420168067,2,250
0.0,0.6931471805599453,12.0,10.1,0.5126050420168067,1,250
0.0,0.6931471805599453,11.0,13.8,0.5126050420168067,1,250
20.0,0.6931471805599453,12.0,10.1,0.5126050420168067,1,250
20.0,0.6931471805599453,11.0,13.8,0.5126050420168067,1,250
20.0,0.6931471805599453,12.0,10.1,0.5126050420168067,1,250
20.0,0.6931471805599453,11.0,13.8,0.5126050420168067,1,250
25.0,0.6931471805599453,12.0,10.2,0.5126050420168067,1,250
25.0,0.6931471805599453,11.0,13.9,0.5126050420168067,1,250
25.0,0.6931471805599453,12.0,10.2,0.5126050420168067,1,250
25.0,0.6931471805599453,11.0,13.9,0.5126050420168067,1,250
20.0,0.6931471805599453,12.0,15.5,0.5126050420168067,1,250
30.0,0.6931471805599453,12.0,15.3,0.5126050420168067,3,250
50.0,1.0986122886681098,12.0,15.7,0.5126050420168067,1,250
50.0,1.0986122886681098,12.0,15.7,0.5126050420168067,1,250
25.0,0.6931471805599453,10.0,20.1,0.5126050420168067,1,250
0.0,0.6931471805599453,10.0,20.1,0.5126050420168067,1,250
20.0,1.0986122886681098,10.0,18.1,0.5126050420168067,1,250
0.0,1.0986122886681098,10.0,18.1,0.5126050420168067,1,250
25.0,1.0986122886681098,10.0,18.1,0.5126050420168067,1,250
30.0,0.6931471805599453,12.0,18.0,0.5126050420168067,1,250
50.0,0.6931471805599453,12.0,17.8,0.5126050420168067,1,250
30.0,0.6931471805599453,12.0,17.8,0.5126050420168067,1,250
0.0,1.0986122886681098,12.0,18.3,0.5126050420168067,2,250
30.0,0.6931471805599453,13.0,25.7,0.5126050420168067,3,250
0.0,0.6931471805599453,13.0,13.8,0.5126050420168067,1,250
0.0,0.6931471805599453,13.0,13.8,0.5126050420168067,1,250
0.0,0.6931471805599453,11.0,18.9,0.5126050420168067,3,250
40.0,0.6931471805599453,11.0,21.1,0.5126050420168067,1,250
50.0,0.6931471805599453,11.0,21.6,0.5126050420168067,3,250
20.0,0.6931471805599453,11.0,19.4,0.5126050420168067,1,250
30.0,0.6931471805599453,11.0,19.4,0.5126050420168067,1,250
40.0,1.0986122886681098,11.0,20.1,0.5126050420168067,1,250
50.0,0.6931471805599453,11.0,18.6,0.5126050420168067,3,250
0.0,0.6931471805599453,16.0,21.8,0.5126050420168067,1,250
0.0,0.6931471805599453,16.0,21.8,0.5126050420168067,1,250
0.0,0.6931471805599453,16.0,21.8,0.5126050420168067,1,250
0.0,2.3978952727983707,16.0,22.4,0.5126050420168067,1,250
0.0,2.3978952727983707,16.0,22.4,0.5126050420168067,1,250
0.0,2.3978952727983707,15.0,20.2,0.5126050420168067,3,250
0.0,0.6931471805599453,14.0,18.1,0.5126050420168067,2,250
0.0,0.6931471805599453,18.0,20.0,0.5126050420168067,1,250
0.0,0.6931471805599453,18.0,20.0,0.5126050420168067,1,250
0.0,0.6931471805599453,18.0,20.0,0.5126050420168067,1,250
0.0,1.791759469228055,14.0,22.7,0.5126050420168067,3,250
40.0,0.6931471805599453,11.0,67.0,0.06647398843930635,1,251
0.0,0.6931471805599453,11.0,67.3,0.06647398843930635,1,251
0.0,0.6931471805599453,11.0,67.3,0.06647398843930635,1,251
0.0,0.6931471805599453,11.0,67.3,0.06647398843930635,1,251
10.0,2.0794415416798357,13.0,28.2,0.06647398843930635,1,251
10.0,2.0794415416798357,17.0,15.3,0.06647398843930635,1,251
50.0,2.0794415416798357,13.0,28.2,0.06647398843930635,1,251
50.0,2.0794415416798357,17.0,15.3,0.06647398843930635,1,251
0.0,2.0794415416798357,13.0,28.2,0.06647398843930635,1,251
0.0,2.0794415416798357,17.0,15.3,0.06647398843930635,1,251
0.0,1.0986122886681098,13.0,36.2,0.06647398843930635,1,251
0.0,1.0986122886681098,13.0,13.6,0.06647398843930635,1,251
10.0,1.0986122886681098,13.0,36.2,0.06647398843930635,1,251
10.0,1.0986122886681098,13.0,13.6,0.06647398843930635,1,251
0.0,1.0986122886681098,13.0,36.2,0.06647398843930635,1,251
0.0,1.0986122886681098,13.0,13.6,0.06647398843930635,1,251
0.0,1.9459101490553132,11.0,43.1,0.06647398843930635,1,251
0.0,1.9459101490553132,12.0,35.4,0.06647398843930635,1,251
0.0,1.9459101490553132,11.0,43.1,0.06647398843930635,1,251
0.0,1.9459101490553132,12.0,35.4,0.06647398843930635,1,251
0.0,1.9459101490553132,11.0,43.1,0.06647398843930635,1,251
0.0,1.9459101490553132,12.0,35.4,0.06647398843930635,1,251
0.0,1.9459101490553132,11.0,43.1,0.06647398843930635,1,251
0.0,1.9459101490553132,12.0,35.4,0.06647398843930635,1,251
0.0,1.9459101490553132,11.0,37.3,0.06647398843930635,1,251
0.0,1.9459101490553132,11.0,41.4,0.06647398843930635,1,251
0.0,1.9459101490553132,11.0,37.3,0.06647398843930635,1,251
0.0,1.9459101490553132,11.0,41.4,0.06647398843930635,1,251
0.0,1.9459101490553132,11.0,37.3,0.06647398843930635,1,251
0.0,1.9459101490553132,11.0,41.4,0.06647398843930635,1,251
0.0,1.9459101490553132,11.0,37.3,0.06647398843930635,1,251
0.0,1.9459101490553132,11.0,41.4,0.06647398843930635,1,251
0.0,1.6094379124341003,11.0,41.5,0.06647398843930635,1,251
10.0,1.6094379124341003,11.0,41.5,0.06647398843930635,1,251
10.0,1.791759469228055,11.0,29.6,0.06647398843930635,1,251
0.0,1.791759469228055,11.0,29.6,0.06647398843930635,1,251
0.0,3.258096538021482,13.0,16.7,0.06647398843930635,1,251
0.0,3.258096538021482,13.0,16.7,0.06647398843930635,1,251
0.0,3.258096538021482,13.0,16.7,0.06647398843930635,1,251
0.0,1.3862943611198906,12.0,18.1,0.06647398843930635,1,251
0.0,1.3862943611198906,12.0,18.1,0.06647398843930635,1,251
0.0,1.3862943611198906,13.0,24.2,0.06647398843930635,1,251
0.0,1.3862943611198906,13.0,24.2,0.06647398843930635,1,251
0.0,1.0986122886681098,13.0,25.3,0.06647398843930635,1,251
0.0,1.0986122886681098,13.0,25.3,0.06647398843930635,1,251
0.0,2.0794415416798357,10.0,40.2,0.06647398843930635,1,251
0.0,2.0794415416798357,10.0,40.2,0.06647398843930635,1,251
0.0,0.6931471805599453,11.0,19.6,0.06647398843930635,1,251
0.0,0.6931471805599453,11.0,19.6,0.06647398843930635,1,251
0.0,0.6931471805599453,11.0,19.6,0.06647398843930635,1,251
0.0,1.0986122886681098,11.0,39.7,0.06647398843930635,2,251
0.0,1.0986122886681098,11.0,39.7,0.06647398843930635,2,251
0.0,1.0986122886681098,11.0,39.7,0.06647398843930635,2,251
0.0,1.0986122886681098,11.0,39.7,0.06647398843930635,2,251
0.0,1.9459101490553132,18.0,12.3,0.06647398843930635,1,251
0.0,1.0986122886681098,12.0,18.1,0.06647398843930635,1,251
0.0,1.0986122886681098,12.0,18.1,0.06647398843930635,1,251
0.0,2.0794415416798357,11.0,17.9,0.06647398843930635,1,251
0.0,2.0794415416798357,11.0,17.9,0.06647398843930635,1,251
0.0,2.0794415416798357,11.0,17.9,0.06647398843930635,1,251
0.0,2.0794415416798357,11.0,17.9,0.06647398843930635,1,251
0.0,2.1972245773362196,13.0,13.9,0.06647398843930635,1,251
20.0,2.1972245773362196,13.0,13.9,0.06647398843930635,1,251
30.0,2.0794415416798357,13.0,12.7,0.06647398843930635,1,251
50.0,2.0794415416798357,13.0,12.7,0.06647398843930635,1,251
0.0,3.9318256327243257,12.0,23.1,0.06647398843930635,1,251
0.0,3.9318256327243257,12.0,23.1,0.06647398843930635,1,251
0.0,3.9318256327243257,12.0,23.1,0.06647398843930635,1,251
0.0,3.9318256327243257,12.0,23.1,0.06647398843930635,1,251
0.0,3.9318256327243257,12.0,23.8,0.06647398843930635,1,251
0.0,3.9318256327243257,12.0,23.8,0.06647398843930635,1,251
0.0,1.3862943611198906,13.0,19.3,0.06647398843930635,1,251
30.0,1.3862943611198906,13.0,19.3,0.06647398843930635,1,251
0.0,3.258096538021482,13.0,18.9,0.06647398843930635,1,251
20.0,3.258096538021482,13.0,18.9,0.06647398843930635,1,251
0.0,3.9318256327243257,13.0,19.5,0.06647398843930635,1,251
0.0,3.9318256327243257,13.0,19.5,0.06647398843930635,1,251
0.0,1.6094379124341003,14.0,31.4,0.06647398843930635,1,251
10.0,1.6094379124341003,14.0,31.4,0.06647398843930635,1,251
0.0,1.0986122886681098,13.0,28.0,0.06647398843930635,1,251
10.0,1.0986122886681098,13.0,28.0,0.06647398843930635,1,251
0.0,0.6931471805599453,16.0,15.0,0.06647398843930635,1,251
20.0,0.6931471805599453,16.0,15.0,0.06647398843930635,1,251
15.0,3.044522437723423,11.0,16.8,0.39928057553956836,2,252
0.0,0.6931471805599453,11.0,17.0,0.39928057553956836,1,252
0.0,0.6931471805599453,11.0,17.0,0.39928057553956836,1,252
0.0,2.3978952727983707,11.0,16.9,0.39928057553956836,1,252
0.0,2.3978952727983707,11.0,16.9,0.39928057553956836,1,252
30.0,2.3978952727983707,11.0,16.9,0.39928057553956836,1,252
0.0,0.6931471805599453,12.0,19.6,0.39928057553956836,2,252
25.0,0.6931471805599453,11.0,14.9,0.39928057553956836,1,252
25.0,0.6931471805599453,14.0,30.9,0.39928057553956836,1,252
25.0,0.6931471805599453,11.0,14.9,0.39928057553956836,1,252
25.0,0.6931471805599453,14.0,30.9,0.39928057553956836,1,252
20.0,0.6931471805599453,11.0,14.9,0.39928057553956836,1,252
20.0,0.6931471805599453,14.0,30.9,0.39928057553956836,1,252
0.0,0.6931471805599453,11.0,14.9,0.39928057553956836,1,252
0.0,0.6931471805599453,14.0,30.9,0.39928057553956836,1,252
15.0,0.6931471805599453,11.0,14.9,0.39928057553956836,1,252
15.0,0.6931471805599453,14.0,30.9,0.39928057553956836,1,252
20.0,0.6931471805599453,11.0,15.0,0.39928057553956836,2,252
20.0,0.6931471805599453,14.0,29.4,0.39928057553956836,2,252
0.0,0.6931471805599453,11.0,15.0,0.39928057553956836,2,252
0.0,0.6931471805599453,14.0,29.4,0.39928057553956836,2,252
0.0,0.6931471805599453,11.0,15.0,0.39928057553956836,2,252
0.0,0.6931471805599453,14.0,29.4,0.39928057553956836,2,252
30.0,1.0986122886681098,13.0,13.7,0.39928057553956836,1,252
20.0,1.0986122886681098,13.0,13.7,0.39928057553956836,1,252
10.0,2.8903717578961645,13.0,13.5,0.39928057553956836,1,252
0.0,2.8903717578961645,13.0,13.5,0.39928057553956836,1,252
25.0,2.833213344056216,13.0,15.2,0.39928057553956836,1,252
0.0,2.833213344056216,13.0,15.2,0.39928057553956836,1,252
20.0,2.3978952727983707,11.0,32.6,0.39928057553956836,1,252
0.0,2.3978952727983707,11.0,32.6,0.39928057553956836,1,252
50.0,2.3978952727983707,11.0,32.6,0.39928057553956836,1,252
80.0,0.4054651081081644,11.0,32.2,0.39928057553956836,3,252
0.0,0.6931471805599453,11.0,15.8,0.39928057553956836,1,252
0.0,0.6931471805599453,14.0,29.2,0.39928057553956836,1,252
0.0,0.6931471805599453,11.0,15.8,0.39928057553956836,1,252
0.0,0.6931471805599453,14.0,29.2,0.39928057553956836,1,252
0.0,0.6931471805599453,11.0,15.8,0.39928057553956836,1,252
0.0,0.6931471805599453,14.0,29.2,0.39928057553956836,1,252
20.0,0.6931471805599453,11.0,15.8,0.39928057553956836,1,252
20.0,0.6931471805599453,14.0,29.2,0.39928057553956836,1,252
0.0,0.6931471805599453,11.0,15.8,0.39928057553956836,1,252
0.0,0.6931471805599453,14.0,29.2,0.39928057553956836,1,252
20.0,2.772588722239781,11.0,15.5,0.39928057553956836,1,252
20.0,2.772588722239781,13.0,30.9,0.39928057553956836,1,252
0.0,2.772588722239781,11.0,15.5,0.39928057553956836,1,252
0.0,2.772588722239781,13.0,30.9,0.39928057553956836,1,252
0.0,2.772588722239781,11.0,15.5,0.39928057553956836,1,252
0.0,2.772588722239781,13.0,30.9,0.39928057553956836,1,252
0.0,1.791759469228055,11.0,16.5,0.39928057553956836,1,252
0.0,1.791759469228055,14.0,30.2,0.39928057553956836,1,252
0.0,1.791759469228055,11.0,16.5,0.39928057553956836,1,252
0.0,1.791759469228055,14.0,30.2,0.39928057553956836,1,252
0.0,1.791759469228055,11.0,16.5,0.39928057553956836,1,252
0.0,1.791759469228055,14.0,30.2,0.39928057553956836,1,252
50.0,1.791759469228055,11.0,16.5,0.39928057553956836,1,252
50.0,1.791759469228055,14.0,30.2,0.39928057553956836,1,252
5.0,1.791759469228055,14.0,30.1,0.39928057553956836,1,252
0.0,1.791759469228055,14.0,30.1,0.39928057553956836,1,252
0.0,1.3862943611198906,13.0,30.4,0.39928057553956836,1,252
0.0,1.3862943611198906,13.0,30.4,0.39928057553956836,1,252
0.0,1.3862943611198906,13.0,30.4,0.39928057553956836,1,252
0.0,2.0794415416798357,14.0,30.3,0.39928057553956836,1,252
0.0,2.0794415416798357,14.0,30.3,0.39928057553956836,1,252
25.0,1.3862943611198906,15.0,29.1,0.39928057553956836,1,252
70.0,1.3862943611198906,15.0,29.1,0.39928057553956836,1,252
0.0,2.3978952727983707,14.0,29.3,0.39928057553956836,1,252
0.0,0.6931471805599453,14.0,29.5,0.39928057553956836,2,252
20.0,1.791759469228055,11.0,15.0,0.39928057553956836,1,252
20.0,1.791759469228055,14.0,29.4,0.39928057553956836,1,252
0.0,1.791759469228055,11.0,15.0,0.39928057553956836,1,252
0.0,1.791759469228055,14.0,29.4,0.39928057553956836,1,252
0.0,1.791759469228055,11.0,15.0,0.39928057553956836,1,252
0.0,1.791759469228055,14.0,29.4,0.39928057553956836,1,252
25.0,3.044522437723423,14.0,30.9,0.39928057553956836,2,252
20.0,0.6931471805599453,13.0,10.3,0.39928057553956836,2,252
0.0,0.6931471805599453,13.0,10.3,0.39928057553956836,2,252
30.0,1.0986122886681098,14.0,16.3,0.39928057553956836,1,252
30.0,1.0986122886681098,11.0,12.7,0.39928057553956836,1,252
20.0,1.0986122886681098,14.0,16.3,0.39928057553956836,1,252
20.0,1.0986122886681098,11.0,12.7,0.39928057553956836,1,252
0.0,1.0986122886681098,14.0,16.3,0.39928057553956836,1,252
0.0,1.0986122886681098,11.0,12.7,0.39928057553956836,1,252
0.0,1.0986122886681098,14.0,16.3,0.39928057553956836,1,252
0.0,1.0986122886681098,11.0,12.7,0.39928057553956836,1,252
25.0,1.0986122886681098,14.0,16.3,0.39928057553956836,1,252
25.0,1.0986122886681098,11.0,12.7,0.39928057553956836,1,252
0.0,1.0986122886681098,14.0,16.3,0.39928057553956836,1,252
0.0,1.0986122886681098,11.0,12.7,0.39928057553956836,1,252
0.0,1.6094379124341003,14.0,17.9,0.39928057553956836,2,252
0.0,1.6094379124341003,11.0,13.3,0.39928057553956836,2,252
0.0,1.6094379124341003,14.0,17.9,0.39928057553956836,2,252
0.0,1.6094379124341003,11.0,13.3,0.39928057553956836,2,252
0.0,1.6094379124341003,14.0,17.9,0.39928057553956836,2,252
0.0,1.6094379124341003,11.0,13.3,0.39928057553956836,2,252
25.0,1.6094379124341003,14.0,17.9,0.39928057553956836,2,252
25.0,1.6094379124341003,11.0,13.3,0.39928057553956836,2,252
0.0,1.6094379124341003,14.0,17.9,0.39928057553956836,2,252
0.0,1.6094379124341003,11.0,13.3,0.39928057553956836,2,252
0.0,0.6931471805599453,13.0,17.4,0.39928057553956836,1,252
0.0,0.6931471805599453,13.0,17.4,0.39928057553956836,1,252
0.0,0.6931471805599453,13.0,17.4,0.39928057553956836,1,252
0.0,2.0794415416798357,14.0,17.6,0.39928057553956836,2,252
10.0,0.6931471805599453,13.0,15.9,0.39928057553956836,1,252
20.0,3.258096538021482,15.0,16.6,0.39928057553956836,2,252
20.0,3.258096538021482,11.0,13.5,0.39928057553956836,2,252
0.0,3.258096538021482,15.0,16.6,0.39928057553956836,2,252
0.0,3.258096538021482,11.0,13.5,0.39928057553956836,2,252
0.0,3.258096538021482,15.0,16.6,0.39928057553956836,2,252
0.0,3.258096538021482,11.0,13.5,0.39928057553956836,2,252
0.0,3.258096538021482,15.0,16.6,0.39928057553956836,2,252
0.0,3.258096538021482,11.0,13.5,0.39928057553956836,2,252
33.0,3.258096538021482,15.0,16.6,0.39928057553956836,2,252
33.0,3.258096538021482,11.0,13.5,0.39928057553956836,2,252
0.0,3.044522437723423,11.0,11.1,0.39928057553956836,1,252
20.0,0.6931471805599453,11.0,10.6,0.39928057553956836,1,252
60.0,0.6931471805599453,11.0,10.6,0.39928057553956836,1,252
15.0,0.6931471805599453,15.0,11.0,0.39928057553956836,2,252
0.0,0.7514160886839212,11.0,13.2,0.39928057553956836,1,252
25.0,1.0986122886681098,13.0,15.4,0.39928057553956836,1,252
30.0,1.0986122886681098,13.0,15.4,0.39928057553956836,1,252
100.0,0.6931471805599453,13.0,15.3,0.39928057553956836,2,252
0.0,1.0986122886681098,12.0,15.2,0.39928057553956836,2,252
15.0,0.6931471805599453,11.0,14.7,0.39928057553956836,1,252
10.0,0.6931471805599453,11.0,14.7,0.39928057553956836,1,252
10.0,3.044522437723423,12.0,14.4,0.39928057553956836,1,252
15.0,3.044522437723423,12.0,14.4,0.39928057553956836,1,252
80.0,0.6931471805599453,12.0,14.2,0.39928057553956836,3,252
30.0,2.772588722239781,12.0,14.4,0.39928057553956836,1,252
30.0,2.772588722239781,12.0,14.4,0.39928057553956836,1,252
20.0,0.6931471805599453,12.0,14.4,0.39928057553956836,1,252
0.0,0.6931471805599453,12.0,14.4,0.39928057553956836,1,252
50.0,0.6931471805599453,11.0,13.2,0.39928057553956836,1,252
20.0,0.6931471805599453,11.0,13.2,0.39928057553956836,1,252
20.0,0.6931471805599453,11.0,13.2,0.39928057553956836,1,252
0.0,1.0986122886681098,11.0,15.7,0.39928057553956836,2,252
0.0,1.0986122886681098,11.0,15.7,0.39928057553956836,2,252
0.0,1.0986122886681098,11.0,15.7,0.39928057553956836,2,252
50.0,1.791759469228055,12.0,11.3,0.39928057553956836,1,252
25.0,1.791759469228055,12.0,11.3,0.39928057553956836,1,252
30.0,1.9459101490553132,12.0,11.2,0.39928057553956836,1,252
0.0,1.9459101490553132,12.0,11.2,0.39928057553956836,1,252
0.0,1.9459101490553132,12.0,11.2,0.39928057553956836,1,252
0.0,1.6094379124341003,12.0,17.9,0.39928057553956836,2,252
25.0,2.772588722239781,13.0,20.2,0.39928057553956836,2,252
30.0,1.791759469228055,13.0,19.6,0.39928057553956836,2,252
0.0,1.791759469228055,13.0,19.6,0.39928057553956836,2,252
25.0,3.258096538021482,12.0,18.5,0.39928057553956836,2,252
0.0,3.258096538021482,12.0,18.5,0.39928057553956836,2,252
0.0,2.3978952727983707,11.0,11.9,0.4080267558528428,2,253
0.0,3.044522437723423,11.0,13.5,0.4080267558528428,2,253
0.0,3.044522437723423,11.0,13.5,0.4080267558528428,2,253
0.0,3.044522437723423,11.0,13.5,0.4080267558528428,2,253
0.0,0.6931471805599453,12.0,21.7,0.4080267558528428,0,253
0.0,1.3862943611198906,13.0,9.9,0.4080267558528428,1,253
0.0,1.3862943611198906,13.0,9.9,0.4080267558528428,1,253
10.0,0.6931471805599453,11.0,27.8,0.4080267558528428,1,253
20.0,0.6931471805599453,11.0,27.8,0.4080267558528428,1,253
20.0,1.3862943611198906,11.0,24.9,0.4080267558528428,1,253
20.0,1.3862943611198906,11.0,24.9,0.4080267558528428,1,253
0.0,0.6931471805599453,12.0,40.8,0.4080267558528428,0,253
30.0,0.6931471805599453,11.0,34.2,0.4080267558528428,1,253
30.0,0.6931471805599453,11.0,34.2,0.4080267558528428,1,253
0.0,1.0986122886681098,11.0,17.8,0.4080267558528428,1,253
0.0,2.3978952727983707,11.0,18.5,0.4080267558528428,1,253
0.0,2.3978952727983707,11.0,18.5,0.4080267558528428,1,253
0.0,4.61512051684126,12.0,23.7,0.4080267558528428,1,253
0.0,4.61512051684126,12.0,23.7,0.4080267558528428,1,253
50.0,4.61512051684126,12.0,23.7,0.4080267558528428,1,253
0.0,1.3862943611198906,12.0,16.0,0.4080267558528428,0,253
0.0,1.3862943611198906,12.0,16.0,0.4080267558528428,0,253
0.0,1.3862943611198906,12.0,16.0,0.4080267558528428,1,253
0.0,1.3862943611198906,12.0,16.0,0.4080267558528428,1,253
0.0,1.791759469228055,12.0,15.5,0.4080267558528428,1,253
0.0,1.791759469228055,12.0,15.5,0.4080267558528428,1,253
0.0,3.7612001156935624,11.0,16.5,0.4080267558528428,1,253
0.0,3.7612001156935624,11.0,16.5,0.4080267558528428,1,253
0.0,1.3862943611198906,11.0,16.4,0.4080267558528428,1,253
0.0,1.3862943611198906,11.0,16.4,0.4080267558528428,1,253
60.0,1.3862943611198906,11.0,16.4,0.4080267558528428,1,253
0.0,2.6390573296152584,12.0,7.5,0.4080267558528428,1,253
0.0,2.6390573296152584,12.0,7.5,0.4080267558528428,1,253
0.0,0.6931471805599453,12.0,7.2,0.4080267558528428,2,253
0.0,0.6931471805599453,12.0,8.3,0.4080267558528428,2,253
0.0,0.6931471805599453,12.0,5.3,0.4080267558528428,2,253
0.0,1.3862943611198906,13.0,62.4,0.4080267558528428,0,253
0.0,0.6931471805599453,12.0,11.5,0.4080267558528428,1,253
50.0,1.0986122886681098,11.0,78.2,0.4080267558528428,0,253
0.0,0.6931471805599453,12.0,14.9,0.4080267558528428,1,253
0.0,0.6931471805599453,11.0,80.8,0.4080267558528428,0,253
0.0,1.3862943611198906,11.0,45.3,0.4080267558528428,3,253
0.0,3.258096538021482,11.0,40.7,0.4080267558528428,0,253
30.0,1.0986122886681098,11.0,23.1,0.4080267558528428,2,253
30.0,0.6931471805599453,11.0,63.2,0.4080267558528428,0,253
25.0,1.0986122886681098,12.0,18.4,0.4080267558528428,2,253
20.0,1.0986122886681098,11.0,30.2,0.4080267558528428,4,253
25.0,0.6931471805599453,11.0,16.1,0.4080267558528428,0,253
25.0,0.6931471805599453,11.0,20.1,0.4080267558528428,0,253
25.0,1.0986122886681098,11.0,20.9,0.4080267558528428,2,253
0.0,2.1972245773362196,10.0,59.3,0.4080267558528428,0,253
0.0,0.6931471805599453,11.0,71.6,0.4080267558528428,4,253
0.0,0.6931471805599453,10.0,27.3,0.4080267558528428,0,253
0.0,2.1972245773362196,10.0,27.5,0.4080267558528428,0,253
0.0,0.6931471805599453,11.0,44.2,0.4080267558528428,2,253
0.0,0.6931471805599453,10.0,44.6,0.4080267558528428,0,253
0.0,1.0986122886681098,11.0,17.7,0.4080267558528428,0,253
0.0,1.9459101490553132,11.0,32.8,0.4080267558528428,0,253
0.0,0.6931471805599453,11.0,15.7,0.4080267558528428,2,253
50.0,1.0986122886681098,11.0,44.9,0.39,2,254
35.0,0.6931471805599453,12.0,22.0,0.39,1,254
35.0,0.6931471805599453,12.0,28.8,0.39,1,254
40.0,0.6931471805599453,12.0,22.0,0.39,1,254
40.0,0.6931471805599453,12.0,28.8,0.39,1,254
35.0,2.8903717578961645,12.0,22.0,0.39,3,254
35.0,2.8903717578961645,12.0,28.8,0.39,3,254
40.0,2.8903717578961645,12.0,22.0,0.39,3,254
40.0,2.8903717578961645,12.0,28.8,0.39,3,254
0.0,0.6931471805599453,11.0,13.5,0.39,1,254
0.0,0.6931471805599453,11.0,24.9,0.39,2,254
50.0,2.8903717578961645,10.0,24.5,0.39,3,254
40.0,1.0986122886681098,11.0,23.8,0.39,1,254
50.0,2.8903717578961645,11.0,32.7,0.39,3,254
50.0,2.8903717578961645,11.0,25.0,0.39,3,254
35.0,0.6931471805599453,11.0,25.6,0.39,1,254
0.0,1.0986122886681098,11.0,16.8,0.39,1,254
25.0,2.5649493574615367,14.0,13.8,0.39,3,254
25.0,0.6931471805599453,13.0,14.6,0.39,1,254
50.0,2.0794415416798357,12.0,10.0,0.39,3,254
0.0,2.3978952727983707,13.0,20.2,0.17575757575757575,3,255
0.0,2.3978952727983707,11.0,20.2,0.17575757575757575,3,255
50.0,3.044522437723423,13.0,15.2,0.17575757575757575,0,255
50.0,3.044522437723423,13.0,22.2,0.17575757575757575,0,255
0.0,3.4339872044851463,13.0,21.6,0.17575757575757575,3,255
0.0,3.4339872044851463,11.0,23.6,0.17575757575757575,3,255
0.0,3.4339872044851463,13.0,21.6,0.17575757575757575,3,255
0.0,3.4339872044851463,11.0,23.6,0.17575757575757575,3,255
0.0,0.6931471805599453,14.0,18.4,0.17575757575757575,2,255
0.0,0.6931471805599453,11.0,16.1,0.17575757575757575,2,255
0.0,0.6931471805599453,13.0,19.7,0.17575757575757575,2,255
0.0,0.6931471805599453,11.0,26.1,0.17575757575757575,2,255
0.0,0.6931471805599453,13.0,19.7,0.17575757575757575,2,255
0.0,0.6931471805599453,11.0,26.1,0.17575757575757575,2,255
0.0,0.6931471805599453,12.0,51.2,0.17575757575757575,4,255
0.0,1.0986122886681098,12.0,52.2,0.17575757575757575,2,255
25.0,0.6931471805599453,13.0,18.6,0.17575757575757575,0,255
33.0,0.6931471805599453,13.0,18.2,0.17575757575757575,4,255
50.0,0.6931471805599453,14.0,12.7,0.17575757575757575,2,255
50.0,0.6931471805599453,11.0,27.7,0.17575757575757575,3,255
0.0,1.3862943611198906,11.0,18.5,0.17575757575757575,2,255
0.0,0.6931471805599453,10.0,34.4,0.17575757575757575,3,255
40.0,3.9318256327243257,12.0,17.4,0.6153846153846154,0,256
40.0,0.6931471805599453,13.0,9.4,0.6153846153846154,0,256
50.0,0.6931471805599453,12.0,11.4,0.6153846153846154,0,256
0.0,0.6931471805599453,12.0,14.5,0.6153846153846154,0,256
30.0,0.6931471805599453,11.0,18.6,0.6153846153846154,0,256
20.0,0.6931471805599453,12.0,17.1,0.6153846153846154,0,256
10.0,0.6931471805599453,12.0,14.5,0.6153846153846154,0,256
50.0,4.61512051684126,13.0,15.6,0.6153846153846154,4,256
30.0,4.61512051684126,14.0,15.1,0.6153846153846154,4,256
60.0,5.017279836814924,12.0,14.7,0.6153846153846154,0,256
50.0,5.303304908059076,15.0,6.8,0.6153846153846154,0,256
40.0,0.6931471805599453,12.0,3.1,0.6153846153846154,4,256
40.0,0.6931471805599453,15.0,5.6,0.6153846153846154,0,256
50.0,3.258096538021482,15.0,5.6,0.6153846153846154,0,256
40.0,0.6931471805599453,14.0,5.9,0.6153846153846154,0,256
40.0,1.0986122886681098,12.0,10.3,0.6153846153846154,0,256
50.0,1.3862943611198906,12.0,9.9,0.6153846153846154,0,256
10.0,0.6931471805599453,12.0,7.1,0.6153846153846154,0,256
30.0,0.6931471805599453,12.0,10.5,0.6153846153846154,0,256
40.0,0.6931471805599453,11.0,11.6,0.6153846153846154,0,256
30.0,5.993961427306569,12.0,12.9,0.6153846153846154,4,256
60.0,0.6931471805599453,12.0,15.2,0.6153846153846154,0,256
20.0,5.303304908059076,12.0,15.4,0.6153846153846154,0,256
40.0,1.791759469228055,11.0,16.4,0.6153846153846154,4,256
30.0,1.0986122886681098,12.0,8.8,0.6153846153846154,0,256
30.0,5.303304908059076,15.0,5.8,0.6153846153846154,0,256
40.0,3.9318256327243257,14.0,6.6,0.6153846153846154,4,256
30.0,2.0794415416798357,15.0,1.3,0.4714285714285714,1,257
0.0,2.0794415416798357,15.0,1.3,0.4714285714285714,1,257
30.0,0.6931471805599453,15.0,1.3,0.4714285714285714,2,257
0.0,0.6931471805599453,15.0,1.3,0.4714285714285714,2,257
0.0,1.791759469228055,14.0,1.2,0.4714285714285714,1,257
0.0,2.0794415416798357,16.0,1.2,0.4714285714285714,1,257
30.0,1.0986122886681098,23.0,1.5,0.4714285714285714,1,257
30.0,1.0986122886681098,16.0,0.9,0.4714285714285714,1,257
40.0,1.0986122886681098,23.0,1.5,0.4714285714285714,1,257
40.0,1.0986122886681098,16.0,0.9,0.4714285714285714,1,257
40.0,1.3862943611198906,17.0,1.5,0.4714285714285714,1,257
40.0,1.3862943611198906,22.0,2.1,0.4714285714285714,1,257
50.0,1.3862943611198906,17.0,1.5,0.4714285714285714,1,257
50.0,1.3862943611198906,22.0,2.1,0.4714285714285714,1,257
0.0,0.6931471805599453,15.0,2.4,0.4714285714285714,2,257
30.0,1.6094379124341003,14.0,0.7,0.4714285714285714,1,257
30.0,1.6094379124341003,16.0,1.2,0.4714285714285714,1,257
40.0,1.0986122886681098,17.0,1.5,0.4714285714285714,1,257
40.0,1.0986122886681098,22.0,2.1,0.4714285714285714,1,257
50.0,1.0986122886681098,17.0,1.5,0.4714285714285714,1,257
50.0,1.0986122886681098,22.0,2.1,0.4714285714285714,1,257
0.0,1.6094379124341003,14.0,0.7,0.4714285714285714,1,257
50.0,2.0794415416798357,17.0,0.7,0.4714285714285714,1,257
50.0,1.791759469228055,21.0,2.6,0.4714285714285714,1,257
10.0,1.3862943611198906,14.0,0.6,0.4714285714285714,1,257
25.0,1.791759469228055,16.0,0.5,0.4714285714285714,1,257
0.0,0.6931471805599453,16.0,0.6,0.4714285714285714,2,257
20.0,2.1972245773362196,13.0,2.2,0.4714285714285714,1,257
0.0,1.791759469228055,16.0,1.6,0.4714285714285714,1,257
0.0,1.0986122886681098,14.0,1.7,0.4714285714285714,2,257
10.0,3.044522437723423,14.0,1.8,0.4714285714285714,1,257
50.0,1.0986122886681098,15.0,1.6,0.4714285714285714,1,257
80.0,0.6931471805599453,24.0,1.4,0.4714285714285714,1,257
0.0,0.6931471805599453,15.0,1.0,0.4714285714285714,1,257
0.0,1.3862943611198906,15.0,1.2,0.4714285714285714,1,257
40.0,0.6931471805599453,17.0,6.1,0.4714285714285714,1,257
45.0,0.6931471805599453,14.0,1.5,0.4714285714285714,1,257
40.0,1.3862943611198906,14.0,0.4,0.4714285714285714,1,257
50.0,1.0986122886681098,15.0,2.2,0.4714285714285714,1,257
40.0,1.0986122886681098,14.0,1.7,0.4714285714285714,1,257
70.0,1.3862943611198906,14.0,1.1,0.4714285714285714,1,257
50.0,1.3862943611198906,16.0,1.3,0.4714285714285714,1,257
35.0,0.6931471805599453,14.0,1.2,0.4714285714285714,1,257
30.0,1.0986122886681098,18.0,1.4,0.4714285714285714,1,257
40.0,1.9459101490553132,14.0,8.4,0.4714285714285714,1,257
45.0,1.0986122886681098,14.0,2.6,0.4714285714285714,1,257
45.0,1.0986122886681098,15.0,2.4,0.4714285714285714,1,257
70.0,0.6931471805599453,13.0,1.4,0.9897959183673469,4,258
80.0,1.0986122886681098,13.0,1.4,0.9897959183673469,4,258
70.0,1.3862943611198906,14.0,1.4,0.9897959183673469,1,258
60.0,1.6094379124341003,13.0,4.2,0.9897959183673469,4,258
35.0,1.9459101490553132,14.0,3.3,0.9897959183673469,1,258
30.0,1.9459101490553132,15.0,2.9,0.9897959183673469,4,258
40.0,1.0986122886681098,15.0,2.9,0.9897959183673469,1,258
40.0,1.3862943611198906,16.0,2.7,0.9897959183673469,4,258
40.0,1.3862943611198906,14.0,2.5,0.9897959183673469,4,258
25.0,1.0986122886681098,14.0,2.3,0.9897959183673469,0,258
40.0,1.3862943611198906,14.0,2.3,0.9897959183673469,4,258
30.0,1.9459101490553132,16.0,2.8,0.9897959183673469,1,258
35.0,1.3862943611198906,14.0,2.1,0.9897959183673469,0,258
70.0,1.3862943611198906,17.0,1.7,0.9897959183673469,1,258
100.0,1.3862943611198906,17.0,1.7,0.9897959183673469,1,258
60.0,1.0986122886681098,15.0,1.9,0.9897959183673469,1,258
75.0,0.6931471805599453,18.0,1.4,0.9897959183673469,1,258
25.0,1.0986122886681098,16.0,1.7,0.9897959183673469,1,258
100.0,1.0986122886681098,16.0,1.7,0.9897959183673469,1,258
50.0,2.772588722239781,13.0,1.7,0.9897959183673469,4,258
50.0,1.6094379124341003,14.0,2.0,0.9897959183673469,3,258
60.0,1.3862943611198906,14.0,1.8,0.9897959183673469,3,258
70.0,1.0986122886681098,13.0,2.7,0.9897959183673469,1,258
60.0,1.3862943611198906,13.0,3.0,0.9897959183673469,4,258
70.0,1.0986122886681098,16.0,2.3,0.9897959183673469,1,258
75.0,1.0986122886681098,15.0,1.3,0.9897959183673469,1,258
60.0,0.6931471805599453,27.0,2.1,0.9897959183673469,4,258
70.0,1.0986122886681098,14.0,2.1,0.9897959183673469,1,258
100.0,1.0986122886681098,14.0,2.1,0.9897959183673469,1,258
70.0,1.9459101490553132,16.0,2.5,0.9897959183673469,1,258
60.0,2.4849066497880004,16.0,2.5,0.9897959183673469,4,258
70.0,1.0986122886681098,13.0,1.3,0.9897959183673469,1,258
70.0,1.0986122886681098,27.0,1.6,0.9897959183673469,4,258
80.0,1.3862943611198906,26.0,2.4,0.9897959183673469,4,258
70.0,0.6931471805599453,24.0,2.7,0.9897959183673469,0,258
60.0,1.6094379124341003,15.0,1.9,0.9897959183673469,1,258
50.0,1.6094379124341003,13.0,5.0,0.9897959183673469,4,258
80.0,1.0986122886681098,14.0,4.6,0.9897959183673469,0,258
50.0,0.6931471805599453,13.0,4.5,0.9897959183673469,4,258
60.0,1.6094379124341003,14.0,2.2,0.9897959183673469,1,258
60.0,0.6931471805599453,13.0,3.6,0.9897959183673469,4,258
70.0,0.6931471805599453,14.0,2.3,0.9897959183673469,1,258
30.0,1.3862943611198906,13.0,4.9,1.0,1,259
40.0,1.0986122886681098,12.0,6.2,1.0,1,259
50.0,0.6931471805599453,13.0,6.7,1.0,2,259
55.0,5.303304908059076,20.0,3.2,1.0,3,259
65.0,4.61512051684126,13.0,2.9,1.0,3,259
25.0,1.3862943611198906,14.0,6.6,1.0,1,259
25.0,1.3862943611198906,14.0,6.9,1.0,1,259
30.0,5.017279836814924,14.0,6.7,1.0,3,259
30.0,5.017279836814924,15.0,1.5,1.0,3,259
20.0,5.017279836814924,14.0,6.7,1.0,3,259
20.0,5.017279836814924,15.0,1.5,1.0,3,259
40.0,5.303304908059076,12.0,6.1,1.0,4,259
70.0,0.6931471805599453,13.0,6.0,1.0,1,259
70.0,0.6931471805599453,15.0,6.4,1.0,1,259
60.0,0.6931471805599453,14.0,6.4,1.0,1,259
50.0,5.017279836814924,14.0,6.2,1.0,3,259
45.0,4.2626798770413155,14.0,6.9,1.0,4,259
30.0,0.6931471805599453,14.0,6.7,1.0,2,259
30.0,0.6931471805599453,15.0,1.5,1.0,2,259
20.0,0.6931471805599453,14.0,6.7,1.0,2,259
20.0,0.6931471805599453,15.0,1.5,1.0,2,259
25.0,4.61512051684126,12.0,7.1,1.0,3,259
25.0,4.61512051684126,14.0,6.8,1.0,3,259
30.0,1.3862943611198906,12.0,5.2,1.0,1,259
35.0,3.258096538021482,13.0,7.0,1.0,2,259
40.0,5.303304908059076,13.0,5.8,1.0,4,259
50.0,1.0986122886681098,13.0,5.7,1.0,1,259
25.0,0.6931471805599453,14.0,3.8,1.0,2,259
35.0,5.303304908059076,15.0,1.0,1.0,3,259
35.0,5.303304908059076,12.0,3.0,1.0,3,259
30.0,4.61512051684126,13.0,2.7,1.0,3,259
30.0,4.61512051684126,12.0,5.7,1.0,3,259
80.0,3.4339872044851463,13.0,2.4,1.0,3,259
80.0,3.4339872044851463,13.0,7.9,1.0,3,259
90.0,3.044522437723423,13.0,2.5,1.0,3,259
90.0,3.044522437723423,13.0,7.9,1.0,3,259
30.0,1.0986122886681098,13.0,2.6,1.0,1,259
60.0,0.6931471805599453,13.0,3.7,1.0,2,259
50.0,3.258096538021482,13.0,9.0,1.0,3,259
65.0,3.9318256327243257,13.0,12.5,1.0,4,259
20.0,1.6094379124341003,13.0,5.1,1.0,1,259
50.0,5.707110264748875,14.0,5.2,1.0,4,259
25.0,1.3862943611198906,12.0,2.8,1.0,1,259
35.0,1.0986122886681098,13.0,1.9,1.0,3,259
40.0,0.6931471805599453,13.0,4.7,1.0,3,259
25.0,1.0986122886681098,12.0,2.7,1.0,1,259
60.0,4.61512051684126,12.0,2.7,1.0,3,259
40.0,1.3862943611198906,13.0,2.5,1.0,1,259
35.0,0.6931471805599453,13.0,2.6,1.0,2,259
85.0,0.6931471805599453,13.0,7.4,1.0,2,259
60.0,0.6931471805599453,13.0,6.4,1.0,1,259
70.0,0.6931471805599453,13.0,6.2,1.0,2,259
25.0,0.6931471805599453,13.0,6.5,1.0,1,259
20.0,1.3862943611198906,14.0,4.7,1.0,1,259
26.0,3.258096538021482,14.0,2.9,1.0,2,259
30.0,5.303304908059076,14.0,3.2,1.0,3,259
35.0,5.303304908059076,19.0,1.6,1.0,3,259
40.0,1.791759469228055,13.0,12.5,1.0,4,259
25.0,1.0986122886681098,16.0,2.3,1.0,1,259
35.0,1.6094379124341003,14.0,1.5,1.0,1,259
50.0,3.258096538021482,14.0,1.9,1.0,4,259
30.0,5.25227342804663,13.0,1.8,1.0,3,259
20.0,4.61512051684126,13.0,1.8,1.0,4,259
30.0,1.0986122886681098,14.0,1.6,1.0,1,259
40.0,0.6931471805599453,16.0,1.5,1.0,1,259
25.0,1.0986122886681098,14.0,1.8,1.0,1,259
30.0,5.303304908059076,14.0,1.7,1.0,3,259
30.0,5.017279836814924,15.0,1.7,1.0,4,259
25.0,1.0986122886681098,12.0,9.6,1.0,1,259
40.0,1.6094379124341003,12.0,8.9,1.0,2,259
20.0,1.0986122886681098,12.0,7.5,1.0,1,259
30.0,0.6931471805599453,13.0,7.7,1.0,1,259
35.0,5.017279836814924,13.0,7.5,1.0,3,259
50.0,0.6931471805599453,14.0,2.9,0.31868131868131866,1,260
50.0,0.6931471805599453,13.0,2.7,0.31868131868131866,1,260
0.0,0.6931471805599453,14.0,2.9,0.31868131868131866,1,260
0.0,0.6931471805599453,13.0,2.7,0.31868131868131866,1,260
50.0,1.0986122886681098,15.0,3.5,0.31868131868131866,1,260
50.0,1.0986122886681098,13.0,3.0,0.31868131868131866,1,260
50.0,1.0986122886681098,15.0,3.5,0.31868131868131866,1,260
50.0,1.0986122886681098,13.0,3.0,0.31868131868131866,1,260
50.0,1.0986122886681098,15.0,3.5,0.31868131868131866,1,260
50.0,1.0986122886681098,13.0,3.0,0.31868131868131866,1,260
50.0,0.6931471805599453,15.0,3.5,0.31868131868131866,2,260
50.0,0.6931471805599453,13.0,3.0,0.31868131868131866,2,260
50.0,0.6931471805599453,15.0,3.5,0.31868131868131866,2,260
50.0,0.6931471805599453,13.0,3.0,0.31868131868131866,2,260
50.0,0.6931471805599453,15.0,3.5,0.31868131868131866,2,260
50.0,0.6931471805599453,13.0,3.0,0.31868131868131866,2,260
0.0,1.3862943611198906,16.0,3.9,0.31868131868131866,1,260
0.0,1.3862943611198906,16.0,3.9,0.31868131868131866,1,260
0.0,0.6931471805599453,16.0,3.9,0.31868131868131866,2,260
0.0,0.6931471805599453,16.0,3.9,0.31868131868131866,2,260
0.0,4.61512051684126,12.0,4.2,0.31868131868131866,3,260
0.0,1.0986122886681098,15.0,3.5,0.31868131868131866,1,260
30.0,1.0986122886681098,15.0,3.5,0.31868131868131866,1,260
0.0,1.0986122886681098,15.0,3.5,0.31868131868131866,1,260
0.0,1.3862943611198906,16.0,3.2,0.31868131868131866,1,260
0.0,1.3862943611198906,16.0,3.2,0.31868131868131866,1,260
30.0,1.3862943611198906,14.0,2.8,0.31868131868131866,1,260
30.0,1.3862943611198906,14.0,2.8,0.31868131868131866,1,260
30.0,0.6931471805599453,14.0,2.8,0.31868131868131866,2,260
30.0,0.6931471805599453,14.0,2.8,0.31868131868131866,2,260
0.0,0.6931471805599453,13.0,2.6,0.31868131868131866,3,260
0.0,1.6094379124341003,15.0,3.6,0.31868131868131866,1,260
0.0,1.6094379124341003,15.0,3.6,0.31868131868131866,1,260
0.0,1.0986122886681098,15.0,3.6,0.31868131868131866,2,260
0.0,1.0986122886681098,15.0,3.6,0.31868131868131866,2,260
0.0,0.6931471805599453,15.0,4.1,0.31868131868131866,3,260
30.0,1.3862943611198906,14.0,2.7,0.31868131868131866,1,260
10.0,1.6094379124341003,16.0,2.9,0.31868131868131866,1,260
40.0,1.6094379124341003,16.0,2.9,0.31868131868131866,1,260
10.0,1.0986122886681098,16.0,2.9,0.31868131868131866,2,260
40.0,1.0986122886681098,16.0,2.9,0.31868131868131866,2,260
30.0,1.0986122886681098,14.0,2.0,0.31868131868131866,1,260
50.0,1.0986122886681098,15.0,2.8,0.31868131868131866,1,260
30.0,1.0986122886681098,15.0,2.8,0.31868131868131866,1,260
50.0,0.6931471805599453,15.0,2.8,0.31868131868131866,2,260
30.0,0.6931471805599453,15.0,2.8,0.31868131868131866,2,260
0.0,1.0986122886681098,15.0,3.1,0.31868131868131866,3,260
0.0,1.3862943611198906,13.0,4.5,0.31868131868131866,1,260
0.0,1.3862943611198906,13.0,4.5,0.31868131868131866,1,260
0.0,1.3862943611198906,13.0,4.5,0.31868131868131866,1,260
0.0,0.6931471805599453,13.0,4.5,0.31868131868131866,2,260
0.0,0.6931471805599453,13.0,4.5,0.31868131868131866,2,260
0.0,0.6931471805599453,13.0,4.5,0.31868131868131866,2,260
10.0,1.0986122886681098,13.0,4.3,0.31868131868131866,1,260
20.0,1.0986122886681098,13.0,4.3,0.31868131868131866,1,260
10.0,0.6931471805599453,13.0,4.3,0.31868131868131866,2,260
20.0,0.6931471805599453,13.0,4.3,0.31868131868131866,2,260
0.0,1.0986122886681098,13.0,4.5,0.31868131868131866,2,260
0.0,1.0986122886681098,12.0,4.6,0.31868131868131866,3,260
20.0,0.6931471805599453,15.0,4.4,0.31868131868131866,3,260
0.0,0.6931471805599453,14.0,3.8,0.31868131868131866,3,260
0.0,0.6931471805599453,14.0,4.8,0.31868131868131866,3,260
0.0,0.6931471805599453,14.0,3.8,0.31868131868131866,3,260
0.0,0.6931471805599453,14.0,4.8,0.31868131868131866,3,260
0.0,0.6931471805599453,14.0,4.1,0.31868131868131866,2,260
0.0,0.6931471805599453,15.0,5.1,0.31868131868131866,2,260
0.0,0.6931471805599453,14.0,4.1,0.31868131868131866,2,260
0.0,0.6931471805599453,15.0,5.1,0.31868131868131866,2,260
0.0,0.6931471805599453,14.0,4.4,0.31868131868131866,1,260
0.0,0.6931471805599453,16.0,4.5,0.31868131868131866,1,260
0.0,0.6931471805599453,14.0,4.4,0.31868131868131866,1,260
0.0,0.6931471805599453,16.0,4.5,0.31868131868131866,1,260
0.0,0.6931471805599453,14.0,4.4,0.31868131868131866,1,260
0.0,0.6931471805599453,16.0,4.5,0.31868131868131866,1,260
0.0,0.6931471805599453,14.0,3.8,0.31868131868131866,3,260
0.0,0.6931471805599453,14.0,4.8,0.31868131868131866,3,260
0.0,0.6931471805599453,14.0,3.8,0.31868131868131866,3,260
0.0,0.6931471805599453,14.0,4.8,0.31868131868131866,3,260
30.0,1.791759469228055,13.0,2.0,0.31868131868131866,1,260
0.0,1.791759469228055,13.0,2.0,0.31868131868131866,1,260
0.0,1.791759469228055,13.0,2.0,0.31868131868131866,1,260
30.0,0.6931471805599453,13.0,2.0,0.31868131868131866,2,260
0.0,0.6931471805599453,13.0,2.0,0.31868131868131866,2,260
0.0,0.6931471805599453,13.0,2.0,0.31868131868131866,2,260
0.0,1.3862943611198906,14.0,2.0,0.31868131868131866,1,260
0.0,1.0986122886681098,14.0,1.8,0.31868131868131866,2,260
0.0,1.0986122886681098,14.0,1.6,0.31868131868131866,2,260
0.0,1.0986122886681098,14.0,1.6,0.31868131868131866,2,260
0.0,1.791759469228055,13.0,0.7,0.31868131868131866,1,260
0.0,1.3862943611198906,13.0,2.5,0.31868131868131866,3,260
0.0,1.6094379124341003,14.0,1.8,0.31868131868131866,3,260
0.0,0.6931471805599453,15.0,3.3,0.31868131868131866,3,260
0.0,1.3862943611198906,17.0,2.4,0.31868131868131866,1,260
0.0,1.3862943611198906,17.0,2.4,0.31868131868131866,1,260
0.0,1.3862943611198906,17.0,2.4,0.31868131868131866,1,260
0.0,0.6931471805599453,17.0,2.4,0.31868131868131866,2,260
0.0,0.6931471805599453,17.0,2.4,0.31868131868131866,2,260
0.0,0.6931471805599453,17.0,2.4,0.31868131868131866,2,260
0.0,0.6931471805599453,13.0,2.5,0.31868131868131866,3,260
0.0,0.6931471805599453,13.0,3.3,0.31868131868131866,1,260
0.0,0.6931471805599453,13.0,3.3,0.31868131868131866,1,260
30.0,1.0986122886681098,13.0,3.2,0.31868131868131866,1,260
0.0,1.0986122886681098,13.0,2.5,0.31868131868131866,4,260
0.0,1.0986122886681098,14.0,2.4,0.31868131868131866,1,260
0.0,1.0986122886681098,14.0,2.4,0.31868131868131866,1,260
0.0,1.0986122886681098,14.0,2.4,0.31868131868131866,1,260
0.0,0.6931471805599453,15.0,2.0,0.31868131868131866,3,260
20.0,1.3862943611198906,15.0,1.4,0.9851851851851852,1,261
20.0,1.3862943611198906,15.0,1.4,0.9851851851851852,1,261
15.0,1.3862943611198906,15.0,1.4,0.9851851851851852,1,261
20.0,0.6931471805599453,15.0,1.4,0.9851851851851852,2,261
20.0,0.6931471805599453,15.0,1.4,0.9851851851851852,2,261
15.0,0.6931471805599453,15.0,1.4,0.9851851851851852,2,261
20.0,1.3862943611198906,13.0,2.8,0.9851851851851852,1,261
20.0,1.0986122886681098,13.0,2.1,0.9851851851851852,1,261
20.0,1.0986122886681098,13.0,2.1,0.9851851851851852,1,261
20.0,0.6931471805599453,13.0,2.1,0.9851851851851852,2,261
20.0,0.6931471805599453,13.0,2.1,0.9851851851851852,2,261
100.0,1.3862943611198906,15.0,2.2,0.9851851851851852,3,261
20.0,1.3862943611198906,17.0,1.3,0.9851851851851852,1,261
15.0,1.3862943611198906,17.0,1.3,0.9851851851851852,1,261
10.0,1.6094379124341003,16.0,1.2,0.9851851851851852,3,261
15.0,1.3862943611198906,14.0,1.3,0.9851851851851852,3,261
20.0,1.9459101490553132,16.0,1.5,0.9851851851851852,1,261
15.0,0.6931471805599453,15.0,1.0,0.9851851851851852,1,261
15.0,0.6931471805599453,15.0,1.0,0.9851851851851852,1,261
20.0,0.6931471805599453,15.0,1.0,0.9851851851851852,1,261
15.0,1.0986122886681098,15.0,1.0,0.9851851851851852,2,261
15.0,1.0986122886681098,15.0,1.0,0.9851851851851852,2,261
20.0,1.0986122886681098,15.0,1.0,0.9851851851851852,2,261
15.0,0.6931471805599453,16.0,1.1,0.9851851851851852,1,261
15.0,0.6931471805599453,16.0,1.1,0.9851851851851852,1,261
15.0,1.3862943611198906,16.0,1.1,0.9851851851851852,2,261
15.0,1.3862943611198906,16.0,1.1,0.9851851851851852,2,261
15.0,0.6931471805599453,16.0,1.2,0.9851851851851852,1,261
15.0,0.6931471805599453,16.0,1.2,0.9851851851851852,1,261
15.0,0.6931471805599453,16.0,1.2,0.9851851851851852,2,261
15.0,0.6931471805599453,16.0,1.2,0.9851851851851852,2,261
15.0,0.6931471805599453,16.0,1.4,0.9851851851851852,2,261
0.0,1.0986122886681098,17.0,0.8,0.9851851851851852,3,261
35.0,0.6931471805599453,14.0,0.9,0.9851851851851852,1,261
35.0,0.6931471805599453,14.0,0.9,0.9851851851851852,1,261
35.0,0.6931471805599453,14.0,0.9,0.9851851851851852,2,261
35.0,0.6931471805599453,14.0,0.9,0.9851851851851852,2,261
17.0,0.6931471805599453,14.0,1.2,0.9851851851851852,3,261
90.0,0.6931471805599453,17.0,1.8,0.9851851851851852,3,261
15.0,1.0986122886681098,19.0,1.9,0.9851851851851852,1,261
30.0,1.0986122886681098,14.0,0.8,0.9851851851851852,1,261
30.0,1.0986122886681098,14.0,1.6,0.9851851851851852,1,261
50.0,1.0986122886681098,14.0,0.8,0.9851851851851852,1,261
50.0,1.0986122886681098,14.0,1.6,0.9851851851851852,1,261
30.0,0.6931471805599453,14.0,0.8,0.9851851851851852,2,261
30.0,0.6931471805599453,14.0,1.6,0.9851851851851852,2,261
50.0,0.6931471805599453,14.0,0.8,0.9851851851851852,2,261
50.0,0.6931471805599453,14.0,1.6,0.9851851851851852,2,261
30.0,1.0986122886681098,14.0,0.8,0.9851851851851852,1,261
30.0,1.0986122886681098,14.0,1.7,0.9851851851851852,1,261
25.0,1.0986122886681098,14.0,0.8,0.9851851851851852,1,261
25.0,1.0986122886681098,14.0,1.7,0.9851851851851852,1,261
25.0,1.0986122886681098,14.0,0.8,0.9851851851851852,1,261
25.0,1.0986122886681098,14.0,1.7,0.9851851851851852,1,261
50.0,1.3862943611198906,14.0,0.9,0.9851851851851852,3,261
50.0,1.3862943611198906,14.0,1.6,0.9851851851851852,3,261
35.0,1.3862943611198906,14.0,0.9,0.9851851851851852,3,261
35.0,1.3862943611198906,14.0,1.6,0.9851851851851852,3,261
25.0,1.3862943611198906,14.0,0.9,0.9851851851851852,3,261
25.0,1.3862943611198906,14.0,1.6,0.9851851851851852,3,261
5.0,1.3862943611198906,14.0,0.9,0.9851851851851852,3,261
5.0,1.3862943611198906,14.0,1.6,0.9851851851851852,3,261
25.0,1.0986122886681098,14.0,2.5,0.9851851851851852,1,261
25.0,1.0986122886681098,14.0,1.6,0.9851851851851852,1,261
30.0,1.0986122886681098,14.0,2.5,0.9851851851851852,1,261
30.0,1.0986122886681098,14.0,1.6,0.9851851851851852,1,261
25.0,1.0986122886681098,14.0,2.5,0.9851851851851852,1,261
25.0,1.0986122886681098,14.0,1.6,0.9851851851851852,1,261
25.0,1.0986122886681098,16.0,1.1,0.9851851851851852,1,261
45.0,0.6931471805599453,19.0,1.7,0.9851851851851852,2,261
30.0,0.6931471805599453,14.0,0.8,0.9851851851851852,1,261
30.0,0.6931471805599453,14.0,1.7,0.9851851851851852,1,261
25.0,0.6931471805599453,14.0,0.8,0.9851851851851852,1,261
25.0,0.6931471805599453,14.0,1.7,0.9851851851851852,1,261
25.0,0.6931471805599453,14.0,0.8,0.9851851851851852,1,261
25.0,0.6931471805599453,14.0,1.7,0.9851851851851852,1,261
50.0,0.6931471805599453,14.0,0.9,0.9851851851851852,1,261
50.0,0.6931471805599453,14.0,1.6,0.9851851851851852,1,261
35.0,0.6931471805599453,14.0,0.9,0.9851851851851852,1,261
35.0,0.6931471805599453,14.0,1.6,0.9851851851851852,1,261
25.0,0.6931471805599453,14.0,0.9,0.9851851851851852,1,261
25.0,0.6931471805599453,14.0,1.6,0.9851851851851852,1,261
5.0,0.6931471805599453,14.0,0.9,0.9851851851851852,1,261
5.0,0.6931471805599453,14.0,1.6,0.9851851851851852,1,261
50.0,0.6931471805599453,14.0,0.9,0.9851851851851852,2,261
50.0,0.6931471805599453,14.0,1.6,0.9851851851851852,2,261
35.0,0.6931471805599453,14.0,0.9,0.9851851851851852,2,261
35.0,0.6931471805599453,14.0,1.6,0.9851851851851852,2,261
25.0,0.6931471805599453,14.0,0.9,0.9851851851851852,2,261
25.0,0.6931471805599453,14.0,1.6,0.9851851851851852,2,261
5.0,0.6931471805599453,14.0,0.9,0.9851851851851852,2,261
5.0,0.6931471805599453,14.0,1.6,0.9851851851851852,2,261
25.0,1.3862943611198906,14.0,2.5,0.9851851851851852,1,261
25.0,1.3862943611198906,14.0,1.6,0.9851851851851852,1,261
30.0,1.3862943611198906,14.0,2.5,0.9851851851851852,1,261
30.0,1.3862943611198906,14.0,1.6,0.9851851851851852,1,261
25.0,1.3862943611198906,14.0,2.5,0.9851851851851852,1,261
25.0,1.3862943611198906,14.0,1.6,0.9851851851851852,1,261
25.0,1.0986122886681098,14.0,2.5,0.9851851851851852,2,261
25.0,1.0986122886681098,14.0,1.6,0.9851851851851852,2,261
30.0,1.0986122886681098,14.0,2.5,0.9851851851851852,2,261
30.0,1.0986122886681098,14.0,1.6,0.9851851851851852,2,261
25.0,1.0986122886681098,14.0,2.5,0.9851851851851852,2,261
25.0,1.0986122886681098,14.0,1.6,0.9851851851851852,2,261
10.0,1.6094379124341003,15.0,1.5,0.9851851851851852,1,261
5.0,1.6094379124341003,15.0,1.5,0.9851851851851852,1,261
20.0,1.6094379124341003,15.0,1.5,0.9851851851851852,1,261
10.0,1.0986122886681098,15.0,1.5,0.9851851851851852,2,261
5.0,1.0986122886681098,15.0,1.5,0.9851851851851852,2,261
20.0,1.0986122886681098,15.0,1.5,0.9851851851851852,2,261
5.0,1.3862943611198906,14.0,2.0,0.9851851851851852,3,261
15.0,1.0986122886681098,14.0,2.2,0.9851851851851852,3,261
50.0,0.6931471805599453,15.0,2.6,0.9851851851851852,1,261
70.0,0.6931471805599453,15.0,2.6,0.9851851851851852,1,261
50.0,0.6931471805599453,15.0,2.6,0.9851851851851852,1,261
50.0,0.6931471805599453,14.0,2.6,0.9851851851851852,1,261
50.0,0.6931471805599453,13.0,3.3,0.9851851851851852,1,261
60.0,0.6931471805599453,14.0,2.6,0.9851851851851852,1,261
60.0,0.6931471805599453,13.0,3.3,0.9851851851851852,1,261
60.0,0.6931471805599453,14.0,2.6,0.9851851851851852,1,261
60.0,0.6931471805599453,13.0,3.3,0.9851851851851852,1,261
60.0,2.772588722239781,16.0,1.1,0.9851851851851852,1,261
60.0,2.772588722239781,13.0,3.4,0.9851851851851852,1,261
80.0,2.772588722239781,16.0,1.1,0.9851851851851852,1,261
80.0,2.772588722239781,13.0,3.4,0.9851851851851852,1,261
70.0,2.772588722239781,16.0,1.1,0.9851851851851852,1,261
70.0,2.772588722239781,13.0,3.4,0.9851851851851852,1,261
60.0,1.3862943611198906,14.0,2.1,0.9851851851851852,3,261
50.0,0.6931471805599453,14.0,2.2,0.9851851851851852,3,261
60.0,0.6931471805599453,13.0,3.4,0.9851851851851852,3,261
50.0,1.3862943611198906,13.0,4.0,0.9851851851851852,1,261
60.0,0.6931471805599453,13.0,3.0,0.9851851851851852,3,261
50.0,2.70805020110221,13.0,3.4,0.9851851851851852,1,261
50.0,2.70805020110221,14.0,1.8,0.9851851851851852,1,261
50.0,1.0986122886681098,13.0,3.4,0.9851851851851852,4,261
50.0,1.0986122886681098,16.0,2.4,0.9851851851851852,4,261
70.0,1.3862943611198906,12.0,2.9,0.9851851851851852,3,261
60.0,1.0986122886681098,13.0,3.0,0.9851851851851852,1,261
50.0,1.6094379124341003,15.0,2.6,0.9851851851851852,1,261
70.0,1.6094379124341003,15.0,2.6,0.9851851851851852,1,261
50.0,1.6094379124341003,15.0,2.6,0.9851851851851852,1,261
60.0,1.0986122886681098,16.0,1.1,0.9851851851851852,3,261
60.0,1.0986122886681098,13.0,3.4,0.9851851851851852,3,261
80.0,1.0986122886681098,16.0,1.1,0.9851851851851852,3,261
80.0,1.0986122886681098,13.0,3.4,0.9851851851851852,3,261
70.0,1.0986122886681098,16.0,1.1,0.9851851851851852,3,261
70.0,1.0986122886681098,13.0,3.4,0.9851851851851852,3,261
20.0,0.6931471805599453,14.0,1.4,0.9851851851851852,1,261
100.0,0.6931471805599453,14.0,1.4,0.9851851851851852,1,261
10.0,0.6931471805599453,14.0,1.5,0.9851851851851852,1,261
30.0,0.6931471805599453,14.0,1.5,0.9851851851851852,1,261
10.0,0.6931471805599453,14.0,1.5,0.9851851851851852,2,261
30.0,0.6931471805599453,14.0,1.5,0.9851851851851852,2,261
25.0,0.6931471805599453,14.0,1.5,0.9851851851851852,1,261
20.0,0.6931471805599453,14.0,1.5,0.9851851851851852,1,261
25.0,0.6931471805599453,14.0,1.5,0.9851851851851852,2,261
20.0,0.6931471805599453,14.0,1.5,0.9851851851851852,2,261
20.0,1.0986122886681098,14.0,1.6,0.9851851851851852,3,261
20.0,0.6931471805599453,14.0,1.6,0.9851851851851852,1,261
20.0,0.6931471805599453,14.0,1.6,0.9851851851851852,1,261
20.0,0.6931471805599453,14.0,1.6,0.9851851851851852,2,261
20.0,0.6931471805599453,14.0,1.6,0.9851851851851852,2,261
20.0,1.0986122886681098,14.0,2.1,0.9851851851851852,1,261
60.0,1.0986122886681098,14.0,2.1,0.9851851851851852,1,261
35.0,1.0986122886681098,14.0,2.1,0.9851851851851852,1,261
25.0,0.6931471805599453,14.0,2.2,0.9851851851851852,3,261
25.0,1.0986122886681098,14.0,2.5,0.9851851851851852,3,261
18.0,1.6094379124341003,14.0,2.4,0.9851851851851852,1,261
20.0,0.6931471805599453,15.0,1.4,0.9851851851851852,1,261
20.0,0.6931471805599453,15.0,1.4,0.9851851851851852,1,261
20.0,0.6931471805599453,15.0,1.4,0.9851851851851852,2,261
20.0,0.6931471805599453,15.0,1.4,0.9851851851851852,2,261
30.0,0.6931471805599453,15.0,1.4,0.9851851851851852,1,261
20.0,0.6931471805599453,15.0,1.4,0.9851851851851852,1,261
25.0,0.6931471805599453,15.0,1.4,0.9851851851851852,1,261
30.0,0.6931471805599453,15.0,1.4,0.9851851851851852,2,261
20.0,0.6931471805599453,15.0,1.4,0.9851851851851852,2,261
25.0,0.6931471805599453,15.0,1.4,0.9851851851851852,2,261
15.0,1.3862943611198906,15.0,1.5,0.9851851851851852,3,261
20.0,1.6094379124341003,15.0,0.9,0.9851851851851852,1,261
30.0,1.6094379124341003,15.0,0.9,0.9851851851851852,1,261
20.0,0.6931471805599453,15.0,0.9,0.9851851851851852,2,261
30.0,0.6931471805599453,15.0,0.9,0.9851851851851852,2,261
25.0,0.6931471805599453,13.0,2.3,0.9851851851851852,1,261
25.0,0.6931471805599453,13.0,2.3,0.9851851851851852,1,261
15.0,0.6931471805599453,13.0,2.3,0.9851851851851852,1,261
25.0,0.6931471805599453,13.0,2.3,0.9851851851851852,2,261
25.0,0.6931471805599453,13.0,2.3,0.9851851851851852,2,261
15.0,0.6931471805599453,13.0,2.3,0.9851851851851852,2,261
20.0,1.3862943611198906,13.0,2.4,0.9851851851851852,1,261
15.0,1.3862943611198906,13.0,2.4,0.9851851851851852,1,261
20.0,0.6931471805599453,13.0,2.4,0.9851851851851852,2,261
15.0,0.6931471805599453,13.0,2.4,0.9851851851851852,2,261
20.0,1.0986122886681098,13.0,2.7,0.9851851851851852,1,261
15.0,1.0986122886681098,13.0,2.7,0.9851851851851852,1,261
20.0,0.6931471805599453,13.0,2.7,0.9851851851851852,2,261
15.0,0.6931471805599453,13.0,2.7,0.9851851851851852,2,261
25.0,0.6931471805599453,15.0,1.6,0.9851851851851852,1,261
25.0,0.6931471805599453,15.0,1.6,0.9851851851851852,1,261
25.0,0.6931471805599453,15.0,1.6,0.9851851851851852,1,261
20.0,0.6931471805599453,15.0,1.6,0.9851851851851852,1,261
20.0,0.6931471805599453,14.0,1.7,0.9851851851851852,1,261
25.0,0.6931471805599453,14.0,1.7,0.9851851851851852,1,261
20.0,0.6931471805599453,14.0,1.7,0.9851851851851852,2,261
25.0,0.6931471805599453,14.0,1.7,0.9851851851851852,2,261
0.0,1.0986122886681098,15.0,2.8,0.09090909090909091,2,262
0.0,1.0986122886681098,13.0,2.4,0.09090909090909091,2,262
0.0,1.0986122886681098,15.0,2.8,0.09090909090909091,2,262
0.0,1.0986122886681098,13.0,2.4,0.09090909090909091,2,262
25.0,1.0986122886681098,14.0,3.6,0.09090909090909091,2,262
25.0,1.0986122886681098,21.0,2.7,0.09090909090909091,2,262
0.0,1.0986122886681098,14.0,3.6,0.09090909090909091,2,262
0.0,1.0986122886681098,21.0,2.7,0.09090909090909091,2,262
0.0,1.0986122886681098,14.0,3.6,0.09090909090909091,2,262
0.0,1.0986122886681098,21.0,2.7,0.09090909090909091,2,262
50.0,0.6931471805599453,22.0,1.9,0.09090909090909091,1,262
0.0,1.6094379124341003,28.0,2.0,0.09090909090909091,1,262
0.0,0.6931471805599453,21.0,1.3,0.09090909090909091,1,262
0.0,1.0986122886681098,13.0,3.7,0.09090909090909091,2,262
0.0,1.0986122886681098,14.0,3.6,0.09090909090909091,2,262
0.0,1.0986122886681098,14.0,3.3,0.09090909090909091,2,262
0.0,1.0986122886681098,14.0,3.6,0.09090909090909091,2,262
0.0,1.0986122886681098,14.0,3.3,0.09090909090909091,2,262
0.0,1.6094379124341003,15.0,0.6,0.09090909090909091,1,262
20.0,0.6931471805599453,24.0,2.7,0.09090909090909091,2,262
20.0,0.6931471805599453,14.0,3.1,0.09090909090909091,2,262
0.0,0.6931471805599453,24.0,2.7,0.09090909090909091,2,262
0.0,0.6931471805599453,14.0,3.1,0.09090909090909091,2,262
0.0,0.6931471805599453,14.0,3.0,0.09090909090909091,1,262
50.0,0.6931471805599453,13.0,2.8,0.35185185185185186,1,263
20.0,0.6931471805599453,14.0,3.2,0.35185185185185186,1,263
30.0,1.3862943611198906,14.0,1.3,0.35185185185185186,1,263
10.0,1.0986122886681098,13.0,2.7,0.35185185185185186,1,263
0.0,1.0986122886681098,13.0,2.7,0.35185185185185186,1,263
0.0,1.0986122886681098,13.0,2.7,0.35185185185185186,1,263
20.0,1.6094379124341003,14.0,1.1,0.35185185185185186,1,263
0.0,1.0986122886681098,14.0,1.6,0.35185185185185186,1,263
0.0,1.0986122886681098,14.0,1.6,0.35185185185185186,1,263
30.0,1.0986122886681098,14.0,1.6,0.35185185185185186,1,263
50.0,1.791759469228055,16.0,2.0,0.35185185185185186,1,263
30.0,0.6931471805599453,15.0,1.3,0.35185185185185186,1,263
0.0,0.6931471805599453,15.0,1.3,0.35185185185185186,1,263
20.0,1.0986122886681098,13.0,1.5,0.35185185185185186,1,263
0.0,1.0986122886681098,13.0,1.5,0.35185185185185186,1,263
0.0,1.0986122886681098,13.0,1.5,0.35185185185185186,1,263
50.0,1.3862943611198906,14.0,1.4,0.35185185185185186,2,263
50.0,1.3862943611198906,15.0,1.6,0.35185185185185186,1,263
30.0,1.3862943611198906,16.0,0.8,0.35185185185185186,1,263
0.0,1.3862943611198906,16.0,0.8,0.35185185185185186,1,263
0.0,1.3862943611198906,16.0,0.8,0.35185185185185186,1,263
30.0,1.0986122886681098,16.0,0.9,0.35185185185185186,1,263
0.0,1.0986122886681098,16.0,0.9,0.35185185185185186,1,263
0.0,1.0986122886681098,16.0,0.9,0.35185185185185186,1,263
30.0,0.6931471805599453,14.0,1.1,0.35185185185185186,1,263
30.0,1.6094379124341003,14.0,1.4,0.35185185185185186,1,263
30.0,1.0986122886681098,14.0,2.6,0.2413793103448276,1,264
25.0,1.0986122886681098,14.0,0.7,0.2413793103448276,1,264
40.0,0.6931471805599453,14.0,2.0,0.2413793103448276,1,264
20.0,1.0986122886681098,13.0,2.8,0.2413793103448276,1,264
20.0,1.0986122886681098,13.0,1.7,0.2413793103448276,1,264
80.0,0.6931471805599453,13.0,3.7,0.2413793103448276,1,264
0.0,2.1972245773362196,15.0,2.2,0.0,1,265
0.0,2.1972245773362196,16.0,0.6,0.0,1,265
0.0,2.1972245773362196,15.0,2.2,0.0,1,265
0.0,2.1972245773362196,16.0,0.6,0.0,1,265
0.0,2.0794415416798357,18.0,0.3,0.0,1,265
0.0,1.6094379124341003,15.0,0.7,0.0,1,265
0.0,1.6094379124341003,15.0,1.0,0.0,1,265
0.0,1.6094379124341003,15.0,0.7,0.0,1,265
0.0,1.6094379124341003,15.0,1.0,0.0,1,265
0.0,2.3978952727983707,15.0,2.2,0.0,1,265
0.0,2.3978952727983707,16.0,0.6,0.0,1,265
0.0,2.3978952727983707,15.0,2.2,0.0,1,265
0.0,2.3978952727983707,16.0,0.6,0.0,1,265
0.0,1.9459101490553132,15.0,0.7,0.0,1,265
0.0,1.9459101490553132,15.0,1.0,0.0,1,265
0.0,1.9459101490553132,15.0,0.7,0.0,1,265
0.0,1.9459101490553132,15.0,1.0,0.0,1,265
0.0,2.1972245773362196,15.0,0.8,0.0,1,265
0.0,2.1972245773362196,15.0,1.5,0.0,1,265
0.0,2.1972245773362196,15.0,1.0,0.0,1,265
0.0,2.1972245773362196,15.0,0.8,0.0,1,265
0.0,2.1972245773362196,15.0,1.5,0.0,1,265
0.0,2.1972245773362196,15.0,1.0,0.0,1,265
0.0,2.1972245773362196,15.0,0.8,0.0,1,265
0.0,2.1972245773362196,15.0,1.5,0.0,1,265
0.0,2.1972245773362196,15.0,1.0,0.0,1,265
0.0,1.791759469228055,14.0,1.3,0.0,1,265
0.0,1.791759469228055,16.0,0.4,0.0,1,265
0.0,1.791759469228055,14.0,1.3,0.0,1,265
0.0,1.791759469228055,16.0,0.4,0.0,1,265
0.0,2.0794415416798357,15.0,0.8,0.0,1,265
0.0,2.0794415416798357,15.0,1.5,0.0,1,265
0.0,2.0794415416798357,15.0,1.0,0.0,1,265
0.0,2.0794415416798357,15.0,0.8,0.0,1,265
0.0,2.0794415416798357,15.0,1.5,0.0,1,265
0.0,2.0794415416798357,15.0,1.0,0.0,1,265
0.0,2.0794415416798357,15.0,0.8,0.0,1,265
0.0,2.0794415416798357,15.0,1.5,0.0,1,265
0.0,2.0794415416798357,15.0,1.0,0.0,1,265
0.0,1.791759469228055,14.0,1.3,0.0,1,265
0.0,1.791759469228055,16.0,0.4,0.0,1,265
0.0,1.791759469228055,14.0,1.3,0.0,1,265
0.0,1.791759469228055,16.0,0.4,0.0,1,265
0.0,2.1972245773362196,15.0,0.8,0.0,1,265
0.0,2.1972245773362196,15.0,1.5,0.0,1,265
0.0,2.1972245773362196,15.0,1.0,0.0,1,265
0.0,2.1972245773362196,15.0,0.8,0.0,1,265
0.0,2.1972245773362196,15.0,1.5,0.0,1,265
0.0,2.1972245773362196,15.0,1.0,0.0,1,265
0.0,2.1972245773362196,15.0,0.8,0.0,1,265
0.0,2.1972245773362196,15.0,1.5,0.0,1,265
0.0,2.1972245773362196,15.0,1.0,0.0,1,265
0.0,2.3978952727983707,14.0,1.7,0.0,1,265
0.0,2.1972245773362196,14.0,1.7,0.0,1,265
0.0,2.1972245773362196,15.0,0.5,0.0,1,265
0.0,1.9459101490553132,14.0,1.9,0.0,1,265
0.0,1.9459101490553132,16.0,0.6,0.0,1,265
0.0,1.6094379124341003,18.0,0.3,0.0,1,265
0.0,2.0794415416798357,14.0,1.8,0.0,1,265
0.0,2.0794415416798357,16.0,1.2,0.0,1,265
0.0,1.791759469228055,15.0,1.0,0.0,1,265
0.0,1.791759469228055,14.0,3.5,0.2222222222222222,1,266
0.0,1.791759469228055,14.0,3.3,0.2222222222222222,1,266
0.0,1.791759469228055,14.0,2.1,0.2222222222222222,1,266
10.0,1.791759469228055,14.0,3.5,0.2222222222222222,1,266
10.0,1.791759469228055,14.0,3.3,0.2222222222222222,1,266
10.0,1.791759469228055,14.0,2.1,0.2222222222222222,1,266
0.0,1.791759469228055,14.0,3.5,0.2222222222222222,1,266
0.0,1.791759469228055,14.0,3.3,0.2222222222222222,1,266
0.0,1.791759469228055,14.0,2.1,0.2222222222222222,1,266
0.0,0.6931471805599453,14.0,3.5,0.2222222222222222,1,266
0.0,0.6931471805599453,14.0,3.3,0.2222222222222222,1,266
0.0,0.6931471805599453,14.0,2.1,0.2222222222222222,1,266
10.0,0.6931471805599453,14.0,3.5,0.2222222222222222,1,266
10.0,0.6931471805599453,14.0,3.3,0.2222222222222222,1,266
10.0,0.6931471805599453,14.0,2.1,0.2222222222222222,1,266
0.0,0.6931471805599453,14.0,3.5,0.2222222222222222,1,266
0.0,0.6931471805599453,14.0,3.3,0.2222222222222222,1,266
0.0,0.6931471805599453,14.0,2.1,0.2222222222222222,1,266
0.0,1.6094379124341003,14.0,3.5,0.2222222222222222,1,266
0.0,1.6094379124341003,14.0,3.3,0.2222222222222222,1,266
0.0,1.6094379124341003,14.0,2.1,0.2222222222222222,1,266
10.0,1.6094379124341003,14.0,3.5,0.2222222222222222,1,266
10.0,1.6094379124341003,14.0,3.3,0.2222222222222222,1,266
10.0,1.6094379124341003,14.0,2.1,0.2222222222222222,1,266
0.0,1.6094379124341003,14.0,3.5,0.2222222222222222,1,266
0.0,1.6094379124341003,14.0,3.3,0.2222222222222222,1,266
0.0,1.6094379124341003,14.0,2.1,0.2222222222222222,1,266
0.0,1.791759469228055,14.0,3.1,0.2222222222222222,1,266
10.0,1.9459101490553132,14.0,2.9,0.2222222222222222,1,266
0.0,1.791759469228055,14.0,2.8,0.2222222222222222,1,266
0.0,2.302585092994046,13.0,2.9,0.2222222222222222,1,266
0.0,2.1972245773362196,13.0,2.5,0.2222222222222222,1,266
0.0,2.1972245773362196,13.0,2.2,0.2222222222222222,1,266
0.0,2.1972245773362196,13.0,2.5,0.2222222222222222,1,266
0.0,2.1972245773362196,13.0,2.2,0.2222222222222222,1,266
0.0,1.6094379124341003,13.0,2.5,0.2222222222222222,1,266
0.0,1.6094379124341003,13.0,2.2,0.2222222222222222,1,266
0.0,1.6094379124341003,13.0,2.5,0.2222222222222222,1,266
0.0,1.6094379124341003,13.0,2.2,0.2222222222222222,1,266
50.0,1.0986122886681098,11.0,7.4,0.07407407407407407,2,267
0.0,0.6931471805599453,11.0,9.7,0.07407407407407407,2,267
0.0,0.6931471805599453,12.0,11.0,0.07407407407407407,1,267
0.0,0.6931471805599453,17.0,16.2,0.07407407407407407,1,267
0.0,1.0986122886681098,11.0,12.6,0.07407407407407407,1,267
0.0,1.0986122886681098,11.0,12.6,0.07407407407407407,1,267
50.0,0.6931471805599453,11.0,10.9,0.07407407407407407,2,267
0.0,1.0986122886681098,12.0,10.8,0.07407407407407407,2,267
0.0,1.0986122886681098,12.0,7.3,0.07407407407407407,2,267
0.0,1.3862943611198906,12.0,14.8,0.07407407407407407,2,267
0.0,1.0986122886681098,12.0,6.7,0.1945945945945946,2,268
0.0,1.3862943611198906,11.0,15.6,0.1945945945945946,2,268
0.0,1.791759469228055,13.0,7.6,0.1945945945945946,2,268
0.0,4.394449154672439,13.0,6.9,0.1945945945945946,2,268
0.0,1.0986122886681098,14.0,4.2,0.1945945945945946,2,268
33.0,1.3862943611198906,12.0,9.7,0.1945945945945946,2,268
0.0,1.3862943611198906,13.0,5.1,0.1945945945945946,2,268
0.0,1.3862943611198906,13.0,4.5,0.1945945945945946,2,268
0.0,1.0986122886681098,14.0,1.7,0.39285714285714285,2,269
0.0,1.791759469228055,13.0,3.1,0.39285714285714285,1,269
15.0,3.044522437723423,13.0,5.2,0.39285714285714285,2,269
0.0,3.044522437723423,13.0,5.2,0.39285714285714285,2,269
25.0,0.6931471805599453,13.0,5.3,0.39285714285714285,2,269
5.0,0.6931471805599453,13.0,5.3,0.39285714285714285,2,269
0.0,3.4339872044851463,15.0,6.9,0.21052631578947367,2,270
20.0,3.044522437723423,12.0,11.5,0.21052631578947367,2,270
0.0,3.9318256327243257,13.0,7.2,0.21052631578947367,2,270
30.0,3.4339872044851463,13.0,6.1,0.21052631578947367,2,270
0.0,2.772588722239781,12.0,13.3,0.21052631578947367,1,270
0.0,2.772588722239781,13.0,8.1,0.21052631578947367,1,270
0.0,2.772588722239781,13.0,8.1,0.21052631578947367,1,270
50.0,2.3978952727983707,13.0,9.8,0.21052631578947367,2,270
0.0,3.4339872044851463,12.0,3.9,0.21052631578947367,2,270
0.0,3.4339872044851463,12.0,3.9,0.21052631578947367,2,270
0.0,1.9459101490553132,14.0,1.3,0.0,1,271
0.0,1.9459101490553132,13.0,2.7,0.0,1,271
0.0,2.1972245773362196,14.0,1.5,0.0,1,271
0.0,1.9459101490553132,13.0,2.6,0.0,1,271
0.0,2.0794415416798357,21.0,2.2,0.0,1,271
0.0,2.0794415416798357,14.0,3.1,0.0,1,271
0.0,1.791759469228055,14.0,2.6,0.0,1,271
0.0,1.6094379124341003,18.0,1.4,0.0,1,271
50.0,0.6931471805599453,14.0,9.0,0.2923076923076923,1,272
50.0,0.6931471805599453,14.0,9.0,0.2923076923076923,2,272
0.0,0.6931471805599453,14.0,9.0,0.2923076923076923,2,272
50.0,0.6931471805599453,12.0,9.2,0.2923076923076923,2,272
50.0,1.791759469228055,12.0,9.5,0.2923076923076923,2,272
0.0,1.791759469228055,12.0,9.5,0.2923076923076923,2,272
50.0,0.6931471805599453,14.0,7.8,0.2923076923076923,2,272
0.0,0.6931471805599453,14.0,7.8,0.2923076923076923,2,272
50.0,1.0986122886681098,13.0,7.0,0.2923076923076923,1,272
0.0,1.0986122886681098,13.0,7.0,0.2923076923076923,1,272
50.0,1.6094379124341003,13.0,11.1,0.2923076923076923,1,272
0.0,1.6094379124341003,13.0,11.1,0.2923076923076923,1,272
0.0,1.3862943611198906,12.0,12.7,0.2923076923076923,2,272
0.0,1.3862943611198906,12.0,12.7,0.2923076923076923,2,272
0.0,1.0986122886681098,12.0,7.5,0.2923076923076923,1,272
0.0,1.0986122886681098,12.0,7.5,0.2923076923076923,1,272
0.0,1.0986122886681098,12.0,7.5,0.2923076923076923,1,272
0.0,0.6931471805599453,12.0,7.5,0.2923076923076923,2,272
0.0,0.6931471805599453,12.0,7.5,0.2923076923076923,2,272
0.0,0.6931471805599453,12.0,7.5,0.2923076923076923,2,272
0.0,1.3862943611198906,16.0,8.8,0.2923076923076923,2,272
0.0,1.3862943611198906,16.0,8.8,0.2923076923076923,2,272
0.0,4.836281906951478,15.0,5.8,0.2923076923076923,1,272
0.0,4.836281906951478,14.0,4.5,0.2923076923076923,1,272
0.0,4.836281906951478,15.0,5.8,0.2923076923076923,1,272
0.0,4.836281906951478,14.0,4.5,0.2923076923076923,1,272
0.0,4.836281906951478,15.0,5.8,0.2923076923076923,1,272
0.0,4.836281906951478,14.0,4.5,0.2923076923076923,1,272
30.0,4.836281906951478,15.0,5.8,0.2923076923076923,1,272
30.0,4.836281906951478,14.0,4.5,0.2923076923076923,1,272
0.0,0.6931471805599453,15.0,5.8,0.2923076923076923,2,272
0.0,0.6931471805599453,14.0,4.5,0.2923076923076923,2,272
0.0,0.6931471805599453,15.0,5.8,0.2923076923076923,2,272
0.0,0.6931471805599453,14.0,4.5,0.2923076923076923,2,272
0.0,0.6931471805599453,15.0,5.8,0.2923076923076923,2,272
0.0,0.6931471805599453,14.0,4.5,0.2923076923076923,2,272
30.0,0.6931471805599453,15.0,5.8,0.2923076923076923,2,272
30.0,0.6931471805599453,14.0,4.5,0.2923076923076923,2,272
0.0,4.330733340286331,19.0,6.5,0.2923076923076923,1,272
0.0,4.330733340286331,12.0,4.2,0.2923076923076923,1,272
0.0,4.330733340286331,19.0,6.5,0.2923076923076923,1,272
0.0,4.330733340286331,12.0,4.2,0.2923076923076923,1,272
0.0,4.330733340286331,19.0,6.5,0.2923076923076923,1,272
0.0,4.330733340286331,12.0,4.2,0.2923076923076923,1,272
30.0,4.330733340286331,19.0,6.5,0.2923076923076923,1,272
30.0,4.330733340286331,12.0,4.2,0.2923076923076923,1,272
30.0,4.330733340286331,19.0,6.5,0.2923076923076923,1,272
30.0,4.330733340286331,12.0,4.2,0.2923076923076923,1,272
0.0,0.6931471805599453,19.0,6.5,0.2923076923076923,2,272
0.0,0.6931471805599453,12.0,4.2,0.2923076923076923,2,272
0.0,0.6931471805599453,19.0,6.5,0.2923076923076923,2,272
0.0,0.6931471805599453,12.0,4.2,0.2923076923076923,2,272
0.0,0.6931471805599453,19.0,6.5,0.2923076923076923,2,272
0.0,0.6931471805599453,12.0,4.2,0.2923076923076923,2,272
30.0,0.6931471805599453,19.0,6.5,0.2923076923076923,2,272
30.0,0.6931471805599453,12.0,4.2,0.2923076923076923,2,272
30.0,0.6931471805599453,19.0,6.5,0.2923076923076923,2,272
30.0,0.6931471805599453,12.0,4.2,0.2923076923076923,2,272
0.0,1.0986122886681098,13.0,4.5,0.2923076923076923,2,272
0.0,1.0986122886681098,19.0,6.5,0.2923076923076923,2,272
0.0,1.0986122886681098,12.0,4.2,0.2923076923076923,2,272
0.0,1.0986122886681098,19.0,6.5,0.2923076923076923,2,272
0.0,1.0986122886681098,12.0,4.2,0.2923076923076923,2,272
0.0,1.0986122886681098,19.0,6.5,0.2923076923076923,2,272
0.0,1.0986122886681098,12.0,4.2,0.2923076923076923,2,272
30.0,1.0986122886681098,19.0,6.5,0.2923076923076923,2,272
30.0,1.0986122886681098,12.0,4.2,0.2923076923076923,2,272
30.0,1.0986122886681098,19.0,6.5,0.2923076923076923,2,272
30.0,1.0986122886681098,12.0,4.2,0.2923076923076923,2,272
0.0,0.6931471805599453,15.0,4.5,0.2923076923076923,2,272
0.0,0.6931471805599453,15.0,4.5,0.2923076923076923,2,272
0.0,1.3862943611198906,12.0,6.5,0.2923076923076923,2,272
0.0,1.3862943611198906,12.0,6.5,0.2923076923076923,2,272
0.0,3.258096538021482,13.0,6.4,0.2923076923076923,1,272
0.0,3.258096538021482,13.0,6.4,0.2923076923076923,1,272
0.0,3.258096538021482,13.0,6.4,0.2923076923076923,1,272
0.0,5.303304908059076,13.0,6.4,0.2923076923076923,2,272
0.0,5.303304908059076,13.0,6.4,0.2923076923076923,2,272
0.0,4.330733340286331,14.0,6.0,0.2923076923076923,1,272
0.0,4.330733340286331,14.0,6.0,0.2923076923076923,1,272
0.0,3.044522437723423,13.0,6.4,0.2923076923076923,2,272
0.0,3.044522437723423,13.0,6.4,0.2923076923076923,2,272
0.0,5.860786223465865,16.0,6.9,0.2923076923076923,1,272
0.0,5.860786223465865,16.0,6.9,0.2923076923076923,1,272
0.0,4.61512051684126,15.0,6.2,0.2923076923076923,2,272
0.0,4.61512051684126,15.0,6.2,0.2923076923076923,2,272
80.0,1.3862943611198906,12.0,3.5,0.2923076923076923,2,272
0.0,1.3862943611198906,12.0,3.5,0.2923076923076923,2,272
30.0,0.6931471805599453,13.0,6.6,0.2923076923076923,2,272
0.0,0.6931471805599453,13.0,6.6,0.2923076923076923,2,272
90.0,1.0986122886681098,12.0,6.7,0.2923076923076923,2,272
0.0,1.0986122886681098,12.0,6.7,0.2923076923076923,2,272
10.0,1.0986122886681098,12.0,2.9,0.2923076923076923,1,272
80.0,1.0986122886681098,12.0,2.9,0.2923076923076923,1,272
0.0,1.0986122886681098,12.0,2.9,0.2923076923076923,1,272
10.0,1.3862943611198906,12.0,2.9,0.2923076923076923,2,272
80.0,1.3862943611198906,12.0,2.9,0.2923076923076923,2,272
0.0,1.3862943611198906,12.0,2.9,0.2923076923076923,2,272
0.0,0.6931471805599453,15.0,5.2,0.2923076923076923,1,272
70.0,0.6931471805599453,15.0,5.2,0.2923076923076923,1,272
90.0,0.6931471805599453,15.0,5.2,0.2923076923076923,1,272
0.0,1.3862943611198906,15.0,5.2,0.2923076923076923,2,272
70.0,1.3862943611198906,15.0,5.2,0.2923076923076923,2,272
90.0,1.3862943611198906,15.0,5.2,0.2923076923076923,2,272
40.0,3.4339872044851463,11.0,9.3,0.2923076923076923,1,272
50.0,3.4339872044851463,11.0,9.3,0.2923076923076923,1,272
0.0,3.4339872044851463,11.0,9.3,0.2923076923076923,1,272
40.0,0.6931471805599453,11.0,9.3,0.2923076923076923,2,272
50.0,0.6931471805599453,11.0,9.3,0.2923076923076923,2,272
0.0,0.6931471805599453,11.0,9.3,0.2923076923076923,2,272
70.0,0.6931471805599453,12.0,8.6,0.2923076923076923,2,272
90.0,0.6931471805599453,12.0,8.6,0.2923076923076923,2,272
0.0,1.6094379124341003,12.0,10.3,0.2923076923076923,1,272
70.0,1.6094379124341003,12.0,10.3,0.2923076923076923,1,272
90.0,1.6094379124341003,12.0,10.3,0.2923076923076923,1,272
0.0,1.6094379124341003,12.0,10.3,0.2923076923076923,2,272
70.0,1.6094379124341003,12.0,10.3,0.2923076923076923,2,272
90.0,1.6094379124341003,12.0,10.3,0.2923076923076923,2,272
0.0,1.3862943611198906,12.0,5.6,0.2923076923076923,2,272
0.0,1.3862943611198906,12.0,5.6,0.2923076923076923,2,272
0.0,1.0986122886681098,18.0,9.3,0.2923076923076923,2,272
0.0,1.0986122886681098,18.0,9.3,0.2923076923076923,2,272
0.0,1.0986122886681098,18.0,9.1,0.2923076923076923,1,272
0.0,1.0986122886681098,18.0,9.1,0.2923076923076923,1,272
30.0,1.9459101490553132,12.0,8.2,0.2923076923076923,1,272
0.0,1.9459101490553132,12.0,8.2,0.2923076923076923,1,272
0.0,1.6094379124341003,12.0,8.7,0.2923076923076923,1,272
0.0,1.6094379124341003,12.0,8.7,0.2923076923076923,1,272
50.0,0.6931471805599453,13.0,7.8,0.2923076923076923,1,272
0.0,0.6931471805599453,13.0,7.8,0.2923076923076923,1,272
50.0,1.0986122886681098,12.0,7.9,0.2923076923076923,1,272
0.0,1.0986122886681098,12.0,7.9,0.2923076923076923,1,272
70.0,1.0986122886681098,12.0,7.0,0.2923076923076923,1,272
0.0,1.0986122886681098,12.0,7.0,0.2923076923076923,1,272
0.0,1.6094379124341003,13.0,7.1,0.2923076923076923,1,272
0.0,1.6094379124341003,13.0,7.1,0.2923076923076923,1,272
50.0,1.3862943611198906,13.0,4.5,0.2923076923076923,2,272
50.0,0.6931471805599453,13.0,5.6,0.2923076923076923,1,272
50.0,0.6931471805599453,13.0,5.6,0.2923076923076923,1,272
0.0,0.6931471805599453,13.0,5.6,0.2923076923076923,1,272
50.0,0.6931471805599453,13.0,5.6,0.2923076923076923,2,272
50.0,0.6931471805599453,13.0,5.6,0.2923076923076923,2,272
0.0,0.6931471805599453,13.0,5.6,0.2923076923076923,2,272
0.0,1.0986122886681098,14.0,7.3,0.2923076923076923,1,272
0.0,2.70805020110221,13.0,7.9,0.2923076923076923,1,272
50.0,2.70805020110221,13.0,7.9,0.2923076923076923,1,272
0.0,2.70805020110221,13.0,7.9,0.2923076923076923,1,272
0.0,1.0986122886681098,13.0,7.9,0.2923076923076923,2,272
50.0,1.0986122886681098,13.0,7.9,0.2923076923076923,2,272
0.0,1.0986122886681098,13.0,7.9,0.2923076923076923,2,272
50.0,1.0986122886681098,12.0,6.1,0.8189655172413793,1,273
50.0,1.0986122886681098,12.0,6.1,0.8189655172413793,1,273
30.0,1.0986122886681098,12.0,6.1,0.8189655172413793,1,273
50.0,0.6931471805599453,12.0,6.1,0.8189655172413793,2,273
50.0,0.6931471805599453,12.0,6.1,0.8189655172413793,2,273
30.0,0.6931471805599453,12.0,6.1,0.8189655172413793,2,273
50.0,0.4054651081081644,14.0,4.6,0.8189655172413793,1,273
50.0,0.4054651081081644,14.0,4.6,0.8189655172413793,1,273
30.0,0.4054651081081644,14.0,4.6,0.8189655172413793,1,273
50.0,1.0986122886681098,14.0,4.6,0.8189655172413793,2,273
50.0,1.0986122886681098,14.0,4.6,0.8189655172413793,2,273
30.0,1.0986122886681098,14.0,4.6,0.8189655172413793,2,273
50.0,1.0986122886681098,12.0,5.6,0.8189655172413793,1,273
50.0,1.0986122886681098,12.0,5.6,0.8189655172413793,1,273
30.0,1.0986122886681098,12.0,5.6,0.8189655172413793,1,273
50.0,0.4054651081081644,12.0,5.6,0.8189655172413793,2,273
50.0,0.4054651081081644,12.0,5.6,0.8189655172413793,2,273
30.0,0.4054651081081644,12.0,5.6,0.8189655172413793,2,273
0.0,1.3862943611198906,12.0,6.8,0.8189655172413793,1,273
0.0,1.3862943611198906,12.0,6.8,0.8189655172413793,1,273
40.0,1.3862943611198906,14.0,5.5,0.8189655172413793,2,273
20.0,1.3862943611198906,14.0,5.5,0.8189655172413793,2,273
30.0,1.9459101490553132,12.0,8.6,0.8189655172413793,1,273
40.0,1.9459101490553132,12.0,8.6,0.8189655172413793,1,273
30.0,0.6931471805599453,12.0,6.7,0.8189655172413793,1,273
0.0,0.6931471805599453,12.0,6.7,0.8189655172413793,1,273
20.0,0.6931471805599453,12.0,6.7,0.8189655172413793,1,273
30.0,1.6094379124341003,14.0,7.9,0.8189655172413793,1,273
40.0,1.6094379124341003,14.0,7.9,0.8189655172413793,1,273
20.0,1.6094379124341003,14.0,7.9,0.8189655172413793,1,273
30.0,0.6931471805599453,14.0,7.9,0.8189655172413793,2,273
40.0,0.6931471805599453,14.0,7.9,0.8189655172413793,2,273
20.0,0.6931471805599453,14.0,7.9,0.8189655172413793,2,273
30.0,1.0986122886681098,12.0,6.7,0.8189655172413793,1,273
20.0,1.0986122886681098,12.0,6.7,0.8189655172413793,1,273
30.0,0.6931471805599453,12.0,7.0,0.8189655172413793,1,273
45.0,0.6931471805599453,12.0,7.0,0.8189655172413793,1,273
20.0,0.6931471805599453,12.0,7.0,0.8189655172413793,1,273
30.0,3.091042453358316,12.0,7.0,0.8189655172413793,2,273
45.0,3.091042453358316,12.0,7.0,0.8189655172413793,2,273
20.0,3.091042453358316,12.0,7.0,0.8189655172413793,2,273
30.0,0.4054651081081644,12.0,10.8,0.8189655172413793,1,273
45.0,0.4054651081081644,12.0,10.8,0.8189655172413793,1,273
20.0,0.4054651081081644,12.0,10.8,0.8189655172413793,1,273
30.0,3.1354942159291497,12.0,10.8,0.8189655172413793,2,273
45.0,3.1354942159291497,12.0,10.8,0.8189655172413793,2,273
20.0,3.1354942159291497,12.0,10.8,0.8189655172413793,2,273
30.0,0.6931471805599453,13.0,5.2,0.8189655172413793,1,273
0.0,0.6931471805599453,13.0,5.2,0.8189655172413793,1,273
30.0,0.4054651081081644,13.0,4.2,0.8189655172413793,1,273
45.0,0.4054651081081644,13.0,4.2,0.8189655172413793,1,273
20.0,0.4054651081081644,13.0,4.2,0.8189655172413793,1,273
30.0,2.302585092994046,13.0,4.2,0.8189655172413793,2,273
45.0,2.302585092994046,13.0,4.2,0.8189655172413793,2,273
20.0,2.302585092994046,13.0,4.2,0.8189655172413793,2,273
30.0,1.0986122886681098,13.0,3.4,0.8189655172413793,1,273
20.0,1.0986122886681098,13.0,3.4,0.8189655172413793,1,273
20.0,0.6931471805599453,12.0,4.4,0.8189655172413793,1,273
40.0,0.6931471805599453,12.0,4.4,0.8189655172413793,1,273
30.0,0.6931471805599453,12.0,4.4,0.8189655172413793,1,273
20.0,1.3862943611198906,12.0,4.4,0.8189655172413793,2,273
40.0,1.3862943611198906,12.0,4.4,0.8189655172413793,2,273
30.0,1.3862943611198906,12.0,4.4,0.8189655172413793,2,273
20.0,0.22314355131420976,12.0,4.3,0.8189655172413793,1,273
30.0,0.22314355131420976,12.0,4.3,0.8189655172413793,1,273
30.0,0.6931471805599453,12.0,6.0,0.8189655172413793,1,273
40.0,0.6931471805599453,12.0,6.0,0.8189655172413793,1,273
25.0,0.6931471805599453,12.0,6.0,0.8189655172413793,1,273
30.0,0.4054651081081644,12.0,6.0,0.8189655172413793,2,273
40.0,0.4054651081081644,12.0,6.0,0.8189655172413793,2,273
25.0,0.4054651081081644,12.0,6.0,0.8189655172413793,2,273
30.0,0.4054651081081644,13.0,2.3,0.8189655172413793,1,273
40.0,0.4054651081081644,13.0,2.3,0.8189655172413793,1,273
25.0,0.4054651081081644,13.0,2.3,0.8189655172413793,1,273
30.0,1.0986122886681098,13.0,2.3,0.8189655172413793,2,273
40.0,1.0986122886681098,13.0,2.3,0.8189655172413793,2,273
25.0,1.0986122886681098,13.0,2.3,0.8189655172413793,2,273
40.0,0.6931471805599453,14.0,5.8,0.8189655172413793,2,273
35.0,0.6931471805599453,14.0,5.8,0.8189655172413793,2,273
25.0,0.6931471805599453,14.0,5.8,0.8189655172413793,2,273
10.0,1.6094379124341003,12.0,5.5,0.8189655172413793,4,273
30.0,1.0986122886681098,13.0,8.7,0.8189655172413793,1,273
0.0,1.0986122886681098,13.0,8.7,0.8189655172413793,1,273
30.0,0.6931471805599453,13.0,8.1,0.8189655172413793,1,273
40.0,0.6931471805599453,13.0,8.1,0.8189655172413793,1,273
0.0,0.6931471805599453,13.0,8.1,0.8189655172413793,1,273
30.0,1.0986122886681098,13.0,8.1,0.8189655172413793,2,273
40.0,1.0986122886681098,13.0,8.1,0.8189655172413793,2,273
0.0,1.0986122886681098,13.0,8.1,0.8189655172413793,2,273
30.0,1.0986122886681098,13.0,8.0,0.8189655172413793,1,273
40.0,1.0986122886681098,13.0,8.0,0.8189655172413793,1,273
0.0,1.0986122886681098,13.0,8.0,0.8189655172413793,1,273
30.0,0.6931471805599453,13.0,8.0,0.8189655172413793,2,273
40.0,0.6931471805599453,13.0,8.0,0.8189655172413793,2,273
0.0,0.6931471805599453,13.0,8.0,0.8189655172413793,2,273
30.0,0.6931471805599453,14.0,6.5,0.8189655172413793,1,273
40.0,0.6931471805599453,14.0,6.5,0.8189655172413793,1,273
0.0,0.6931471805599453,14.0,6.5,0.8189655172413793,1,273
30.0,1.6094379124341003,14.0,6.5,0.8189655172413793,2,273
40.0,1.6094379124341003,14.0,6.5,0.8189655172413793,2,273
0.0,1.6094379124341003,14.0,6.5,0.8189655172413793,2,273
50.0,2.1972245773362196,13.0,7.3,0.8189655172413793,0,273
0.0,2.1972245773362196,13.0,7.3,0.8189655172413793,0,273
40.0,0.4054651081081644,13.0,6.6,0.8189655172413793,1,273
30.0,0.4054651081081644,13.0,6.6,0.8189655172413793,1,273
40.0,1.3862943611198906,13.0,6.6,0.8189655172413793,4,273
30.0,1.3862943611198906,13.0,6.6,0.8189655172413793,4,273
40.0,1.0986122886681098,13.0,3.8,0.8189655172413793,1,273
50.0,1.0986122886681098,13.0,3.8,0.8189655172413793,1,273
0.0,1.0986122886681098,13.0,3.8,0.8189655172413793,1,273
40.0,1.0986122886681098,13.0,3.8,0.8189655172413793,2,273
50.0,1.0986122886681098,13.0,3.8,0.8189655172413793,2,273
0.0,1.0986122886681098,13.0,3.8,0.8189655172413793,2,273
20.0,1.3862943611198906,13.0,5.6,0.8189655172413793,1,273
40.0,1.3862943611198906,13.0,5.6,0.8189655172413793,1,273
25.0,1.3862943611198906,13.0,5.6,0.8189655172413793,1,273
20.0,1.0986122886681098,13.0,5.6,0.8189655172413793,2,273
40.0,1.0986122886681098,13.0,5.6,0.8189655172413793,2,273
25.0,1.0986122886681098,13.0,5.6,0.8189655172413793,2,273
20.0,1.0986122886681098,13.0,7.0,0.8189655172413793,1,273
40.0,1.0986122886681098,13.0,7.0,0.8189655172413793,1,273
25.0,1.0986122886681098,13.0,7.0,0.8189655172413793,1,273
20.0,2.1972245773362196,13.0,7.0,0.8189655172413793,2,273
40.0,2.1972245773362196,13.0,7.0,0.8189655172413793,2,273
25.0,2.1972245773362196,13.0,7.0,0.8189655172413793,2,273
20.0,1.0986122886681098,13.0,8.1,0.8189655172413793,1,273
40.0,1.0986122886681098,13.0,8.1,0.8189655172413793,1,273
25.0,1.0986122886681098,13.0,8.1,0.8189655172413793,1,273
20.0,1.0986122886681098,13.0,8.1,0.8189655172413793,2,273
40.0,1.0986122886681098,13.0,8.1,0.8189655172413793,2,273
25.0,1.0986122886681098,13.0,8.1,0.8189655172413793,2,273
30.0,0.6931471805599453,12.0,8.6,0.8189655172413793,1,273
40.0,0.6931471805599453,12.0,8.6,0.8189655172413793,1,273
40.0,0.6931471805599453,12.0,8.6,0.8189655172413793,1,273
30.0,1.6094379124341003,12.0,8.6,0.8189655172413793,2,273
40.0,1.6094379124341003,12.0,8.6,0.8189655172413793,2,273
40.0,1.6094379124341003,12.0,8.6,0.8189655172413793,2,273
50.0,0.6931471805599453,12.0,5.9,0.8189655172413793,0,273
40.0,1.791759469228055,12.0,3.9,0.8189655172413793,4,273
25.0,1.9459101490553132,15.0,5.0,0.8189655172413793,2,273
30.0,0.6931471805599453,15.0,6.6,0.8189655172413793,1,273
25.0,0.6931471805599453,15.0,6.6,0.8189655172413793,1,273
40.0,0.6931471805599453,15.0,6.6,0.8189655172413793,1,273
30.0,1.0986122886681098,15.0,6.6,0.8189655172413793,2,273
25.0,1.0986122886681098,15.0,6.6,0.8189655172413793,2,273
40.0,1.0986122886681098,15.0,6.6,0.8189655172413793,2,273
40.0,1.0986122886681098,17.0,5.4,0.8189655172413793,1,273
25.0,1.0986122886681098,17.0,5.4,0.8189655172413793,1,273
30.0,1.0986122886681098,17.0,5.4,0.8189655172413793,1,273
40.0,0.6931471805599453,17.0,5.4,0.8189655172413793,2,273
25.0,0.6931471805599453,17.0,5.4,0.8189655172413793,2,273
30.0,0.6931471805599453,17.0,5.4,0.8189655172413793,2,273
25.0,0.6931471805599453,14.0,5.9,0.8189655172413793,2,273
15.0,0.6931471805599453,14.0,5.9,0.8189655172413793,2,273
30.0,0.6931471805599453,14.0,5.9,0.8189655172413793,2,273
20.0,0.6931471805599453,11.0,14.1,0.8189655172413793,1,273
40.0,0.6931471805599453,11.0,14.1,0.8189655172413793,1,273
10.0,0.6931471805599453,11.0,14.1,0.8189655172413793,1,273
20.0,0.4054651081081644,11.0,14.1,0.8189655172413793,2,273
40.0,0.4054651081081644,11.0,14.1,0.8189655172413793,2,273
10.0,0.4054651081081644,11.0,14.1,0.8189655172413793,2,273
30.0,1.6094379124341003,12.0,5.4,0.8189655172413793,4,273
0.0,1.0986122886681098,12.0,6.6,0.14942528735632185,1,274
40.0,1.0986122886681098,12.0,6.6,0.14942528735632185,1,274
70.0,1.0986122886681098,12.0,6.4,0.14942528735632185,1,274
0.0,1.0986122886681098,12.0,6.4,0.14942528735632185,1,274
0.0,3.258096538021482,15.0,6.3,0.14942528735632185,1,274
0.0,3.258096538021482,15.0,6.3,0.14942528735632185,1,274
0.0,1.0986122886681098,12.0,8.7,0.14942528735632185,1,274
0.0,1.0986122886681098,12.0,8.7,0.14942528735632185,1,274
0.0,1.0986122886681098,12.0,8.9,0.14942528735632185,1,274
0.0,1.0986122886681098,12.0,8.9,0.14942528735632185,1,274
0.0,3.258096538021482,12.0,7.7,0.14942528735632185,1,274
0.0,0.6931471805599453,12.0,7.8,0.14942528735632185,1,274
0.0,0.6931471805599453,12.0,7.8,0.14942528735632185,1,274
0.0,0.6931471805599453,15.0,6.9,0.14942528735632185,1,274
0.0,0.6931471805599453,15.0,6.9,0.14942528735632185,1,274
0.0,0.6931471805599453,13.0,6.7,0.14942528735632185,2,274
0.0,0.6931471805599453,13.0,6.7,0.14942528735632185,2,274
0.0,0.6931471805599453,13.0,3.3,0.14942528735632185,1,274
0.0,0.6931471805599453,13.0,3.3,0.14942528735632185,1,274
0.0,0.6931471805599453,13.0,3.6,0.14942528735632185,1,274
0.0,0.6931471805599453,13.0,3.6,0.14942528735632185,1,274
0.0,0.6931471805599453,13.0,3.6,0.14942528735632185,1,274
0.0,0.6931471805599453,13.0,3.6,0.14942528735632185,2,274
0.0,0.6931471805599453,13.0,3.6,0.14942528735632185,2,274
0.0,0.6931471805599453,13.0,3.6,0.14942528735632185,2,274
0.0,0.6931471805599453,14.0,8.1,0.14942528735632185,1,274
0.0,0.6931471805599453,14.0,8.1,0.14942528735632185,1,274
0.0,0.6931471805599453,14.0,8.1,0.14942528735632185,1,274
0.0,1.3862943611198906,14.0,8.1,0.14942528735632185,2,274
0.0,1.3862943611198906,14.0,8.1,0.14942528735632185,2,274
0.0,1.3862943611198906,14.0,8.1,0.14942528735632185,2,274
0.0,1.0986122886681098,15.0,7.9,0.14942528735632185,1,274
0.0,1.0986122886681098,15.0,7.9,0.14942528735632185,1,274
0.0,0.6931471805599453,15.0,7.8,0.14942528735632185,1,274
0.0,0.6931471805599453,15.0,7.8,0.14942528735632185,1,274
0.0,0.6931471805599453,15.0,7.8,0.14942528735632185,1,274
0.0,1.6094379124341003,15.0,7.8,0.14942528735632185,2,274
0.0,1.6094379124341003,15.0,7.8,0.14942528735632185,2,274
0.0,1.6094379124341003,15.0,7.8,0.14942528735632185,2,274
0.0,0.6931471805599453,12.0,6.6,0.14942528735632185,1,274
0.0,0.6931471805599453,12.0,6.6,0.14942528735632185,1,274
0.0,0.6931471805599453,12.0,6.6,0.14942528735632185,1,274
0.0,0.6931471805599453,12.0,6.6,0.14942528735632185,2,274
0.0,0.6931471805599453,12.0,6.6,0.14942528735632185,2,274
0.0,0.6931471805599453,12.0,6.6,0.14942528735632185,2,274
40.0,0.6931471805599453,12.0,7.0,0.14942528735632185,1,274
40.0,0.6931471805599453,12.0,7.0,0.14942528735632185,1,274
40.0,0.6931471805599453,12.0,7.0,0.14942528735632185,1,274
40.0,1.0986122886681098,12.0,7.0,0.14942528735632185,2,274
40.0,1.0986122886681098,12.0,7.0,0.14942528735632185,2,274
40.0,1.0986122886681098,12.0,7.0,0.14942528735632185,2,274
10.0,1.0986122886681098,16.0,9.4,0.14942528735632185,1,274
10.0,1.0986122886681098,16.0,9.4,0.14942528735632185,1,274
0.0,1.0986122886681098,14.0,4.2,0.14942528735632185,1,274
0.0,1.0986122886681098,12.0,8.1,0.14942528735632185,1,274
0.0,1.0986122886681098,14.0,4.2,0.14942528735632185,1,274
0.0,1.0986122886681098,12.0,8.1,0.14942528735632185,1,274
0.0,1.6094379124341003,13.0,4.4,0.14942528735632185,1,274
0.0,1.6094379124341003,13.0,4.4,0.14942528735632185,1,274
0.0,1.3862943611198906,13.0,4.4,0.14942528735632185,1,274
0.0,1.3862943611198906,13.0,4.4,0.14942528735632185,1,274
0.0,1.791759469228055,12.0,4.1,0.14942528735632185,2,274
0.0,1.791759469228055,12.0,4.1,0.14942528735632185,2,274
0.0,0.6931471805599453,12.0,8.1,0.14942528735632185,1,274
0.0,0.6931471805599453,12.0,8.1,0.14942528735632185,1,274
0.0,2.772588722239781,12.0,7.4,0.14942528735632185,2,274
0.0,2.772588722239781,13.0,8.4,0.14942528735632185,1,274
0.0,2.772588722239781,13.0,8.4,0.14942528735632185,1,274
0.0,2.772588722239781,13.0,8.4,0.14942528735632185,1,274
0.0,0.8109302162163288,13.0,8.4,0.14942528735632185,2,274
0.0,0.8109302162163288,13.0,8.4,0.14942528735632185,2,274
0.0,0.8109302162163288,13.0,8.4,0.14942528735632185,2,274
0.0,2.3978952727983707,12.0,6.9,0.14942528735632185,1,274
0.0,2.3978952727983707,12.0,6.9,0.14942528735632185,1,274
0.0,2.3978952727983707,12.0,6.9,0.14942528735632185,1,274
0.0,1.3862943611198906,12.0,6.9,0.14942528735632185,2,274
0.0,1.3862943611198906,12.0,6.9,0.14942528735632185,2,274
0.0,1.3862943611198906,12.0,6.9,0.14942528735632185,2,274
0.0,1.0986122886681098,12.0,6.5,0.14942528735632185,2,274
0.0,3.258096538021482,12.0,4.9,0.14942528735632185,1,274
0.0,3.258096538021482,12.0,4.9,0.14942528735632185,1,274
0.0,3.258096538021482,12.0,4.9,0.14942528735632185,1,274
0.0,0.6931471805599453,12.0,4.9,0.14942528735632185,2,274
0.0,0.6931471805599453,12.0,4.9,0.14942528735632185,2,274
0.0,0.6931471805599453,12.0,4.9,0.14942528735632185,2,274
0.0,0.6931471805599453,12.0,4.8,0.14942528735632185,2,274
0.0,0.6931471805599453,12.0,7.7,0.14942528735632185,2,274
0.0,0.6931471805599453,12.0,7.7,0.14942528735632185,2,274
0.0,2.772588722239781,11.0,8.5,0.14942528735632185,1,274
0.0,2.772588722239781,11.0,8.5,0.14942528735632185,1,274
0.0,2.772588722239781,11.0,8.5,0.14942528735632185,1,274
0.0,0.6931471805599453,11.0,8.5,0.14942528735632185,2,274
0.0,0.6931471805599453,11.0,8.5,0.14942528735632185,2,274
0.0,0.6931471805599453,11.0,8.5,0.14942528735632185,2,274
0.0,2.772588722239781,12.0,8.6,0.14942528735632185,1,274
0.0,2.772588722239781,12.0,8.6,0.14942528735632185,1,274
40.0,0.6931471805599453,12.0,4.6,0.14942528735632185,2,274
10.0,0.6931471805599453,12.0,4.6,0.14942528735632185,2,274
10.0,0.6931471805599453,12.0,8.5,0.14942528735632185,2,274
30.0,0.6931471805599453,12.0,8.5,0.14942528735632185,2,274
20.0,3.044522437723423,13.0,8.8,0.14942528735632185,1,274
0.0,3.044522437723423,13.0,8.8,0.14942528735632185,1,274
0.0,3.044522437723423,13.0,8.8,0.14942528735632185,1,274
20.0,0.6931471805599453,13.0,8.8,0.14942528735632185,2,274
0.0,0.6931471805599453,13.0,8.8,0.14942528735632185,2,274
0.0,0.6931471805599453,13.0,8.8,0.14942528735632185,2,274
0.0,1.6094379124341003,12.0,10.2,0.14942528735632185,2,274
0.0,1.6094379124341003,12.0,10.2,0.14942528735632185,2,274
0.0,1.9459101490553132,12.0,11.1,0.14942528735632185,1,274
0.0,1.9459101490553132,12.0,11.1,0.14942528735632185,1,274
50.0,0.6931471805599453,13.0,9.6,0.14942528735632185,1,274
0.0,0.6931471805599453,13.0,9.6,0.14942528735632185,1,274
10.0,1.3862943611198906,11.0,16.1,0.9789473684210527,2,275
50.0,1.3862943611198906,11.0,16.1,0.9789473684210527,2,275
20.0,0.6931471805599453,11.0,18.9,0.9789473684210527,2,275
70.0,0.6931471805599453,11.0,18.9,0.9789473684210527,2,275
70.0,0.6931471805599453,11.0,10.9,0.9789473684210527,1,275
30.0,0.6931471805599453,13.0,4.4,0.9789473684210527,2,275
70.0,0.6931471805599453,11.0,9.9,0.9789473684210527,2,275
70.0,0.6931471805599453,12.0,10.3,0.9789473684210527,2,275
50.0,0.6931471805599453,11.0,9.9,0.9789473684210527,2,275
50.0,0.6931471805599453,12.0,10.3,0.9789473684210527,2,275
30.0,0.6931471805599453,11.0,9.9,0.9789473684210527,2,275
30.0,0.6931471805599453,12.0,10.3,0.9789473684210527,2,275
85.0,0.6931471805599453,11.0,10.8,0.9789473684210527,2,275
30.0,0.6931471805599453,11.0,4.2,0.9789473684210527,2,275
30.0,0.6931471805599453,13.0,8.6,0.9789473684210527,2,275
70.0,0.6931471805599453,11.0,4.2,0.9789473684210527,2,275
70.0,0.6931471805599453,13.0,8.6,0.9789473684210527,2,275
50.0,0.6931471805599453,11.0,4.2,0.9789473684210527,2,275
50.0,0.6931471805599453,13.0,8.6,0.9789473684210527,2,275
20.0,0.6931471805599453,11.0,4.2,0.9789473684210527,2,275
20.0,0.6931471805599453,13.0,8.6,0.9789473684210527,2,275
85.0,0.6931471805599453,12.0,11.7,0.9789473684210527,2,275
85.0,0.6931471805599453,13.0,7.5,0.9789473684210527,2,275
30.0,0.6931471805599453,12.0,11.7,0.9789473684210527,2,275
30.0,0.6931471805599453,13.0,7.5,0.9789473684210527,2,275
60.0,0.6931471805599453,12.0,10.1,0.9789473684210527,2,275
20.0,0.6931471805599453,12.0,10.1,0.9789473684210527,2,275
85.0,0.6931471805599453,12.0,14.4,0.9789473684210527,1,275
85.0,0.6931471805599453,13.0,7.2,0.9789473684210527,1,275
50.0,0.6931471805599453,12.0,14.4,0.9789473684210527,1,275
50.0,0.6931471805599453,13.0,7.2,0.9789473684210527,1,275
30.0,0.6931471805599453,11.0,4.2,0.9789473684210527,2,275
30.0,0.6931471805599453,13.0,8.6,0.9789473684210527,2,275
70.0,0.6931471805599453,11.0,4.2,0.9789473684210527,2,275
70.0,0.6931471805599453,13.0,8.6,0.9789473684210527,2,275
50.0,0.6931471805599453,11.0,4.2,0.9789473684210527,2,275
50.0,0.6931471805599453,13.0,8.6,0.9789473684210527,2,275
20.0,0.6931471805599453,11.0,4.2,0.9789473684210527,2,275
20.0,0.6931471805599453,13.0,8.6,0.9789473684210527,2,275
85.0,0.6931471805599453,13.0,8.7,0.9789473684210527,2,275
70.0,0.6931471805599453,13.0,8.7,0.9789473684210527,2,275
90.0,0.6931471805599453,14.0,7.7,0.9789473684210527,2,275
30.0,0.6931471805599453,14.0,7.7,0.9789473684210527,2,275
90.0,0.6931471805599453,12.0,6.4,0.9789473684210527,1,275
70.0,0.6931471805599453,12.0,6.4,0.9789473684210527,1,275
30.0,0.6931471805599453,12.0,6.4,0.9789473684210527,1,275
90.0,0.6931471805599453,12.0,6.4,0.9789473684210527,2,275
70.0,0.6931471805599453,12.0,6.4,0.9789473684210527,2,275
30.0,0.6931471805599453,12.0,6.4,0.9789473684210527,2,275
60.0,0.6931471805599453,12.0,11.0,0.9789473684210527,2,275
50.0,0.6931471805599453,12.0,11.0,0.9789473684210527,2,275
50.0,0.6931471805599453,16.0,10.8,0.9789473684210527,2,275
30.0,0.6931471805599453,16.0,10.8,0.9789473684210527,2,275
0.0,1.0986122886681098,12.0,8.8,0.9789473684210527,1,275
0.0,1.0986122886681098,12.0,8.8,0.9789473684210527,1,275
70.0,0.6931471805599453,11.0,11.0,0.9789473684210527,2,275
70.0,0.6931471805599453,13.0,7.5,0.9789473684210527,2,275
90.0,0.6931471805599453,11.0,11.0,0.9789473684210527,2,275
90.0,0.6931471805599453,13.0,7.5,0.9789473684210527,2,275
70.0,0.6931471805599453,11.0,11.0,0.9789473684210527,2,275
70.0,0.6931471805599453,13.0,7.5,0.9789473684210527,2,275
50.0,0.6931471805599453,11.0,11.0,0.9789473684210527,2,275
50.0,0.6931471805599453,13.0,7.5,0.9789473684210527,2,275
60.0,0.6931471805599453,13.0,10.7,0.9789473684210527,2,275
60.0,0.6931471805599453,12.0,15.1,0.9789473684210527,2,275
70.0,0.6931471805599453,13.0,10.7,0.9789473684210527,2,275
70.0,0.6931471805599453,12.0,15.1,0.9789473684210527,2,275
70.0,0.6931471805599453,13.0,10.7,0.9789473684210527,2,275
70.0,0.6931471805599453,12.0,15.1,0.9789473684210527,2,275
50.0,0.6931471805599453,13.0,10.7,0.9789473684210527,2,275
50.0,0.6931471805599453,12.0,15.1,0.9789473684210527,2,275
50.0,1.0986122886681098,13.0,6.5,0.9789473684210527,2,275
50.0,1.0986122886681098,12.0,21.0,0.9789473684210527,2,275
30.0,1.0986122886681098,13.0,6.5,0.9789473684210527,2,275
30.0,1.0986122886681098,12.0,21.0,0.9789473684210527,2,275
50.0,1.0986122886681098,13.0,6.5,0.9789473684210527,2,275
50.0,1.0986122886681098,12.0,21.0,0.9789473684210527,2,275
70.0,0.6931471805599453,11.0,11.0,0.9789473684210527,2,275
70.0,0.6931471805599453,13.0,7.5,0.9789473684210527,2,275
90.0,0.6931471805599453,11.0,11.0,0.9789473684210527,2,275
90.0,0.6931471805599453,13.0,7.5,0.9789473684210527,2,275
70.0,0.6931471805599453,11.0,11.0,0.9789473684210527,2,275
70.0,0.6931471805599453,13.0,7.5,0.9789473684210527,2,275
50.0,0.6931471805599453,11.0,11.0,0.9789473684210527,2,275
50.0,0.6931471805599453,13.0,7.5,0.9789473684210527,2,275
90.0,1.0986122886681098,16.0,14.1,0.9789473684210527,2,275
90.0,1.0986122886681098,13.0,10.5,0.9789473684210527,2,275
70.0,1.0986122886681098,16.0,14.1,0.9789473684210527,2,275
70.0,1.0986122886681098,13.0,10.5,0.9789473684210527,2,275
75.0,1.0986122886681098,16.0,14.1,0.9789473684210527,2,275
75.0,1.0986122886681098,13.0,10.5,0.9789473684210527,2,275
85.0,1.0986122886681098,16.0,14.1,0.9789473684210527,2,275
85.0,1.0986122886681098,13.0,10.5,0.9789473684210527,2,275
50.0,1.0986122886681098,13.0,12.0,0.9789473684210527,2,275
70.0,1.0986122886681098,13.0,12.0,0.9789473684210527,2,275
30.0,1.0986122886681098,14.0,8.2,0.9789473684210527,2,275
10.0,1.0986122886681098,14.0,8.2,0.9789473684210527,2,275
70.0,3.044522437723423,14.0,7.9,0.9789473684210527,1,275
30.0,3.044522437723423,14.0,7.9,0.9789473684210527,1,275
70.0,0.6931471805599453,14.0,7.9,0.9789473684210527,2,275
30.0,0.6931471805599453,14.0,7.9,0.9789473684210527,2,275
20.0,0.6931471805599453,13.0,4.4,0.9789473684210527,2,275
10.0,0.6931471805599453,13.0,4.4,0.9789473684210527,2,275
70.0,0.6931471805599453,12.0,6.1,0.9789473684210527,2,275
85.0,0.6931471805599453,12.0,6.1,0.9789473684210527,2,275
50.0,0.6931471805599453,14.0,11.9,0.9789473684210527,2,275
70.0,0.6931471805599453,14.0,11.9,0.9789473684210527,2,275
85.0,0.6931471805599453,11.0,12.2,0.9789473684210527,2,275
40.0,0.6931471805599453,11.0,12.2,0.9789473684210527,2,275
70.0,0.6931471805599453,12.0,16.8,0.9789473684210527,2,275
30.0,0.6931471805599453,12.0,16.8,0.9789473684210527,2,275
70.0,0.6931471805599453,12.0,7.8,0.9789473684210527,2,275
30.0,0.6931471805599453,12.0,7.8,0.9789473684210527,2,275
50.0,0.6931471805599453,12.0,6.8,0.9789473684210527,2,275
20.0,0.6931471805599453,12.0,6.8,0.9789473684210527,2,275
85.0,0.6931471805599453,12.0,8.5,0.9789473684210527,2,275
50.0,0.6931471805599453,12.0,8.5,0.9789473684210527,2,275
60.0,0.6931471805599453,11.0,19.0,0.7909090909090909,1,276
50.0,0.6931471805599453,11.0,19.0,0.7909090909090909,1,276
60.0,3.4339872044851463,11.0,19.0,0.7909090909090909,2,276
50.0,3.4339872044851463,11.0,19.0,0.7909090909090909,2,276
70.0,2.3978952727983707,11.0,20.2,0.7909090909090909,1,276
40.0,2.3978952727983707,11.0,20.2,0.7909090909090909,1,276
70.0,3.044522437723423,11.0,20.2,0.7909090909090909,2,276
40.0,3.044522437723423,11.0,20.2,0.7909090909090909,2,276
30.0,0.6931471805599453,13.0,6.1,0.7909090909090909,2,276
10.0,0.6931471805599453,13.0,6.1,0.7909090909090909,2,276
10.0,0.6931471805599453,13.0,6.1,0.7909090909090909,2,276
60.0,0.6931471805599453,13.0,7.4,0.7909090909090909,2,276
40.0,0.6931471805599453,13.0,7.4,0.7909090909090909,2,276
10.0,0.6931471805599453,13.0,7.4,0.7909090909090909,2,276
50.0,0.6931471805599453,12.0,8.4,0.7909090909090909,2,276
10.0,0.6931471805599453,12.0,8.4,0.7909090909090909,2,276
50.0,0.6931471805599453,12.0,15.7,0.7909090909090909,2,276
40.0,0.6931471805599453,12.0,15.7,0.7909090909090909,2,276
0.0,0.6931471805599453,12.0,15.7,0.7909090909090909,2,276
20.0,0.6931471805599453,12.0,15.7,0.7909090909090909,2,276
60.0,0.6931471805599453,11.0,17.4,0.7909090909090909,2,276
30.0,0.6931471805599453,11.0,17.4,0.7909090909090909,2,276
50.0,3.258096538021482,11.0,18.6,0.7909090909090909,2,276
30.0,3.258096538021482,11.0,18.1,0.7909090909090909,1,276
30.0,3.258096538021482,11.0,18.1,0.7909090909090909,1,276
30.0,2.772588722239781,11.0,18.1,0.7909090909090909,2,276
30.0,2.772588722239781,11.0,18.1,0.7909090909090909,2,276
20.0,0.6931471805599453,12.0,11.3,0.7909090909090909,2,276
40.0,0.6931471805599453,12.0,11.3,0.7909090909090909,2,276
0.0,0.6931471805599453,12.0,11.3,0.7909090909090909,2,276
30.0,0.6931471805599453,12.0,11.3,0.7909090909090909,2,276
50.0,0.6931471805599453,12.0,11.3,0.7909090909090909,2,276
40.0,0.6931471805599453,11.0,21.4,0.7909090909090909,2,276
70.0,3.258096538021482,14.0,5.9,0.7909090909090909,1,276
50.0,3.258096538021482,14.0,5.9,0.7909090909090909,1,276
0.0,3.258096538021482,14.0,5.9,0.7909090909090909,1,276
30.0,3.258096538021482,14.0,5.9,0.7909090909090909,1,276
20.0,3.258096538021482,14.0,5.9,0.7909090909090909,1,276
70.0,0.6931471805599453,14.0,5.9,0.7909090909090909,2,276
50.0,0.6931471805599453,14.0,5.9,0.7909090909090909,2,276
0.0,0.6931471805599453,14.0,5.9,0.7909090909090909,2,276
30.0,0.6931471805599453,14.0,5.9,0.7909090909090909,2,276
20.0,0.6931471805599453,14.0,5.9,0.7909090909090909,2,276
50.0,0.6931471805599453,15.0,6.0,0.7909090909090909,2,276
30.0,0.6931471805599453,15.0,6.0,0.7909090909090909,2,276
0.0,0.6931471805599453,15.0,6.0,0.7909090909090909,2,276
10.0,0.6931471805599453,15.0,6.0,0.7909090909090909,2,276
50.0,0.6931471805599453,14.0,6.2,0.7909090909090909,2,276
100.0,0.6931471805599453,14.0,6.2,0.7909090909090909,2,276
40.0,2.3978952727983707,13.0,7.2,0.7909090909090909,2,276
0.0,2.3978952727983707,13.0,7.2,0.7909090909090909,2,276
60.0,0.6931471805599453,12.0,4.8,0.7909090909090909,2,276
0.0,0.6931471805599453,12.0,4.8,0.7909090909090909,2,276
0.0,0.6931471805599453,12.0,4.8,0.7909090909090909,2,276
40.0,0.6931471805599453,15.0,6.0,0.7909090909090909,2,276
30.0,0.6931471805599453,15.0,6.0,0.7909090909090909,2,276
0.0,0.6931471805599453,15.0,6.0,0.7909090909090909,2,276
0.0,0.6931471805599453,15.0,6.0,0.7909090909090909,2,276
60.0,0.6931471805599453,19.0,2.3,0.7909090909090909,2,276
70.0,1.0986122886681098,12.0,2.2,0.7909090909090909,2,276
0.0,1.0986122886681098,12.0,2.2,0.7909090909090909,2,276
50.0,1.791759469228055,13.0,7.2,0.7909090909090909,2,276
40.0,1.791759469228055,13.0,7.2,0.7909090909090909,2,276
50.0,1.6094379124341003,15.0,4.2,0.7909090909090909,1,276
50.0,1.6094379124341003,11.0,8.8,0.7909090909090909,1,276
40.0,1.6094379124341003,15.0,4.2,0.7909090909090909,1,276
40.0,1.6094379124341003,11.0,8.8,0.7909090909090909,1,276
70.0,1.0986122886681098,12.0,15.3,0.7909090909090909,2,276
30.0,1.0986122886681098,12.0,15.3,0.7909090909090909,2,276
50.0,0.6931471805599453,12.0,28.2,0.7909090909090909,2,276
20.0,0.6931471805599453,12.0,28.2,0.7909090909090909,2,276
60.0,2.772588722239781,11.0,24.7,0.7909090909090909,2,276
50.0,2.772588722239781,11.0,24.7,0.7909090909090909,2,276
30.0,0.6931471805599453,12.0,9.1,0.7909090909090909,2,276
10.0,0.6931471805599453,12.0,9.1,0.7909090909090909,2,276
10.0,0.6931471805599453,12.0,9.1,0.7909090909090909,2,276
30.0,0.6931471805599453,13.0,6.0,0.7909090909090909,2,276
40.0,0.6931471805599453,13.0,6.0,0.7909090909090909,2,276
20.0,0.6931471805599453,13.0,6.0,0.7909090909090909,2,276
30.0,0.6931471805599453,13.0,6.1,0.7909090909090909,2,276
40.0,0.6931471805599453,13.0,6.1,0.7909090909090909,2,276
40.0,0.6931471805599453,12.0,20.7,0.7909090909090909,2,276
50.0,0.6931471805599453,12.0,21.8,0.7909090909090909,1,276
50.0,0.6931471805599453,12.0,21.8,0.7909090909090909,1,276
50.0,0.6931471805599453,12.0,21.8,0.7909090909090909,2,276
50.0,0.6931471805599453,12.0,21.8,0.7909090909090909,2,276
30.0,2.772588722239781,12.0,17.9,0.7909090909090909,2,276
20.0,2.772588722239781,12.0,22.6,0.7909090909090909,2,276
10.0,2.772588722239781,12.0,22.6,0.7909090909090909,2,276
30.0,0.6931471805599453,12.0,20.3,0.7909090909090909,2,276
30.0,1.3862943611198906,11.0,26.4,0.7909090909090909,2,276
40.0,1.3862943611198906,11.0,26.4,0.7909090909090909,2,276
50.0,0.6931471805599453,14.0,8.6,0.7909090909090909,2,276
40.0,0.6931471805599453,14.0,8.6,0.7909090909090909,2,276
10.0,0.6931471805599453,14.0,8.6,0.7909090909090909,2,276
20.0,0.6931471805599453,14.0,8.6,0.7909090909090909,2,276
50.0,0.6931471805599453,12.0,8.1,0.7909090909090909,2,276
30.0,0.6931471805599453,12.0,8.1,0.7909090909090909,2,276
0.0,0.6931471805599453,12.0,8.1,0.7909090909090909,2,276
20.0,0.6931471805599453,12.0,8.1,0.7909090909090909,2,276
70.0,0.6931471805599453,13.0,9.4,0.7909090909090909,1,276
30.0,0.6931471805599453,13.0,9.4,0.7909090909090909,1,276
50.0,0.6931471805599453,13.0,9.4,0.7909090909090909,1,276
70.0,1.3862943611198906,13.0,9.4,0.7909090909090909,2,276
30.0,1.3862943611198906,13.0,9.4,0.7909090909090909,2,276
50.0,1.3862943611198906,13.0,9.4,0.7909090909090909,2,276
60.0,0.6931471805599453,12.0,9.3,0.7909090909090909,2,276
40.0,0.6931471805599453,12.0,9.3,0.7909090909090909,2,276
20.0,0.6931471805599453,12.0,9.3,0.7909090909090909,2,276
30.0,0.6931471805599453,12.0,9.3,0.7909090909090909,2,276
40.0,2.3978952727983707,12.0,9.4,0.7909090909090909,2,276
20.0,2.3978952727983707,12.0,9.4,0.7909090909090909,2,276
50.0,0.6931471805599453,13.0,9.8,0.7909090909090909,2,276
70.0,0.6931471805599453,13.0,9.8,0.7909090909090909,2,276
20.0,0.6931471805599453,13.0,9.8,0.7909090909090909,2,276
60.0,0.6931471805599453,12.0,12.0,0.7909090909090909,2,276
40.0,0.6931471805599453,12.0,13.9,0.7909090909090909,2,276
10.0,0.6931471805599453,12.0,13.9,0.7909090909090909,2,276
50.0,0.6931471805599453,12.0,14.2,0.7909090909090909,2,276
40.0,0.6931471805599453,12.0,12.1,0.7909090909090909,2,276
50.0,0.6931471805599453,12.0,12.1,0.7909090909090909,2,276
20.0,0.6931471805599453,12.0,12.1,0.7909090909090909,2,276
50.0,0.6931471805599453,12.0,13.9,0.7909090909090909,2,276
40.0,0.6931471805599453,12.0,13.9,0.7909090909090909,2,276
50.0,1.0986122886681098,14.0,10.8,0.7909090909090909,2,276
0.0,1.0986122886681098,14.0,10.8,0.7909090909090909,2,276
40.0,0.6931471805599453,15.0,10.3,0.7909090909090909,2,276
30.0,0.6931471805599453,15.0,10.3,0.7909090909090909,2,276
0.0,0.6931471805599453,15.0,10.3,0.7909090909090909,2,276
0.0,0.6931471805599453,15.0,10.3,0.7909090909090909,2,276
40.0,0.6931471805599453,15.0,10.1,0.7909090909090909,2,276
50.0,0.6931471805599453,13.0,6.4,0.7909090909090909,2,276
40.0,0.6931471805599453,13.0,6.4,0.7909090909090909,2,276
30.0,0.6931471805599453,18.0,5.6,0.7909090909090909,2,276
30.0,2.772588722239781,13.0,16.4,0.7909090909090909,2,276
50.0,0.6931471805599453,13.0,14.4,0.7909090909090909,1,276
40.0,0.6931471805599453,13.0,14.4,0.7909090909090909,1,276
10.0,0.6931471805599453,13.0,14.4,0.7909090909090909,1,276
50.0,3.58351893845611,13.0,14.4,0.7909090909090909,2,276
40.0,3.58351893845611,13.0,14.4,0.7909090909090909,2,276
10.0,3.58351893845611,13.0,14.4,0.7909090909090909,2,276
40.0,0.6931471805599453,13.0,14.6,0.7909090909090909,2,276
20.0,0.6931471805599453,13.0,14.6,0.7909090909090909,2,276
30.0,0.6931471805599453,13.0,14.6,0.7909090909090909,2,276
30.0,2.772588722239781,13.0,12.6,0.7909090909090909,2,276
10.0,2.772588722239781,13.0,12.6,0.7909090909090909,2,276
50.0,2.772588722239781,13.0,12.8,0.7909090909090909,2,276
40.0,2.772588722239781,13.0,12.8,0.7909090909090909,2,276
20.0,2.772588722239781,13.0,12.8,0.7909090909090909,2,276
30.0,1.0986122886681098,11.0,27.2,0.7909090909090909,2,276
40.0,0.6931471805599453,15.0,16.7,0.7909090909090909,2,276
15.0,0.6931471805599453,15.0,16.7,0.7909090909090909,2,276
50.0,0.6931471805599453,13.0,25.0,0.7909090909090909,2,276
30.0,0.6931471805599453,11.0,27.2,0.7909090909090909,2,276
40.0,0.6931471805599453,11.0,27.2,0.7909090909090909,2,276
10.0,0.6931471805599453,11.0,27.2,0.7909090909090909,2,276
10.0,0.6931471805599453,12.0,7.7,0.7909090909090909,2,276
10.0,1.0986122886681098,12.0,7.5,0.7909090909090909,2,276
30.0,1.0986122886681098,12.0,7.5,0.7909090909090909,2,276
20.0,1.0986122886681098,12.0,7.5,0.7909090909090909,2,276
20.0,0.6931471805599453,12.0,7.3,0.7909090909090909,2,276
40.0,0.6931471805599453,12.0,7.3,0.7909090909090909,2,276
30.0,0.6931471805599453,13.0,8.9,0.7909090909090909,2,276
20.0,0.6931471805599453,13.0,8.9,0.7909090909090909,2,276
40.0,1.3862943611198906,20.0,4.4,0.7909090909090909,2,276
30.0,1.3862943611198906,20.0,4.4,0.7909090909090909,2,276
20.0,1.3862943611198906,20.0,4.4,0.7909090909090909,2,276
0.0,1.3862943611198906,20.0,4.4,0.7909090909090909,2,276
50.0,1.0986122886681098,12.0,6.0,0.7909090909090909,2,276
30.0,1.0986122886681098,12.0,6.0,0.7909090909090909,2,276
0.0,1.0986122886681098,12.0,6.0,0.7909090909090909,2,276
40.0,0.9162907318741551,12.0,8.9,0.88,2,277
90.0,3.9318256327243257,12.0,9.5,0.88,1,277
60.0,3.9318256327243257,12.0,9.5,0.88,1,277
0.0,3.9318256327243257,12.0,9.5,0.88,1,277
20.0,3.9318256327243257,12.0,9.5,0.88,1,277
90.0,3.9318256327243257,12.0,9.5,0.88,2,277
60.0,3.9318256327243257,12.0,9.5,0.88,2,277
0.0,3.9318256327243257,12.0,9.5,0.88,2,277
20.0,3.9318256327243257,12.0,9.5,0.88,2,277
80.0,3.713572066704308,12.0,9.7,0.88,1,277
20.0,3.713572066704308,12.0,9.7,0.88,1,277
10.0,2.772588722239781,12.0,9.1,0.88,1,277
85.0,2.772588722239781,12.0,9.1,0.88,1,277
90.0,2.772588722239781,12.0,9.1,0.88,1,277
90.0,2.772588722239781,12.0,8.4,0.88,1,277
10.0,2.772588722239781,12.0,8.4,0.88,1,277
70.0,1.3862943611198906,12.0,8.9,0.88,2,277
80.0,1.3862943611198906,12.0,8.9,0.88,2,277
15.0,1.3862943611198906,12.0,8.9,0.88,2,277
30.0,0.6931471805599453,13.0,5.6,0.88,2,277
30.0,3.258096538021482,13.0,7.4,0.88,2,277
60.0,3.258096538021482,13.0,7.4,0.88,2,277
40.0,1.3862943611198906,13.0,5.8,0.88,2,277
10.0,1.3862943611198906,13.0,5.8,0.88,2,277
0.0,1.3862943611198906,13.0,5.8,0.88,2,277
10.0,1.3862943611198906,13.0,5.8,0.88,2,277
40.0,0.6931471805599453,12.0,11.3,0.88,2,277
65.0,0.9162907318741551,13.0,2.5,0.88,2,277
65.0,0.9162907318741551,14.0,2.5,0.88,2,277
0.0,0.9162907318741551,14.0,2.5,0.88,2,277
20.0,0.9162907318741551,14.0,2.5,0.88,2,277
65.0,0.6931471805599453,12.0,7.6,0.88,2,277
10.0,0.6931471805599453,12.0,7.6,0.88,2,277
60.0,3.713572066704308,12.0,11.3,0.88,2,277
0.0,3.713572066704308,12.0,11.3,0.88,2,277
0.0,3.713572066704308,12.0,11.3,0.88,2,277
40.0,0.6931471805599453,12.0,13.0,0.88,2,277
85.0,0.6931471805599453,12.0,8.1,0.88,2,277
85.0,0.6931471805599453,15.0,6.3,0.88,2,277
85.0,0.6931471805599453,12.0,8.1,0.88,2,277
85.0,0.6931471805599453,15.0,6.3,0.88,2,277
10.0,0.6931471805599453,12.0,8.1,0.88,2,277
10.0,0.6931471805599453,15.0,6.3,0.88,2,277
10.0,1.3862943611198906,14.0,5.8,0.88,2,277
85.0,1.6094379124341003,14.0,5.8,0.88,2,277
90.0,1.6094379124341003,14.0,5.8,0.88,2,277
20.0,1.6094379124341003,14.0,5.8,0.88,2,277
90.0,0.6931471805599453,13.0,10.1,0.88,2,277
90.0,0.6931471805599453,15.0,6.1,0.88,2,277
60.0,0.6931471805599453,13.0,10.1,0.88,2,277
60.0,0.6931471805599453,15.0,6.1,0.88,2,277
0.0,0.6931471805599453,13.0,10.1,0.88,2,277
0.0,0.6931471805599453,15.0,6.1,0.88,2,277
20.0,0.6931471805599453,13.0,10.1,0.88,2,277
20.0,0.6931471805599453,15.0,6.1,0.88,2,277
10.0,0.6931471805599453,13.0,10.1,0.88,2,277
10.0,0.6931471805599453,15.0,6.1,0.88,2,277
70.0,3.4339872044851463,12.0,14.4,0.88,1,277
70.0,3.4339872044851463,12.0,11.9,0.88,1,277
50.0,3.4339872044851463,12.0,14.4,0.88,1,277
50.0,3.4339872044851463,12.0,11.9,0.88,1,277
90.0,3.4339872044851463,12.0,14.4,0.88,1,277
90.0,3.4339872044851463,12.0,11.9,0.88,1,277
40.0,3.4339872044851463,12.0,14.4,0.88,1,277
40.0,3.4339872044851463,12.0,11.9,0.88,1,277
70.0,0.6931471805599453,12.0,14.4,0.88,2,277
70.0,0.6931471805599453,12.0,11.9,0.88,2,277
50.0,0.6931471805599453,12.0,14.4,0.88,2,277
50.0,0.6931471805599453,12.0,11.9,0.88,2,277
90.0,0.6931471805599453,12.0,14.4,0.88,2,277
90.0,0.6931471805599453,12.0,11.9,0.88,2,277
40.0,0.6931471805599453,12.0,14.4,0.88,2,277
40.0,0.6931471805599453,12.0,11.9,0.88,2,277
60.0,1.6094379124341003,12.0,15.2,0.88,2,277
20.0,1.6094379124341003,12.0,15.2,0.88,2,277
0.0,1.6094379124341003,12.0,15.2,0.88,2,277
40.0,1.6094379124341003,12.0,15.2,0.88,2,277
90.0,3.713572066704308,15.0,3.8,0.88,1,277
20.0,3.713572066704308,15.0,3.8,0.88,1,277
8.0,3.713572066704308,15.0,3.8,0.88,1,277
90.0,3.58351893845611,14.0,4.0,0.88,1,277
20.0,3.58351893845611,14.0,4.0,0.88,1,277
40.0,3.58351893845611,14.0,4.0,0.88,1,277
70.0,4.189654742026425,12.0,14.4,0.88,1,277
70.0,4.189654742026425,12.0,11.9,0.88,1,277
50.0,4.189654742026425,12.0,14.4,0.88,1,277
50.0,4.189654742026425,12.0,11.9,0.88,1,277
90.0,4.189654742026425,12.0,14.4,0.88,1,277
90.0,4.189654742026425,12.0,11.9,0.88,1,277
40.0,4.189654742026425,12.0,14.4,0.88,1,277
40.0,4.189654742026425,12.0,11.9,0.88,1,277
70.0,0.9162907318741551,12.0,14.4,0.88,2,277
70.0,0.9162907318741551,12.0,11.9,0.88,2,277
50.0,0.9162907318741551,12.0,14.4,0.88,2,277
50.0,0.9162907318741551,12.0,11.9,0.88,2,277
90.0,0.9162907318741551,12.0,14.4,0.88,2,277
90.0,0.9162907318741551,12.0,11.9,0.88,2,277
40.0,0.9162907318741551,12.0,14.4,0.88,2,277
40.0,0.9162907318741551,12.0,11.9,0.88,2,277
70.0,0.6931471805599453,12.0,5.3,0.88,2,277
90.0,0.6931471805599453,12.0,5.3,0.88,2,277
10.0,0.6931471805599453,12.0,5.3,0.88,2,277
60.0,2.3978952727983707,12.0,5.9,0.88,2,277
20.0,2.3978952727983707,12.0,5.9,0.88,2,277
70.0,0.6931471805599453,13.0,6.5,0.88,2,277
40.0,0.6931471805599453,13.0,6.5,0.88,2,277
10.0,0.6931471805599453,13.0,6.5,0.88,2,277
70.0,3.258096538021482,13.0,5.6,0.88,2,277
30.0,3.258096538021482,13.0,5.6,0.88,2,277
10.0,3.258096538021482,13.0,5.6,0.88,2,277
80.0,3.828641396489095,16.0,8.9,0.88,1,277
30.0,3.828641396489095,16.0,8.9,0.88,1,277
80.0,0.6931471805599453,16.0,8.9,0.88,2,277
30.0,0.6931471805599453,16.0,8.9,0.88,2,277
85.0,0.6931471805599453,18.0,9.4,0.88,1,277
50.0,0.6931471805599453,18.0,9.4,0.88,1,277
20.0,0.6931471805599453,18.0,9.4,0.88,1,277
10.0,0.6931471805599453,18.0,9.4,0.88,1,277
85.0,1.0986122886681098,18.0,9.4,0.88,2,277
50.0,1.0986122886681098,18.0,9.4,0.88,2,277
20.0,1.0986122886681098,18.0,9.4,0.88,2,277
10.0,1.0986122886681098,18.0,9.4,0.88,2,277
40.0,4.2626798770413155,16.0,8.2,0.88,2,277
90.0,4.2626798770413155,16.0,8.2,0.88,2,277
50.0,3.9318256327243257,16.0,9.1,0.88,2,277
90.0,3.9318256327243257,16.0,9.1,0.88,2,277
40.0,3.713572066704308,11.0,19.3,0.88,2,277
70.0,3.713572066704308,11.0,19.3,0.88,2,277
80.0,3.258096538021482,11.0,19.3,0.88,1,277
40.0,3.258096538021482,11.0,19.3,0.88,1,277
90.0,3.258096538021482,11.0,19.3,0.88,1,277
80.0,0.6931471805599453,11.0,19.3,0.88,2,277
40.0,0.6931471805599453,11.0,19.3,0.88,2,277
90.0,0.6931471805599453,11.0,19.3,0.88,2,277
50.0,3.713572066704308,11.0,20.4,0.88,2,277
60.0,1.0986122886681098,11.0,18.5,0.88,2,277
90.0,1.0986122886681098,11.0,18.5,0.88,2,277
10.0,1.0986122886681098,11.0,18.5,0.88,2,277
10.0,3.828641396489095,17.0,4.3,0.88,2,277
20.0,3.828641396489095,17.0,4.3,0.88,2,277
70.0,3.828641396489095,17.0,4.3,0.88,2,277
40.0,3.828641396489095,17.0,4.3,0.88,2,277
60.0,0.6931471805599453,13.0,5.1,0.88,2,277
90.0,0.6931471805599453,13.0,5.1,0.88,2,277
50.0,0.6931471805599453,13.0,5.1,0.88,2,277
80.0,3.258096538021482,14.0,5.3,0.88,2,277
95.0,3.258096538021482,14.0,5.3,0.88,2,277
80.0,0.6931471805599453,17.0,7.2,0.88,2,277
20.0,0.6931471805599453,17.0,7.2,0.88,2,277
85.0,0.6931471805599453,13.0,6.0,0.88,2,277
95.0,0.6931471805599453,13.0,6.0,0.88,2,277
20.0,0.6931471805599453,13.0,6.0,0.88,2,277
85.0,2.772588722239781,13.0,6.3,0.88,2,277
10.0,2.772588722239781,13.0,6.3,0.88,2,277
90.0,3.258096538021482,13.0,6.1,0.88,2,277
10.0,3.258096538021482,13.0,6.1,0.88,2,277
70.0,3.9318256327243257,13.0,5.7,0.88,1,277
40.0,3.9318256327243257,13.0,5.7,0.88,1,277
80.0,3.9318256327243257,13.0,5.7,0.88,1,277
70.0,0.6931471805599453,13.0,5.7,0.88,2,277
40.0,0.6931471805599453,13.0,5.7,0.88,2,277
80.0,0.6931471805599453,13.0,5.7,0.88,2,277
50.0,0.6931471805599453,13.0,5.8,0.88,2,277
60.0,3.4339872044851463,13.0,6.0,0.88,1,277
40.0,3.4339872044851463,13.0,6.0,0.88,1,277
90.0,3.4339872044851463,13.0,6.0,0.88,1,277
30.0,3.4339872044851463,13.0,6.0,0.88,1,277
60.0,0.6931471805599453,13.0,6.0,0.88,2,277
40.0,0.6931471805599453,13.0,6.0,0.88,2,277
90.0,0.6931471805599453,13.0,6.0,0.88,2,277
30.0,0.6931471805599453,13.0,6.0,0.88,2,277
70.0,1.3862943611198906,13.0,5.9,0.88,2,277
10.0,1.3862943611198906,13.0,5.9,0.88,2,277
85.0,2.772588722239781,12.0,7.4,0.88,1,277
50.0,2.772588722239781,12.0,7.4,0.88,1,277
90.0,2.772588722239781,12.0,7.4,0.88,1,277
85.0,3.58351893845611,12.0,7.4,0.88,2,277
50.0,3.58351893845611,12.0,7.4,0.88,2,277
90.0,3.58351893845611,12.0,7.4,0.88,2,277
90.0,2.772588722239781,12.0,8.1,0.88,1,277
50.0,2.772588722239781,12.0,8.1,0.88,1,277
95.0,2.772588722239781,12.0,8.1,0.88,1,277
90.0,1.0986122886681098,12.0,8.1,0.88,2,277
50.0,1.0986122886681098,12.0,8.1,0.88,2,277
95.0,1.0986122886681098,12.0,8.1,0.88,2,277
70.0,0.6931471805599453,12.0,8.0,0.88,2,277
20.0,0.6931471805599453,12.0,8.0,0.88,2,277
10.0,0.6931471805599453,12.0,8.0,0.88,2,277
40.0,0.6931471805599453,12.0,8.0,0.88,2,277
70.0,0.4054651081081644,12.0,8.4,0.88,2,277
30.0,0.4054651081081644,12.0,8.4,0.88,2,277
60.0,0.6931471805599453,12.0,5.5,0.88,2,277
30.0,0.6931471805599453,12.0,5.5,0.88,2,277
50.0,0.6931471805599453,12.0,3.6,0.88,2,277
90.0,0.6931471805599453,12.0,3.6,0.88,2,277
10.0,0.6931471805599453,12.0,3.6,0.88,2,277
50.0,1.0986122886681098,13.0,3.7,0.88,2,277
20.0,1.0986122886681098,13.0,3.7,0.88,2,277
90.0,1.0986122886681098,13.0,3.7,0.88,2,277
10.0,0.6931471805599453,12.0,5.2,0.88,2,277
30.0,0.6931471805599453,12.0,5.2,0.88,2,277
10.0,0.6931471805599453,12.0,5.2,0.88,2,277
90.0,0.6931471805599453,13.0,5.0,0.88,2,277
90.0,0.6931471805599453,13.0,5.0,0.88,2,277
20.0,3.258096538021482,12.0,3.8,0.88,2,277
60.0,3.258096538021482,12.0,3.8,0.88,2,277
0.0,1.0986122886681098,12.0,8.7,0.10989010989010989,2,278
0.0,1.0986122886681098,11.0,10.2,0.10989010989010989,2,278
0.0,1.0986122886681098,12.0,8.7,0.10989010989010989,2,278
0.0,1.0986122886681098,11.0,10.2,0.10989010989010989,2,278
0.0,1.0986122886681098,12.0,8.7,0.10989010989010989,2,278
0.0,1.0986122886681098,11.0,10.2,0.10989010989010989,2,278
0.0,1.0986122886681098,12.0,8.7,0.10989010989010989,2,278
0.0,1.0986122886681098,11.0,10.2,0.10989010989010989,2,278
0.0,1.0986122886681098,12.0,8.7,0.10989010989010989,2,278
0.0,1.0986122886681098,11.0,10.2,0.10989010989010989,2,278
0.0,1.0986122886681098,12.0,8.7,0.10989010989010989,2,278
0.0,1.0986122886681098,11.0,10.2,0.10989010989010989,2,278
0.0,0.6931471805599453,13.0,10.5,0.10989010989010989,2,278
0.0,0.6931471805599453,12.0,14.9,0.10989010989010989,2,278
0.0,0.6931471805599453,13.0,10.5,0.10989010989010989,2,278
0.0,0.6931471805599453,12.0,14.9,0.10989010989010989,2,278
0.0,0.6931471805599453,13.0,10.5,0.10989010989010989,2,278
0.0,0.6931471805599453,12.0,14.9,0.10989010989010989,2,278
25.0,0.6931471805599453,13.0,10.5,0.10989010989010989,2,278
25.0,0.6931471805599453,12.0,14.9,0.10989010989010989,2,278
0.0,0.6931471805599453,13.0,10.5,0.10989010989010989,2,278
0.0,0.6931471805599453,12.0,14.9,0.10989010989010989,2,278
0.0,0.6931471805599453,12.0,8.7,0.10989010989010989,2,278
0.0,0.6931471805599453,11.0,10.2,0.10989010989010989,2,278
0.0,0.6931471805599453,12.0,8.7,0.10989010989010989,2,278
0.0,0.6931471805599453,11.0,10.2,0.10989010989010989,2,278
0.0,0.6931471805599453,12.0,8.7,0.10989010989010989,2,278
0.0,0.6931471805599453,11.0,10.2,0.10989010989010989,2,278
0.0,0.6931471805599453,12.0,8.7,0.10989010989010989,2,278
0.0,0.6931471805599453,11.0,10.2,0.10989010989010989,2,278
0.0,0.6931471805599453,12.0,8.7,0.10989010989010989,2,278
0.0,0.6931471805599453,11.0,10.2,0.10989010989010989,2,278
0.0,0.6931471805599453,12.0,8.7,0.10989010989010989,2,278
0.0,0.6931471805599453,11.0,10.2,0.10989010989010989,2,278
0.0,3.258096538021482,13.0,10.5,0.10989010989010989,2,278
0.0,3.258096538021482,12.0,14.9,0.10989010989010989,2,278
0.0,3.258096538021482,13.0,10.5,0.10989010989010989,2,278
0.0,3.258096538021482,12.0,14.9,0.10989010989010989,2,278
0.0,3.258096538021482,13.0,10.5,0.10989010989010989,2,278
0.0,3.258096538021482,12.0,14.9,0.10989010989010989,2,278
25.0,3.258096538021482,13.0,10.5,0.10989010989010989,2,278
25.0,3.258096538021482,12.0,14.9,0.10989010989010989,2,278
0.0,3.258096538021482,13.0,10.5,0.10989010989010989,2,278
0.0,3.258096538021482,12.0,14.9,0.10989010989010989,2,278
0.0,3.258096538021482,12.0,9.3,0.10989010989010989,2,278
0.0,3.258096538021482,12.0,12.0,0.10989010989010989,2,278
0.0,3.258096538021482,12.0,12.0,0.10989010989010989,2,278
0.0,3.258096538021482,12.0,12.0,0.10989010989010989,2,278
0.0,0.6931471805599453,14.0,10.4,0.10989010989010989,2,278
0.0,0.6931471805599453,14.0,10.4,0.10989010989010989,2,278
0.0,0.6931471805599453,14.0,10.4,0.10989010989010989,2,278
0.0,0.6931471805599453,11.0,8.9,0.10989010989010989,2,278
0.0,0.6931471805599453,11.0,8.9,0.10989010989010989,2,278
0.0,0.6931471805599453,11.0,8.9,0.10989010989010989,2,278
10.0,0.6931471805599453,12.0,5.8,0.10989010989010989,2,278
0.0,0.6931471805599453,12.0,5.8,0.10989010989010989,2,278
0.0,0.6931471805599453,12.0,5.8,0.10989010989010989,2,278
0.0,0.6931471805599453,12.0,5.9,0.10989010989010989,2,278
0.0,0.6931471805599453,11.0,11.8,0.10989010989010989,2,278
0.0,0.6931471805599453,12.0,5.9,0.10989010989010989,2,278
0.0,0.6931471805599453,11.0,11.8,0.10989010989010989,2,278
0.0,0.6931471805599453,12.0,5.9,0.10989010989010989,2,278
0.0,0.6931471805599453,11.0,11.8,0.10989010989010989,2,278
0.0,0.6931471805599453,12.0,5.9,0.10989010989010989,2,278
0.0,0.6931471805599453,11.0,11.8,0.10989010989010989,2,278
0.0,0.6931471805599453,12.0,5.9,0.10989010989010989,2,278
0.0,0.6931471805599453,11.0,11.8,0.10989010989010989,2,278
0.0,0.6931471805599453,13.0,11.1,0.10989010989010989,2,278
0.0,0.6931471805599453,14.0,6.1,0.10989010989010989,2,278
0.0,0.6931471805599453,13.0,11.1,0.10989010989010989,2,278
0.0,0.6931471805599453,14.0,6.1,0.10989010989010989,2,278
0.0,0.6931471805599453,13.0,11.1,0.10989010989010989,2,278
0.0,0.6931471805599453,14.0,6.1,0.10989010989010989,2,278
0.0,0.6931471805599453,13.0,11.1,0.10989010989010989,2,278
0.0,0.6931471805599453,14.0,6.1,0.10989010989010989,2,278
0.0,0.6931471805599453,13.0,11.1,0.10989010989010989,2,278
0.0,0.6931471805599453,14.0,6.1,0.10989010989010989,2,278
0.0,0.6931471805599453,13.0,11.1,0.10989010989010989,2,278
0.0,0.6931471805599453,14.0,6.1,0.10989010989010989,2,278
0.0,0.6931471805599453,10.0,42.4,0.10989010989010989,1,278
0.0,0.6931471805599453,10.0,42.4,0.10989010989010989,1,278
0.0,0.6931471805599453,10.0,42.4,0.10989010989010989,1,278
0.0,1.3862943611198906,12.0,5.9,0.10989010989010989,1,278
0.0,1.3862943611198906,11.0,11.8,0.10989010989010989,1,278
0.0,1.3862943611198906,12.0,5.9,0.10989010989010989,1,278
0.0,1.3862943611198906,11.0,11.8,0.10989010989010989,1,278
0.0,1.3862943611198906,12.0,5.9,0.10989010989010989,1,278
0.0,1.3862943611198906,11.0,11.8,0.10989010989010989,1,278
0.0,1.3862943611198906,12.0,5.9,0.10989010989010989,1,278
0.0,1.3862943611198906,11.0,11.8,0.10989010989010989,1,278
0.0,1.3862943611198906,12.0,5.9,0.10989010989010989,1,278
0.0,1.3862943611198906,11.0,11.8,0.10989010989010989,1,278
0.0,0.6931471805599453,12.0,5.9,0.10989010989010989,2,278
0.0,0.6931471805599453,11.0,11.8,0.10989010989010989,2,278
0.0,0.6931471805599453,12.0,5.9,0.10989010989010989,2,278
0.0,0.6931471805599453,11.0,11.8,0.10989010989010989,2,278
0.0,0.6931471805599453,12.0,5.9,0.10989010989010989,2,278
0.0,0.6931471805599453,11.0,11.8,0.10989010989010989,2,278
0.0,0.6931471805599453,12.0,5.9,0.10989010989010989,2,278
0.0,0.6931471805599453,11.0,11.8,0.10989010989010989,2,278
0.0,0.6931471805599453,12.0,5.9,0.10989010989010989,2,278
0.0,0.6931471805599453,11.0,11.8,0.10989010989010989,2,278
0.0,1.3862943611198906,12.0,10.4,0.10989010989010989,1,278
0.0,1.3862943611198906,12.0,10.4,0.10989010989010989,1,278
0.0,1.0986122886681098,12.0,10.4,0.10989010989010989,2,278
0.0,1.0986122886681098,12.0,10.4,0.10989010989010989,2,278
0.0,1.3862943611198906,13.0,11.1,0.10989010989010989,1,278
0.0,1.3862943611198906,14.0,6.1,0.10989010989010989,1,278
0.0,1.3862943611198906,13.0,11.1,0.10989010989010989,1,278
0.0,1.3862943611198906,14.0,6.1,0.10989010989010989,1,278
0.0,1.3862943611198906,13.0,11.1,0.10989010989010989,1,278
0.0,1.3862943611198906,14.0,6.1,0.10989010989010989,1,278
0.0,1.3862943611198906,13.0,11.1,0.10989010989010989,1,278
0.0,1.3862943611198906,14.0,6.1,0.10989010989010989,1,278
0.0,1.3862943611198906,13.0,11.1,0.10989010989010989,1,278
0.0,1.3862943611198906,14.0,6.1,0.10989010989010989,1,278
0.0,1.3862943611198906,13.0,11.1,0.10989010989010989,1,278
0.0,1.3862943611198906,14.0,6.1,0.10989010989010989,1,278
0.0,0.6931471805599453,13.0,11.1,0.10989010989010989,2,278
0.0,0.6931471805599453,14.0,6.1,0.10989010989010989,2,278
0.0,0.6931471805599453,13.0,11.1,0.10989010989010989,2,278
0.0,0.6931471805599453,14.0,6.1,0.10989010989010989,2,278
0.0,0.6931471805599453,13.0,11.1,0.10989010989010989,2,278
0.0,0.6931471805599453,14.0,6.1,0.10989010989010989,2,278
0.0,0.6931471805599453,13.0,11.1,0.10989010989010989,2,278
0.0,0.6931471805599453,14.0,6.1,0.10989010989010989,2,278
0.0,0.6931471805599453,13.0,11.1,0.10989010989010989,2,278
0.0,0.6931471805599453,14.0,6.1,0.10989010989010989,2,278
0.0,0.6931471805599453,13.0,11.1,0.10989010989010989,2,278
0.0,0.6931471805599453,14.0,6.1,0.10989010989010989,2,278
0.0,0.6931471805599453,11.0,8.1,0.10989010989010989,1,278
0.0,0.6931471805599453,11.0,8.1,0.10989010989010989,1,278
0.0,0.6931471805599453,11.0,8.1,0.10989010989010989,1,278
0.0,1.0986122886681098,11.0,8.1,0.10989010989010989,2,278
0.0,1.0986122886681098,11.0,8.1,0.10989010989010989,2,278
0.0,1.0986122886681098,11.0,8.1,0.10989010989010989,2,278
0.0,1.0986122886681098,12.0,11.6,0.10989010989010989,2,278
0.0,1.0986122886681098,12.0,11.6,0.10989010989010989,2,278
0.0,1.0986122886681098,12.0,11.6,0.10989010989010989,2,278
0.0,0.6931471805599453,12.0,16.1,0.10989010989010989,2,278
10.0,0.6931471805599453,12.0,16.1,0.10989010989010989,2,278
0.0,0.6931471805599453,11.0,46.1,0.10989010989010989,2,278
0.0,0.6931471805599453,13.0,26.0,0.10989010989010989,2,278
0.0,0.6931471805599453,13.0,26.0,0.10989010989010989,2,278
0.0,0.6931471805599453,13.0,26.0,0.10989010989010989,2,278
0.0,0.6931471805599453,15.0,13.5,0.10989010989010989,2,278
0.0,0.6931471805599453,15.0,13.5,0.10989010989010989,2,278
0.0,0.6931471805599453,15.0,13.5,0.10989010989010989,2,278
0.0,0.6931471805599453,11.0,34.2,0.10989010989010989,2,278
0.0,0.6931471805599453,11.0,34.2,0.10989010989010989,2,278
0.0,0.6931471805599453,11.0,8.5,0.10989010989010989,1,278
0.0,0.6931471805599453,11.0,8.5,0.10989010989010989,1,278
0.0,0.6931471805599453,11.0,8.5,0.10989010989010989,2,278
0.0,0.6931471805599453,11.0,8.5,0.10989010989010989,2,278
10.0,0.6931471805599453,12.0,4.8,0.10989010989010989,2,278
10.0,0.6931471805599453,12.0,4.8,0.10989010989010989,2,278
0.0,0.6931471805599453,12.0,4.8,0.10989010989010989,2,278
20.0,0.6931471805599453,12.0,5.0,0.10989010989010989,2,278
20.0,0.6931471805599453,12.0,5.0,0.10989010989010989,2,278
20.0,0.6931471805599453,12.0,4.4,0.10989010989010989,2,278
20.0,0.6931471805599453,12.0,4.4,0.10989010989010989,2,278
0.0,3.258096538021482,11.0,14.8,0.10989010989010989,1,278
10.0,3.258096538021482,11.0,14.8,0.10989010989010989,1,278
0.0,3.258096538021482,11.0,14.8,0.10989010989010989,1,278
0.0,0.6931471805599453,11.0,14.8,0.10989010989010989,2,278
10.0,0.6931471805599453,11.0,14.8,0.10989010989010989,2,278
0.0,0.6931471805599453,11.0,14.8,0.10989010989010989,2,278
0.0,0.6931471805599453,12.0,19.3,0.10989010989010989,2,278
0.0,0.6931471805599453,12.0,19.3,0.10989010989010989,2,278
0.0,0.6931471805599453,12.0,19.3,0.10989010989010989,2,278
0.0,0.6931471805599453,12.0,7.9,0.10989010989010989,2,278
0.0,0.6931471805599453,12.0,7.9,0.10989010989010989,2,278
0.0,0.6931471805599453,12.0,7.9,0.10989010989010989,2,278
0.0,0.6931471805599453,12.0,9.5,0.10989010989010989,2,278
0.0,0.6931471805599453,12.0,9.5,0.10989010989010989,2,278
0.0,0.6931471805599453,12.0,9.5,0.10989010989010989,2,278
0.0,1.0986122886681098,11.0,4.2,0.10989010989010989,2,278
0.0,1.0986122886681098,11.0,4.2,0.10989010989010989,2,278
0.0,1.6094379124341003,12.0,6.6,0.10989010989010989,2,278
0.0,1.6094379124341003,12.0,6.6,0.10989010989010989,2,278
0.0,1.6094379124341003,12.0,6.6,0.10989010989010989,2,278
0.0,3.258096538021482,13.0,11.0,0.10989010989010989,1,278
0.0,3.258096538021482,13.0,11.0,0.10989010989010989,1,278
0.0,3.258096538021482,13.0,11.0,0.10989010989010989,1,278
0.0,0.6931471805599453,13.0,11.0,0.10989010989010989,2,278
0.0,0.6931471805599453,13.0,11.0,0.10989010989010989,2,278
0.0,0.6931471805599453,13.0,11.0,0.10989010989010989,2,278
0.0,3.258096538021482,14.0,9.1,0.10989010989010989,1,278
0.0,3.258096538021482,14.0,9.1,0.10989010989010989,1,278
0.0,3.258096538021482,14.0,9.1,0.10989010989010989,1,278
0.0,0.6931471805599453,14.0,9.1,0.10989010989010989,2,278
0.0,0.6931471805599453,14.0,9.1,0.10989010989010989,2,278
0.0,0.6931471805599453,14.0,9.1,0.10989010989010989,2,278
0.0,0.6931471805599453,11.0,21.7,0.10989010989010989,2,278
0.0,0.6931471805599453,11.0,21.7,0.10989010989010989,2,278
50.0,1.0986122886681098,12.0,12.9,0.6031746031746031,2,279
0.0,1.0986122886681098,12.0,12.9,0.6031746031746031,2,279
50.0,1.3862943611198906,15.0,6.5,0.6031746031746031,2,279
0.0,1.3862943611198906,15.0,6.5,0.6031746031746031,2,279
60.0,1.0986122886681098,13.0,12.2,0.6031746031746031,1,279
50.0,1.3862943611198906,11.0,19.0,0.6031746031746031,2,279
0.0,1.3862943611198906,11.0,19.0,0.6031746031746031,2,279
60.0,0.6931471805599453,13.0,12.7,0.6031746031746031,1,279
60.0,0.6931471805599453,15.0,8.9,0.6031746031746031,1,279
60.0,0.6931471805599453,11.0,19.9,0.6031746031746031,1,279
50.0,0.6931471805599453,13.0,12.7,0.6031746031746031,1,279
50.0,0.6931471805599453,15.0,8.9,0.6031746031746031,1,279
50.0,0.6931471805599453,11.0,19.9,0.6031746031746031,1,279
0.0,0.6931471805599453,13.0,12.7,0.6031746031746031,1,279
0.0,0.6931471805599453,15.0,8.9,0.6031746031746031,1,279
0.0,0.6931471805599453,11.0,19.9,0.6031746031746031,1,279
50.0,0.6931471805599453,13.0,12.7,0.6031746031746031,1,279
50.0,0.6931471805599453,15.0,8.9,0.6031746031746031,1,279
50.0,0.6931471805599453,11.0,19.9,0.6031746031746031,1,279
60.0,1.3862943611198906,13.0,12.7,0.6031746031746031,2,279
60.0,1.3862943611198906,15.0,8.9,0.6031746031746031,2,279
60.0,1.3862943611198906,11.0,19.9,0.6031746031746031,2,279
50.0,1.3862943611198906,13.0,12.7,0.6031746031746031,2,279
50.0,1.3862943611198906,15.0,8.9,0.6031746031746031,2,279
50.0,1.3862943611198906,11.0,19.9,0.6031746031746031,2,279
0.0,1.3862943611198906,13.0,12.7,0.6031746031746031,2,279
0.0,1.3862943611198906,15.0,8.9,0.6031746031746031,2,279
0.0,1.3862943611198906,11.0,19.9,0.6031746031746031,2,279
50.0,1.3862943611198906,13.0,12.7,0.6031746031746031,2,279
50.0,1.3862943611198906,15.0,8.9,0.6031746031746031,2,279
50.0,1.3862943611198906,11.0,19.9,0.6031746031746031,2,279
50.0,1.0986122886681098,13.0,9.4,0.6031746031746031,2,279
60.0,1.3862943611198906,13.0,12.7,0.6031746031746031,2,279
60.0,1.3862943611198906,15.0,8.9,0.6031746031746031,2,279
60.0,1.3862943611198906,11.0,19.9,0.6031746031746031,2,279
50.0,1.3862943611198906,13.0,12.7,0.6031746031746031,2,279
50.0,1.3862943611198906,15.0,8.9,0.6031746031746031,2,279
50.0,1.3862943611198906,11.0,19.9,0.6031746031746031,2,279
0.0,1.3862943611198906,13.0,12.7,0.6031746031746031,2,279
0.0,1.3862943611198906,15.0,8.9,0.6031746031746031,2,279
0.0,1.3862943611198906,11.0,19.9,0.6031746031746031,2,279
50.0,1.3862943611198906,13.0,12.7,0.6031746031746031,2,279
50.0,1.3862943611198906,15.0,8.9,0.6031746031746031,2,279
50.0,1.3862943611198906,11.0,19.9,0.6031746031746031,2,279
60.0,1.0986122886681098,12.0,19.8,0.6031746031746031,1,279
60.0,1.0986122886681098,11.0,13.6,0.6031746031746031,1,279
50.0,1.3862943611198906,17.0,7.1,0.6031746031746031,2,279
0.0,1.3862943611198906,17.0,7.1,0.6031746031746031,2,279
50.0,1.3862943611198906,15.0,10.1,0.6031746031746031,2,279
0.0,1.3862943611198906,15.0,10.1,0.6031746031746031,2,279
50.0,1.0986122886681098,12.0,8.4,0.6031746031746031,2,279
0.0,1.0986122886681098,12.0,8.4,0.6031746031746031,2,279
60.0,0.6931471805599453,12.0,14.7,0.6031746031746031,1,279
50.0,1.0986122886681098,15.0,9.5,0.6031746031746031,2,279
0.0,1.0986122886681098,15.0,9.5,0.6031746031746031,2,279
60.0,0.6931471805599453,16.0,9.5,0.6031746031746031,1,279
50.0,0.6931471805599453,16.0,9.5,0.6031746031746031,1,279
0.0,0.6931471805599453,16.0,9.5,0.6031746031746031,1,279
60.0,1.0986122886681098,16.0,9.5,0.6031746031746031,2,279
50.0,1.0986122886681098,16.0,9.5,0.6031746031746031,2,279
0.0,1.0986122886681098,16.0,9.5,0.6031746031746031,2,279
60.0,1.3862943611198906,12.0,8.2,0.6031746031746031,2,279
0.0,1.3862943611198906,12.0,8.2,0.6031746031746031,2,279
60.0,1.0986122886681098,16.0,6.4,0.6031746031746031,2,279
0.0,1.0986122886681098,16.0,6.4,0.6031746031746031,2,279
60.0,0.6931471805599453,12.0,14.0,0.6031746031746031,1,279
50.0,0.6931471805599453,12.0,14.0,0.6031746031746031,1,279
0.0,0.6931471805599453,12.0,14.0,0.6031746031746031,1,279
60.0,0.6931471805599453,12.0,14.0,0.6031746031746031,2,279
50.0,0.6931471805599453,12.0,14.0,0.6031746031746031,2,279
0.0,0.6931471805599453,12.0,14.0,0.6031746031746031,2,279
40.0,1.6094379124341003,13.0,8.1,0.6031746031746031,2,279
0.0,1.6094379124341003,13.0,8.1,0.6031746031746031,2,279
10.0,1.6094379124341003,14.0,9.7,0.6031746031746031,2,279
0.0,1.6094379124341003,14.0,9.7,0.6031746031746031,2,279
50.0,1.3862943611198906,15.0,8.8,0.6031746031746031,2,279
0.0,1.3862943611198906,15.0,8.8,0.6031746031746031,2,279
20.0,0.6931471805599453,12.0,14.3,0.6031746031746031,1,279
10.0,0.6931471805599453,12.0,14.3,0.6031746031746031,1,279
20.0,1.0986122886681098,12.0,14.3,0.6031746031746031,2,279
10.0,1.0986122886681098,12.0,14.3,0.6031746031746031,2,279
50.0,1.6094379124341003,16.0,6.7,0.6031746031746031,2,279
0.0,1.6094379124341003,16.0,6.7,0.6031746031746031,2,279
50.0,1.3862943611198906,15.0,15.8,0.6031746031746031,2,279
0.0,1.3862943611198906,15.0,15.8,0.6031746031746031,2,279
40.0,1.0986122886681098,15.0,6.0,0.6031746031746031,2,279
40.0,0.6931471805599453,11.0,12.8,0.6031746031746031,2,279
0.0,0.6931471805599453,11.0,12.8,0.6031746031746031,2,279
50.0,1.0986122886681098,13.0,5.7,0.6031746031746031,1,279
40.0,1.0986122886681098,13.0,9.1,0.6031746031746031,1,279
30.0,1.0986122886681098,13.0,9.1,0.6031746031746031,1,279
0.0,1.0986122886681098,13.0,9.1,0.6031746031746031,1,279
40.0,1.3862943611198906,13.0,9.1,0.6031746031746031,2,279
30.0,1.3862943611198906,13.0,9.1,0.6031746031746031,2,279
0.0,1.3862943611198906,13.0,9.1,0.6031746031746031,2,279
20.0,1.6094379124341003,12.0,23.5,0.6031746031746031,2,279
0.0,1.6094379124341003,12.0,23.5,0.6031746031746031,2,279
50.0,1.3862943611198906,12.0,8.5,0.6031746031746031,2,279
0.0,1.3862943611198906,12.0,8.5,0.6031746031746031,2,279
50.0,1.3862943611198906,13.0,8.5,0.6031746031746031,2,279
3.0,1.3862943611198906,13.0,8.5,0.6031746031746031,2,279
0.0,1.0986122886681098,13.0,3.0,0.6031746031746031,1,279
60.0,1.0986122886681098,13.0,11.2,0.6031746031746031,2,279
50.0,0.6931471805599453,15.0,12.2,0.5923076923076923,2,280
50.0,0.6931471805599453,15.0,9.7,0.5923076923076923,2,280
50.0,0.6931471805599453,14.0,10.6,0.5923076923076923,2,280
0.0,0.6931471805599453,15.0,9.7,0.5923076923076923,2,280
0.0,0.6931471805599453,14.0,10.6,0.5923076923076923,2,280
50.0,0.6931471805599453,15.0,13.0,0.5923076923076923,2,280
30.0,0.6931471805599453,16.0,9.6,0.5923076923076923,2,280
40.0,0.6931471805599453,14.0,12.6,0.5923076923076923,2,280
0.0,0.6931471805599453,14.0,12.6,0.5923076923076923,2,280
50.0,1.6094379124341003,14.0,9.3,0.5923076923076923,2,280
0.0,1.6094379124341003,14.0,9.3,0.5923076923076923,2,280
50.0,1.3862943611198906,12.0,8.8,0.5923076923076923,2,280
0.0,1.3862943611198906,12.0,8.8,0.5923076923076923,2,280
60.0,0.6931471805599453,13.0,18.0,0.5923076923076923,1,280
0.0,0.6931471805599453,13.0,18.0,0.5923076923076923,1,280
0.0,0.6931471805599453,13.0,18.0,0.5923076923076923,1,280
80.0,1.3862943611198906,13.0,9.4,0.5923076923076923,2,280
0.0,1.3862943611198906,13.0,9.4,0.5923076923076923,2,280
0.0,0.6931471805599453,11.0,9.7,0.5923076923076923,2,280
0.0,0.6931471805599453,11.0,9.7,0.5923076923076923,2,280
0.0,0.6931471805599453,12.0,12.6,0.5923076923076923,2,280
0.0,0.6931471805599453,12.0,12.6,0.5923076923076923,2,280
0.0,0.6931471805599453,11.0,15.1,0.5923076923076923,2,280
0.0,0.6931471805599453,11.0,15.1,0.5923076923076923,2,280
40.0,1.791759469228055,11.0,8.4,0.5923076923076923,2,280
30.0,1.791759469228055,11.0,8.4,0.5923076923076923,2,280
50.0,3.044522437723423,13.0,9.5,0.5923076923076923,2,280
0.0,3.044522437723423,13.0,9.5,0.5923076923076923,2,280
0.0,3.044522437723423,13.0,9.5,0.5923076923076923,2,280
0.0,3.044522437723423,13.0,9.5,0.5923076923076923,2,280
50.0,0.6931471805599453,11.0,9.6,0.5923076923076923,2,280
0.0,0.6931471805599453,11.0,9.6,0.5923076923076923,2,280
0.0,0.6931471805599453,11.0,9.6,0.5923076923076923,2,280
50.0,3.258096538021482,11.0,9.6,0.5923076923076923,1,280
50.0,3.258096538021482,11.0,9.6,0.5923076923076923,1,280
0.0,3.258096538021482,11.0,9.6,0.5923076923076923,1,280
0.0,3.258096538021482,11.0,9.6,0.5923076923076923,1,280
50.0,1.3862943611198906,11.0,9.6,0.5923076923076923,2,280
50.0,1.3862943611198906,11.0,9.6,0.5923076923076923,2,280
0.0,1.3862943611198906,11.0,9.6,0.5923076923076923,2,280
0.0,1.3862943611198906,11.0,9.6,0.5923076923076923,2,280
50.0,1.0986122886681098,11.0,15.2,0.5923076923076923,2,280
50.0,3.258096538021482,11.0,16.3,0.5923076923076923,1,280
50.0,3.258096538021482,11.0,16.3,0.5923076923076923,1,280
0.0,3.258096538021482,11.0,16.3,0.5923076923076923,1,280
0.0,3.258096538021482,11.0,16.3,0.5923076923076923,1,280
50.0,1.6094379124341003,11.0,16.3,0.5923076923076923,2,280
50.0,1.6094379124341003,11.0,16.3,0.5923076923076923,2,280
0.0,1.6094379124341003,11.0,16.3,0.5923076923076923,2,280
0.0,1.6094379124341003,11.0,16.3,0.5923076923076923,2,280
50.0,3.258096538021482,13.0,8.2,0.5923076923076923,1,280
0.0,3.258096538021482,13.0,8.2,0.5923076923076923,1,280
30.0,3.258096538021482,13.0,8.2,0.5923076923076923,1,280
50.0,3.258096538021482,13.0,8.2,0.5923076923076923,2,280
0.0,3.258096538021482,13.0,8.2,0.5923076923076923,2,280
30.0,3.258096538021482,13.0,8.2,0.5923076923076923,2,280
50.0,1.0986122886681098,12.0,11.7,0.5923076923076923,2,280
0.0,1.0986122886681098,12.0,11.7,0.5923076923076923,2,280
60.0,0.6931471805599453,12.0,9.2,0.5923076923076923,1,280
60.0,0.6931471805599453,12.0,9.2,0.5923076923076923,1,280
0.0,0.6931471805599453,12.0,9.2,0.5923076923076923,1,280
60.0,3.258096538021482,12.0,9.2,0.5923076923076923,2,280
60.0,3.258096538021482,12.0,9.2,0.5923076923076923,2,280
0.0,3.258096538021482,12.0,9.2,0.5923076923076923,2,280
60.0,0.6931471805599453,14.0,8.3,0.5923076923076923,1,280
0.0,0.6931471805599453,14.0,8.3,0.5923076923076923,1,280
60.0,3.258096538021482,12.0,9.4,0.5923076923076923,1,280
60.0,3.258096538021482,12.0,9.4,0.5923076923076923,1,280
60.0,3.258096538021482,12.0,9.4,0.5923076923076923,2,280
60.0,3.258096538021482,12.0,9.4,0.5923076923076923,2,280
60.0,0.6931471805599453,12.0,8.6,0.5923076923076923,2,280
60.0,1.0986122886681098,10.0,18.6,0.5923076923076923,2,280
60.0,0.6931471805599453,12.0,15.9,0.5923076923076923,2,280
50.0,0.6931471805599453,12.0,15.9,0.5923076923076923,2,280
60.0,0.6931471805599453,16.0,6.7,0.5923076923076923,2,280
0.0,0.6931471805599453,16.0,6.7,0.5923076923076923,2,280
50.0,3.258096538021482,13.0,4.8,0.5923076923076923,2,280
50.0,3.258096538021482,13.0,4.8,0.5923076923076923,2,280
50.0,3.258096538021482,13.0,4.8,0.5923076923076923,2,280
50.0,3.258096538021482,13.0,5.0,0.5923076923076923,2,280
50.0,3.258096538021482,13.0,5.0,0.5923076923076923,2,280
50.0,3.258096538021482,13.0,5.0,0.5923076923076923,2,280
50.0,2.3978952727983707,12.0,12.0,0.5923076923076923,2,280
50.0,2.3978952727983707,12.0,12.3,0.5923076923076923,2,280
50.0,2.3978952727983707,12.0,11.9,0.5923076923076923,2,280
40.0,2.3978952727983707,12.0,11.9,0.5923076923076923,2,280
40.0,3.258096538021482,15.0,9.1,0.5923076923076923,2,280
50.0,3.258096538021482,15.0,9.1,0.5923076923076923,2,280
50.0,2.772588722239781,13.0,8.4,0.5923076923076923,1,280
50.0,2.772588722239781,13.0,8.4,0.5923076923076923,1,280
40.0,1.0986122886681098,12.0,14.6,0.5923076923076923,2,280
40.0,1.3862943611198906,14.0,11.8,0.5923076923076923,2,280
30.0,1.3862943611198906,14.0,11.8,0.5923076923076923,2,280
40.0,3.258096538021482,13.0,27.5,0.5923076923076923,2,280
30.0,3.258096538021482,13.0,27.5,0.5923076923076923,2,280
50.0,0.6931471805599453,11.0,20.8,0.5923076923076923,1,280
40.0,0.6931471805599453,11.0,20.8,0.5923076923076923,1,280
50.0,0.6931471805599453,11.0,20.8,0.5923076923076923,2,280
40.0,0.6931471805599453,11.0,20.8,0.5923076923076923,2,280
40.0,1.0986122886681098,12.0,14.5,0.5923076923076923,2,280
30.0,1.0986122886681098,12.0,14.5,0.5923076923076923,2,280
50.0,1.6094379124341003,12.0,21.0,0.5923076923076923,1,280
40.0,1.3862943611198906,13.0,13.3,0.5923076923076923,2,280
50.0,1.0986122886681098,11.0,19.5,0.5923076923076923,1,280
40.0,1.0986122886681098,11.0,19.5,0.5923076923076923,1,280
50.0,1.3862943611198906,11.0,19.5,0.5923076923076923,2,280
40.0,1.3862943611198906,11.0,19.5,0.5923076923076923,2,280
50.0,1.0986122886681098,11.0,20.2,0.5923076923076923,1,280
40.0,1.0986122886681098,11.0,20.2,0.5923076923076923,1,280
50.0,2.772588722239781,11.0,20.2,0.5923076923076923,2,280
40.0,2.772588722239781,11.0,20.2,0.5923076923076923,2,280
50.0,0.6931471805599453,11.0,22.3,0.5923076923076923,1,280
50.0,0.6931471805599453,11.0,12.8,0.5923076923076923,1,280
50.0,2.3978952727983707,12.0,15.3,0.5923076923076923,2,280
50.0,1.3862943611198906,12.0,12.3,0.5923076923076923,1,280
50.0,1.252762968495368,13.0,9.0,0.5923076923076923,1,280
50.0,1.252762968495368,13.0,9.0,0.5923076923076923,1,280
50.0,1.252762968495368,13.0,9.0,0.5923076923076923,1,280
50.0,1.3862943611198906,13.0,10.2,0.5923076923076923,2,280
0.0,1.3862943611198906,13.0,10.2,0.5923076923076923,2,280
50.0,1.3862943611198906,13.0,10.2,0.5923076923076923,2,280
50.0,1.0986122886681098,13.0,10.1,0.5923076923076923,1,280
50.0,1.0986122886681098,13.0,10.1,0.5923076923076923,1,280
0.0,1.0986122886681098,13.0,10.1,0.5923076923076923,1,280
50.0,1.3862943611198906,13.0,10.1,0.5923076923076923,2,280
50.0,1.3862943611198906,13.0,10.1,0.5923076923076923,2,280
0.0,1.3862943611198906,13.0,10.1,0.5923076923076923,2,280
50.0,0.6931471805599453,12.0,8.9,0.5923076923076923,1,280
0.0,0.6931471805599453,12.0,8.9,0.5923076923076923,1,280
0.0,0.6931471805599453,12.0,8.9,0.5923076923076923,1,280
50.0,1.0986122886681098,11.0,20.4,0.5923076923076923,2,280
0.0,1.0986122886681098,11.0,20.4,0.5923076923076923,2,280
90.0,3.258096538021482,13.0,3.0,0.8536585365853658,2,281
90.0,3.258096538021482,13.0,9.3,0.8536585365853658,2,281
50.0,3.258096538021482,13.0,3.0,0.8536585365853658,2,281
50.0,3.258096538021482,13.0,9.3,0.8536585365853658,2,281
30.0,3.258096538021482,13.0,3.0,0.8536585365853658,2,281
30.0,3.258096538021482,13.0,9.3,0.8536585365853658,2,281
90.0,3.9318256327243257,13.0,11.0,0.8536585365853658,2,281
90.0,3.258096538021482,15.0,3.0,0.8536585365853658,2,281
90.0,3.258096538021482,13.0,8.3,0.8536585365853658,2,281
90.0,3.258096538021482,15.0,1.9,0.8536585365853658,2,281
40.0,3.258096538021482,13.0,8.3,0.8536585365853658,2,281
40.0,3.258096538021482,15.0,1.9,0.8536585365853658,2,281
80.0,3.258096538021482,13.0,8.3,0.8536585365853658,2,281
50.0,3.258096538021482,13.0,8.3,0.8536585365853658,2,281
30.0,3.258096538021482,13.0,8.3,0.8536585365853658,2,281
70.0,1.0986122886681098,13.0,1.8,0.8536585365853658,2,281
85.0,2.3978952727983707,11.0,21.6,0.8536585365853658,2,281
80.0,0.6931471805599453,13.0,4.8,0.8536585365853658,2,281
2.0,0.6931471805599453,13.0,4.9,0.8536585365853658,1,281
90.0,1.0986122886681098,14.0,2.0,0.8536585365853658,2,281
60.0,1.0986122886681098,12.0,5.6,0.8536585365853658,2,281
20.0,1.0986122886681098,12.0,5.6,0.8536585365853658,2,281
0.0,0.6931471805599453,25.0,2.4,0.8536585365853658,1,281
0.0,0.6931471805599453,25.0,2.4,0.8536585365853658,1,281
80.0,0.6931471805599453,13.0,30.4,0.8536585365853658,2,281
80.0,0.6931471805599453,13.0,30.4,0.8536585365853658,2,281
60.0,1.3862943611198906,12.0,18.1,0.8536585365853658,2,281
80.0,0.6931471805599453,15.0,4.6,0.8536585365853658,2,281
95.0,0.6931471805599453,15.0,4.6,0.8536585365853658,2,281
30.0,0.6931471805599453,15.0,2.2,0.8536585365853658,2,281
20.0,3.9318256327243257,16.0,2.0,0.8536585365853658,2,281
20.0,3.9318256327243257,16.0,2.0,0.8536585365853658,2,281
70.0,1.6094379124341003,14.0,4.3,0.8536585365853658,1,281
60.0,1.0986122886681098,12.0,22.8,0.7636363636363637,2,282
60.0,1.0986122886681098,13.0,7.1,0.7636363636363637,2,282
0.0,1.0986122886681098,12.0,22.8,0.7636363636363637,2,282
0.0,1.0986122886681098,13.0,7.1,0.7636363636363637,2,282
90.0,1.0986122886681098,12.0,22.8,0.7636363636363637,2,282
90.0,1.0986122886681098,13.0,7.1,0.7636363636363637,2,282
100.0,0.6931471805599453,13.0,16.9,0.7636363636363637,2,282
100.0,0.6931471805599453,14.0,3.5,0.7636363636363637,2,282
100.0,0.6931471805599453,14.0,2.7,0.7636363636363637,2,282
80.0,0.6931471805599453,14.0,3.5,0.7636363636363637,2,282
80.0,0.6931471805599453,14.0,2.7,0.7636363636363637,2,282
0.0,2.1972245773362196,12.0,4.3,0.7636363636363637,2,282
0.0,2.1972245773362196,12.0,7.9,0.7636363636363637,2,282
60.0,2.1972245773362196,12.0,4.3,0.7636363636363637,2,282
60.0,2.1972245773362196,12.0,7.9,0.7636363636363637,2,282
50.0,1.9459101490553132,19.0,15.7,0.7636363636363637,2,282
60.0,2.772588722239781,13.0,2.5,0.7636363636363637,2,282
60.0,2.772588722239781,13.0,21.5,0.7636363636363637,2,282
70.0,2.772588722239781,13.0,2.5,0.7636363636363637,2,282
70.0,2.772588722239781,13.0,21.5,0.7636363636363637,2,282
100.0,2.772588722239781,13.0,2.5,0.7636363636363637,2,282
100.0,2.772588722239781,13.0,21.5,0.7636363636363637,2,282
90.0,2.3978952727983707,11.0,15.4,0.7636363636363637,2,282
90.0,2.3978952727983707,12.0,15.0,0.7636363636363637,2,282
50.0,2.3978952727983707,11.0,15.4,0.7636363636363637,2,282
50.0,2.3978952727983707,12.0,15.0,0.7636363636363637,2,282
50.0,2.3978952727983707,11.0,15.4,0.7636363636363637,2,282
50.0,2.3978952727983707,12.0,15.0,0.7636363636363637,2,282
60.0,1.6094379124341003,12.0,8.3,0.7636363636363637,2,282
60.0,1.6094379124341003,13.0,3.1,0.7636363636363637,2,282
0.0,1.791759469228055,13.0,5.9,0.7636363636363637,2,282
0.0,1.791759469228055,11.0,40.2,0.7636363636363637,2,282
0.0,1.791759469228055,16.0,12.4,0.7636363636363637,2,282
40.0,1.791759469228055,13.0,5.9,0.7636363636363637,2,282
40.0,1.791759469228055,11.0,40.2,0.7636363636363637,2,282
40.0,1.791759469228055,16.0,12.4,0.7636363636363637,2,282
0.0,1.791759469228055,13.0,5.9,0.7636363636363637,2,282
0.0,1.791759469228055,11.0,40.2,0.7636363636363637,2,282
0.0,1.791759469228055,16.0,12.4,0.7636363636363637,2,282
20.0,4.110873864173311,11.0,47.6,0.8813559322033898,2,283
70.0,4.110873864173311,11.0,47.6,0.8813559322033898,2,283
15.0,4.110873864173311,11.0,47.6,0.8813559322033898,2,283
30.0,3.4339872044851463,11.0,52.0,0.8813559322033898,2,283
35.0,3.4339872044851463,11.0,52.0,0.8813559322033898,2,283
40.0,3.4339872044851463,10.0,53.4,0.8813559322033898,2,283
20.0,3.4339872044851463,10.0,53.4,0.8813559322033898,2,283
60.0,1.791759469228055,11.0,16.0,0.8813559322033898,2,283
60.0,1.791759469228055,11.0,17.4,0.8813559322033898,2,283
0.0,1.791759469228055,11.0,16.0,0.8813559322033898,2,283
0.0,1.791759469228055,11.0,17.4,0.8813559322033898,2,283
80.0,1.791759469228055,11.0,16.0,0.8813559322033898,2,283
80.0,1.791759469228055,11.0,17.4,0.8813559322033898,2,283
70.0,1.791759469228055,11.0,16.0,0.8813559322033898,2,283
70.0,1.791759469228055,11.0,17.4,0.8813559322033898,2,283
70.0,3.367295829986474,12.0,44.7,0.8813559322033898,2,283
60.0,2.0794415416798357,12.0,20.6,0.8813559322033898,2,283
60.0,2.0794415416798357,11.0,14.0,0.8813559322033898,2,283
20.0,2.0794415416798357,12.0,20.6,0.8813559322033898,2,283
20.0,2.0794415416798357,11.0,14.0,0.8813559322033898,2,283
7.0,2.0794415416798357,12.0,20.6,0.8813559322033898,2,283
7.0,2.0794415416798357,11.0,14.0,0.8813559322033898,2,283
100.0,2.0794415416798357,12.0,20.6,0.8813559322033898,2,283
100.0,2.0794415416798357,11.0,14.0,0.8813559322033898,2,283
70.0,2.0794415416798357,12.0,20.6,0.8813559322033898,2,283
70.0,2.0794415416798357,11.0,14.0,0.8813559322033898,2,283
0.0,2.0794415416798357,12.0,20.6,0.8813559322033898,2,283
0.0,2.0794415416798357,11.0,14.0,0.8813559322033898,2,283
60.0,3.4657359027997265,11.0,21.4,0.8813559322033898,2,283
60.0,3.4657359027997265,11.0,27.1,0.8813559322033898,2,283
100.0,3.4657359027997265,11.0,21.4,0.8813559322033898,2,283
100.0,3.4657359027997265,11.0,27.1,0.8813559322033898,2,283
15.0,3.4657359027997265,11.0,21.4,0.8813559322033898,2,283
15.0,3.4657359027997265,11.0,27.1,0.8813559322033898,2,283
60.0,3.4657359027997265,11.0,21.4,0.8813559322033898,2,283
60.0,3.4657359027997265,11.0,27.1,0.8813559322033898,2,283
60.0,3.367295829986474,11.0,17.7,0.8813559322033898,2,283
60.0,3.367295829986474,11.0,26.7,0.8813559322033898,2,283
40.0,3.367295829986474,11.0,17.7,0.8813559322033898,2,283
40.0,3.367295829986474,11.0,26.7,0.8813559322033898,2,283
0.0,3.367295829986474,11.0,17.7,0.8813559322033898,2,283
0.0,3.367295829986474,11.0,26.7,0.8813559322033898,2,283
100.0,1.0986122886681098,11.0,20.7,0.8813559322033898,4,283
100.0,1.0986122886681098,11.0,25.0,0.8813559322033898,4,283
20.0,1.0986122886681098,11.0,20.7,0.8813559322033898,4,283
20.0,1.0986122886681098,11.0,25.0,0.8813559322033898,4,283
60.0,0.4054651081081644,11.0,23.8,0.8813559322033898,2,283
60.0,0.4054651081081644,11.0,23.9,0.8813559322033898,2,283
20.0,0.4054651081081644,11.0,23.8,0.8813559322033898,2,283
20.0,0.4054651081081644,11.0,23.9,0.8813559322033898,2,283
0.0,0.4054651081081644,11.0,23.8,0.8813559322033898,2,283
0.0,0.4054651081081644,11.0,23.9,0.8813559322033898,2,283
50.0,0.6931471805599453,11.0,25.5,0.8813559322033898,2,283
50.0,0.6931471805599453,11.0,24.1,0.8813559322033898,2,283
100.0,0.6931471805599453,11.0,25.5,0.8813559322033898,2,283
100.0,0.6931471805599453,11.0,24.1,0.8813559322033898,2,283
60.0,0.6931471805599453,11.0,25.5,0.8813559322033898,2,283
60.0,0.6931471805599453,11.0,24.1,0.8813559322033898,2,283
40.0,0.6931471805599453,11.0,25.5,0.8813559322033898,2,283
40.0,0.6931471805599453,11.0,24.1,0.8813559322033898,2,283
60.0,1.0986122886681098,13.0,25.1,0.8813559322033898,2,283
60.0,1.0986122886681098,11.0,8.6,0.8813559322033898,2,283
60.0,1.0986122886681098,13.0,25.1,0.8813559322033898,2,283
60.0,1.0986122886681098,11.0,8.6,0.8813559322033898,2,283
30.0,1.0986122886681098,13.0,25.1,0.8813559322033898,2,283
30.0,1.0986122886681098,11.0,8.6,0.8813559322033898,2,283
50.0,1.791759469228055,13.0,24.9,0.8813559322033898,2,283
50.0,2.3978952727983707,13.0,25.1,0.8813559322033898,2,283
30.0,2.3978952727983707,13.0,25.1,0.8813559322033898,2,283
30.0,1.0986122886681098,12.0,25.5,0.8813559322033898,2,283
60.0,1.791759469228055,11.0,17.7,0.8813559322033898,4,283
60.0,1.791759469228055,11.0,26.7,0.8813559322033898,4,283
40.0,1.791759469228055,11.0,17.7,0.8813559322033898,4,283
40.0,1.791759469228055,11.0,26.7,0.8813559322033898,4,283
0.0,1.791759469228055,11.0,17.7,0.8813559322033898,4,283
0.0,1.791759469228055,11.0,26.7,0.8813559322033898,4,283
100.0,3.044522437723423,11.0,20.7,0.8813559322033898,2,283
100.0,3.044522437723423,11.0,25.0,0.8813559322033898,2,283
20.0,3.044522437723423,11.0,20.7,0.8813559322033898,2,283
20.0,3.044522437723423,11.0,25.0,0.8813559322033898,2,283
60.0,2.1972245773362196,11.0,23.8,0.8813559322033898,2,283
60.0,2.1972245773362196,11.0,23.9,0.8813559322033898,2,283
20.0,2.1972245773362196,11.0,23.8,0.8813559322033898,2,283
20.0,2.1972245773362196,11.0,23.9,0.8813559322033898,2,283
0.0,2.1972245773362196,11.0,23.8,0.8813559322033898,2,283
0.0,2.1972245773362196,11.0,23.9,0.8813559322033898,2,283
40.0,3.2188758248682006,11.0,31.3,0.8813559322033898,2,283
50.0,3.2188758248682006,11.0,31.3,0.8813559322033898,2,283
90.0,0.6931471805599453,11.0,32.0,0.8813559322033898,2,283
60.0,2.5649493574615367,13.0,25.1,0.8813559322033898,2,283
60.0,2.5649493574615367,11.0,8.6,0.8813559322033898,2,283
60.0,2.5649493574615367,13.0,25.1,0.8813559322033898,2,283
60.0,2.5649493574615367,11.0,8.6,0.8813559322033898,2,283
30.0,2.5649493574615367,13.0,25.1,0.8813559322033898,2,283
30.0,2.5649493574615367,11.0,8.6,0.8813559322033898,2,283
30.0,2.772588722239781,11.0,13.7,0.8813559322033898,2,283
30.0,2.772588722239781,11.0,54.4,0.8813559322033898,2,283
0.0,2.772588722239781,11.0,13.7,0.8813559322033898,2,283
0.0,2.772588722239781,11.0,54.4,0.8813559322033898,2,283
25.0,2.772588722239781,11.0,13.7,0.8813559322033898,2,283
25.0,2.772588722239781,11.0,54.4,0.8813559322033898,2,283
70.0,2.772588722239781,11.0,13.7,0.8813559322033898,2,283
70.0,2.772588722239781,11.0,54.4,0.8813559322033898,2,283
30.0,0.6931471805599453,11.0,14.5,0.8813559322033898,4,283
0.0,0.6931471805599453,11.0,14.5,0.8813559322033898,4,283
30.0,3.713572066704308,11.0,14.0,0.8813559322033898,2,283
30.0,2.1972245773362196,12.0,23.2,0.8813559322033898,2,283
30.0,2.1972245773362196,12.0,20.3,0.8813559322033898,2,283
0.0,2.1972245773362196,12.0,23.2,0.8813559322033898,2,283
0.0,2.1972245773362196,12.0,20.3,0.8813559322033898,2,283
30.0,2.0794415416798357,12.0,22.4,0.8813559322033898,2,283
30.0,2.0794415416798357,12.0,20.0,0.8813559322033898,2,283
80.0,2.0794415416798357,12.0,22.4,0.8813559322033898,2,283
80.0,2.0794415416798357,12.0,20.0,0.8813559322033898,2,283
30.0,2.3978952727983707,11.0,22.1,0.8813559322033898,2,283
30.0,2.3978952727983707,12.0,10.3,0.8813559322033898,2,283
0.0,4.127134385045092,12.0,20.6,0.8813559322033898,2,283
0.0,4.127134385045092,12.0,23.9,0.8813559322033898,2,283
60.0,4.127134385045092,12.0,20.6,0.8813559322033898,2,283
60.0,4.127134385045092,12.0,23.9,0.8813559322033898,2,283
20.0,4.127134385045092,12.0,20.6,0.8813559322033898,2,283
20.0,4.127134385045092,12.0,23.9,0.8813559322033898,2,283
30.0,4.060443010546419,12.0,22.4,0.8813559322033898,2,283
30.0,4.060443010546419,12.0,20.0,0.8813559322033898,2,283
80.0,4.060443010546419,12.0,22.4,0.8813559322033898,2,283
80.0,4.060443010546419,12.0,20.0,0.8813559322033898,2,283
70.0,4.02535169073515,12.0,20.9,0.8813559322033898,2,283
10.0,4.02535169073515,12.0,20.9,0.8813559322033898,2,283
90.0,3.332204510175204,11.0,25.0,0.8813559322033898,2,283
90.0,3.367295829986474,11.0,27.5,0.8813559322033898,2,283
20.0,3.713572066704308,11.0,28.1,0.8813559322033898,2,283
20.0,3.713572066704308,11.0,28.1,0.8813559322033898,2,283
30.0,3.713572066704308,11.0,28.1,0.8813559322033898,2,283
20.0,3.044522437723423,11.0,9.1,0.8813559322033898,4,283
20.0,3.044522437723423,10.0,31.7,0.8813559322033898,4,283
40.0,3.044522437723423,11.0,9.1,0.8813559322033898,4,283
40.0,3.044522437723423,10.0,31.7,0.8813559322033898,4,283
20.0,3.044522437723423,11.0,9.1,0.8813559322033898,4,283
20.0,3.044522437723423,10.0,31.7,0.8813559322033898,4,283
90.0,3.044522437723423,11.0,9.1,0.8813559322033898,4,283
90.0,3.044522437723423,10.0,31.7,0.8813559322033898,4,283
30.0,1.6094379124341003,11.0,20.1,0.8813559322033898,2,283
30.0,1.6094379124341003,11.0,20.1,0.8813559322033898,2,283
80.0,1.0986122886681098,11.0,26.5,0.8813559322033898,2,283
60.0,1.0986122886681098,11.0,26.5,0.8813559322033898,2,283
40.0,1.3862943611198906,10.0,45.4,0.8813559322033898,2,283
90.0,1.3862943611198906,10.0,45.4,0.8813559322033898,2,283
20.0,1.3862943611198906,10.0,45.4,0.8813559322033898,2,283
35.0,1.791759469228055,10.0,46.7,0.8813559322033898,2,283
30.0,1.791759469228055,10.0,46.7,0.8813559322033898,2,283
20.0,1.791759469228055,10.0,46.7,0.8813559322033898,2,283
30.0,2.0794415416798357,10.0,30.2,0.8813559322033898,2,283
60.0,2.0794415416798357,10.0,30.2,0.8813559322033898,2,283
25.0,2.1972245773362196,10.0,33.7,0.8813559322033898,2,283
80.0,2.6390573296152584,10.0,19.4,0.8813559322033898,2,283
20.0,2.833213344056216,11.0,25.1,0.8813559322033898,2,283
20.0,2.833213344056216,10.0,18.2,0.8813559322033898,2,283
50.0,2.833213344056216,11.0,25.1,0.8813559322033898,2,283
50.0,2.833213344056216,10.0,18.2,0.8813559322033898,2,283
20.0,3.5263605246161616,11.0,22.1,0.8813559322033898,2,283
20.0,3.5263605246161616,11.0,20.9,0.8813559322033898,2,283
20.0,3.5263605246161616,11.0,22.1,0.8813559322033898,2,283
20.0,3.5263605246161616,11.0,20.9,0.8813559322033898,2,283
0.0,3.5263605246161616,11.0,22.1,0.8813559322033898,2,283
0.0,3.5263605246161616,11.0,20.9,0.8813559322033898,2,283
10.0,2.4849066497880004,11.0,22.9,0.8813559322033898,2,283
0.0,2.4849066497880004,11.0,22.9,0.8813559322033898,2,283
0.0,2.1972245773362196,10.0,14.8,0.8813559322033898,4,283
50.0,2.4849066497880004,10.0,14.8,0.8813559322033898,2,283
20.0,2.5649493574615367,11.0,25.1,0.8813559322033898,2,283
20.0,2.5649493574615367,10.0,18.2,0.8813559322033898,2,283
50.0,2.5649493574615367,11.0,25.1,0.8813559322033898,2,283
50.0,2.5649493574615367,10.0,18.2,0.8813559322033898,2,283
40.0,2.5649493574615367,11.0,24.3,0.8813559322033898,2,283
40.0,2.5649493574615367,11.0,18.9,0.8813559322033898,2,283
0.0,2.5649493574615367,11.0,24.3,0.8813559322033898,2,283
0.0,2.5649493574615367,11.0,18.9,0.8813559322033898,2,283
20.0,1.0986122886681098,11.0,22.1,0.8813559322033898,0,283
20.0,1.0986122886681098,11.0,20.9,0.8813559322033898,0,283
20.0,1.0986122886681098,11.0,22.1,0.8813559322033898,0,283
20.0,1.0986122886681098,11.0,20.9,0.8813559322033898,0,283
0.0,1.0986122886681098,11.0,22.1,0.8813559322033898,0,283
0.0,1.0986122886681098,11.0,20.9,0.8813559322033898,0,283
20.0,1.0986122886681098,11.0,24.8,0.8813559322033898,4,283
20.0,1.0986122886681098,11.0,19.6,0.8813559322033898,4,283
50.0,1.0986122886681098,11.0,24.8,0.8813559322033898,4,283
50.0,1.0986122886681098,11.0,19.6,0.8813559322033898,4,283
0.0,2.9444389791664403,11.0,22.5,0.8813559322033898,2,283
0.0,2.9444389791664403,11.0,20.6,0.8813559322033898,2,283
50.0,2.9444389791664403,11.0,22.5,0.8813559322033898,2,283
50.0,2.9444389791664403,11.0,20.6,0.8813559322033898,2,283
80.0,1.0986122886681098,13.0,12.9,1.0,2,284
80.0,1.0986122886681098,12.0,5.5,1.0,2,284
80.0,1.0986122886681098,12.0,11.5,1.0,2,284
80.0,1.0986122886681098,14.0,11.4,1.0,2,284
80.0,1.0986122886681098,14.0,4.9,1.0,2,284
70.0,1.0986122886681098,13.0,12.9,1.0,2,284
70.0,1.0986122886681098,12.0,5.5,1.0,2,284
70.0,1.0986122886681098,12.0,11.5,1.0,2,284
70.0,1.0986122886681098,14.0,11.4,1.0,2,284
70.0,1.0986122886681098,14.0,4.9,1.0,2,284
90.0,1.0986122886681098,13.0,12.9,1.0,2,284
90.0,1.0986122886681098,12.0,5.5,1.0,2,284
90.0,1.0986122886681098,12.0,11.5,1.0,2,284
90.0,1.0986122886681098,14.0,11.4,1.0,2,284
90.0,1.0986122886681098,14.0,4.9,1.0,2,284
90.0,1.0986122886681098,13.0,12.9,1.0,2,284
90.0,1.0986122886681098,12.0,5.5,1.0,2,284
90.0,1.0986122886681098,12.0,11.5,1.0,2,284
90.0,1.0986122886681098,14.0,11.4,1.0,2,284
90.0,1.0986122886681098,14.0,4.9,1.0,2,284
80.0,0.6931471805599453,13.0,11.8,1.0,2,284
80.0,0.6931471805599453,13.0,11.8,1.0,2,284
80.0,0.6931471805599453,13.0,12.8,1.0,2,284
50.0,0.6931471805599453,14.0,5.5,1.0,2,284
50.0,0.6931471805599453,14.0,5.7,1.0,2,284
80.0,0.6931471805599453,13.0,12.9,1.0,2,284
80.0,0.6931471805599453,12.0,5.5,1.0,2,284
80.0,0.6931471805599453,12.0,11.5,1.0,2,284
80.0,0.6931471805599453,14.0,11.4,1.0,2,284
80.0,0.6931471805599453,14.0,4.9,1.0,2,284
70.0,0.6931471805599453,13.0,12.9,1.0,2,284
70.0,0.6931471805599453,12.0,5.5,1.0,2,284
70.0,0.6931471805599453,12.0,11.5,1.0,2,284
70.0,0.6931471805599453,14.0,11.4,1.0,2,284
70.0,0.6931471805599453,14.0,4.9,1.0,2,284
90.0,0.6931471805599453,13.0,12.9,1.0,2,284
90.0,0.6931471805599453,12.0,5.5,1.0,2,284
90.0,0.6931471805599453,12.0,11.5,1.0,2,284
90.0,0.6931471805599453,14.0,11.4,1.0,2,284
90.0,0.6931471805599453,14.0,4.9,1.0,2,284
90.0,0.6931471805599453,13.0,12.9,1.0,2,284
90.0,0.6931471805599453,12.0,5.5,1.0,2,284
90.0,0.6931471805599453,12.0,11.5,1.0,2,284
90.0,0.6931471805599453,14.0,11.4,1.0,2,284
90.0,0.6931471805599453,14.0,4.9,1.0,2,284
50.0,0.6931471805599453,13.0,4.8,1.0,2,284
50.0,0.6931471805599453,13.0,7.5,1.0,2,284
50.0,0.6931471805599453,12.0,12.8,1.0,2,284
50.0,0.6931471805599453,12.0,15.8,1.0,2,284
50.0,0.6931471805599453,21.0,8.8,1.0,2,284
70.0,0.6931471805599453,13.0,4.8,1.0,2,284
70.0,0.6931471805599453,13.0,7.5,1.0,2,284
70.0,0.6931471805599453,12.0,12.8,1.0,2,284
70.0,0.6931471805599453,12.0,15.8,1.0,2,284
70.0,0.6931471805599453,21.0,8.8,1.0,2,284
100.0,0.6931471805599453,13.0,4.8,1.0,2,284
100.0,0.6931471805599453,13.0,7.5,1.0,2,284
100.0,0.6931471805599453,12.0,12.8,1.0,2,284
100.0,0.6931471805599453,12.0,15.8,1.0,2,284
100.0,0.6931471805599453,21.0,8.8,1.0,2,284
80.0,0.6931471805599453,13.0,4.8,1.0,2,284
80.0,0.6931471805599453,13.0,7.5,1.0,2,284
80.0,0.6931471805599453,12.0,12.8,1.0,2,284
80.0,0.6931471805599453,12.0,15.8,1.0,2,284
80.0,0.6931471805599453,21.0,8.8,1.0,2,284
90.0,2.4849066497880004,14.0,17.2,1.0,2,284
90.0,2.4849066497880004,13.0,15.8,1.0,2,284
90.0,2.4849066497880004,14.0,21.9,1.0,2,284
90.0,2.4849066497880004,13.0,27.4,1.0,2,284
80.0,2.4849066497880004,14.0,17.2,1.0,2,284
80.0,2.4849066497880004,13.0,15.8,1.0,2,284
80.0,2.4849066497880004,14.0,21.9,1.0,2,284
80.0,2.4849066497880004,13.0,27.4,1.0,2,284
90.0,1.3862943611198906,14.0,17.2,1.0,2,284
90.0,1.3862943611198906,13.0,15.8,1.0,2,284
90.0,1.3862943611198906,14.0,21.9,1.0,2,284
90.0,1.3862943611198906,13.0,27.4,1.0,2,284
80.0,1.3862943611198906,14.0,17.2,1.0,2,284
80.0,1.3862943611198906,13.0,15.8,1.0,2,284
80.0,1.3862943611198906,14.0,21.9,1.0,2,284
80.0,1.3862943611198906,13.0,27.4,1.0,2,284
80.0,1.6094379124341003,13.0,12.9,1.0,2,284
80.0,1.6094379124341003,12.0,5.5,1.0,2,284
80.0,1.6094379124341003,12.0,11.5,1.0,2,284
80.0,1.6094379124341003,14.0,11.4,1.0,2,284
80.0,1.6094379124341003,14.0,4.9,1.0,2,284
70.0,1.6094379124341003,13.0,12.9,1.0,2,284
70.0,1.6094379124341003,12.0,5.5,1.0,2,284
70.0,1.6094379124341003,12.0,11.5,1.0,2,284
70.0,1.6094379124341003,14.0,11.4,1.0,2,284
70.0,1.6094379124341003,14.0,4.9,1.0,2,284
90.0,1.6094379124341003,13.0,12.9,1.0,2,284
90.0,1.6094379124341003,12.0,5.5,1.0,2,284
90.0,1.6094379124341003,12.0,11.5,1.0,2,284
90.0,1.6094379124341003,14.0,11.4,1.0,2,284
90.0,1.6094379124341003,14.0,4.9,1.0,2,284
90.0,1.6094379124341003,13.0,12.9,1.0,2,284
90.0,1.6094379124341003,12.0,5.5,1.0,2,284
90.0,1.6094379124341003,12.0,11.5,1.0,2,284
90.0,1.6094379124341003,14.0,11.4,1.0,2,284
90.0,1.6094379124341003,14.0,4.9,1.0,2,284
90.0,0.6931471805599453,14.0,5.9,1.0,2,284
90.0,0.6931471805599453,13.0,14.8,1.0,2,284
50.0,2.3978952727983707,13.0,4.8,1.0,2,284
50.0,2.3978952727983707,13.0,7.5,1.0,2,284
50.0,2.3978952727983707,12.0,12.8,1.0,2,284
50.0,2.3978952727983707,12.0,15.8,1.0,2,284
50.0,2.3978952727983707,21.0,8.8,1.0,2,284
70.0,2.3978952727983707,13.0,4.8,1.0,2,284
70.0,2.3978952727983707,13.0,7.5,1.0,2,284
70.0,2.3978952727983707,12.0,12.8,1.0,2,284
70.0,2.3978952727983707,12.0,15.8,1.0,2,284
70.0,2.3978952727983707,21.0,8.8,1.0,2,284
100.0,2.3978952727983707,13.0,4.8,1.0,2,284
100.0,2.3978952727983707,13.0,7.5,1.0,2,284
100.0,2.3978952727983707,12.0,12.8,1.0,2,284
100.0,2.3978952727983707,12.0,15.8,1.0,2,284
100.0,2.3978952727983707,21.0,8.8,1.0,2,284
80.0,2.3978952727983707,13.0,4.8,1.0,2,284
80.0,2.3978952727983707,13.0,7.5,1.0,2,284
80.0,2.3978952727983707,12.0,12.8,1.0,2,284
80.0,2.3978952727983707,12.0,15.8,1.0,2,284
80.0,2.3978952727983707,21.0,8.8,1.0,2,284
80.0,1.791759469228055,20.0,5.8,1.0,2,284
70.0,1.0986122886681098,13.0,4.3,1.0,2,284
70.0,1.0986122886681098,12.0,3.2,1.0,2,284
70.0,1.0986122886681098,11.0,19.3,1.0,2,284
70.0,1.0986122886681098,13.0,4.3,1.0,2,284
70.0,1.0986122886681098,12.0,3.2,1.0,2,284
70.0,1.0986122886681098,11.0,19.3,1.0,2,284
80.0,1.0986122886681098,13.0,4.3,1.0,2,284
80.0,1.0986122886681098,12.0,3.2,1.0,2,284
80.0,1.0986122886681098,11.0,19.3,1.0,2,284
100.0,1.0986122886681098,13.0,4.3,1.0,2,284
100.0,1.0986122886681098,12.0,3.2,1.0,2,284
100.0,1.0986122886681098,11.0,19.3,1.0,2,284
70.0,1.0986122886681098,13.0,4.3,1.0,2,284
70.0,1.0986122886681098,12.0,3.2,1.0,2,284
70.0,1.0986122886681098,11.0,19.3,1.0,2,284
70.0,0.6931471805599453,13.0,4.2,1.0,2,284
70.0,0.6931471805599453,12.0,3.3,1.0,2,284
80.0,0.6931471805599453,13.0,4.2,1.0,2,284
80.0,0.6931471805599453,12.0,3.3,1.0,2,284
90.0,0.6931471805599453,13.0,4.2,1.0,2,284
90.0,0.6931471805599453,12.0,3.3,1.0,2,284
70.0,0.6931471805599453,13.0,3.8,1.0,2,284
70.0,0.6931471805599453,12.0,3.6,1.0,2,284
80.0,0.6931471805599453,13.0,3.8,1.0,2,284
80.0,0.6931471805599453,12.0,3.6,1.0,2,284
80.0,1.791759469228055,12.0,3.5,1.0,2,284
80.0,2.3978952727983707,13.0,5.2,1.0,2,284
90.0,0.6931471805599453,13.0,5.9,1.0,2,284
90.0,0.6931471805599453,14.0,5.9,1.0,2,284
90.0,4.727387818712341,16.0,28.2,1.0,2,284
90.0,4.727387818712341,13.0,28.8,1.0,2,284
80.0,4.727387818712341,16.0,28.2,1.0,2,284
80.0,4.727387818712341,13.0,28.8,1.0,2,284
90.0,1.3862943611198906,16.0,28.2,1.0,2,284
90.0,1.3862943611198906,13.0,28.8,1.0,2,284
80.0,1.3862943611198906,16.0,28.2,1.0,2,284
80.0,1.3862943611198906,13.0,28.8,1.0,2,284
80.0,1.0986122886681098,12.0,12.0,1.0,2,284
80.0,1.0986122886681098,14.0,20.7,1.0,2,284
90.0,0.6931471805599453,11.0,30.5,1.0,2,284
80.0,1.0986122886681098,16.0,4.5,1.0,1,284
95.0,1.0986122886681098,16.0,4.5,1.0,1,284
100.0,1.0986122886681098,16.0,4.5,1.0,1,284
70.0,1.0986122886681098,16.0,4.5,1.0,1,284
80.0,0.6931471805599453,16.0,4.6,1.0,2,284
70.0,0.6931471805599453,16.0,4.6,1.0,2,284
80.0,0.6931471805599453,16.0,4.6,1.0,2,284
90.0,1.6094379124341003,16.0,4.9,1.0,2,284
70.0,1.6094379124341003,16.0,4.9,1.0,2,284
50.0,2.3978952727983707,14.0,5.8,0.9259259259259259,2,285
98.0,3.044522437723423,14.0,1.6,0.9259259259259259,2,285
98.0,3.044522437723423,13.0,12.6,0.9259259259259259,2,285
98.0,3.044522437723423,14.0,10.5,0.9259259259259259,2,285
75.0,3.044522437723423,14.0,1.6,0.9259259259259259,2,285
75.0,3.044522437723423,13.0,12.6,0.9259259259259259,2,285
75.0,3.044522437723423,14.0,10.5,0.9259259259259259,2,285
90.0,2.3978952727983707,13.0,12.8,0.9259259259259259,2,285
90.0,2.3978952727983707,12.0,9.5,0.9259259259259259,2,285
60.0,2.772588722239781,15.0,8.2,0.9259259259259259,2,285
60.0,2.772588722239781,12.0,12.8,0.9259259259259259,2,285
70.0,2.3978952727983707,12.0,8.0,0.9259259259259259,2,285
70.0,3.044522437723423,12.0,7.9,0.9259259259259259,2,285
70.0,0.6931471805599453,12.0,7.9,0.9259259259259259,2,285
70.0,2.772588722239781,12.0,11.6,0.9259259259259259,2,285
50.0,0.6931471805599453,12.0,7.7,0.9259259259259259,2,285
80.0,0.6931471805599453,13.0,8.9,0.9259259259259259,2,285
60.0,0.6931471805599453,14.0,9.2,0.9259259259259259,2,285
50.0,0.6931471805599453,14.0,9.2,0.9259259259259259,2,285
50.0,0.6931471805599453,15.0,4.6,0.9259259259259259,2,285
60.0,1.0986122886681098,17.0,7.1,0.9259259259259259,2,285
90.0,1.0986122886681098,17.0,7.1,0.9259259259259259,2,285
85.0,0.6931471805599453,15.0,6.5,0.9259259259259259,2,285
85.0,0.6931471805599453,14.0,7.2,0.9259259259259259,2,285
80.0,2.4849066497880004,15.0,6.7,0.9259259259259259,2,285
85.0,0.6931471805599453,13.0,20.2,0.9259259259259259,2,285
50.0,0.6931471805599453,13.0,14.9,0.9259259259259259,2,285
50.0,0.6931471805599453,17.0,3.1,0.9259259259259259,2,285
50.0,0.6931471805599453,17.0,3.1,0.9259259259259259,2,285
98.0,0.6931471805599453,17.0,3.1,0.9259259259259259,2,285
50.0,0.6931471805599453,12.0,11.1,0.9259259259259259,2,285
50.0,0.6931471805599453,17.0,3.0,0.9259259259259259,2,285
30.0,0.6931471805599453,12.0,9.0,0.9259259259259259,2,285
30.0,0.6931471805599453,12.0,9.4,0.9259259259259259,2,285
100.0,0.6931471805599453,12.0,9.0,0.9259259259259259,2,285
100.0,0.6931471805599453,12.0,9.4,0.9259259259259259,2,285
40.0,0.6931471805599453,12.0,10.3,0.9259259259259259,2,285
75.0,0.6931471805599453,16.0,3.8,0.9259259259259259,2,285
0.0,1.0986122886681098,18.0,30.3,0.7254901960784313,2,286
0.0,1.0986122886681098,18.0,30.3,0.7254901960784313,2,286
0.0,1.0986122886681098,18.0,30.3,0.7254901960784313,2,286
0.0,1.0986122886681098,20.0,28.5,0.7254901960784313,2,286
0.0,0.6931471805599453,20.0,26.4,0.7254901960784313,2,286
0.0,0.6931471805599453,20.0,26.4,0.7254901960784313,2,286
0.0,0.6931471805599453,20.0,26.4,0.7254901960784313,2,286
90.0,3.044522437723423,13.0,6.1,0.7254901960784313,2,286
60.0,0.6931471805599453,12.0,11.2,0.7254901960784313,2,286
60.0,0.6931471805599453,13.0,11.1,0.7254901960784313,2,286
60.0,0.6931471805599453,14.0,8.4,0.7254901960784313,2,286
60.0,0.6931471805599453,12.0,11.2,0.7254901960784313,2,286
60.0,0.6931471805599453,13.0,11.1,0.7254901960784313,2,286
60.0,0.6931471805599453,14.0,8.4,0.7254901960784313,2,286
90.0,0.6931471805599453,12.0,11.2,0.7254901960784313,2,286
90.0,0.6931471805599453,13.0,11.1,0.7254901960784313,2,286
90.0,0.6931471805599453,14.0,8.4,0.7254901960784313,2,286
60.0,1.0986122886681098,11.0,10.8,0.7254901960784313,2,286
80.0,1.0986122886681098,11.0,10.8,0.7254901960784313,2,286
70.0,1.0986122886681098,11.0,9.6,0.7254901960784313,2,286
0.0,1.0986122886681098,11.0,9.6,0.7254901960784313,2,286
0.0,1.0986122886681098,11.0,9.6,0.7254901960784313,2,286
60.0,0.6931471805599453,11.0,11.5,0.7254901960784313,2,286
60.0,0.6931471805599453,11.0,10.6,0.7254901960784313,2,286
0.0,0.6931471805599453,11.0,10.6,0.7254901960784313,2,286
80.0,0.6931471805599453,11.0,10.6,0.7254901960784313,2,286
40.0,0.6931471805599453,11.0,10.1,0.7254901960784313,2,286
80.0,0.6931471805599453,11.0,10.1,0.7254901960784313,2,286
0.0,0.6931471805599453,10.0,22.4,0.7254901960784313,2,286
0.0,0.6931471805599453,13.0,5.3,0.7254901960784313,2,286
0.0,0.6931471805599453,15.0,11.1,0.7254901960784313,2,286
0.0,0.6931471805599453,17.0,33.3,0.7254901960784313,2,286
0.0,0.6931471805599453,10.0,22.4,0.7254901960784313,2,286
0.0,0.6931471805599453,13.0,5.3,0.7254901960784313,2,286
0.0,0.6931471805599453,15.0,11.1,0.7254901960784313,2,286
0.0,0.6931471805599453,17.0,33.3,0.7254901960784313,2,286
0.0,0.6931471805599453,10.0,22.4,0.7254901960784313,2,286
0.0,0.6931471805599453,13.0,5.3,0.7254901960784313,2,286
0.0,0.6931471805599453,15.0,11.1,0.7254901960784313,2,286
0.0,0.6931471805599453,17.0,33.3,0.7254901960784313,2,286
0.0,0.6931471805599453,10.0,22.4,0.7254901960784313,2,286
0.0,0.6931471805599453,13.0,5.3,0.7254901960784313,2,286
0.0,0.6931471805599453,15.0,11.1,0.7254901960784313,2,286
0.0,0.6931471805599453,17.0,33.3,0.7254901960784313,2,286
0.0,0.6931471805599453,10.0,22.4,0.7254901960784313,2,286
0.0,0.6931471805599453,13.0,5.3,0.7254901960784313,2,286
0.0,0.6931471805599453,15.0,11.1,0.7254901960784313,2,286
0.0,0.6931471805599453,17.0,33.3,0.7254901960784313,2,286
0.0,0.6931471805599453,14.0,4.7,0.7254901960784313,2,286
0.0,0.6931471805599453,17.0,33.1,0.7254901960784313,2,286
0.0,0.6931471805599453,14.0,4.7,0.7254901960784313,2,286
0.0,0.6931471805599453,17.0,33.1,0.7254901960784313,2,286
80.0,0.6931471805599453,11.0,25.9,0.7254901960784313,2,286
80.0,0.6931471805599453,18.0,12.7,0.7254901960784313,2,286
0.0,0.6931471805599453,11.0,25.9,0.7254901960784313,2,286
0.0,0.6931471805599453,18.0,12.7,0.7254901960784313,2,286
80.0,0.6931471805599453,11.0,22.8,0.7254901960784313,2,286
60.0,1.0986122886681098,12.0,11.2,0.7254901960784313,2,286
60.0,1.0986122886681098,13.0,11.1,0.7254901960784313,2,286
60.0,1.0986122886681098,14.0,8.4,0.7254901960784313,2,286
60.0,1.0986122886681098,12.0,11.2,0.7254901960784313,2,286
60.0,1.0986122886681098,13.0,11.1,0.7254901960784313,2,286
60.0,1.0986122886681098,14.0,8.4,0.7254901960784313,2,286
90.0,1.0986122886681098,12.0,11.2,0.7254901960784313,2,286
90.0,1.0986122886681098,13.0,11.1,0.7254901960784313,2,286
90.0,1.0986122886681098,14.0,8.4,0.7254901960784313,2,286
0.0,1.0986122886681098,12.0,11.0,0.7254901960784313,2,286
0.0,1.0986122886681098,13.0,10.9,0.7254901960784313,2,286
60.0,1.0986122886681098,12.0,11.0,0.7254901960784313,2,286
60.0,1.0986122886681098,13.0,10.9,0.7254901960784313,2,286
40.0,1.0986122886681098,12.0,11.0,0.7254901960784313,2,286
40.0,1.0986122886681098,13.0,10.9,0.7254901960784313,2,286
60.0,0.6931471805599453,13.0,7.1,0.7254901960784313,2,286
0.0,0.6931471805599453,16.0,12.9,0.7254901960784313,1,286
60.0,0.6931471805599453,12.0,11.2,0.7254901960784313,2,286
60.0,0.6931471805599453,13.0,11.1,0.7254901960784313,2,286
60.0,0.6931471805599453,14.0,8.4,0.7254901960784313,2,286
60.0,0.6931471805599453,12.0,11.2,0.7254901960784313,2,286
60.0,0.6931471805599453,13.0,11.1,0.7254901960784313,2,286
60.0,0.6931471805599453,14.0,8.4,0.7254901960784313,2,286
90.0,0.6931471805599453,12.0,11.2,0.7254901960784313,2,286
90.0,0.6931471805599453,13.0,11.1,0.7254901960784313,2,286
90.0,0.6931471805599453,14.0,8.4,0.7254901960784313,2,286
90.0,0.6931471805599453,13.0,5.7,0.7254901960784313,2,286
90.0,0.6931471805599453,16.0,3.4,0.7254901960784313,2,286
90.0,0.6931471805599453,13.0,6.4,0.7254901960784313,2,286
30.0,0.6931471805599453,13.0,5.7,0.7254901960784313,2,286
30.0,0.6931471805599453,16.0,3.4,0.7254901960784313,2,286
30.0,0.6931471805599453,13.0,6.4,0.7254901960784313,2,286
90.0,0.6931471805599453,13.0,5.7,0.7254901960784313,2,286
90.0,0.6931471805599453,16.0,3.4,0.7254901960784313,2,286
90.0,0.6931471805599453,13.0,6.4,0.7254901960784313,2,286
0.0,0.6931471805599453,10.0,22.4,0.7254901960784313,2,286
0.0,0.6931471805599453,13.0,5.3,0.7254901960784313,2,286
0.0,0.6931471805599453,15.0,11.1,0.7254901960784313,2,286
0.0,0.6931471805599453,17.0,33.3,0.7254901960784313,2,286
0.0,0.6931471805599453,10.0,22.4,0.7254901960784313,2,286
0.0,0.6931471805599453,13.0,5.3,0.7254901960784313,2,286
0.0,0.6931471805599453,15.0,11.1,0.7254901960784313,2,286
0.0,0.6931471805599453,17.0,33.3,0.7254901960784313,2,286
0.0,0.6931471805599453,10.0,22.4,0.7254901960784313,2,286
0.0,0.6931471805599453,13.0,5.3,0.7254901960784313,2,286
0.0,0.6931471805599453,15.0,11.1,0.7254901960784313,2,286
0.0,0.6931471805599453,17.0,33.3,0.7254901960784313,2,286
0.0,0.6931471805599453,10.0,22.4,0.7254901960784313,2,286
0.0,0.6931471805599453,13.0,5.3,0.7254901960784313,2,286
0.0,0.6931471805599453,15.0,11.1,0.7254901960784313,2,286
0.0,0.6931471805599453,17.0,33.3,0.7254901960784313,2,286
0.0,0.6931471805599453,10.0,22.4,0.7254901960784313,2,286
0.0,0.6931471805599453,13.0,5.3,0.7254901960784313,2,286
0.0,0.6931471805599453,15.0,11.1,0.7254901960784313,2,286
0.0,0.6931471805599453,17.0,33.3,0.7254901960784313,2,286
0.0,0.6931471805599453,14.0,4.7,0.7254901960784313,2,286
0.0,0.6931471805599453,17.0,33.1,0.7254901960784313,2,286
0.0,0.6931471805599453,14.0,4.7,0.7254901960784313,2,286
0.0,0.6931471805599453,17.0,33.1,0.7254901960784313,2,286
0.0,0.6931471805599453,19.0,30.2,0.7254901960784313,2,286
0.0,0.6931471805599453,21.0,28.0,0.7254901960784313,2,286
50.0,0.6931471805599453,21.0,28.0,0.7254901960784313,2,286
40.0,1.0986122886681098,14.0,6.0,0.7254901960784313,2,286
80.0,0.6931471805599453,14.0,7.2,0.7254901960784313,2,286
80.0,0.6931471805599453,13.0,6.3,0.7254901960784313,2,286
90.0,0.6931471805599453,14.0,7.2,0.7254901960784313,2,286
90.0,0.6931471805599453,13.0,6.3,0.7254901960784313,2,286
0.0,0.6931471805599453,14.0,12.1,0.7254901960784313,2,286
0.0,0.6931471805599453,19.0,27.9,0.7254901960784313,2,286
0.0,0.6931471805599453,15.0,31.6,0.7254901960784313,2,286
0.0,0.6931471805599453,16.0,29.0,0.7254901960784313,2,286
0.0,0.6931471805599453,16.0,29.0,0.7254901960784313,2,286
0.0,0.6931471805599453,16.0,29.4,0.7254901960784313,2,286
80.0,0.6931471805599453,12.0,27.7,0.7254901960784313,2,286
70.0,1.0986122886681098,20.0,20.3,0.7254901960784313,2,286
70.0,1.0986122886681098,12.0,7.7,0.7254901960784313,2,286
80.0,1.0986122886681098,20.0,20.3,0.7254901960784313,2,286
80.0,1.0986122886681098,12.0,7.7,0.7254901960784313,2,286
90.0,1.0986122886681098,20.0,20.3,0.7254901960784313,2,286
90.0,1.0986122886681098,12.0,7.7,0.7254901960784313,2,286
90.0,1.0986122886681098,20.0,20.3,0.7254901960784313,2,286
90.0,1.0986122886681098,12.0,7.7,0.7254901960784313,2,286
60.0,0.6931471805599453,13.0,14.4,0.7254901960784313,2,286
60.0,0.6931471805599453,14.0,15.3,0.7254901960784313,2,286
70.0,0.6931471805599453,13.0,14.4,0.7254901960784313,2,286
70.0,0.6931471805599453,14.0,15.3,0.7254901960784313,2,286
80.0,1.0986122886681098,14.0,5.3,0.7254901960784313,2,286
80.0,1.0986122886681098,17.0,7.6,0.7254901960784313,2,286
90.0,1.0986122886681098,14.0,5.3,0.7254901960784313,2,286
90.0,1.0986122886681098,17.0,7.6,0.7254901960784313,2,286
80.0,0.6931471805599453,15.0,5.7,0.7254901960784313,2,286
80.0,0.6931471805599453,16.0,7.5,0.7254901960784313,2,286
90.0,0.6931471805599453,15.0,5.7,0.7254901960784313,2,286
90.0,0.6931471805599453,16.0,7.5,0.7254901960784313,2,286
70.0,0.6931471805599453,20.0,20.3,0.7254901960784313,2,286
70.0,0.6931471805599453,12.0,7.7,0.7254901960784313,2,286
80.0,0.6931471805599453,20.0,20.3,0.7254901960784313,2,286
80.0,0.6931471805599453,12.0,7.7,0.7254901960784313,2,286
90.0,0.6931471805599453,20.0,20.3,0.7254901960784313,2,286
90.0,0.6931471805599453,12.0,7.7,0.7254901960784313,2,286
90.0,0.6931471805599453,20.0,20.3,0.7254901960784313,2,286
90.0,0.6931471805599453,12.0,7.7,0.7254901960784313,2,286
80.0,0.6931471805599453,15.0,7.4,0.7254901960784313,2,286
80.0,0.6931471805599453,15.0,7.4,0.7254901960784313,2,286
90.0,0.6931471805599453,15.0,7.4,0.7254901960784313,2,286
80.0,0.6931471805599453,15.0,7.4,0.7254901960784313,2,286
60.0,0.6931471805599453,13.0,20.0,0.7254901960784313,2,286
60.0,0.6931471805599453,14.0,16.3,0.7254901960784313,2,286
70.0,0.6931471805599453,13.0,20.0,0.7254901960784313,2,286
70.0,0.6931471805599453,14.0,16.3,0.7254901960784313,2,286
80.0,0.6931471805599453,14.0,15.1,0.7254901960784313,2,286
90.0,0.6931471805599453,14.0,15.1,0.7254901960784313,2,286
90.0,0.6931471805599453,12.0,20.3,0.7254901960784313,2,286
80.0,0.6931471805599453,15.0,5.7,0.7254901960784313,2,286
80.0,0.6931471805599453,16.0,7.5,0.7254901960784313,2,286
90.0,0.6931471805599453,15.0,5.7,0.7254901960784313,2,286
90.0,0.6931471805599453,16.0,7.5,0.7254901960784313,2,286
90.0,0.6931471805599453,13.0,14.3,0.7254901960784313,2,286
90.0,0.6931471805599453,15.0,25.0,0.7254901960784313,2,286
60.0,0.6931471805599453,13.0,14.3,0.7254901960784313,2,286
60.0,0.6931471805599453,15.0,25.0,0.7254901960784313,2,286
50.0,0.6931471805599453,13.0,14.3,0.7254901960784313,2,286
50.0,0.6931471805599453,15.0,25.0,0.7254901960784313,2,286
50.0,0.6931471805599453,13.0,14.3,0.7254901960784313,2,286
50.0,0.6931471805599453,15.0,25.0,0.7254901960784313,2,286
90.0,0.6931471805599453,14.0,9.0,0.7254901960784313,2,286
90.0,0.6931471805599453,15.0,15.2,0.7254901960784313,2,286
90.0,0.6931471805599453,14.0,9.0,0.7254901960784313,2,286
90.0,0.6931471805599453,15.0,15.2,0.7254901960784313,2,286
60.0,0.6931471805599453,14.0,9.0,0.7254901960784313,2,286
60.0,0.6931471805599453,15.0,15.2,0.7254901960784313,2,286
50.0,0.6931471805599453,14.0,9.0,0.7254901960784313,2,286
50.0,0.6931471805599453,15.0,15.2,0.7254901960784313,2,286
80.0,0.6931471805599453,14.0,9.0,0.7254901960784313,2,286
80.0,0.6931471805599453,15.0,15.2,0.7254901960784313,2,286
80.0,0.6931471805599453,12.0,8.0,0.7254901960784313,2,286
90.0,3.258096538021482,13.0,14.3,0.7254901960784313,2,286
90.0,3.258096538021482,15.0,25.0,0.7254901960784313,2,286
60.0,3.258096538021482,13.0,14.3,0.7254901960784313,2,286
60.0,3.258096538021482,15.0,25.0,0.7254901960784313,2,286
50.0,3.258096538021482,13.0,14.3,0.7254901960784313,2,286
50.0,3.258096538021482,15.0,25.0,0.7254901960784313,2,286
50.0,3.258096538021482,13.0,14.3,0.7254901960784313,2,286
50.0,3.258096538021482,15.0,25.0,0.7254901960784313,2,286
50.0,3.258096538021482,15.0,23.5,0.7254901960784313,2,286
50.0,2.3978952727983707,13.0,22.5,0.7254901960784313,2,286
90.0,3.258096538021482,14.0,9.0,0.7254901960784313,2,286
90.0,3.258096538021482,15.0,15.2,0.7254901960784313,2,286
90.0,3.258096538021482,14.0,9.0,0.7254901960784313,2,286
90.0,3.258096538021482,15.0,15.2,0.7254901960784313,2,286
60.0,3.258096538021482,14.0,9.0,0.7254901960784313,2,286
60.0,3.258096538021482,15.0,15.2,0.7254901960784313,2,286
50.0,3.258096538021482,14.0,9.0,0.7254901960784313,2,286
50.0,3.258096538021482,15.0,15.2,0.7254901960784313,2,286
80.0,3.258096538021482,14.0,9.0,0.7254901960784313,2,286
80.0,3.258096538021482,15.0,15.2,0.7254901960784313,2,286
60.0,1.791759469228055,15.0,15.0,0.7254901960784313,2,286
30.0,1.791759469228055,15.0,15.0,0.7254901960784313,2,286
40.0,3.9318256327243257,12.0,11.9,0.7254901960784313,2,286
90.0,3.9318256327243257,12.0,11.9,0.7254901960784313,2,286
70.0,3.9318256327243257,12.0,28.4,0.7254901960784313,2,286
70.0,3.258096538021482,12.0,27.1,0.7254901960784313,2,286
50.0,3.258096538021482,12.0,27.1,0.7254901960784313,2,286
80.0,2.3978952727983707,11.0,21.4,0.7254901960784313,2,286
60.0,2.3978952727983707,11.0,21.4,0.7254901960784313,2,286
90.0,1.6094379124341003,11.0,19.3,1.0,2,287
90.0,1.6094379124341003,11.0,19.3,1.0,2,287
90.0,0.6931471805599453,11.0,18.9,1.0,2,287
90.0,0.6931471805599453,11.0,18.9,1.0,2,287
100.0,1.3862943611198906,12.0,15.8,1.0,2,287
90.0,1.3862943611198906,12.0,15.8,1.0,2,287
90.0,2.3978952727983707,12.0,15.1,1.0,2,287
100.0,2.3978952727983707,12.0,15.1,1.0,2,287
90.0,1.0986122886681098,12.0,14.4,1.0,2,287
90.0,1.0986122886681098,12.0,14.4,1.0,2,287
90.0,1.0986122886681098,12.0,14.4,1.0,2,287
90.0,1.0986122886681098,12.0,14.4,1.0,2,287
90.0,1.0986122886681098,12.0,14.4,1.0,2,287
90.0,1.0986122886681098,12.0,16.0,1.0,2,287
90.0,1.0986122886681098,12.0,16.0,1.0,2,287
90.0,2.772588722239781,12.0,16.0,1.0,2,287
100.0,2.772588722239781,12.0,16.0,1.0,2,287
90.0,1.0986122886681098,12.0,15.8,1.0,2,287
100.0,1.0986122886681098,12.0,14.5,1.0,2,287
90.0,1.0986122886681098,12.0,14.5,1.0,2,287
90.0,1.0986122886681098,12.0,15.0,1.0,2,287
50.0,1.0986122886681098,14.0,8.3,1.0,2,287
50.0,1.0986122886681098,12.0,7.8,1.0,2,287
100.0,1.0986122886681098,14.0,8.3,1.0,2,287
100.0,1.0986122886681098,12.0,7.8,1.0,2,287
90.0,2.5649493574615367,14.0,9.3,1.0,2,287
80.0,1.0986122886681098,11.0,17.6,1.0,2,287
80.0,1.0986122886681098,11.0,17.4,1.0,2,287
100.0,1.0986122886681098,11.0,17.6,1.0,2,287
100.0,1.0986122886681098,11.0,17.4,1.0,2,287
80.0,0.6931471805599453,11.0,18.0,1.0,2,287
80.0,0.6931471805599453,11.0,17.4,1.0,2,287
100.0,0.6931471805599453,11.0,18.0,1.0,2,287
100.0,0.6931471805599453,11.0,17.4,1.0,2,287
80.0,0.6931471805599453,11.0,18.0,1.0,2,287
80.0,0.6931471805599453,11.0,17.4,1.0,2,287
70.0,1.3862943611198906,11.0,18.4,1.0,2,287
70.0,1.3862943611198906,11.0,18.0,1.0,2,287
90.0,1.3862943611198906,11.0,18.4,1.0,2,287
90.0,1.3862943611198906,11.0,18.0,1.0,2,287
90.0,1.3862943611198906,11.0,18.4,1.0,2,287
90.0,1.3862943611198906,11.0,18.0,1.0,2,287
60.0,1.0986122886681098,12.0,12.7,1.0,2,287
60.0,1.0986122886681098,14.0,8.5,1.0,2,287
50.0,1.0986122886681098,12.0,12.7,1.0,2,287
50.0,1.0986122886681098,14.0,8.5,1.0,2,287
100.0,1.0986122886681098,12.0,12.7,1.0,2,287
100.0,1.0986122886681098,14.0,8.5,1.0,2,287
90.0,1.0986122886681098,12.0,12.7,1.0,2,287
90.0,1.0986122886681098,14.0,8.5,1.0,2,287
90.0,0.6931471805599453,12.0,10.1,1.0,2,287
90.0,0.6931471805599453,12.0,10.7,1.0,2,287
90.0,1.0986122886681098,13.0,10.2,1.0,2,287
70.0,1.6094379124341003,11.0,21.6,1.0,2,287
70.0,1.6094379124341003,16.0,8.8,1.0,2,287
80.0,1.6094379124341003,11.0,21.6,1.0,2,287
80.0,1.6094379124341003,16.0,8.8,1.0,2,287
80.0,2.3978952727983707,11.0,18.0,1.0,2,287
80.0,2.3978952727983707,11.0,17.4,1.0,2,287
100.0,2.3978952727983707,11.0,18.0,1.0,2,287
100.0,2.3978952727983707,11.0,17.4,1.0,2,287
80.0,2.3978952727983707,11.0,18.0,1.0,2,287
80.0,2.3978952727983707,11.0,17.4,1.0,2,287
70.0,2.3978952727983707,11.0,18.4,1.0,2,287
70.0,2.3978952727983707,11.0,18.0,1.0,2,287
90.0,2.3978952727983707,11.0,18.4,1.0,2,287
90.0,2.3978952727983707,11.0,18.0,1.0,2,287
90.0,2.3978952727983707,11.0,18.4,1.0,2,287
90.0,2.3978952727983707,11.0,18.0,1.0,2,287
60.0,1.6094379124341003,12.0,12.7,1.0,2,287
60.0,1.6094379124341003,14.0,8.5,1.0,2,287
50.0,1.6094379124341003,12.0,12.7,1.0,2,287
50.0,1.6094379124341003,14.0,8.5,1.0,2,287
100.0,1.6094379124341003,12.0,12.7,1.0,2,287
100.0,1.6094379124341003,14.0,8.5,1.0,2,287
90.0,1.6094379124341003,12.0,12.7,1.0,2,287
90.0,1.6094379124341003,14.0,8.5,1.0,2,287
90.0,1.3862943611198906,11.0,14.2,1.0,2,287
100.0,1.3862943611198906,11.0,14.2,1.0,2,287
50.0,1.3862943611198906,11.0,14.2,1.0,2,287
90.0,1.0986122886681098,11.0,13.2,1.0,2,287
100.0,1.0986122886681098,11.0,13.2,1.0,2,287
90.0,3.044522437723423,12.0,11.0,1.0,2,287
80.0,1.3862943611198906,12.0,14.7,1.0,2,287
98.0,1.3862943611198906,12.0,14.7,1.0,2,287
90.0,1.0986122886681098,11.0,13.3,1.0,2,287
90.0,1.0986122886681098,11.0,13.3,1.0,2,287
50.0,1.0986122886681098,11.0,13.3,1.0,2,287
90.0,1.0986122886681098,12.0,12.9,1.0,2,287
90.0,1.0986122886681098,11.0,11.1,1.0,2,287
100.0,1.0986122886681098,12.0,12.9,1.0,2,287
100.0,1.0986122886681098,11.0,11.1,1.0,2,287
100.0,1.0986122886681098,12.0,12.9,1.0,2,287
100.0,1.0986122886681098,11.0,11.1,1.0,2,287
100.0,1.0986122886681098,12.0,12.9,1.0,2,287
100.0,1.0986122886681098,11.0,11.1,1.0,2,287
90.0,0.6931471805599453,12.0,12.2,1.0,2,287
90.0,0.6931471805599453,12.0,11.4,1.0,2,287
50.0,0.6931471805599453,12.0,11.4,1.0,2,287
80.0,1.9459101490553132,12.0,11.9,1.0,2,287
80.0,1.9459101490553132,13.0,10.0,1.0,2,287
90.0,1.9459101490553132,12.0,11.9,1.0,2,287
90.0,1.9459101490553132,13.0,10.0,1.0,2,287
90.0,1.9459101490553132,12.0,11.9,1.0,2,287
90.0,1.9459101490553132,13.0,10.0,1.0,2,287
90.0,1.0986122886681098,11.0,11.4,1.0,2,287
90.0,1.0986122886681098,14.0,8.9,1.0,2,287
100.0,1.0986122886681098,11.0,11.4,1.0,2,287
100.0,1.0986122886681098,14.0,8.9,1.0,2,287
90.0,1.3862943611198906,14.0,14.2,1.0,2,287
90.0,1.3862943611198906,14.0,4.1,1.0,2,287
100.0,1.3862943611198906,14.0,14.2,1.0,2,287
100.0,1.3862943611198906,14.0,4.1,1.0,2,287
90.0,0.6931471805599453,13.0,13.9,1.0,2,287
90.0,3.044522437723423,12.0,11.9,1.0,2,287
90.0,3.044522437723423,12.0,10.7,1.0,2,287
80.0,2.3978952727983707,12.0,11.9,1.0,2,287
80.0,2.3978952727983707,13.0,10.0,1.0,2,287
90.0,2.3978952727983707,12.0,11.9,1.0,2,287
90.0,2.3978952727983707,13.0,10.0,1.0,2,287
90.0,2.3978952727983707,12.0,11.9,1.0,2,287
90.0,2.3978952727983707,13.0,10.0,1.0,2,287
90.0,1.0986122886681098,12.0,8.1,1.0,2,287
90.0,1.0986122886681098,11.0,10.8,1.0,2,287
90.0,0.6931471805599453,13.0,8.5,1.0,2,287
50.0,0.6931471805599453,13.0,8.5,1.0,2,287
90.0,0.6931471805599453,13.0,8.5,1.0,2,287
90.0,1.0986122886681098,13.0,8.5,1.0,2,287
100.0,1.0986122886681098,13.0,8.5,1.0,2,287
80.0,1.0986122886681098,13.0,8.5,1.0,2,287
90.0,1.0986122886681098,13.0,9.5,1.0,2,287
90.0,1.0986122886681098,13.0,9.4,1.0,2,287
50.0,1.0986122886681098,13.0,9.4,1.0,2,287
50.0,1.0986122886681098,13.0,9.4,1.0,2,287
90.0,1.3862943611198906,13.0,9.8,1.0,2,287
100.0,1.3862943611198906,13.0,9.8,1.0,2,287
50.0,1.3862943611198906,13.0,9.8,1.0,2,287
100.0,1.3862943611198906,13.0,9.8,1.0,2,287
50.0,1.3862943611198906,13.0,9.8,1.0,2,287
20.0,3.044522437723423,16.0,7.2,1.0,1,287
50.0,3.044522437723423,16.0,7.2,1.0,1,287
90.0,1.3862943611198906,13.0,14.6,1.0,2,287
90.0,1.3862943611198906,12.0,19.3,1.0,2,287
70.0,0.6931471805599453,14.0,13.2,0.7777777777777778,2,288
60.0,0.6931471805599453,14.0,13.4,0.7777777777777778,2,288
90.0,0.4054651081081644,13.0,10.9,0.7777777777777778,2,288
90.0,0.4054651081081644,14.0,10.7,0.7777777777777778,2,288
90.0,0.4054651081081644,15.0,8.8,0.7777777777777778,2,288
90.0,0.4054651081081644,13.0,16.6,0.7777777777777778,2,288
80.0,0.4054651081081644,13.0,10.9,0.7777777777777778,2,288
80.0,0.4054651081081644,14.0,10.7,0.7777777777777778,2,288
80.0,0.4054651081081644,15.0,8.8,0.7777777777777778,2,288
80.0,0.4054651081081644,13.0,16.6,0.7777777777777778,2,288
80.0,0.4054651081081644,13.0,10.9,0.7777777777777778,2,288
80.0,0.4054651081081644,14.0,10.7,0.7777777777777778,2,288
80.0,0.4054651081081644,15.0,8.8,0.7777777777777778,2,288
80.0,0.4054651081081644,13.0,16.6,0.7777777777777778,2,288
60.0,0.6931471805599453,13.0,6.0,0.7777777777777778,2,288
60.0,0.6931471805599453,12.0,9.9,0.7777777777777778,2,288
60.0,0.6931471805599453,13.0,15.4,0.7777777777777778,2,288
60.0,0.6931471805599453,12.0,10.3,0.7777777777777778,2,288
30.0,0.6931471805599453,13.0,6.0,0.7777777777777778,2,288
30.0,0.6931471805599453,12.0,9.9,0.7777777777777778,2,288
30.0,0.6931471805599453,13.0,15.4,0.7777777777777778,2,288
30.0,0.6931471805599453,12.0,10.3,0.7777777777777778,2,288
50.0,0.6931471805599453,13.0,6.0,0.7777777777777778,2,288
50.0,0.6931471805599453,12.0,9.9,0.7777777777777778,2,288
50.0,0.6931471805599453,13.0,15.4,0.7777777777777778,2,288
50.0,0.6931471805599453,12.0,10.3,0.7777777777777778,2,288
50.0,0.6931471805599453,13.0,6.0,0.7777777777777778,2,288
50.0,0.6931471805599453,12.0,9.9,0.7777777777777778,2,288
50.0,0.6931471805599453,13.0,15.4,0.7777777777777778,2,288
50.0,0.6931471805599453,12.0,10.3,0.7777777777777778,2,288
90.0,0.6931471805599453,13.0,6.0,0.7777777777777778,2,288
90.0,0.6931471805599453,12.0,9.9,0.7777777777777778,2,288
90.0,0.6931471805599453,13.0,15.4,0.7777777777777778,2,288
90.0,0.6931471805599453,12.0,10.3,0.7777777777777778,2,288
0.0,0.6931471805599453,13.0,6.0,0.7777777777777778,2,288
0.0,0.6931471805599453,12.0,9.9,0.7777777777777778,2,288
0.0,0.6931471805599453,13.0,15.4,0.7777777777777778,2,288
0.0,0.6931471805599453,12.0,10.3,0.7777777777777778,2,288
0.0,0.6931471805599453,13.0,6.0,0.7777777777777778,2,288
0.0,0.6931471805599453,12.0,9.9,0.7777777777777778,2,288
0.0,0.6931471805599453,13.0,15.4,0.7777777777777778,2,288
0.0,0.6931471805599453,12.0,10.3,0.7777777777777778,2,288
70.0,0.6931471805599453,12.0,17.0,0.7777777777777778,2,288
50.0,0.6931471805599453,13.0,11.9,0.7777777777777778,2,288
50.0,0.6931471805599453,11.0,15.5,0.7777777777777778,2,288
50.0,0.6931471805599453,11.0,12.7,0.7777777777777778,2,288
50.0,0.6931471805599453,13.0,11.3,0.7777777777777778,2,288
90.0,0.6931471805599453,13.0,11.9,0.7777777777777778,2,288
90.0,0.6931471805599453,11.0,15.5,0.7777777777777778,2,288
90.0,0.6931471805599453,11.0,12.7,0.7777777777777778,2,288
90.0,0.6931471805599453,13.0,11.3,0.7777777777777778,2,288
90.0,0.9162907318741551,13.0,10.9,0.7777777777777778,2,288
90.0,0.9162907318741551,14.0,10.7,0.7777777777777778,2,288
90.0,0.9162907318741551,15.0,8.8,0.7777777777777778,2,288
90.0,0.9162907318741551,13.0,16.6,0.7777777777777778,2,288
80.0,0.9162907318741551,13.0,10.9,0.7777777777777778,2,288
80.0,0.9162907318741551,14.0,10.7,0.7777777777777778,2,288
80.0,0.9162907318741551,15.0,8.8,0.7777777777777778,2,288
80.0,0.9162907318741551,13.0,16.6,0.7777777777777778,2,288
80.0,0.9162907318741551,13.0,10.9,0.7777777777777778,2,288
80.0,0.9162907318741551,14.0,10.7,0.7777777777777778,2,288
80.0,0.9162907318741551,15.0,8.8,0.7777777777777778,2,288
80.0,0.9162907318741551,13.0,16.6,0.7777777777777778,2,288
60.0,0.4054651081081644,13.0,6.0,0.7777777777777778,2,288
60.0,0.4054651081081644,12.0,9.9,0.7777777777777778,2,288
60.0,0.4054651081081644,13.0,15.4,0.7777777777777778,2,288
60.0,0.4054651081081644,12.0,10.3,0.7777777777777778,2,288
30.0,0.4054651081081644,13.0,6.0,0.7777777777777778,2,288
30.0,0.4054651081081644,12.0,9.9,0.7777777777777778,2,288
30.0,0.4054651081081644,13.0,15.4,0.7777777777777778,2,288
30.0,0.4054651081081644,12.0,10.3,0.7777777777777778,2,288
50.0,0.4054651081081644,13.0,6.0,0.7777777777777778,2,288
50.0,0.4054651081081644,12.0,9.9,0.7777777777777778,2,288
50.0,0.4054651081081644,13.0,15.4,0.7777777777777778,2,288
50.0,0.4054651081081644,12.0,10.3,0.7777777777777778,2,288
50.0,0.4054651081081644,13.0,6.0,0.7777777777777778,2,288
50.0,0.4054651081081644,12.0,9.9,0.7777777777777778,2,288
50.0,0.4054651081081644,13.0,15.4,0.7777777777777778,2,288
50.0,0.4054651081081644,12.0,10.3,0.7777777777777778,2,288
90.0,0.4054651081081644,13.0,6.0,0.7777777777777778,2,288
90.0,0.4054651081081644,12.0,9.9,0.7777777777777778,2,288
90.0,0.4054651081081644,13.0,15.4,0.7777777777777778,2,288
90.0,0.4054651081081644,12.0,10.3,0.7777777777777778,2,288
0.0,0.4054651081081644,13.0,6.0,0.7777777777777778,2,288
0.0,0.4054651081081644,12.0,9.9,0.7777777777777778,2,288
0.0,0.4054651081081644,13.0,15.4,0.7777777777777778,2,288
0.0,0.4054651081081644,12.0,10.3,0.7777777777777778,2,288
0.0,0.4054651081081644,13.0,6.0,0.7777777777777778,2,288
0.0,0.4054651081081644,12.0,9.9,0.7777777777777778,2,288
0.0,0.4054651081081644,13.0,15.4,0.7777777777777778,2,288
0.0,0.4054651081081644,12.0,10.3,0.7777777777777778,2,288
60.0,0.6931471805599453,13.0,6.1,0.7777777777777778,2,288
60.0,0.6931471805599453,12.0,10.3,0.7777777777777778,2,288
90.0,0.6931471805599453,13.0,6.1,0.7777777777777778,2,288
90.0,0.6931471805599453,12.0,10.3,0.7777777777777778,2,288
90.0,0.6931471805599453,13.0,6.1,0.7777777777777778,2,288
90.0,0.6931471805599453,12.0,10.3,0.7777777777777778,2,288
60.0,0.6931471805599453,11.0,10.9,0.7777777777777778,2,288
0.0,0.6931471805599453,11.0,10.9,0.7777777777777778,2,288
0.0,0.6931471805599453,11.0,10.9,0.7777777777777778,2,288
0.0,0.6931471805599453,11.0,10.9,0.7777777777777778,2,288
0.0,1.0986122886681098,14.0,10.5,0.7777777777777778,2,288
0.0,1.0986122886681098,12.0,21.2,0.7777777777777778,2,288
80.0,1.0986122886681098,14.0,10.5,0.7777777777777778,2,288
80.0,1.0986122886681098,12.0,21.2,0.7777777777777778,2,288
60.0,1.0986122886681098,14.0,10.5,0.7777777777777778,2,288
60.0,1.0986122886681098,12.0,21.2,0.7777777777777778,2,288
70.0,0.4054651081081644,13.0,10.2,0.7777777777777778,2,288
70.0,0.4054651081081644,11.0,19.2,0.7777777777777778,2,288
0.0,0.4054651081081644,14.0,10.5,0.7777777777777778,2,288
0.0,0.4054651081081644,12.0,21.2,0.7777777777777778,2,288
80.0,0.4054651081081644,14.0,10.5,0.7777777777777778,2,288
80.0,0.4054651081081644,12.0,21.2,0.7777777777777778,2,288
60.0,0.4054651081081644,14.0,10.5,0.7777777777777778,2,288
60.0,0.4054651081081644,12.0,21.2,0.7777777777777778,2,288
70.0,0.6931471805599453,12.0,21.2,0.7777777777777778,2,288
70.0,1.0986122886681098,13.0,12.7,0.7777777777777778,2,288
70.0,1.0986122886681098,15.0,11.4,0.7777777777777778,2,288
90.0,1.0986122886681098,13.0,12.7,0.7777777777777778,2,288
90.0,1.0986122886681098,15.0,11.4,0.7777777777777778,2,288
60.0,0.9162907318741551,14.0,14.0,0.7777777777777778,2,288
60.0,0.6931471805599453,13.0,12.3,0.7777777777777778,2,288
60.0,0.6931471805599453,13.0,10.5,0.7777777777777778,2,288
60.0,0.6931471805599453,12.0,7.7,0.7777777777777778,2,288
80.0,0.6931471805599453,13.0,12.3,0.7777777777777778,2,288
80.0,0.6931471805599453,13.0,10.5,0.7777777777777778,2,288
80.0,0.6931471805599453,12.0,7.7,0.7777777777777778,2,288
0.0,0.6931471805599453,13.0,12.3,0.7777777777777778,2,288
0.0,0.6931471805599453,13.0,10.5,0.7777777777777778,2,288
0.0,0.6931471805599453,12.0,7.7,0.7777777777777778,2,288
90.0,0.6931471805599453,13.0,12.3,0.7777777777777778,2,288
90.0,0.6931471805599453,13.0,10.5,0.7777777777777778,2,288
90.0,0.6931471805599453,12.0,7.7,0.7777777777777778,2,288
60.0,0.6931471805599453,14.0,17.7,0.7777777777777778,2,288
60.0,0.4054651081081644,13.0,20.5,0.7777777777777778,2,288
0.0,0.4054651081081644,13.0,20.5,0.7777777777777778,2,288
60.0,0.4054651081081644,13.0,12.3,0.7777777777777778,2,288
60.0,0.4054651081081644,13.0,10.5,0.7777777777777778,2,288
60.0,0.4054651081081644,12.0,7.7,0.7777777777777778,2,288
80.0,0.4054651081081644,13.0,12.3,0.7777777777777778,2,288
80.0,0.4054651081081644,13.0,10.5,0.7777777777777778,2,288
80.0,0.4054651081081644,12.0,7.7,0.7777777777777778,2,288
0.0,0.4054651081081644,13.0,12.3,0.7777777777777778,2,288
0.0,0.4054651081081644,13.0,10.5,0.7777777777777778,2,288
0.0,0.4054651081081644,12.0,7.7,0.7777777777777778,2,288
90.0,0.4054651081081644,13.0,12.3,0.7777777777777778,2,288
90.0,0.4054651081081644,13.0,10.5,0.7777777777777778,2,288
90.0,0.4054651081081644,12.0,7.7,0.7777777777777778,2,288
90.0,0.4054651081081644,11.0,24.9,0.7777777777777778,2,288
90.0,0.4054651081081644,13.0,8.3,0.7777777777777778,2,288
90.0,0.4054651081081644,13.0,20.9,0.7777777777777778,2,288
50.0,0.4054651081081644,11.0,24.9,0.7777777777777778,2,288
50.0,0.4054651081081644,13.0,8.3,0.7777777777777778,2,288
50.0,0.4054651081081644,13.0,20.9,0.7777777777777778,2,288
90.0,0.6931471805599453,11.0,24.9,0.7777777777777778,2,288
90.0,0.6931471805599453,13.0,8.3,0.7777777777777778,2,288
90.0,0.6931471805599453,13.0,20.9,0.7777777777777778,2,288
50.0,0.6931471805599453,11.0,24.9,0.7777777777777778,2,288
50.0,0.6931471805599453,13.0,8.3,0.7777777777777778,2,288
50.0,0.6931471805599453,13.0,20.9,0.7777777777777778,2,288
40.0,0.6931471805599453,13.0,20.9,0.7777777777777778,2,288
0.0,0.6931471805599453,13.0,20.9,0.7777777777777778,2,288
0.0,0.6931471805599453,13.0,20.9,0.7777777777777778,2,288
80.0,1.3862943611198906,12.0,28.2,1.0,2,289
80.0,1.3862943611198906,12.0,11.0,1.0,2,289
10.0,1.3862943611198906,12.0,28.2,1.0,2,289
10.0,1.3862943611198906,12.0,11.0,1.0,2,289
90.0,0.6931471805599453,13.0,8.8,1.0,2,289
40.0,0.6931471805599453,12.0,11.3,1.0,2,289
40.0,0.6931471805599453,12.0,11.9,1.0,2,289
40.0,0.6931471805599453,12.0,11.3,1.0,2,289
40.0,0.6931471805599453,12.0,11.9,1.0,2,289
100.0,0.6931471805599453,12.0,11.3,1.0,2,289
100.0,0.6931471805599453,12.0,11.9,1.0,2,289
100.0,0.6931471805599453,12.0,11.3,1.0,2,289
100.0,0.6931471805599453,12.0,11.9,1.0,2,289
100.0,1.0986122886681098,12.0,19.6,1.0,2,289
100.0,1.0986122886681098,11.0,5.6,1.0,2,289
100.0,1.0986122886681098,11.0,42.4,1.0,2,289
100.0,1.0986122886681098,12.0,19.6,1.0,2,289
100.0,1.0986122886681098,11.0,5.6,1.0,2,289
100.0,1.0986122886681098,11.0,42.4,1.0,2,289
80.0,1.0986122886681098,12.0,19.6,1.0,2,289
80.0,1.0986122886681098,11.0,5.6,1.0,2,289
80.0,1.0986122886681098,11.0,42.4,1.0,2,289
90.0,1.0986122886681098,14.0,13.6,1.0,2,289
90.0,1.0986122886681098,12.0,13.3,1.0,2,289
90.0,1.0986122886681098,12.0,23.8,1.0,2,289
80.0,1.0986122886681098,14.0,13.6,1.0,2,289
80.0,1.0986122886681098,12.0,13.3,1.0,2,289
80.0,1.0986122886681098,12.0,23.8,1.0,2,289
100.0,1.0986122886681098,14.0,13.6,1.0,2,289
100.0,1.0986122886681098,12.0,13.3,1.0,2,289
100.0,1.0986122886681098,12.0,23.8,1.0,2,289
25.0,1.0986122886681098,14.0,13.6,1.0,2,289
25.0,1.0986122886681098,12.0,13.3,1.0,2,289
25.0,1.0986122886681098,12.0,23.8,1.0,2,289
60.0,1.0986122886681098,14.0,13.6,1.0,2,289
60.0,1.0986122886681098,12.0,13.3,1.0,2,289
60.0,1.0986122886681098,12.0,23.8,1.0,2,289
95.0,0.6931471805599453,13.0,13.5,1.0,2,289
95.0,0.6931471805599453,12.0,12.9,1.0,2,289
95.0,0.6931471805599453,11.0,22.1,1.0,2,289
75.0,0.6931471805599453,13.0,13.5,1.0,2,289
75.0,0.6931471805599453,12.0,12.9,1.0,2,289
75.0,0.6931471805599453,11.0,22.1,1.0,2,289
10.0,0.6931471805599453,13.0,13.5,1.0,2,289
10.0,0.6931471805599453,12.0,12.9,1.0,2,289
10.0,0.6931471805599453,11.0,22.1,1.0,2,289
100.0,0.6931471805599453,13.0,13.5,1.0,2,289
100.0,0.6931471805599453,12.0,12.9,1.0,2,289
100.0,0.6931471805599453,11.0,22.1,1.0,2,289
25.0,0.6931471805599453,13.0,17.1,0.7857142857142857,2,290
25.0,0.4054651081081644,12.0,10.9,0.7857142857142857,1,290
25.0,0.4054651081081644,12.0,16.0,0.7857142857142857,1,290
40.0,0.4054651081081644,12.0,10.9,0.7857142857142857,1,290
40.0,0.4054651081081644,12.0,16.0,0.7857142857142857,1,290
0.0,0.4054651081081644,12.0,10.9,0.7857142857142857,1,290
0.0,0.4054651081081644,12.0,16.0,0.7857142857142857,1,290
30.0,0.6931471805599453,12.0,17.4,0.7857142857142857,1,290
40.0,0.4054651081081644,12.0,12.0,0.7857142857142857,1,290
40.0,0.4054651081081644,10.0,59.9,0.7857142857142857,1,290
30.0,0.4054651081081644,12.0,12.0,0.7857142857142857,1,290
30.0,0.4054651081081644,10.0,59.9,0.7857142857142857,1,290
0.0,0.4054651081081644,12.0,12.0,0.7857142857142857,1,290
0.0,0.4054651081081644,10.0,59.9,0.7857142857142857,1,290
