A,Y,W,Z,X_year,X_afam,X_density,law_binary
83,2.7212954278522306,4.582924577040772,9.165776803155262,1977,8.384873,0.0745524,0.0
94,2.6602595372658615,4.6061696863211745,9.203617826215355,1978,8.352101,0.0755667,0.0
144,2.653241964607215,4.705015520957808,9.198068175678452,1979,8.329575,0.0762453,0.0
141,2.653241964607215,4.891100725401066,9.16350323939836,1980,8.408386,0.0768288,0.0
149,2.5572273113676265,4.848116364598481,9.164228473050336,1981,8.483435,0.0771866,0.0
183,2.451005098112319,4.727387818712341,9.156931050908767,1982,8.514,0.0773185,0.0
215,2.322387720290225,4.599152113662528,9.188503677367008,1983,8.545608,0.0774933,0.0
243,2.341805806147327,4.575741375297279,9.245533755544288,1984,8.559511,0.0778424,0.0
256,2.379546134130174,4.667205576907544,9.280506155332995,1985,8.562801,0.07825,0.0
267,2.4069451083182885,4.72384171570559,9.3140353013149,1986,8.566521,0.0786251,0.0
283,2.33214389523559,4.729156165769083,9.334752056185188,1987,8.592103,0.0790919,0.0
307,2.388762789235098,4.777441406928545,9.36357291616016,1988,8.618144,0.0792611,0.0
300,2.4159137783010487,4.90453376321371,9.38973264259756,1989,8.638031,0.0793867,0.0
328,2.533696813957432,4.974662633637438,9.398062320370233,1990,8.699674,0.0797736,0.0
370,2.5257286443082556,5.035653057071544,9.400036337522112,1991,8.771641,0.0806113,0.0
394,2.4849066497880004,5.111385197196399,9.42537271621185,1992,8.877969,0.081562,0.0
407,2.533696813957432,5.07829394257007,9.425193653772622,1993,8.972758,0.0826229,0.0
431,2.5572273113676265,5.14865659199363,9.447380516802385,1994,9.047583,0.0834082,0.0
450,2.501435951739211,5.230038525794742,9.46294019600412,1995,9.094921,0.0839947,0.0
471,2.3978952727983707,5.123963979403259,9.465750512476342,1996,9.14942,0.08454,0.0
492,2.388762789235098,5.084505142662711,9.482053872738152,1997,9.206091,0.0851287,0.0
500,2.2082744135228043,4.882044059723269,9.511562857869263,1998,9.257586,0.0857347,0.0
519,2.186051276738094,4.805659046737495,9.527939920202543,1999,9.331416,0.0861057,0.0
63,2.468099531471619,4.582924577040772,9.91826926276431,1977,7.835672,0.0007083,0.0
75,2.631888840136646,4.525044141508807,9.854611859709225,1978,7.945618,0.0007106,0.0
127,2.6602595372658615,4.7059200890882344,9.804599931312163,1979,8.057296,0.0007071,0.0
133,2.2925347571405443,4.416428061391214,9.792704584140417,1980,8.123558,0.00071,0.0
143,2.747270914255491,4.750135956238277,9.802353094504214,1981,8.153878,0.0007331,0.0
170,2.970414465569701,4.9037921984782065,9.850515481370005,1982,8.149489,0.0007876,0.0
194,2.6946271807700692,4.585987366571318,9.854612384753992,1983,8.114173,0.0008556,0.0
219,2.533696813957432,4.704110133842995,9.830444705243165,1984,8.094755,0.0008999,0.0
252,2.379546134130174,4.542230386214217,9.836610298693996,1985,8.05383,0.0009328,0.0
288,2.2617630984737906,4.48863636973214,9.79296875579209,1986,8.0824,0.0009535,0.0
306,2.4069451083182885,4.3054155323020415,9.738431289080347,1987,8.185459,0.0009448,0.0
339,1.9021075263969205,4.302712827954156,9.725654308181502,1988,8.39216,0.0009495,0.0
355,2.1972245773362196,4.22829253473184,9.757674187178676,1989,8.556108,0.0009585,0.0
361,2.1400661634962708,4.3528552573736015,9.759206012147292,1990,8.630677,0.0009697,0.0
348,2.128231705849268,4.73795129722191,9.741379127005363,1991,8.526665,0.0009981,0.0
345,2.1400661634962708,4.700480365792417,9.739746111369502,1992,8.534543,0.0010293,0.0
327,2.302585092994046,4.8154311114712876,9.74501395903381,1993,8.630754,0.0010467,0.0
446,1.9878743481543455,4.991792206294776,9.739262462491508,1994,8.593396,0.001053,0.0
317,2.312535423847214,5.050496827521386,9.733463470885912,1995,8.624999,0.0010543,1.0
338,2.128231705849268,4.770684624465665,9.713971577869868,1996,8.75226,0.0010606,1.0
383,2.2925347571405443,4.676560182074764,9.730185992979097,1997,8.834417,0.0010675,1.0
420,2.0412203288596382,4.472780997942346,9.745572713810063,1998,8.933932,0.0010786,1.0
413,2.2617630984737906,4.526126978647638,9.748069236263845,1999,8.986603,0.0010861,1.0
125,2.3513752571634776,4.935911747900319,9.298392457241047,1977,3.436422,0.021383,0.0
129,2.341805806147327,5.099256485749784,9.358105852595195,1978,3.457416,0.0221776,0.0
146,2.2925347571405443,5.174453379325651,9.376336897620893,1979,3.473442,0.0232379,0.0
139,2.424802725718295,5.270946169751904,9.358355984994164,1980,3.592809,0.0241197,0.0
160,2.2082744135228043,5.185148668442399,9.365819026797059,1981,3.557633,0.0247571,0.0
184,2.2300144001592104,5.072670685015709,9.332225205966244,1982,3.588126,0.0254596,0.0
209,2.1041341542702074,4.893352133481524,9.363490551469857,1983,3.622587,0.0261561,0.0
223,2.174751721484161,4.883559211528279,9.422036247976315,1984,3.644696,0.0270214,0.0
247,2.1972245773362196,4.993828175779875,9.45620073160585,1985,3.673841,0.0280468,0.0
256,2.33214389523559,5.136974216139274,9.484015047299877,1986,3.72806,0.0291456,0.0
268,2.1400661634962708,4.937347498326424,9.493261880905472,1987,3.784642,0.0302807,0.0
307,2.2512917986064953,4.927253685157205,9.495548637088197,1988,3.844388,0.0311448,0.0
328,2.0412203288596382,4.941642422609304,9.495902699354984,1989,3.903289,0.0319112,0.0
350,2.163323025660538,5.0869788606835895,9.481571364417338,1990,3.964251,0.0323741,0.0
375,2.174751721484161,5.116195789756748,9.46028552990083,1991,4.026213,0.0331074,0.0
396,2.2082744135228043,5.03760174232607,9.462965829371619,1992,4.067532,0.0340308,0.0
409,2.2617630984737906,5.099256485749784,9.466832041850214,1993,4.107062,0.0351401,0.0
430,2.4423470353692043,5.093750200806762,9.494701686810561,1994,4.16112,0.0364967,0.0
459,2.4336133554004498,5.163642463221435,9.510121949299789,1995,4.210515,0.0378989,1.0
473,2.2512917986064953,5.128714582161857,9.526900675327536,1996,4.258865,0.0390024,1.0
479,2.2192034840549946,5.116195789756748,9.557284726916738,1997,4.313578,0.0400574,1.0
484,2.2082744135228043,5.113191882421348,9.598744770294331,1998,4.317078,0.04107,1.0
507,2.1972245773362196,5.033700567027251,9.619428907535115,1999,4.343524,0.0420472,1.0
115,2.2823823856765264,4.4331949212482815,9.140184073970985,1977,5.325915,0.0425259,0.0
111,2.312535423847214,4.394449154672439,9.205001344701259,1978,5.294712,0.0431827,0.0
115,2.312535423847214,4.3254562831854875,9.182530846856901,1979,5.256688,0.0437258,0.0
132,2.322387720290225,4.405498990859024,9.123962321665594,1980,5.301,0.0439483,0.0
128,2.312535423847214,4.361823927356363,9.147096372583663,1981,5.363085,0.0440339,0.0
143,2.2192034840549946,4.379523504455763,9.131239046063762,1982,5.396681,0.0440543,0.0
166,2.151762203259462,4.252771798816619,9.156623089470195,1983,5.412156,0.044275,0.0
179,2.1400661634962708,4.22829253473184,9.223063093823235,1984,5.429969,0.0445442,0.0
188,2.186051276738094,4.241326752570746,9.25258151902296,1985,5.448844,0.0446838,0.0
195,2.2082744135228043,4.390738575275903,9.274929829316484,1986,5.453926,0.0447788,0.0
198,2.151762203259462,4.383275854074314,9.276724376660948,1987,5.468931,0.0449779,0.0
227,2.272125885509337,4.443827035579329,9.302050442794227,1988,5.485952,0.0449833,0.0
230,2.2407096892759584,4.71492104994721,9.314055134124319,1989,5.507787,0.0450552,0.0
261,2.424802725718295,4.73795129722191,9.310806328799947,1990,5.545241,0.0452106,0.0
277,2.4932054526026954,4.91705694713669,9.319410897030382,1991,5.603151,0.0455241,0.0
317,2.468099531471619,4.840242308167575,9.36415528115307,1992,5.660378,0.045974,0.0
340,2.4159137783010487,4.835487941050301,9.36824627782235,1993,5.731631,0.0465433,0.0
327,2.5649493574615367,4.865224091322398,9.386727689281946,1994,5.748989,0.0470591,0.0
345,2.4336133554004498,4.841822087327094,9.403443597134814,1995,5.777742,0.0476259,0.0
361,2.302585092994046,4.74493212836325,9.421141670070371,1996,5.83566,0.048101,1.0
357,2.388762789235098,4.722953221644475,9.438478628954874,1997,5.884809,0.0484687,1.0
392,2.186051276738094,4.576770711466393,9.471813470242237,1998,5.917338,0.0487413,1.0
415,1.8870696490323797,4.385769620952716,9.495243336281815,1999,5.961927,0.0489942,1.0
85,2.5257286443082556,5.662960480135946,9.553226282662271,1977,5.011663,0.1429538,0.0
80,2.5416019934645457,5.727173427446777,9.595419082427403,1978,5.16054,0.1460464,0.0
88,2.6390573296152584,5.81353333861532,9.607888221139198,1979,5.299742,0.1487384,0.0
93,2.740840023925201,5.953762679923971,9.584937941821291,1980,5.594304,0.1522774,0.0
98,2.6390573296152584,5.96409335031185,9.580087106573135,1981,5.764122,0.1553813,0.0
114,2.501435951739211,5.921846480227112,9.562107190750314,1982,5.955957,0.1587982,0.0
135,2.4423470353692043,5.834518296645255,9.581352052014967,1983,6.108492,0.1622533,0.0
150,2.451005098112319,5.794536837924666,9.633972129375097,1984,6.266548,0.1653522,0.0
162,2.4423470353692043,5.795145480670174,9.658783867916426,1985,6.419227,0.1691701,0.0
181,2.509599262378372,5.84035091743822,9.681895921370648,1986,6.571936,0.1734,0.0
212,2.451005098112319,5.711419901785413,9.701072670197352,1987,6.712571,0.177718,0.0
231,2.4336133554004498,5.726196069493101,9.717118816951487,1988,6.850673,0.1821141,0.0
257,2.4765384001174837,5.807541708947054,9.721683261936946,1989,6.997949,0.1869376,0.0
283,2.5572273113676265,5.934894195619588,9.721990855451846,1990,7.156204,0.1920211,0.0
311,2.617395832834079,6.021751239712854,9.686608090782759,1991,7.26585,0.194996,0.0
318,2.617395832834079,6.052324435364745,9.688660572473795,1992,7.394206,0.1979568,0.0
339,2.6461747973841225,6.006599434692252,9.66761963879852,1993,7.525185,0.1996962,0.0
368,2.5494451709255714,5.879974171074619,9.666172812568131,1994,7.618953,0.2007859,0.0
384,2.501435951739211,5.8057371971791945,9.68167935923441,1995,7.714913,0.2019165,0.0
416,2.312535423847214,5.692384429703832,9.69483228729032,1996,7.803103,0.2037585,0.0
446,2.1972245773362196,5.535363823031238,9.717626539249746,1997,7.907242,0.2065595,0.0
475,2.028148247292285,5.354697699984144,9.756743542153716,1998,8.000757,0.2095414,0.0
483,1.9459101490553132,5.2045559867335625,9.790032699270283,1999,8.08967,0.2125055,0.0
87,1.9878743481543455,5.14574876790343,9.428764805750415,1977,2.026637,0.0259829,0.0
89,2.1162555148025524,5.076423034634259,9.47643536093644,1978,2.081794,0.0266633,0.0
93,1.916922612182061,5.062595033026967,9.485446953354929,1979,2.115095,0.0274583,0.0
90,2.066862759472976,5.082025290182929,9.478004413934181,1980,2.207162,0.0280786,0.0
96,2.2082744135228043,5.07829394257007,9.496086070866179,1981,2.254344,0.0287455,0.0
92,1.9459101490553132,5.021245473208271,9.50003841100114,1982,2.313977,0.0295533,0.0
108,2.0014800002101243,4.847331743138063,9.51569044208137,1983,2.368948,0.0302488,0.0
109,1.916922612182061,4.74493212836325,9.557272710485327,1984,2.424206,0.0305998,0.0
104,1.916922612182061,4.829912458665998,9.566350494970436,1985,2.491744,0.0309737,0.0
103,2.0794415416798357,4.982235819574558,9.570651198077238,1986,2.547748,0.031251,0.0
115,1.916922612182061,4.785823685681349,9.574893898217931,1987,2.599251,0.0314733,0.0
145,1.9021075263969205,4.603168183317418,9.585687795030227,1988,2.643703,0.0314907,0.0
174,1.6863989535702288,4.51085950651685,9.608783550608697,1989,2.698713,0.0316214,0.0
207,1.6486586255873816,4.517431271680085,9.616784334183652,1990,2.750993,0.0318506,0.0
209,1.9315214116032138,4.685828089005546,9.614270969992395,1991,2.798311,0.0324647,0.0
249,1.9740810260220096,4.799914262780603,9.630915414554204,1992,2.829628,0.0333558,0.0
256,1.916922612182061,4.768139014266231,9.649975640126016,1993,2.879706,0.0343284,0.0
262,1.8562979903656263,4.681204872264089,9.66723723155294,1994,2.920543,0.0352252,0.0
289,1.916922612182061,4.576770711466393,9.696630035881123,1995,2.947571,0.0360365,0.0
292,1.7404661748405046,4.597138014290827,9.720626650321577,1996,2.973025,0.0367562,0.0
322,1.6094379124341003,4.4343818650078095,9.761841611549588,1997,3.003526,0.0375137,0.0
342,1.7227665977411035,4.412798293340635,9.811537820098533,1998,3.058428,0.0382625,0.0
357,1.7227665977411035,4.334672938290411,9.844678188392104,1999,3.094968,0.0391028,0.0
62,1.6486586255873816,4.871373226762748,9.569658918516327,1977,2.625869,0.6346611,0.0
53,1.6486586255873816,5.048573133436648,9.605967916206078,1978,2.68661,0.635876,0.0
70,1.6486586255873816,5.269403356383394,9.619346536470694,1979,2.759993,0.6367573,0.0
69,1.7404661748405046,5.389071729816501,9.618451975025252,1980,2.878027,0.638993,0.0
68,1.8562979903656263,5.509793112994564,9.628855951028582,1981,2.987402,0.6422083,0.0
95,1.824549292051046,5.344723739362192,9.640881758902816,1982,3.083773,0.6442964,0.0
114,1.62924053973028,5.306285536197214,9.667765219015058,1983,3.172015,0.6490852,0.0
114,1.589235205116581,5.2548878086207,9.732712280106538,1984,3.261486,0.6527141,0.0
119,1.5686159179138452,5.25227342804663,9.762818749086737,1985,3.348601,0.657046,0.0
127,1.7227665977411035,5.263725921778417,9.810030354899473,1986,3.435485,0.6616866,0.0
135,1.7749523509116738,5.187944309066666,9.862817109031438,1987,3.523706,0.6665211,0.0
144,1.8562979903656263,5.239628370199357,9.914174740556232,1988,3.617498,0.6715842,0.0
146,1.9315214116032138,5.374352052824034,9.938661144824994,1989,3.704991,0.6739345,0.0
194,1.8082887711792655,5.462983988103271,9.922006513147398,1990,3.790024,0.6788557,0.0
238,1.9021075263969205,5.417876601605676,9.885214105447696,1991,3.877986,0.6787698,0.0
263,1.8082887711792655,5.356114465274254,9.919943901006626,1992,3.949469,0.675954,0.0
268,1.9878743481543455,5.286750730176571,9.923132324236514,1993,4.025792,0.6754025,0.0
320,2.028148247292285,5.240688253711401,9.929082197197609,1994,4.081422,0.6745812,0.0
321,1.7227665977411035,5.101085197018328,9.947233587879204,1995,4.132952,0.6739511,0.0
318,1.7578579175523736,5.139321635057579,9.964381314601665,1996,4.208807,0.6743096,0.0
314,1.5686159179138452,5.0363030408448335,10.004255538655412,1997,4.299477,0.6746159,0.0
397,1.62924053973028,4.9037921984782065,10.049061701700168,1998,4.391971,0.6754516,0.0
372,1.4586150226995167,4.824305715904762,10.07102156047923,1999,4.480762,0.6774058,0.0
118,1.9459101490553132,5.062595033026967,9.473471265585369,1977,5.74693,0.2986019,0.0
120,2.0412203288596382,4.987025428457122,9.490274002636852,1978,5.840172,0.3000893,0.0
173,1.9021075263969205,4.870606649492553,9.480537723709563,1979,5.939507,0.3001927,0.0
181,2.066862759472976,4.927253685157205,9.477449515525665,1980,6.039646,0.3079291,0.0
183,2.0412203288596382,4.956531035103055,9.47376638028645,1981,6.12362,0.3084736,0.0
208,1.840549633397487,4.8154311114712876,9.483055496366063,1982,6.171387,0.3101118,0.0
250,1.62924053973028,4.7561730595246186,9.512664721164834,1983,6.215406,0.3133618,0.0
273,1.62924053973028,4.762173934797756,9.561668848997858,1984,6.255918,0.3165202,0.0
263,1.7578579175523736,4.8307108619020225,9.607024372090317,1985,6.296459,0.3200228,0.0
281,1.7749523509116738,4.829912458665998,9.632658008480787,1986,6.34046,0.3248225,0.0
311,1.8082887711792655,4.816241156068032,9.663213101680494,1987,6.404671,0.3296879,0.0
326,1.824549292051046,4.785823685681349,9.696567928682233,1988,6.478223,0.3351889,0.0
331,1.8082887711792655,4.94021282979971,9.729597748396333,1989,6.554518,0.3407003,0.0
333,1.791759469228055,5.110782242701195,9.710365681755668,1990,6.6351,0.3422317,0.0
323,1.8562979903656263,5.373888553395111,9.70094288005314,1991,6.794319,0.3480793,0.0
344,1.7227665977411035,5.025195445427586,9.704898799438277,1992,6.956813,0.353022,0.0
390,1.791759469228055,5.234844943592463,9.705953875925571,1993,7.09718,0.3577877,0.0
394,1.7404661748405046,5.0912931971137105,9.710215861251875,1994,7.244331,0.3623611,0.0
400,1.5040773967762742,5.296816240421769,9.717562109538475,1995,7.419685,0.367399,0.0
413,1.667706820558076,5.19794439240125,9.736097957050045,1996,7.576778,0.371913,0.0
428,1.252762968495368,5.195730777772936,9.742188466961432,1997,7.754169,0.3759713,0.0
443,1.33500106673234,5.274024673978992,9.790006375602868,1998,7.950773,0.3805964,0.0
429,1.4350845252893227,5.292802185859927,9.817940557361338,1999,8.134692,0.3854414,0.0
334,3.3603753871419,6.872646101868569,9.677282444436011,1977,25.80589,11.10212,0.0
330,3.367295829986474,6.8465179695109475,9.678187928566842,1978,25.82674,10.90248,0.0
383,3.3463891451671604,6.962148762812469,9.652072476333247,1979,25.86125,10.65598,0.0
433,3.481240089335692,7.2453697201821265,9.611028756349679,1980,25.68026,10.13149,0.0
426,3.586292865338835,7.400070639989031,9.604399343393238,1981,25.58024,10.10943,0.0
467,3.456316680883235,7.278628942320682,9.634284355790875,1982,25.38574,10.06621,0.0
531,3.414442608412176,7.120120957124469,9.650722071987907,1983,25.07103,10.03871,0.0
558,3.370738174177447,6.885509670034818,9.706549493223145,1984,24.8133,10.05368,0.0
649,3.1986731175506815,6.729226520426879,9.731090583689738,1985,24.52111,10.07211,0.0
738,3.4657359027997265,6.626717749249025,9.75841958306378,1986,24.27641,10.1314,0.0
753,3.616308761279101,6.57702651698799,9.784767640648232,1987,24.04692,10.11006,0.0
905,4.102643365036796,6.822959627277421,9.846678019006836,1988,23.84928,10.00683,0.0
1078,4.289088639014612,6.988505428667246,9.879334706745444,1989,23.58799,9.907381,0.0
1132,4.366912996863833,7.102087748442227,9.917921381828718,1990,23.41714,9.89859,0.0
1148,4.401829261970061,7.103815361886605,9.929092431811512,1991,23.34388,9.725229,0.0
1221,4.333361462692601,7.144722836889416,9.966942518089322,1992,23.30794,9.576771,0.0
1287,4.375757021660286,7.11525713430639,9.990498846192422,1993,22.92985,9.448492,0.0
1549,4.2626798770413155,7.010492356433249,9.998993167787157,1994,22.56992,9.262,0.0
1782,4.189654742026425,7.122866658599083,9.981023891119904,1995,22.26011,9.037263,0.0
1650,4.3054155323020415,7.079773942780195,9.991756638278419,1996,21.94686,8.824147,0.0
1611,4.05871738457895,6.747469149048794,10.020130827801223,1997,21.79755,8.668065,0.0
1682,3.9259259105971376,6.537415972849347,10.038601317548851,1998,21.84068,8.547967,0.0
1913,3.858622228701031,6.469715324941794,10.060522924777391,1999,21.66975,8.508196,0.0
211,2.4159137783010487,5.241217774507464,9.35231204501028,1977,5.08674,0.1637305,0.0
221,2.4849066497880004,5.332718793265369,9.40131521420299,1978,5.038732,0.1682757,0.0
239,2.580216829592325,5.523059639225943,9.40779599553818,1979,5.018184,0.1742681,0.0
220,2.740840023925201,5.8763342398543505,9.405104201660025,1980,5.078043,0.1817043,0.0
208,2.772588722239781,5.857647399373643,9.414971215689972,1981,5.139825,0.1882218,0.0
224,2.6741486494265287,5.69910488510509,9.406503194958619,1982,5.180603,0.1933671,0.0
261,2.501435951739211,5.577463107977531,9.444463427333401,1983,5.210392,0.1985088,0.0
235,2.5257286443082556,5.624739267315748,9.488023622399117,1984,5.222791,0.2038653,0.0
242,2.517696472610991,5.74748032992192,9.519135242487243,1985,5.236619,0.2096121,0.0
247,2.5416019934645457,5.907539312170221,9.54827653653182,1986,5.24706,0.2154544,0.0
272,2.517696472610991,5.8794150432993595,9.574771657574573,1987,5.271782,0.2215443,0.0
265,2.517696472610991,6.002157176646725,9.603348884505223,1988,5.288664,0.2272523,1.0
278,2.4932054526026954,6.003887067106539,9.63522437363343,1989,5.319287,0.2333704,1.0
307,2.4595888418037104,6.035002849122465,9.624468514079473,1990,5.353076,0.2410942,1.0
336,2.341805806147327,5.993462549770655,9.59961918596589,1991,5.456843,0.2461155,1.0
344,2.302585092994046,5.907811162110729,9.593581002474767,1992,5.591074,0.2501023,1.0
355,2.2925347571405443,5.8822075611710325,9.610406263846896,1993,5.693723,0.2539695,1.0
384,2.2300144001592104,5.7984864101254985,9.616703743191884,1994,5.809861,0.2585662,1.0
406,2.1162555148025524,5.706777983635999,9.64068344135025,1995,5.931224,0.2627072,1.0
447,2.1400661634962708,5.670570340450087,9.657085609644717,1996,6.044211,0.2671799,1.0
439,2.066862759472976,5.624378451868933,9.67870140289564,1997,6.174477,0.271929,1.0
437,2.0149030205422647,5.495937960631161,9.708435708388102,1998,6.283623,0.2760937,1.0
447,1.9021075263969205,5.359412465907847,9.71800340000416,1999,6.394272,0.2798534,1.0
225,2.5416019934645457,4.952299717083292,9.23291562258572,1977,8.995614,0.0898817,0.0
224,2.7343675094195836,5.119788607992779,9.276145902618113,1978,9.080371,0.0911913,0.0
216,2.89591193827178,5.369241704884735,9.268192212007277,1979,9.193938,0.0930103,0.0
224,2.6946271807700692,5.291292751611072,9.234649496410224,1980,9.368551,0.094498,0.0
219,2.9014215940827497,5.285232126999381,9.243945346343828,1981,9.516834,0.0959133,0.0
220,2.6100697927420065,5.047288611744291,9.247321078186117,1982,9.618777,0.0973163,0.0
247,2.2407096892759584,4.978112102390695,9.291920358968605,1983,9.689654,0.0986677,0.0
259,2.341805806147327,4.977423159890142,9.366182762910094,1984,9.735667,0.1005057,0.0
254,2.4336133554004498,5.107156861086878,9.406845859536494,1985,9.769167,0.1027055,0.0
251,2.501435951739211,5.370172803648464,9.450766515217945,1986,9.778049,0.1048067,0.0
265,2.5494451709255714,5.348059458442851,9.472561549284118,1987,9.782475,0.1069393,0.0
282,2.5416019934645457,5.499624223253072,9.500663204549653,1988,9.798496,0.1087941,0.0
281,2.617395832834079,5.6061696457892,9.509986340756242,1989,9.818057,0.1104293,0.0
300,2.5494451709255714,5.577841251298354,9.511730064257826,1990,9.871989,0.1123385,1.0
327,2.624668592163159,5.595454597770573,9.500788116428971,1991,10.00728,0.1143196,1.0
342,2.4849066497880004,5.524655808758766,9.527151299886702,1992,10.13363,0.1167056,1.0
365,2.517696472610991,5.517452896464707,9.537474861505048,1993,10.25108,0.1190299,1.0
387,2.3978952727983707,5.409858741280944,9.56291371584184,1994,10.39586,0.1216509,1.0
456,2.3513752571634776,5.32884657158286,9.58461886033315,1995,10.52201,0.1241136,1.0
470,2.2617630984737906,5.329816033607408,9.614345080887032,1996,10.65336,0.1265945,1.0
462,2.1400661634962708,5.336094730882067,9.63194585395382,1997,10.80586,0.1292511,1.0
472,2.2082744135228043,5.23750522715128,9.678817837225871,1998,10.94355,0.1318483,1.0
502,2.1400661634962708,5.120386158055375,9.70141726699344,1999,11.10859,0.1344678,1.0
39,2.1041341542702074,4.859812404361672,9.527939920202543,1977,26.65354,0.1429194,0.0
44,2.0412203288596382,5.162497643405501,9.545321497443512,1978,26.78969,0.1449939,0.0
57,2.1041341542702074,5.22305488204749,9.545307190309403,1979,26.94793,0.1483743,0.0
58,2.272125885509337,5.2533200006173,9.54101081066956,1980,26.97957,0.1506163,0.0
65,1.7578579175523736,5.006627272698717,9.509826995745424,1981,25.1352,0.152245,0.0
77,1.410986973710262,5.061961921261596,9.498646749508985,1982,25.15592,0.1546773,0.0
88,1.8870696490323797,4.875197323201151,9.53827627757511,1983,25.01153,0.1576213,0.0
103,1.4586150226995167,4.761318868478023,9.5681273973231,1984,24.82482,0.1599899,0.0
124,1.62924053973028,4.609162207257629,9.584157937943631,1985,24.72177,0.1618184,0.0
134,1.7578579175523736,4.675628649636653,9.610242032771392,1986,24.64585,0.1636979,0.0
142,1.7578579175523736,4.59511985013459,9.632582620173608,1987,24.64091,0.1662118,0.0
141,1.6094379124341003,4.443827035579329,9.674528373191858,1988,24.6308,0.1680658,0.0
136,1.7578579175523736,4.4331949212482815,9.710789546113293,1989,24.63831,0.1703633,0.0
142,1.6094379124341003,4.526126978647638,9.74466413914061,1990,24.85353,0.1732373,0.0
150,1.6094379124341003,4.476199804691132,9.736683572957714,1991,24.66962,0.1761501,0.0
153,1.5260563034950492,4.607168188650764,9.752790817634386,1992,24.46166,0.1790325,0.0
164,1.5686159179138452,4.650143551630823,9.755214316646725,1993,24.25993,0.1808357,0.0
198,1.6486586255873816,4.650143551630823,9.742503914463333,1994,24.07439,0.1827655,0.0
202,1.7404661748405046,4.881285622068407,9.725134510759345,1995,23.95598,0.1837911,0.0
217,1.4816045409242156,4.91705694713669,9.698658389286319,1996,23.9511,0.1844051,0.0
249,1.6094379124341003,4.7808027546312495,9.699020381795187,1997,24.03664,0.1851661,0.0
288,1.0986122886681098,4.641502115235482,9.701019409298828,1998,24.09624,0.1853452,0.0
307,1.547562508716013,4.489759334476764,9.709036530298935,1999,24.16387,0.1845706,0.0
82,1.8718021769015913,3.703768066607687,9.278320464108551,1977,0.7693518,0.0106858,0.0
87,1.8562979903656263,3.713572066704308,9.322277911517041,1978,0.7953302,0.011015,0.0
91,1.8562979903656263,3.7909846770510898,9.2902202971706,1979,0.8045025,0.0112804,0.0
92,1.410986973710262,3.86702563949741,9.264981007760296,1980,0.8417872,0.011503,0.0
87,1.7047480922384253,3.655839600035736,9.240760938714347,1981,0.8455596,0.0116755,0.0
99,1.252762968495368,3.4436180975461075,9.203302766018279,1982,0.8571174,0.0118154,0.0
107,1.5040773967762742,3.342861804649192,9.241451367001236,1983,0.8737516,0.011914,0.0
121,1.4816045409242156,3.2347491740244907,9.270133589448259,1984,0.894089,0.012023,0.0
127,1.1631508098056809,3.3250360206965914,9.286015401368383,1985,0.9220901,0.0120619,0.0
133,1.4350845252893227,3.104586678466073,9.294673248316897,1986,0.9490763,0.0120156,0.0
144,1.410986973710262,3.2268439945173775,9.311167125649465,1987,0.9795899,0.0119522,0.0
144,1.5260563034950492,3.054001181677967,9.34210695824566,1988,1.013626,0.0119603,0.0
157,1.2809338454620642,2.772588722239781,9.383268784326454,1989,1.052668,0.0120665,0.0
180,1.308332819650179,2.772588722239781,9.400207555456905,1990,1.085008,0.012228,0.0
190,1.0296194171811581,3.077312260546414,9.379200056331912,1991,1.103555,0.0125547,1.0
205,1.5040773967762742,3.1135153092103742,9.412346902086535,1992,1.128468,0.0128879,1.0
209,1.3609765531356006,2.884800712846709,9.43992394178415,1993,1.165088,0.0133074,1.0
234,1.5040773967762742,2.9652730660692823,9.446637830081398,1994,1.162437,0.0137214,1.0
245,1.62924053973028,3.2188758248682006,9.460244250343589,1995,1.186352,0.0140784,1.0
283,1.5260563034950492,3.0587070727153796,9.46693107841026,1996,1.186826,0.0143528,1.0
319,1.4350845252893227,3.0252910757955354,9.468138844445344,1997,1.210849,0.0146299,1.0
323,1.3609765531356006,3.1135153092103742,9.502662164262025,1998,1.241914,0.014875,1.0
330,1.0986122886681098,2.9338568698359038,9.523533746191125,1999,1.250619,0.0151261,1.0
87,2.388762789235098,5.6394217154958115,9.531404511194722,1977,5.314545,0.2042462,0.0
95,2.388762789235098,5.6832395734248715,9.559324013534459,1978,5.416671,0.204717,0.0
96,2.4595888418037104,5.774862056337153,9.550690792995047,1979,5.51595,0.2044349,0.0
95,2.451005098112319,5.908082938168931,9.502494181292864,1980,5.659422,0.2054938,0.0
94,2.4423470353692043,5.92479041383999,9.505022884072709,1981,5.717615,0.2056512,0.0
113,2.2823823856765264,5.851627601920183,9.48650664136234,1982,5.786729,0.2052909,0.0
119,2.3702437414678603,5.768008446955473,9.494767151707292,1983,5.830409,0.2050287,0.0
135,2.302585092994046,5.7196558238124915,9.552584490620614,1984,5.887696,0.2050883,0.0
149,2.1972245773362196,5.663307642090483,9.572300027196992,1985,5.935356,0.2048666,0.0
161,2.2925347571405443,5.787817203599275,9.602595950474953,1986,5.984066,0.2046412,0.0
168,2.2300144001592104,5.7535245665510155,9.626643205865022,1987,6.044029,0.2047116,0.0
171,2.2617630984737906,5.748437115196633,9.651504615138501,1988,6.104655,0.2046936,0.0
181,2.302585092994046,5.819192326167029,9.665680769577996,1989,6.170642,0.205046,0.0
211,2.424802725718295,5.978885764901122,9.668845015571701,1990,6.253667,0.2059068,0.0
234,2.509599262378372,6.124902185337699,9.654123221578836,1991,6.289829,0.2075077,0.0
247,2.517696472610991,6.024657514463746,9.690507180708337,1992,6.34584,0.2092925,0.0
271,2.517696472610991,5.945944031806173,9.687441256020543,1993,6.404929,0.2109255,0.0
294,2.5416019934645457,5.923185706354688,9.70654036066683,1994,6.450367,0.2123466,0.0
310,2.424802725718295,5.8045323777563445,9.727437488754001,1995,6.498252,0.2137847,0.0
317,2.3978952727983707,5.636217155160435,9.74970505492148,1996,6.53061,0.2150091,0.0
327,2.322387720290225,5.632644446822861,9.7762267443533,1997,6.582279,0.2160615,0.0
342,2.2407096892759584,5.519458915191573,9.81654908197967,1998,6.644557,0.2171096,0.0
357,2.163323025660538,5.39544407727876,9.832073180152356,1999,6.703696,0.2181636,0.0
79,2.128231705849268,4.821893169499378,9.378914531509164,1977,2.6976,0.1503071,1.0
80,1.9740810260220096,4.807294370078226,9.411988135406473,1978,2.725104,0.151542,1.0
82,2.2300144001592104,4.895598484107897,9.400449030440196,1979,2.755229,0.1523998,1.0
98,2.2925347571405443,4.958639998977875,9.343545211287976,1980,2.823509,0.1528087,1.0
114,2.0918640616783932,4.867534450455582,9.336980071342857,1981,2.854706,0.1525221,1.0
138,2.0149030205422647,4.700480365792417,9.309401689277111,1982,2.872222,0.1521743,1.0
152,1.824549292051046,4.6141299273595635,9.324026136379999,1983,2.885897,0.1516866,1.0
164,1.8718021769015913,4.604169685654508,9.387294215002782,1984,2.905413,0.1519072,1.0
165,1.916922612182061,4.533674184283021,9.406845859536494,1985,2.925127,0.1519319,1.0
175,1.9459101490553132,4.51085950651685,9.438613942213232,1986,2.938516,0.1517899,1.0
181,1.8870696490323797,4.4953553199808844,9.461980413905877,1987,2.961735,0.1523157,1.0
192,2.0014800002101243,4.499809670330265,9.484151942233991,1988,2.994701,0.1528369,1.0
202,1.9878743481543455,4.628886712605407,9.5080205464173,1989,3.025771,0.153726,1.0
217,1.9740810260220096,4.627909672957581,9.50533936039082,1990,3.074402,0.1548675,1.0
223,2.1400661634962708,4.762173934797756,9.487911500677235,1991,3.103143,0.1561768,1.0
226,2.2192034840549946,4.81380905109942,9.523835648433378,1992,3.153816,0.1574756,1.0
242,2.1400661634962708,4.794136285500715,9.53663022939452,1993,3.194074,0.158962,1.0
250,2.186051276738094,4.876722876509988,9.562110707964793,1994,3.237767,0.1601792,1.0
258,2.1972245773362196,4.9141243937154115,9.567149406924313,1995,3.273013,0.1614669,1.0
275,2.1041341542702074,4.829113417472866,9.579357240073122,1996,3.305725,0.1626682,1.0
286,2.1162555148025524,4.893352133481524,9.598897339716258,1997,3.355477,0.1637126,1.0
301,2.163323025660538,4.720282993088596,9.63962226209259,1998,3.392214,0.1646952,1.0
321,2.028148247292285,4.703203926259457,9.657771779637795,1999,3.437446,0.1656789,1.0
66,1.1939224684724346,3.742420221041966,9.390513789837579,1977,0.685653,0.052083,0.0
70,1.2809338454620642,3.8691155044168695,9.464537530084824,1978,0.7171861,0.0521634,0.0
70,1.1631508098056809,3.9357395320454622,9.433916629659487,1979,0.7449912,0.0521217,0.0
72,1.1631508098056809,4.023564380161053,9.366766176030168,1980,0.7836602,0.0520686,0.0
86,1.2809338454620642,4.000033882750859,9.394487760923695,1981,0.8174417,0.0519606,0.0
88,1.1939224684724346,3.616308761279101,9.357661497685505,1982,0.8431925,0.0516071,0.0
93,1.1939224684724346,3.7376696182833684,9.348884181424243,1983,0.8671857,0.0512919,0.0
92,1.0986122886681098,3.6712245188752153,9.415261295137922,1984,0.8918277,0.0510788,0.0
97,1.0647107369924282,3.742420221041966,9.425836355043094,1985,0.9249439,0.0505617,0.0
98,1.0296194171811581,3.7612001156935624,9.452908439896047,1986,0.9559214,0.0498877,0.0
98,1.1314021114911006,3.616308761279101,9.477877388509794,1987,0.9885779,0.0494417,0.0
101,0.9932517730102833,3.711130063048756,9.464690299574961,1988,1.023085,0.0494665,0.0
107,1.0647107369924282,3.6888794541139363,9.495541118483409,1989,1.061725,0.0495057,0.0
126,1.0647107369924282,3.6938669956249757,9.491342181071321,1990,1.099156,0.0497498,0.0
139,1.0986122886681098,3.828641396489095,9.476997715669908,1991,1.145482,0.0499548,0.0
144,0.9555114450274363,3.703768066607687,9.506562623067849,1992,1.194725,0.0502358,0.0
160,1.1939224684724346,4.005513348515485,9.476013003909703,1993,1.239237,0.0504792,0.0
174,0.9932517730102833,3.8691155044168695,9.530658545758993,1994,1.284927,0.0506384,0.0
192,1.0296194171811581,3.9889840465642745,9.536283803317298,1995,1.322205,0.0508431,0.0
207,1.0647107369924282,3.8308129500026027,9.576632125809617,1996,1.351952,0.0509794,0.0
222,1.0296194171811581,4.041295341132285,9.60112626566529,1997,1.369852,0.0510854,0.0
243,1.0647107369924282,3.949318790171843,9.628141082725453,1998,1.38377,0.051204,0.0
258,0.9162907318741551,3.6270040503958487,9.636170040969537,1999,1.413076,0.0513541,0.0
91,2.028148247292285,4.622027303054514,9.39380377661369,1977,2.339736,0.0283743,0.0
97,1.9021075263969205,4.550714000192032,9.421435633259065,1978,2.389649,0.0285578,0.0
98,1.8718021769015913,4.637637376125593,9.447645572102676,1979,2.457519,0.0287443,0.0
95,2.066862759472976,4.73707525686803,9.40400897353313,1980,2.570198,0.0289691,0.0
106,1.9878743481543455,4.706823839714591,9.419694078929787,1981,2.621958,0.0291626,0.0
116,1.9021075263969205,4.477336814478207,9.423324490576954,1982,2.654577,0.0293626,0.0
129,1.8870696490323797,4.442651256490317,9.423352776090933,1983,2.688512,0.0295377,0.0
152,1.547562508716013,4.28496492183075,9.476184727741407,1984,2.716664,0.0296422,0.0
173,1.7749523509116738,4.378269585796169,9.493304833982256,1985,2.768463,0.0296829,0.0
192,1.6863989535702288,4.389498649512583,9.514048833054218,1986,2.815035,0.0297466,0.0
217,1.6863989535702288,4.420044701861403,9.522760665734339,1987,2.860774,0.0299027,0.0
233,1.4816045409242156,4.464758032271346,9.528917731816009,1988,2.915734,0.0301057,0.0
232,1.8718021769015913,4.613138355637268,9.527096663258511,1989,2.955258,0.0302385,0.0
222,1.6094379124341003,4.775756486563625,9.536450535847308,1990,3.021466,0.0303177,0.0
227,1.9600947840472698,4.937347498326424,9.530043504086326,1991,3.038503,0.0304952,0.0
231,1.9459101490553132,4.874433672915854,9.558815287388546,1992,3.129085,0.030872,0.0
238,2.0014800002101243,4.825108606353353,9.556224605041354,1993,3.143266,0.0311356,0.0
226,2.0412203288596382,4.754451888703846,9.571473164924841,1994,3.172606,0.0313985,0.0
248,1.9740810260220096,4.693181063310805,9.569161710760536,1995,3.202391,0.0316163,0.0
274,2.028148247292285,4.577798989191959,9.594434743947902,1996,3.211065,0.0317547,0.0
301,1.9459101490553132,4.546481189639412,9.624257659565991,1997,3.231118,0.0319756,0.0
304,1.9315214116032138,4.475061500641071,9.65798782890298,1998,3.272751,0.0322485,0.0
310,1.9459101490553132,4.35799005684564,9.678504184797143,1999,3.327742,0.0324365,0.0
107,2.4069451083182885,4.407938016458383,9.212456132176223,1977,2.610464,0.090131,0.0
106,2.302585092994046,4.410371107683024,9.246378140315436,1978,2.616112,0.0910461,0.0
97,2.3513752571634776,4.533674184283021,9.257517807826678,1979,2.636384,0.0918488,0.0
105,2.2823823856765264,4.566429357671661,9.205556849151916,1980,2.674675,0.0923699,0.0
99,2.2407096892759584,4.622027303054514,9.208895328403448,1981,2.684296,0.0925253,0.0
114,2.3702437414678603,4.5880240271531205,9.199971500547127,1982,2.693218,0.0928543,0.0
110,2.379546134130174,4.478472532942134,9.19624144759668,1983,2.696076,0.0931327,0.0
127,2.028148247292285,4.272490747605575,9.2695013349311,1984,2.689983,0.0931571,0.0
128,2.066862759472976,4.33990170837321,9.278345689325361,1985,2.704782,0.0931414,0.0
133,2.0412203288596382,4.42484663185681,9.296926241783805,1986,2.710441,0.0929646,0.0
142,2.1400661634962708,4.513054897080286,9.324633770369271,1987,2.718658,0.0928515,0.0
147,1.9740810260220096,4.321480134805848,9.343729004410955,1988,2.734345,0.0927677,0.0
191,2.186051276738094,4.345103280569283,9.369598841947862,1989,2.746925,0.0926999,0.0
222,2.1041341542702074,4.249922794040544,9.375838708629207,1990,2.776728,0.0929373,0.0
241,2.0541237336955462,4.432006566978902,9.382036511764248,1991,2.785835,0.0934936,0.0
262,1.916922612182061,4.4796069630127455,9.417208189188138,1992,2.814295,0.0945424,0.0
274,2.028148247292285,4.515245478460105,9.415363943548469,1993,2.812286,0.0954467,0.0
274,2.0014800002101243,4.552823705615882,9.428866077433494,1994,2.828954,0.0962251,0.0
288,2.1041341542702074,4.651099117876491,9.438878148263655,1995,2.841607,0.0970313,0.0
311,1.9315214116032138,4.551769409260976,9.457155136381067,1996,2.857448,0.0976807,0.0
331,1.916922612182061,4.51852237926242,9.486398143267968,1997,2.878564,0.0983544,1.0
372,1.7227665977411035,4.335982696172475,9.52235450422211,1998,2.916852,0.0990212,1.0
379,1.8562979903656263,4.394449154672439,9.53897842997102,1999,2.947063,0.0996885,1.0
120,2.803360380906535,4.969118613893322,9.218996796786922,1977,9.91717,0.0893492,0.0
152,2.8213788864092133,5.163070217140011,9.270694839657216,1978,9.941655,0.0905537,0.0
184,2.884800712846709,5.39544407727876,9.279907478558599,1979,9.950658,0.0920914,0.0
190,2.8154087194227095,5.288267030694535,9.27613747576623,1980,10.07009,0.0948564,0.0
211,2.8094026953624978,5.313205979041787,9.305791450944664,1981,10.18019,0.0962085,0.0
216,2.833213344056216,5.36410510708604,9.296229035625652,1982,10.24866,0.0977653,0.0
251,2.7212954278522306,5.25227342804663,9.293393927111468,1983,10.2715,0.0987246,0.0
290,2.631888840136646,5.2548878086207,9.319396550252623,1984,10.31587,0.0988404,0.0
310,2.4765384001174837,5.253842876446207,9.325903166943519,1985,10.35707,0.0990122,0.0
308,2.624668592163159,5.415211118019536,9.29967363463513,1986,10.37283,0.0989852,0.0
316,2.4932054526026954,5.19295685089021,9.28343096963708,1987,10.43954,0.0975748,0.0
346,2.533696813957432,5.3471075307174685,9.309475047247284,1988,10.52598,0.0963329,0.0
370,2.766319109226186,5.473530384104697,9.327286613173275,1989,10.61883,0.0955258,0.0
396,2.9014215940827497,5.60138054103812,9.358840546294614,1990,10.77563,0.0968457,0.0
427,2.884800712846709,5.634432396521408,9.371826368181999,1991,10.87662,0.0973454,0.0
462,2.91235066461494,5.607271574275357,9.396677190141467,1992,11.0058,0.0980317,1.0
484,3.0587070727153796,5.651084685655752,9.409847572658895,1993,11.15636,0.0983508,1.0
522,3.0349529867072724,5.591732970847578,9.443076962599767,1994,11.25805,0.09885,1.0
556,2.8903717578961645,5.596939379038152,9.455700106204771,1995,11.38109,0.099343,1.0
578,2.917770732084279,5.62618122863265,9.462055053478414,1996,11.50664,0.0995906,1.0
615,2.8154087194227095,5.481055503227208,9.485785629060235,1997,11.59418,0.0998804,1.0
672,2.624668592163159,5.293304824724492,9.52204117147188,1998,11.67677,0.1001413,1.0
736,2.4595888418037104,5.162497643405501,9.52213342448829,1999,11.7578,0.1003543,1.0
57,1.2237754316221157,3.681351187693145,9.220137225705805,1977,0.3591956,0.0356914,0.0
61,1.308332819650179,3.5234150143864045,9.241502742184029,1978,0.3714197,0.0360144,0.0
53,1.33500106673234,3.490428515390098,9.238624575854475,1979,0.3794884,0.0363054,0.0
58,1.33500106673234,3.459466289786131,9.226830656772792,1980,0.4009371,0.0363562,0.0
61,1.4350845252893227,3.5115454388310208,9.22208908477073,1981,0.4271765,0.036555,0.0
71,1.1314021114911006,3.449987545831587,9.229156238073822,1982,0.4495533,0.0366731,1.0
69,1.1314021114911006,3.3357695763397,9.26407069439715,1983,0.4685661,0.036934,1.0
75,0.9932517730102833,3.3105430133940246,9.322573814866976,1984,0.4877859,0.0372844,1.0
72,1.2237754316221157,3.2347491740244907,9.35932573449122,1985,0.5115505,0.0375201,1.0
83,1.0986122886681098,3.3638415951183864,9.412372231543102,1986,0.5308853,0.0377519,1.0
106,1.252762968495368,3.2809112157876537,9.457263729155535,1987,0.550073,0.0382181,1.0
106,1.410986973710262,3.288401887516811,9.496687804191776,1988,0.5722569,0.0388395,1.0
100,1.4350845252893227,3.2188758248682006,9.51491348422284,1989,0.5936338,0.0393594,1.0
116,1.2237754316221157,3.261935314328648,9.49702194409438,1990,0.6135811,0.039893,1.0
118,0.7884573603642702,3.1654750481410856,9.46590619470367,1991,0.6260932,0.0400272,1.0
123,0.9932517730102833,3.190476350346503,9.47497129639721,1992,0.6442252,0.0400372,1.0
121,0.9555114450274363,3.104586678466073,9.469707071307916,1993,0.6439703,0.0401184,1.0
116,1.1939224684724346,3.152736022363656,9.482337323555619,1994,0.6440239,0.0401,1.0
113,1.0986122886681098,3.32862668882732,9.490843739069831,1995,0.6617705,0.040092,1.0
107,1.0986122886681098,3.1986731175506815,9.512077704854208,1996,0.6695472,0.0402215,1.0
108,1.0986122886681098,3.077312260546414,9.53616902321311,1997,0.6919287,0.0403439,1.0
124,1.0986122886681098,3.095577608523707,9.573400288524336,1998,0.7122738,0.0404197,1.0
125,1.1631508098056809,3.0155349008501706,9.595673518563604,1999,0.729426,0.0405974,1.0
192,2.1972245773362196,5.680513847716846,9.507997527450042,1977,8.315102,0.4215544,0.0
198,2.2192034840549946,5.738505910714586,9.53587732140538,1978,8.572083,0.4229708,0.0
193,2.379546134130174,5.8057371971791945,9.530176419981629,1979,8.846709,0.423735,0.0
187,2.3513752571634776,5.975589197949692,9.516211270246743,1980,9.062828,0.4297695,0.0
183,2.388762789235098,6.053029902766137,9.517434554305671,1981,9.294334,0.4332528,0.0
218,2.4069451083182885,5.890262041598819,9.523022570706763,1982,9.449821,0.4353885,0.0
244,2.2512917986064953,5.853351244978348,9.563037414545692,1983,9.593448,0.4384791,0.0
277,2.2082744135228043,5.710758088392627,9.619172472066426,1984,9.715621,0.4437571,0.0
285,2.186051276738094,5.714392653768217,9.66185474857155,1985,9.815696,0.44862,0.0
279,2.302585092994046,5.720311776607412,9.700887163078214,1986,9.923585,0.4561306,0.0
280,2.3608540011180215,5.674353663965389,9.732309475895674,1987,10.00187,0.464123,0.0
282,2.3702437414678603,5.711419901785413,9.762389893488507,1988,10.12178,0.473509,0.0
291,2.533696813957432,5.808442745199634,9.779499052751962,1989,10.23037,0.480563,0.0
323,2.5257286443082556,5.899349258200177,9.77249749939974,1990,10.34606,0.4907858,0.0
348,2.5416019934645457,6.01151224241176,9.754488579848472,1991,10.4767,0.4967955,0.0
366,2.5726122302071057,6.063785208687608,9.758183128949375,1992,10.63593,0.5015391,0.0
381,2.617395832834079,6.076953933123397,9.758326511221789,1993,10.80699,0.505627,0.0
383,2.533696813957432,6.000176487710004,9.770179563526588,1994,10.98084,0.5100165,0.0
395,2.5494451709255714,6.049969276480545,9.775141549653231,1995,11.13262,0.5139284,0.0
404,2.533696813957432,5.97685839471862,9.78029905867869,1996,11.35408,0.5173547,0.0
412,2.388762789235098,5.8224540043737,9.80630792640541,1997,11.5277,0.5210142,0.0
413,2.3978952727983707,5.702781974322617,9.843994945998556,1998,11.68855,0.5248156,0.0
418,2.302585092994046,5.578597109233056,9.87540541448916,1999,11.85378,0.5290675,0.0
46,1.410986973710262,5.141078590121546,9.437840818224482,1977,1.724251,0.7332227,0.0
48,1.547562508716013,5.155024196721561,9.469502592290802,1978,1.768283,0.7330015,0.0
49,1.547562508716013,5.319099905730565,9.472441524909792,1979,1.848022,0.7332489,0.0
50,1.62924053973028,5.465948207931988,9.465343765428269,1980,1.959807,0.7344165,0.0
56,1.5260563034950492,5.605434351638425,9.470138269215534,1981,2.084791,0.7373061,0.0
65,1.5686159179138452,5.36970736263471,9.489009449138527,1982,2.199134,0.7376311,0.0
77,1.5040773967762742,5.344723739362192,9.536762272743895,1983,2.317014,0.7412325,0.0
79,1.5260563034950492,5.168208681201016,9.609954395827573,1984,2.424114,0.74652,0.0
84,1.5040773967762742,5.244389024522481,9.647544428351395,1985,2.532588,0.7516287,0.0
88,1.5260563034950492,5.2663105704129505,9.700218929825864,1986,2.635446,0.7544328,0.0
92,1.3862943611198906,5.183467524869095,9.747185142730759,1987,2.732558,0.7585901,0.0
102,1.5040773967762742,5.177843213080163,9.796137837510212,1988,2.835594,0.7643125,0.0
109,1.667706820558076,5.316157284676367,9.800056840276003,1989,2.935843,0.7688496,0.0
122,1.6094379124341003,5.384953673207583,9.781146457190683,1990,3.025422,0.7678826,0.0
132,1.6486586255873816,5.276071757600717,9.762011541985084,1991,3.097413,0.7653294,0.0
143,1.5260563034950492,5.2225156531317545,9.77922507053192,1992,3.176355,0.7646688,0.0
161,1.589235205116581,5.174453379325651,9.780387280400292,1993,3.254629,0.76689,0.0
154,1.5040773967762742,5.1310814471721224,9.80024423846888,1994,3.325291,0.7695014,0.0
174,1.5260563034950492,5.019925341003349,9.817185923615739,1995,3.413074,0.7734544,0.0
170,1.2809338454620642,4.857484114602081,9.842060452570214,1996,3.489323,0.7763961,0.0
178,1.0647107369924282,4.701389043728634,9.875958583787975,1997,3.591577,0.7802343,0.0
278,1.0986122886681098,4.580877493419047,9.92391155536599,1998,3.675831,0.7839254,0.0
275,1.0986122886681098,4.574710978503383,9.963930981467536,1999,3.768917,0.7878501,0.0
137,2.33214389523559,5.571773731735836,9.479016214922861,1977,4.589848,0.1614149,0.0
151,2.451005098112319,5.394990253808298,9.510396815119213,1978,4.668867,0.162236,0.0
162,2.312535423847214,5.396351106819402,9.496328760955508,1979,4.752085,0.1630897,0.0
163,2.4159137783010487,5.501258210544727,9.43644912273808,1980,4.9121,0.1625093,0.0
163,2.341805806147327,5.554895693948484,9.408699306467762,1981,4.957617,0.1616969,0.0
165,2.312535423847214,5.6061696457892,9.378375360011683,1982,5.008369,0.160045,0.0
162,2.3978952727983707,5.65704021210407,9.412791300065303,1983,5.053564,0.1588607,0.0
159,2.3702437414678603,5.729125282327996,9.474271101204556,1984,5.102147,0.1588904,0.0
161,2.501435951739211,5.681536865708881,9.52110498105359,1985,5.158282,0.1593619,0.0
196,2.509599262378372,5.711419901785413,9.557954591244801,1986,5.212474,0.1602658,0.0
227,2.580216829592325,5.625820933186489,9.557258573322331,1987,5.270267,0.1613141,0.0
259,2.468099531471619,5.489350863944013,9.58064244341577,1988,5.31828,0.1618499,0.0
298,2.4595888418037104,5.408516158846112,9.594011711781953,1989,5.376304,0.1624695,0.0
340,2.4336133554004498,5.459585514144159,9.581611471854313,1990,5.444306,0.1638906,0.0
366,2.468099531471619,5.498396978263695,9.555521716835695,1991,5.481307,0.1653791,0.0
388,2.388762789235098,5.404927101606295,9.574870979235492,1992,5.515503,0.1667046,0.0
413,2.379546134130174,5.4785534168509695,9.598232644952844,1993,5.555154,0.1677417,0.0
414,2.379546134130174,5.437644431769136,9.639799311998996,1994,5.58915,0.1687141,0.0
427,2.2512917986064953,5.238036435663107,9.660182747126834,1995,5.636846,0.1700412,0.0
429,2.1400661634962708,5.177279038170981,9.65019660079044,1996,5.675034,0.1714374,0.0
440,2.174751721484161,5.035653057071544,9.672813845630577,1997,5.724264,0.1722518,0.0
457,2.1162555148025524,5.054971107916307,9.70363441167401,1998,5.772889,0.172864,0.0
466,2.0794415416798357,4.969813299576001,9.729562050026137,1999,5.833841,0.1736305,0.0
41,1.308332819650179,4.464758032271346,9.427707270512938,1977,0.9416787,0.0503142,0.0
44,1.0986122886681098,4.455509411433685,9.468440944428828,1978,0.9856448,0.0506418,0.0
49,1.1939224684724346,4.537961436294641,9.465769102673267,1979,1.027376,0.051083,0.0
51,1.2809338454620642,4.6061696863211745,9.4317127556987,1980,1.099408,0.0513529,0.0
49,1.1314021114911006,4.6568134191399295,9.42607413851536,1981,1.190245,0.051688,0.0
49,1.1939224684724346,4.627909672957581,9.423574183613391,1982,1.267281,0.0519365,0.0
50,0.9932517730102833,4.389498649512583,9.441055188786711,1983,1.337603,0.0520621,0.0
52,1.0296194171811581,4.278054044290903,9.523071578822737,1984,1.411142,0.0522665,0.0
52,1.1314021114911006,4.463606621666305,9.545176985981428,1985,1.491174,0.0526008,0.0
56,1.252762968495368,4.634728988229636,9.577537859260907,1986,1.569578,0.0528638,0.0
58,1.2809338454620642,4.639571612705423,9.603828710724212,1987,1.646392,0.0532401,0.0
60,1.3609765531356006,4.5612182984589085,9.603291505903984,1988,1.725913,0.0540072,0.0
64,1.252762968495368,4.562262684976814,9.63106840675026,1989,1.809225,0.0545337,0.0
71,1.308332819650179,4.540098189244376,9.632294125471386,1990,1.883991,0.0551049,0.0
72,1.3862943611198906,4.59511985013459,9.614368448048227,1991,1.938506,0.0556091,0.0
78,1.4586150226995167,4.705015520957808,9.642549969873995,1992,2.038956,0.0561627,0.0
85,1.4816045409242156,4.73356340075649,9.629435501212567,1993,2.126541,0.0567933,0.0
92,1.4350845252893227,4.775756486563625,9.665916676068802,1994,2.215273,0.0573499,0.0
100,1.589235205116581,4.825910852685991,9.685224571837646,1995,2.314,0.057845,0.0
105,1.5260563034950492,4.758749273916392,9.721998049489427,1996,2.393086,0.058376,0.0
110,1.33500106673234,4.751000634199631,9.746411431107628,1997,2.492936,0.0588785,0.0
113,1.2809338454620642,4.537961436294641,9.798660783299223,1998,2.597933,0.0593643,0.0
117,1.33500106673234,4.418840607796598,9.81927516381249,1999,2.70455,0.059981,0.0
91,2.72785282839839,4.200204952921578,9.06494412668491,1977,11.30086,0.051996,0.0
67,2.6100697927420065,4.26549281841793,9.090719548622022,1978,11.24283,0.052601,0.0
110,2.6100697927420065,4.272490747605575,9.103448462110357,1979,11.20169,0.053008,0.0
141,2.740840023925201,4.406719247264253,9.054374512373128,1980,11.27336,0.0534656,0.0
132,2.6100697927420065,4.411585436915426,9.066527159276296,1981,11.36708,0.0537559,0.0
177,2.70805020110221,4.30406509320417,9.055746543973274,1982,11.42994,0.054131,0.0
210,2.501435951739211,4.1713056033582285,9.061376218836225,1983,11.46199,0.0543631,0.0
211,2.3702437414678603,4.119037174812473,9.113390718969816,1984,11.52065,0.0545817,0.0
229,2.451005098112319,4.152613470346076,9.125737582917509,1985,11.52669,0.0547943,0.0
237,2.501435951739211,4.183575695950044,9.143916020444394,1986,11.56171,0.0549107,0.0
249,2.4159137783010487,4.060443010546419,9.166566211599303,1987,11.61095,0.0548036,0.0
256,2.2617630984737906,4.359269647551265,9.195042960935691,1988,11.66387,0.0546303,0.0
277,2.3702437414678603,4.373238128640803,9.217377552834195,1989,11.73186,0.0545016,0.0
293,2.580216829592325,4.468204330914934,9.21353227243761,1990,11.90866,0.0549394,0.0
307,2.624668592163159,4.76473475565943,9.219616217989842,1991,12.05501,0.0552336,1.0
330,2.580216829592325,4.832305758571839,9.253956220050432,1992,12.17902,0.0556378,1.0
327,2.6741486494265287,4.943782987108415,9.274108283770628,1993,12.33781,0.0561788,1.0
361,2.791165107812717,5.096812990337308,9.316674113895658,1994,12.43913,0.056773,1.0
395,2.631888840136646,4.882044059723269,9.32723323376757,1995,12.54986,0.0573558,1.0
452,2.4932054526026954,4.906755163608864,9.346525490353747,1996,12.66153,0.0577637,1.0
482,2.6461747973841225,4.927253685157205,9.369943304083028,1997,12.7257,0.0582305,1.0
531,2.517696472610991,4.822697998516666,9.41001056710475,1998,12.79877,0.0586464,1.0
574,2.163323025660538,4.72384171570559,9.423128894558083,1999,12.89336,0.0590148,1.0
105,2.3608540011180215,5.247024072160486,9.349597839299111,1977,3.646178,0.0704859,0.0
111,2.4336133554004498,5.220355825078324,9.384255022890294,1978,3.677466,0.070866,0.0
116,2.501435951739211,5.356114465274254,9.388924954973229,1979,3.722172,0.0711998,0.0
113,2.4932054526026954,5.414321042304342,9.337282226202605,1980,3.830339,0.0713897,0.0
112,2.4336133554004498,5.376203905205108,9.346781153222203,1981,3.873377,0.0715364,0.0
131,2.3702437414678603,5.267858159063328,9.340413792701414,1982,3.895451,0.0714982,0.0
147,2.2082744135228043,5.129306823813755,9.368796057668156,1983,3.912676,0.0717054,0.0
162,2.0918640616783932,4.954417614098027,9.42783922189709,1984,3.934932,0.0721631,0.0
175,2.2082744135228043,5.001258132283659,9.46053628606436,1985,3.965899,0.0725253,0.0
194,2.322387720290225,5.1428324637076415,9.486913973189044,1986,3.993655,0.0728562,0.0
203,2.2300144001592104,5.1065513509260825,9.501161263178307,1987,4.012938,0.0733439,0.0
218,2.1972245773362196,5.130490255904535,9.513803023533214,1988,4.0438,0.073707,0.0
236,2.186051276738094,5.278114659230517,9.526511499937165,1989,4.068688,0.0739114,0.0
269,2.2823823856765264,5.381738974687109,9.5124621877221,1990,4.106727,0.0744052,0.0
287,2.4423470353692043,5.529825834193874,9.515495890698558,1991,4.134636,0.074861,0.0
305,2.4423470353692043,5.4289069362516384,9.537903035967451,1992,4.179498,0.0753822,0.0
311,2.509599262378372,5.492238059185343,9.54568769039982,1993,4.216366,0.0760219,0.0
308,2.4423470353692043,5.44544343143833,9.567484605781198,1994,4.260201,0.0766525,0.0
338,2.2823823856765264,5.3230099791384085,9.578482910981952,1995,4.286511,0.0772825,0.0
358,2.2082744135228043,5.145166187053862,9.593482158506028,1996,4.333734,0.0779107,0.0
409,2.186051276738094,5.056882545261575,9.619978759825974,1997,4.383485,0.07848,0.0
442,2.1162555148025524,5.011967739330034,9.651640982693012,1998,4.413081,0.0789219,0.0
457,2.028148247292285,4.880526608749236,9.66716947197277,1999,4.451169,0.0793686,0.0
73,1.8562979903656263,3.6938669956249757,9.297488239650535,1977,1.878684,0.0052886,0.0
81,1.7578579175523736,3.632309102625542,9.375743787341767,1978,1.917767,0.0053735,0.0
87,1.6486586255873816,3.529297384289471,9.34024783107856,1979,1.935456,0.0054078,0.0
96,1.6094379124341003,3.5553480614894135,9.310628142993286,1980,1.996699,0.0054252,0.0
94,1.4816045409242156,3.66612246699132,9.32620334326596,1981,2.006873,0.0054703,0.0
104,1.589235205116581,3.529297384289471,9.306967865559775,1982,2.038085,0.00553,0.0
114,1.547562508716013,3.1986731175506815,9.309823650461134,1983,2.075973,0.005599,0.0
104,1.6863989535702288,3.3463891451671604,9.325995812573161,1984,2.12147,0.0056462,0.0
121,1.916922612182061,3.086486636822455,9.307503379688816,1985,2.161607,0.0056559,0.0
136,1.3609765531356006,3.0204248861443626,9.335357621935382,1986,2.210021,0.0055971,0.0
135,1.62924053973028,3.2268439945173775,9.341236169469147,1987,2.274105,0.0055373,0.0
147,1.2809338454620642,3.1612467120315646,9.328283394833932,1988,2.349055,0.0055039,0.0
158,1.3609765531356006,2.8903717578961645,9.371035589521776,1989,2.441468,0.0055001,0.0
165,1.7749523509116738,3.122364924487357,9.378418470619561,1990,2.508052,0.005495,0.0
176,1.2809338454620642,2.975529566236472,9.39840208914842,1991,2.550886,0.00555,0.0
183,1.3609765531356006,3.32862668882732,9.405244106804565,1992,2.534665,0.0056503,1.0
180,1.3862943611198906,3.5085558999826545,9.42968551847598,1993,2.548829,0.0057701,1.0
182,1.4586150226995167,3.517497837358316,9.407853451047112,1994,2.589824,0.0058735,1.0
204,1.6094379124341003,3.40452517175483,9.415129303125692,1995,2.634821,0.0059669,1.0
228,1.589235205116581,3.4242626545931514,9.418102229251915,1996,2.675736,0.0060228,1.0
259,1.7578579175523736,3.0633909220278057,9.435755740757779,1997,2.71069,0.0060369,1.0
255,1.62924053973028,3.039749158970765,9.474209657177742,1998,2.760783,0.0060426,1.0
310,1.2809338454620642,3.288401887516811,9.48457315685895,1999,2.83038,0.0060649,1.0
93,1.589235205116581,4.185098925490565,9.349884029659407,1977,1.399435,0.0203554,0.0
83,1.3862943611198906,4.188138441508461,9.426125717975141,1978,1.440068,0.0204475,0.0
80,1.62924053973028,4.310799125385514,9.397039831753048,1979,1.470194,0.0204927,0.0
71,1.6863989535702288,4.421247347827163,9.324637338347735,1980,1.51918,0.0205143,0.0
89,1.410986973710262,4.272490747605575,9.368348744187854,1981,1.552206,0.0205956,0.0
104,1.0986122886681098,4.141546163706395,9.357751247404666,1982,1.580871,0.0206381,0.0
99,1.2809338454620642,3.927896354584436,9.358932776026009,1983,1.609164,0.0206709,0.0
91,1.4816045409242156,3.7887247890836524,9.428456104968253,1984,1.645192,0.0207274,0.0
95,1.3609765531356006,3.901972669574645,9.451482571453058,1985,1.690266,0.0206756,0.0
108,1.410986973710262,3.9531649487593215,9.46671984014703,1986,1.731587,0.0205409,0.0
116,1.5040773967762742,3.8732821771117156,9.48696326653108,1987,1.773251,0.0204394,0.0
123,1.5260563034950492,4.044804116661965,9.507442684312688,1988,1.821041,0.0205034,0.0
129,1.252762968495368,3.970291913552122,9.514439199062355,1989,1.872395,0.020548,0.0
141,1.308332819650179,3.9531649487593215,9.531268131071188,1990,1.924887,0.0205607,0.0
140,1.4586150226995167,4.007333185232471,9.526533367739015,1991,1.94191,0.0206926,0.0
145,1.6486586255873816,4.055257173514054,9.545345819101735,1992,1.997059,0.0208435,0.0
151,1.589235205116581,4.14946386144318,9.539360625700912,1993,2.045469,0.0209702,0.0
153,1.410986973710262,4.335982696172475,9.562819525885933,1994,2.102617,0.0210925,0.0
164,1.3609765531356006,4.192680462942962,9.583088054640603,1995,2.159873,0.0212693,0.0
183,1.3609765531356006,4.169761201506855,9.633617238025744,1996,2.215449,0.0214321,0.0
194,1.3862943611198906,4.207673247529104,9.633777020198455,1997,2.262563,0.0215412,0.0
200,1.410986973710262,4.364371699435161,9.668398562714387,1998,2.292488,0.0216027,0.0
215,1.5260563034950492,4.3425058765115985,9.691228919964216,1999,2.352001,0.0216711,0.0
156,2.8213788864092133,5.781052110147502,9.55088999901742,1977,3.681372,0.0061729,0.0
187,2.803360380906535,5.887491956725004,9.612121368739016,1978,3.747658,0.0065469,0.0
204,2.917770732084279,6.012491914300058,9.600392643542511,1979,3.830988,0.0069649,0.0
224,3.044522437723423,6.13469871519389,9.564022241132154,1980,3.977586,0.0073727,0.0
230,2.917770732084279,6.129050210060545,9.547375307395585,1981,4.061517,0.0077132,0.0
245,2.681021528714291,6.0416822632686,9.503200266342,1982,4.136034,0.0080218,0.0
301,2.624668592163159,5.730748922886015,9.507923269105227,1983,4.199899,0.0082077,0.0
354,2.468099531471619,5.634789603169249,9.535618762041816,1984,4.256437,0.0084163,0.0
380,2.424802725718295,5.62003848122324,9.560886674096489,1985,4.310617,0.008654,0.0
397,2.6100697927420065,5.66261319761813,9.586688326968135,1986,4.365152,0.0089236,0.0
447,2.2407096892759584,5.611301621862036,9.603059257699826,1987,4.434161,0.0093128,0.0
432,2.4423470353692043,5.677438499316599,9.636167428055733,1988,4.494771,0.0097824,0.0
452,2.2192034840549946,5.527840524826286,9.662313677467587,1989,4.57811,0.0103497,0.0
438,2.3702437414678603,5.477717994914328,9.664887030368151,1990,4.65039,0.011098,0.0
444,2.5494451709255714,5.7477993600729755,9.6523861729873,1991,4.765588,0.0117029,0.0
439,2.4765384001174837,5.806038175360548,9.687427603169114,1992,4.861448,0.0121186,0.0
448,2.4336133554004498,5.8321756894246,9.690813380514452,1993,4.925167,0.0125694,0.0
434,2.5416019934645457,5.867600559885596,9.714486940427951,1994,5.034716,0.0132633,0.0
468,2.4595888418037104,5.785669634128385,9.733850999807292,1995,5.145968,0.0138952,0.0
493,2.6878474937846906,5.73204593992906,9.754765361764369,1996,5.20202,0.0145391,1.0
515,2.501435951739211,5.715052066914432,9.770851758743218,1997,5.310158,0.0152595,1.0
518,2.3702437414678603,5.544786743165743,9.80979426485693,1998,5.434025,0.0158805,1.0
542,2.312535423847214,5.454038241544812,9.827760809340793,1999,5.589821,0.0164768,1.0
30,1.4350845252893227,3.186352633162641,9.33533732465076,1977,0.3582589,0.0963512,1.0
26,0.8754687373538999,3.3068867021909143,9.38412643822489,1978,0.3796886,0.0987615,1.0
32,1.2237754316221157,3.3877743613300146,9.396697939775963,1979,0.397987,0.1007062,1.0
35,1.252762968495368,3.7612001156935624,9.391681448256175,1980,0.419908,0.1027744,1.0
35,1.3609765531356006,3.6054978451748854,9.4045559140571,1981,0.4623955,0.1041526,1.0
42,1.1631508098056809,3.5524868292083815,9.416377641585038,1982,0.4946624,0.1053839,1.0
47,1.0986122886681098,3.2228678461377385,9.475930197953147,1983,0.5260274,0.1065412,1.0
50,0.6931471805599453,3.186352633162641,9.542453837226118,1984,0.5568841,0.1086249,1.0
57,1.1314021114911006,3.3214324131932926,9.592153975353062,1985,0.5881072,0.110837,1.0
68,1.1631508098056809,3.202746442938317,9.644092924330888,1986,0.6166499,0.1139837,1.0
76,1.3862943611198906,3.3141860046725258,9.687342578944918,1987,0.6424271,0.1172337,1.0
81,1.1939224684724346,3.095577608523707,9.719449323102499,1988,0.6654498,0.1203799,1.0
93,1.4586150226995167,3.2108436531709366,9.71540342397276,1989,0.6910675,0.1228203,1.0
103,1.0647107369924282,3.339321977944068,9.666771687651503,1990,0.717645,0.1239638,1.0
117,1.5260563034950492,3.5263605246161616,9.6544048463955,1991,0.6962617,0.1234313,1.0
132,0.9555114450274363,3.5263605246161616,9.663346610567615,1992,0.7179407,0.124068,1.0
160,1.0986122886681098,3.342861804649192,9.649753986213206,1993,0.7427434,0.1251189,1.0
157,0.8754687373538999,3.3357695763397,9.680846375011072,1994,0.7748086,0.12633,1.0
177,1.0296194171811581,3.3463891451671604,9.702364143503539,1995,0.8078708,0.1277293,1.0
174,0.9932517730102833,3.342861804649192,9.713396088037799,1996,0.8588279,0.12942,1.0
176,0.8754687373538999,3.1945831322991562,9.749675898566442,1997,0.8758659,0.1308105,1.0
184,0.9162907318741551,3.1135153092103742,9.802791695975445,1998,0.8967611,0.1322135,1.0
182,0.9162907318741551,3.109060958860994,9.838060636892992,1999,0.9426925,0.1339206,1.0
78,1.8870696490323797,5.200704537681037,9.540545151915707,1977,4.657897,0.9755582,0.0
78,1.8562979903656263,5.265794174842477,9.573344643395567,1978,4.769043,0.9773706,0.0
74,2.028148247292285,5.5254529391317835,9.572513075501279,1979,4.89978,0.9794593,0.0
76,2.066862759472976,5.719327685991663,9.563852318909781,1980,5.08635,0.987725,0.0
76,2.1162555148025524,5.815919974593051,9.568816592641484,1981,5.260983,0.9918954,0.0
92,2.0149030205422647,5.73204593992906,9.57830919924265,1982,5.417356,0.9950413,0.0
107,1.840549633397487,5.598421958998375,9.61826910952232,1983,5.558231,0.9999717,0.0
136,1.840549633397487,5.494706180553427,9.672279696951957,1984,5.70021,1.006358,0.0
138,1.8562979903656263,5.545177444479562,9.701784379808272,1985,5.838079,1.013058,0.0
149,1.824549292051046,5.597310230145684,9.741515532279756,1986,5.970402,1.020641,0.0
157,1.7227665977411035,5.454466049037968,9.78373000631613,1987,6.102903,1.027148,0.0
177,1.840549633397487,5.506144213750353,9.833309693514405,1988,6.241768,1.032717,0.0
219,1.8082887711792655,5.614222397943558,9.849442053252151,1989,6.379556,1.034559,0.0
251,1.8870696490323797,5.71042701737487,9.845471182521718,1990,6.547166,1.04558,0.0
271,1.824549292051046,5.68391984555995,9.81944485556131,1991,6.677904,1.049234,0.0
301,1.8082887711792655,5.65669086712235,9.846116351352675,1992,6.823489,1.055098,0.0
290,1.840549633397487,5.6937321388027,9.834865505142567,1993,6.947664,1.061449,0.0
301,1.791759469228055,5.666426688112432,9.838400614378763,1994,7.059419,1.067367,0.0
311,1.8082887711792655,5.648974238161206,9.859961906441558,1995,7.170917,1.073665,0.0
340,1.6486586255873816,5.46721590300985,9.88102821931991,1996,7.295498,1.07961,0.0
343,1.6486586255873816,5.354697699984144,9.90858205350093,1997,7.425972,1.085615,0.0
351,1.6094379124341003,5.232177564043492,9.94593670252062,1998,7.550773,1.09119,0.0
382,1.5040773967762742,5.169915651743512,9.966320088057397,1999,7.68151,1.097643,0.0
105,2.2823823856765264,4.7059200890882344,9.211143049744173,1977,3.851627,0.0100132,0.0
126,2.4159137783010487,4.72384171570559,9.255621529634237,1978,3.920649,0.010197,0.0
123,2.5952547069568657,4.804021044733257,9.25476578637382,1979,3.938985,0.0105815,0.0
112,2.6461747973841225,4.859036909945142,9.226117259787314,1980,4.045441,0.0107916,0.0
106,2.517696472610991,4.954417614098027,9.233183470391115,1981,4.002524,0.0109837,0.0
100,2.533696813957432,4.845760650906022,9.231280587267827,1982,4.024948,0.0112399,0.0
126,2.2925347571405443,4.74493212836325,9.246479418592056,1983,4.052492,0.0114918,0.0
142,2.312535423847214,4.877484781308751,9.283236681792054,1984,4.106052,0.0116756,0.0
133,2.4765384001174837,4.935193098929397,9.315787183910379,1985,4.190435,0.0118545,0.0
144,2.5257286443082556,4.871373226762748,9.315999543032046,1986,4.257937,0.0120553,0.0
154,2.4069451083182885,4.694096395182493,9.317095714410701,1987,4.335758,0.0121854,0.0
174,2.5257286443082556,4.645351975620923,9.325285607105025,1988,4.392654,0.0122828,0.0
180,2.2617630984737906,4.665324108807838,9.33355396874054,1989,4.486758,0.0123945,0.0
178,2.322387720290225,4.754451888703846,9.341414247377386,1990,4.58461,0.0125237,0.0
196,2.4423470353692043,4.798266815950004,9.350959338305724,1991,4.688921,0.0127476,0.0
191,2.2925347571405443,4.943782987108415,9.36415528115307,1992,4.759892,0.0130248,0.0
197,2.1972245773362196,4.937347498326424,9.381745055965752,1993,4.791209,0.0133064,0.0
206,2.4595888418037104,4.954417614098027,9.397708340853411,1994,4.829408,0.0136228,0.0
211,2.2823823856765264,5.0466457316192885,9.419807627643523,1995,4.873286,0.0138625,0.0
231,2.5257286443082556,5.096201182425903,9.422991469515145,1996,4.963687,0.014058,0.0
261,2.163323025660538,5.149817358229593,9.438725362914836,1997,5.03355,0.0141963,0.0
256,2.4765384001174837,5.10230248262208,9.467806506319933,1998,5.191242,0.0142836,0.0
271,2.379546134130174,5.005287687769661,9.477227469918116,1999,5.31243,0.0143356,0.0
98,2.4595888418037104,6.160363083569796,9.50334798851119,1977,5.27184,0.3724071,0.0
108,2.424802725718295,6.159306782637103,9.52667622561098,1978,5.385798,0.3696471,0.0
114,2.5572273113676265,6.274008441703639,9.519356251810551,1979,5.527535,0.3676244,0.0
120,2.617395832834079,6.465055484263747,9.50411758128398,1980,5.759618,0.3707865,0.0
123,2.5877640352277083,6.529418838262226,9.514284989491244,1981,5.949563,0.3708071,0.0
145,2.517696472610991,6.416241966248519,9.5303935505691,1982,6.147531,0.3712718,0.0
158,2.4932054526026954,6.2869287600018176,9.560222295507314,1983,6.343563,0.3733226,0.0
172,2.4069451083182885,6.2302845778072,9.622098967812938,1984,6.541053,0.3745634,0.0
187,2.3513752571634776,6.2253501949540935,9.648381086416236,1985,6.733792,0.3755339,0.0
195,2.4595888418037104,6.24436105657154,9.693120779451272,1986,6.933656,0.3764151,0.0
216,2.509599262378372,6.22317132908268,9.722636314293892,1987,7.131909,0.3771629,0.0
229,2.6026896854443837,6.301519470411488,9.76132300120621,1988,7.329988,0.3786924,0.0
248,2.6026896854443837,6.363545211196563,9.777907322613444,1989,7.517052,0.3795742,0.0
285,2.740840023925201,6.438871023004318,9.785099771558148,1990,7.695074,0.3812226,0.0
304,2.7212954278522306,6.434707019550176,9.770104720304536,1991,7.786431,0.3817875,0.0
320,2.653241964607215,6.393423515886859,9.792125172782663,1992,7.896828,0.3828992,0.0
340,2.6602595372658615,6.3318576584724315,9.777460503189099,1993,8.006265,0.3841456,0.0
354,2.4932054526026954,6.168982920395917,9.782124679400797,1994,8.103697,0.3844793,0.0
367,2.2512917986064953,5.993213017642099,9.805352536636558,1995,8.19649,0.3843581,0.0
378,2.128231705849268,5.831882477283517,9.830105240104615,1996,8.314287,0.3842073,0.0
383,1.9459101490553132,5.7375395714543345,9.849438358881132,1997,8.442421,0.3841942,0.0
386,1.8082887711792655,5.603225219664886,9.889006709393154,1998,8.56143,0.3845327,0.0
397,1.791759469228055,5.488110938180692,9.917084691042152,1999,8.678829,0.3853253,0.0
214,2.451005098112319,4.131961425793407,9.206367691319615,1977,8.210358,0.1165132,0.0
234,2.468099531471619,4.203198967134183,9.245788593607662,1978,8.235327,0.1180272,0.0
223,2.4595888418037104,4.359269647551265,9.233811751359871,1979,8.260472,0.1193388,0.0
240,2.451005098112319,4.422448549172797,9.20749863807239,1980,8.406182,0.1207743,0.0
244,2.312535423847214,4.404277243608702,9.216984252442977,1981,8.458397,0.1219553,0.0
248,2.312535423847214,4.464758032271346,9.210448366144602,1982,8.458483,0.1232345,0.0
255,2.2082744135228043,4.389498649512583,9.257319373170178,1983,8.469481,0.1244204,0.0
233,2.272125885509337,4.328098292648326,9.333061417789805,1984,8.468751,0.1262006,0.0
246,2.2300144001592104,4.37197629882038,9.368537425608373,1985,8.461959,0.1280427,0.0
254,2.2082744135228043,4.485259889315534,9.410960157051512,1986,8.427985,0.1294266,0.0
257,2.2082744135228043,4.552823705615882,9.438592452506999,1987,8.427617,0.1311078,0.0
250,2.174751721484161,4.696837374513915,9.474177397552273,1988,8.418236,0.1326822,0.0
249,2.2925347571405443,4.901564199041894,9.494151461832951,1989,8.421701,0.1344198,0.0
250,2.4595888418037104,5.031091302663638,9.490593669279415,1990,8.442483,0.1366433,0.0
265,2.517696472610991,5.187385805840755,9.478116886834643,1991,8.475556,0.1385142,0.0
269,2.451005098112319,5.235377566774162,9.516073538685337,1992,8.516156,0.1402326,0.0
290,2.509599262378372,5.264760583019194,9.53314390171613,1993,8.536718,0.1426046,0.0
305,2.4765384001174837,5.205104984825858,9.551560604717524,1994,8.554008,0.1449353,0.0
323,2.341805806147327,5.194067345174237,9.57139720141656,1995,8.575942,0.1474897,0.0
384,2.2512917986064953,5.105339229565553,9.586575757023642,1996,8.609256,0.1499991,1.0
376,2.2300144001592104,5.15675380222625,9.617295702484503,1997,8.650442,0.1524831,1.0
370,2.2082744135228043,5.086361004624392,9.651955457710436,1998,8.702306,0.1548879,1.0
358,2.1041341542702074,5.0689042022202315,9.667662049136267,1999,8.760103,0.1570423,1.0
26,0.6418538861723948,2.6602595372658615,9.265490270098196,1977,1.341708,0.0093798,0.0
30,0.7884573603642702,2.8094026953624978,9.428094224925125,1978,1.387221,0.009402,0.0
21,0.9162907318741551,2.388762789235098,9.352105523977809,1979,1.401761,0.0094249,0.0
19,0.7884573603642702,2.163323025660538,9.188897610394802,1980,1.433876,0.0094427,0.0
28,1.1939224684724346,2.631888840136646,9.33572378478665,1981,1.478794,0.0095169,0.0
33,0.5306282510621704,2.617395832834079,9.336327880929502,1982,1.50276,0.0096532,0.0
47,1.1314021114911006,2.174751721484161,9.340227632810604,1983,1.536609,0.0097646,0.0
51,0.7884573603642702,2.163323025660538,9.376143751757045,1984,1.588102,0.0098196,0.0
54,0.6931471805599453,2.0014800002101243,9.38126304093137,1985,1.636063,0.009769,0.0
55,0.6931471805599453,2.066862759472976,9.387023563018941,1986,1.683373,0.0096607,1.0
53,0.9162907318741551,2.151762203259462,9.384083572995266,1987,1.741012,0.0095406,1.0
57,1.0296194171811581,2.2082744135228043,9.281012233170737,1988,1.817105,0.0094556,1.0
62,0.4700036292457356,2.322387720290225,9.352678991864792,1989,1.885228,0.0093267,1.0
62,0.5877866649021191,2.174751721484161,9.401089648894473,1990,1.96591,0.009238,1.0
67,0.7419373447293773,2.1972245773362196,9.383820457904433,1991,1.995273,0.0091921,1.0
68,1.0647107369924282,2.186051276738094,9.43845713634057,1992,2.02478,0.0092099,1.0
67,0.9932517730102833,2.2300144001592104,9.416205100518617,1993,2.042594,0.009236,1.0
70,0.18232155679395465,2.4932054526026954,9.45651114989503,1994,2.066081,0.0092727,1.0
78,0.6418538861723948,2.3978952727983707,9.432038078560467,1995,2.111923,0.0092986,1.0
85,1.1631508098056809,2.4849066497880004,9.506095519288682,1996,2.19193,0.0093176,1.0
101,0.6418538861723948,2.0014800002101243,9.466409478836765,1997,2.236229,0.0092899,1.0
112,0.7419373447293773,2.4159137783010487,9.53898634887853,1998,2.295048,0.0092444,1.0
128,0.9555114450274363,2.2823823856765264,9.540956207594387,1999,2.349187,0.0091844,1.0
117,2.174751721484161,5.2548878086207,9.421336845354187,1977,3.519284,0.2628773,0.0
120,2.066862759472976,5.21275947818639,9.451176875806448,1978,3.556667,0.2634676,0.0
122,2.2082744135228043,5.27709373009641,9.448835088888481,1979,3.599927,0.2635339,0.0
125,2.2082744135228043,5.414766179191283,9.410463372026035,1980,3.685806,0.2634048,0.0
125,2.128231705849268,5.471850417308912,9.395762948966416,1981,3.735891,0.2631042,0.0
139,1.9878743481543455,5.218191322068752,9.380380148867228,1982,3.765303,0.2623424,0.0
160,1.8870696490323797,5.077670695432414,9.406564833939129,1983,3.791123,0.261868,0.0
155,1.8082887711792655,4.987707789452551,9.464873282050247,1984,3.819927,0.2618707,0.0
174,1.824549292051046,4.898585790287632,9.49085960241542,1985,3.848571,0.2618018,0.0
194,1.8718021769015913,4.963543686562405,9.515992511257508,1986,3.875234,0.2616883,0.0
209,1.916922612182061,5.03760174232607,9.52864645583176,1987,3.906207,0.2624154,0.0
219,1.8562979903656263,5.090062427727577,9.5535924307179,1988,3.940451,0.2633539,0.0
243,1.9459101490553132,5.146912912388804,9.569026192746213,1989,3.974989,0.2641013,0.0
279,1.9600947840472698,5.244389024522481,9.569447356106197,1990,4.031344,0.2652269,0.0
289,2.1041341542702074,5.376203905205108,9.550280161110793,1991,4.072498,0.2669812,0.0
324,2.028148247292285,5.298317366548036,9.573094201991285,1992,4.13623,0.2687864,0.0
347,1.9459101490553132,5.2663105704129505,9.579785133623332,1993,4.184489,0.2703193,0.0
365,1.9459101490553132,5.2390980068880655,9.60422805289425,1994,4.227386,0.271322,0.0
387,1.8562979903656263,5.191288793789513,9.6137433553659,1995,4.278977,0.2723975,0.0
400,1.7578579175523736,5.1065513509260825,9.615489430145827,1996,4.332642,0.2731676,0.0
413,1.7404661748405046,5.073297055220967,9.646906135130907,1997,4.38574,0.2737894,0.0
429,1.6094379124341003,4.901564199041894,9.68049898921066,1998,4.445747,0.2744061,0.0
432,1.5040773967762742,4.859812404361672,9.695802648259438,1999,4.507334,0.2748676,0.0
133,2.2617630984737906,4.314817884980432,9.289925744318626,1977,4.33371,0.0417262,0.0
129,2.2512917986064953,4.492001487882454,9.331525613560965,1978,4.418449,0.0424142,0.0
146,2.3702437414678603,4.640537329825382,9.362410603456501,1979,4.495429,0.0432571,0.0
147,2.3978952727983707,4.662495252607361,9.357312778104301,1980,4.664462,0.0442904,0.0
151,2.302585092994046,4.757032535297338,9.39767351642656,1981,4.774306,0.0450973,0.0
169,2.468099531471619,4.896346147694128,9.40887478721576,1982,4.882282,0.0466991,0.0
201,2.151762203259462,4.865224091322398,9.369563877524161,1983,4.994554,0.0479266,0.0
212,2.174751721484161,4.720282993088596,9.406550862769869,1984,5.113821,0.0478556,0.0
236,2.163323025660538,4.680277658474897,9.416084629672822,1985,5.239792,0.0476489,0.0
250,2.2082744135228043,4.677490847567717,9.39928908723174,1986,5.376682,0.0473779,0.0
288,2.1400661634962708,4.705015520957808,9.376611303901436,1987,5.527026,0.0467572,0.0
296,2.128231705849268,4.664382045619937,9.393110994591654,1988,5.69437,0.04613,0.0
323,2.0149030205422647,4.845760650906022,9.413998509676633,1989,5.874236,0.0458859,0.0
361,2.1972245773362196,4.811371016571989,9.421902719286264,1990,6.051212,0.0458234,0.0
381,2.1041341542702074,4.866764923676554,9.411160601712073,1991,6.049448,0.0461054,0.0
416,2.0149030205422647,4.921439715291784,9.42903082294023,1992,6.083315,0.0466544,0.0
459,2.2407096892759584,4.810557015713042,9.430404787613979,1993,6.113857,0.0470133,0.0
506,2.066862759472976,4.860587297852597,9.440464303649023,1994,6.09876,0.0472651,0.0
508,2.580216829592325,4.758749273916392,9.44815024506954,1995,6.10792,0.047548,0.0
552,2.0541237336955462,4.680277658474897,9.45695745163602,1996,6.143024,0.0478987,1.0
591,2.066862759472976,4.653007515402251,9.480965040555477,1997,6.179451,0.0482572,1.0
617,1.9600947840472698,4.532599493153256,9.515533477438256,1998,6.223009,0.0486244,1.0
622,2.066862759472976,4.429625613473161,9.52732975873839,1999,6.265761,0.0488948,1.0
122,1.7749523509116738,4.829113417472866,9.427309701953282,1977,1.399533,0.0254374,0.0
122,1.791759469228055,4.883559211528279,9.469030973723445,1978,1.437637,0.0261821,0.0
117,1.6486586255873816,4.879767018891217,9.466406382478082,1979,1.47905,0.0269069,0.0
122,1.8082887711792655,5.0330488889331555,9.419625132348354,1980,1.56,0.0274601,0.0
120,1.6863989535702288,5.201806466167193,9.38477675567665,1981,1.624597,0.0277383,0.0
124,1.8082887711792655,5.12574810119676,9.348805822094436,1982,1.681663,0.0277065,0.0
146,1.62924053973028,5.143416405330075,9.37864751738456,1983,1.728119,0.0275832,0.0
157,1.7578579175523736,5.133442723357803,9.420559967593967,1984,1.783212,0.0277239,0.0
170,1.7404661748405046,5.228967288413243,9.437118908718665,1985,1.842704,0.0277868,0.0
165,2.028148247292285,5.332235584751498,9.46298524815199,1986,1.904021,0.0279,0.0
176,1.8870696490323797,5.2832037287379885,9.478682884899355,1987,1.963866,0.0280816,0.0
200,1.8082887711792655,5.267858159063328,9.512309891036033,1988,2.040049,0.0285007,0.0
215,1.7578579175523736,5.02912987673242,9.53461494724481,1989,2.109642,0.0290128,0.0
235,1.5686159179138452,4.9788005705762375,9.540348187751047,1990,2.180059,0.0297756,0.0
223,1.7227665977411035,5.017941869278694,9.528662458066254,1991,2.229828,0.0304026,1.0
228,1.7404661748405046,5.026508643252546,9.538721391378177,1992,2.285827,0.0309775,1.0
174,1.7227665977411035,4.8721392168423305,9.551043645125212,1993,2.339042,0.0316083,1.0
166,1.7749523509116738,4.935911747900319,9.574699417442785,1994,2.385086,0.0321567,1.0
191,1.62924053973028,4.933754249760298,9.60412890679835,1995,2.443098,0.0327221,1.0
206,1.6094379124341003,4.81380905109942,9.617012085176885,1996,2.49674,0.0332811,1.0
226,1.3609765531356006,4.774912960575186,9.644011911974514,1997,2.542292,0.0337828,1.0
232,1.5686159179138452,4.665324108807838,9.673102847232801,1998,2.593863,0.034187,1.0
260,1.308332819650179,4.468204330914934,9.68793263457059,1999,2.64457,0.0345422,1.0
56,1.8870696490323797,4.877484781308751,9.418937840126773,1977,3.163795,0.264502,0.0
56,1.9740810260220096,4.925077405734609,9.448651511645084,1978,3.199438,0.2641863,0.0
65,1.9740810260220096,5.0317442573064906,9.446021004627784,1979,3.243192,0.2643771,0.0
67,2.0541237336955462,5.186826990514674,9.415202634172214,1980,3.31975,0.2643982,0.0
68,1.9600947840472698,5.234312036572124,9.413987904984872,1981,3.369268,0.2641813,0.0
78,1.9021075263969205,5.172754143572691,9.414780499648463,1982,3.404364,0.2638823,0.0
88,1.7749523509116738,5.155024196721561,9.429957713513835,1983,3.434612,0.263717,0.0
98,1.7047480922384253,5.006627272698717,9.469546578099598,1984,3.468075,0.2632145,0.0
109,1.7227665977411035,4.997212273764115,9.50129732614427,1985,3.506406,0.2622272,0.0
119,1.8718021769015913,5.031091302663638,9.532791194977984,1986,3.546907,0.2624921,0.0
128,1.8562979903656263,4.979488565099419,9.558001917003903,1987,3.59381,0.2631185,0.0
136,1.8718021769015913,4.935193098929397,9.587883943458335,1988,3.630356,0.2638958,0.0
149,1.9878743481543455,5.01529110563245,9.618280414904978,1989,3.656925,0.264347,0.0
169,2.0412203288596382,5.177279038170981,9.622855900688343,1990,3.693717,0.2654084,1.0
183,1.9878743481543455,5.272486606513515,9.615148597717692,1991,3.717375,0.2664694,1.0
192,1.9740810260220096,5.202356975402125,9.635706141790683,1992,3.7588,0.2673097,1.0
207,2.0541237336955462,5.19295685089021,9.635894340921602,1993,3.796508,0.2682313,1.0
216,1.9315214116032138,5.234844943592463,9.639887174394826,1994,3.840459,0.2686869,1.0
235,1.9878743481543455,5.248601774302104,9.650248773880152,1995,3.879622,0.2687367,1.0
268,1.9021075263969205,5.247024072160486,9.666063138385926,1996,3.933267,0.2685856,1.0
286,1.9315214116032138,5.058154810064233,9.692830099446251,1997,3.97686,0.2680921,1.0
291,1.840549633397487,5.111385197196399,9.724860163892934,1998,4.023894,0.2677896,1.0
303,1.7749523509116738,5.054333149361975,9.747719899445274,1999,4.07429,0.2676041,1.0
53,1.5260563034950492,4.471638793363569,9.351456180070109,1977,1.434283,0.9058446,0.0
56,1.6094379124341003,4.597138014290827,9.37211052120797,1978,1.481589,0.9073556,0.0
56,1.4350845252893227,4.706823839714591,9.375290244336632,1979,1.540224,0.9059876,0.0
63,1.6863989535702288,4.784152841516532,9.374080355683747,1980,1.599645,0.8993109,0.0
65,1.6486586255873816,4.890349128221754,9.380440888473181,1981,1.699463,0.9033242,0.0
72,1.547562508716013,4.751000634199631,9.390773480106207,1982,1.786463,0.9044322,0.0
82,1.308332819650179,4.735320870453137,9.42867236629317,1983,1.866839,0.9065175,0.0
92,1.4816045409242156,4.739701078945697,9.484602802468494,1984,1.951864,0.9117545,0.0
92,1.5260563034950492,4.761318868478023,9.517774335142947,1985,2.035812,0.9184361,0.0
99,1.5040773967762742,4.784988612563928,9.558852692160764,1986,2.116862,0.9263915,0.0
103,1.5040773967762742,4.688591794127164,9.5890459495567,1987,2.202196,0.9380123,0.0
100,1.62924053973028,4.755312844417811,9.64115998739521,1988,2.290507,0.9444711,0.0
118,1.7749523509116738,4.730921391293652,9.666851510571366,1989,2.39171,0.9484976,0.0
146,1.7578579175523736,4.812184355372417,9.641397200551188,1990,2.479174,0.9613866,0.0
157,1.547562508716013,4.819474788635096,9.608199964668174,1991,2.52871,0.960756,0.0
173,1.5260563034950492,4.5591262474866845,9.622017478938279,1992,2.547845,0.9574842,0.0
170,1.589235205116581,4.625952725170619,9.632557052413635,1993,2.581645,0.9548823,0.0
172,1.62924053973028,4.480740107609915,9.635415932053286,1994,2.639489,0.9506335,0.0
186,1.4586150226995167,4.535820107853298,9.663139346271201,1995,2.685899,0.9466057,0.0
186,1.252762968495368,4.4331949212482815,9.67747112847199,1996,2.747257,0.9453186,0.0
205,1.252762968495368,4.28496492183075,9.713805372699175,1997,2.8234,0.9444651,0.0
213,1.2237754316221157,4.215086179918229,9.748073908838983,1998,2.905324,0.9451712,0.0
220,1.5260563034950492,4.388257184424518,9.772429099673996,1999,2.957654,0.9481522,0.0
230,2.5572273113676265,4.671893818030999,9.14264990199607,1977,10.5465,0.0989804,0.0
239,2.5257286443082556,4.627909672957581,9.177750235881136,1978,10.53142,0.1007234,0.0
243,2.6100697927420065,4.687671407499835,9.17630446644784,1979,10.55307,0.1022421,0.0
237,2.517696472610991,4.779963476361254,9.151009175824017,1980,10.65547,0.1037811,0.0
238,2.4336133554004498,4.797442073635214,9.15720285173328,1981,10.73265,0.1052622,0.0
251,2.4765384001174837,4.8154311114712876,9.14444327505899,1982,10.70938,0.106202,0.0
270,2.379546134130174,4.662495252607361,9.187685681411377,1983,10.67709,0.1070779,0.0
276,2.322387720290225,4.647271362006727,9.255666447875877,1984,10.66809,0.108329,0.0
284,2.312535423847214,4.552823705615882,9.287645798249386,1985,10.57847,0.1093669,0.0
294,2.2617630984737906,4.61015772749913,9.31861344202661,1986,10.57243,0.1106767,0.0
324,2.33214389523559,4.625952725170619,9.345841947515135,1987,10.55783,0.1119262,0.0
344,2.33214389523559,4.8338981155962015,9.378131031455348,1988,10.52018,0.1129719,0.0
369,2.312535423847214,4.876722876509988,9.385360336908615,1989,10.525,0.1144512,0.0
416,2.501435951739211,5.0330488889331555,9.411737167400306,1990,10.55408,0.1162055,0.0
451,2.509599262378372,5.1480757032174935,9.392326872645102,1991,10.60981,0.1182116,0.0
473,2.4336133554004498,5.145166187053862,9.408219447217265,1992,10.70237,0.1195768,0.0
486,2.424802725718295,5.238036435663107,9.41480169211601,1993,10.7728,0.1207036,0.0
488,2.3608540011180215,5.231643233280044,9.438112395368593,1994,10.80368,0.1217647,0.0
494,2.186051276738094,5.17558460116574,9.452214603707732,1995,10.86079,0.1228768,0.0
515,2.302585092994046,5.153291594497779,9.469383743763109,1996,10.90345,0.124173,0.0
532,2.2407096892759584,5.177279038170981,9.494049060984741,1997,10.91852,0.1258698,1.0
536,2.1972245773362196,5.049214776063731,9.530682500767133,1998,10.94597,0.1275141,1.0
550,2.028148247292285,5.005287687769661,9.552277648028454,1999,11.00561,0.1290471,1.0
70,1.0986122886681098,2.9391619220655967,9.253595244646938,1977,2.339211,0.0090643,0.0
76,1.0647107369924282,2.8273136219290276,9.326096465884495,1978,2.423829,0.0090656,0.0
74,1.0986122886681098,3.0587070727153796,9.323113545872433,1979,2.491668,0.0090624,0.0
77,0.5306282510621704,3.0492730404820207,9.194686283580495,1980,2.524423,0.0090959,0.0
88,1.0296194171811581,2.9338568698359038,9.245639945963115,1981,2.544488,0.009079,0.0
97,1.308332819650179,2.89591193827178,9.233400433167214,1982,2.514136,0.0090928,0.0
109,1.1314021114911006,2.8273136219290276,9.229750765496005,1983,2.519391,0.009124,0.0
115,1.0296194171811581,2.766319109226186,9.318622415811493,1984,2.550775,0.00918,0.0
127,1.0296194171811581,2.89591193827178,9.311026077717347,1985,2.593929,0.0091953,0.0
146,1.6094379124341003,2.8449093838194073,9.337040862018116,1986,2.641168,0.0091634,1.0
160,1.0296194171811581,2.5877640352277083,9.358097226224032,1987,2.69524,0.0091642,1.0
160,1.410986973710262,2.580216829592325,9.361041394285234,1988,2.758011,0.009192,1.0
143,0.832909122935104,2.5416019934645457,9.380833919515043,1989,2.84502,0.0091728,1.0
175,1.0986122886681098,2.5952547069568657,9.423381868927795,1990,2.934257,0.009179,1.0
187,0.9932517730102833,2.9856819377004897,9.425410621715049,1991,2.979279,0.0092419,1.0
191,0.4700036292457356,2.884800712846709,9.453824445111056,1992,3.0501,0.0093375,1.0
208,1.4816045409242156,2.772588722239781,9.456597924675831,1993,3.075289,0.0094371,1.0
216,0.8754687373538999,2.9806186357439426,9.486220575535656,1994,3.10855,0.0095264,1.0
236,1.0296194171811581,3.292126286607793,9.47128747890396,1995,3.149601,0.0095951,1.0
252,0.7884573603642702,2.990719731730447,9.532667319770145,1996,3.297938,0.0096274,1.0
284,0.8754687373538999,3.190476350346503,9.535362303344888,1997,3.394381,0.0096294,1.0
303,0.8754687373538999,3.054001181677967,9.584514999352699,1998,3.438749,0.0096286,1.0
329,1.252762968495368,2.714694743820879,9.61417214692167,1999,3.544923,0.0096595,1.0
114,2.4069451083182885,4.9890711161804155,9.214586345060972,1977,5.27952,0.10702,0.0
127,2.341805806147327,5.0330488889331555,9.262606393111634,1978,5.289421,0.1085538,0.0
134,2.379546134130174,5.118592435601348,9.254634730855358,1979,5.319052,0.1103483,0.0
151,2.468099531471619,5.201806466167193,9.216190228154202,1980,5.422877,0.1117787,0.0
153,2.3702437414678603,5.1515559851526325,9.218290684323062,1981,5.456529,0.1124448,0.0
171,2.3702437414678603,5.174453379325651,9.210964177369135,1982,5.47849,0.1128913,0.0
173,2.2823823856765264,5.157905212831292,9.237663667625073,1983,5.497006,0.1132245,0.0
187,2.2407096892759584,5.122772794033106,9.304234094532971,1984,5.51283,0.1138802,0.0
154,2.302585092994046,5.203457085524077,9.336243241265189,1985,5.548528,0.1145739,0.0
149,2.4336133554004498,5.340897814083155,9.376994838341053,1986,5.570521,0.1151431,0.0
157,2.312535423847214,5.271973391208435,9.409124835074582,1987,5.6088,0.1162175,0.0
156,2.341805806147327,5.162497643405501,9.437891794337405,1988,5.648223,0.1171774,0.0
157,2.2407096892759584,5.083885755835849,9.453682550599588,1989,5.677438,0.1179556,0.0
213,2.4423470353692043,5.258536496536192,9.458652520143255,1990,5.716466,0.1186469,0.0
207,2.4849066497880004,5.36550861608836,9.45686367445522,1991,5.761827,0.1200118,0.0
227,2.4336133554004498,5.389984555073861,9.501321994919246,1992,5.822478,0.12164,0.0
234,2.4159137783010487,5.3986150878634005,9.518012554148216,1993,5.891873,0.1233786,0.0
250,2.33214389523559,5.339459309879212,9.540270541580293,1994,5.952993,0.1252551,0.0
276,2.451005098112319,5.4125385106380595,9.565087458791986,1995,5.998587,0.1271511,1.0
287,2.3513752571634776,5.414766179191283,9.564985757754373,1996,6.064974,0.1289077,1.0
292,2.3513752571634776,5.3706380281276624,9.580969008748827,1997,6.108415,0.1304812,1.0
309,2.2512917986064953,5.187385805840755,9.617706338973493,1998,6.169424,0.1317972,1.0
325,2.0918640616783932,5.061328408411774,9.634214980567096,1999,6.246919,0.1330309,1.0
167,2.6602595372658615,5.0330488889331555,9.34788071799781,1977,4.556185,0.0503294,0.0
176,2.7212954278522306,5.108366782589591,9.400178607623793,1978,4.580187,0.051502,0.0
189,2.8735646395797834,5.261653382176445,9.413411003468479,1979,4.601943,0.052982,0.0
196,2.884800712846709,5.344723739362192,9.395907489568454,1980,4.744435,0.0547224,0.0
210,2.8678989020441064,5.269403356383394,9.43232645368082,1981,4.805927,0.05628,0.0
210,2.8390784635086144,5.3981627015177525,9.420986150460411,1982,4.883739,0.058513,0.0
237,2.7212954278522306,5.248601774302104,9.417679691745425,1983,4.936255,0.060117,0.0
221,2.6461747973841225,5.190175207928333,9.460924756061884,1984,4.970795,0.0610918,0.0
226,2.6390573296152584,5.270432163058501,9.483910842483315,1985,5.008519,0.0621056,0.0
226,2.6741486494265287,5.484381909620826,9.463197276695087,1986,5.036673,0.0632062,0.0
228,2.5416019934645457,5.428028973069694,9.44976821162166,1987,5.067045,0.0634379,0.0
231,2.5726122302071057,5.460436216024472,9.46527789558009,1988,5.099752,0.0636105,0.0
240,2.5572273113676265,5.4120923808068815,9.481006236457254,1989,5.170434,0.0641437,0.0
257,2.714694743820879,5.5675808534758,9.495820020872763,1990,5.237154,0.0650775,0.0
290,2.791165107812717,5.661222860237405,9.49315938891822,1991,5.293086,0.0662046,0.0
297,2.617395832834079,5.535363823031238,9.517432347559279,1992,5.372058,0.0673904,0.0
344,2.5572273113676265,5.417876601605676,9.52225787935782,1993,5.464688,0.0687125,0.0
385,2.4849066497880004,5.326904823399949,9.535136131668061,1994,5.533391,0.0700166,0.0
637,2.302585092994046,5.1973914479580765,9.552439604462528,1995,5.657364,0.07132,0.0
677,2.163323025660538,5.150397236471415,9.569740598955269,1996,5.734717,0.0725667,0.0
686,2.0541237336955462,5.062595033026967,9.618906666431242,1997,5.807885,0.0738999,1.0
717,2.0541237336955462,4.984291318756654,9.665263357791407,1998,5.868867,0.0752628,1.0
724,1.9600947840472698,4.995183189537334,9.683322685533762,1999,5.940265,0.0765295,1.0
60,1.5040773967762742,4.2456340097683265,9.249967733206157,1977,1.209236,0.0160728,0.0
64,1.547562508716013,4.212127597878484,9.283558305305691,1978,1.228289,0.0166575,0.0
69,1.7578579175523736,4.365643155423357,9.276445477878807,1979,1.245143,0.0172997,0.0
68,1.5686159179138452,4.396915247167632,9.233468835093047,1980,1.29119,0.0179425,0.0
64,1.4586150226995167,4.4520190064939165,9.228459229586276,1981,1.307978,0.0184649,0.0
73,1.4816045409242156,4.471638793363569,9.222448768569075,1982,1.328164,0.0189869,0.0
77,1.5040773967762742,4.178992036282385,9.24319470884713,1983,1.343939,0.0194332,0.0
77,1.33500106673234,4.07753744390572,9.284840053116207,1984,1.37018,0.019767,0.0
84,1.3862943611198906,4.028916756899646,9.302956015685645,1985,1.400931,0.0200176,0.0
98,1.4350845252893227,4.087655574071304,9.317797388439592,1986,1.434355,0.0202605,0.0
108,1.4586150226995167,3.9852734671677386,9.31330572151237,1987,1.465037,0.0204466,1.0
110,1.33500106673234,4.009149716158869,9.312748032244533,1988,1.508317,0.0205837,1.0
115,1.2809338454620642,3.9815490680767565,9.325856840909795,1989,1.551528,0.0207848,1.0
137,1.3862943611198906,4.05871738457895,9.343817388122332,1990,1.612803,0.021051,1.0
142,1.3609765531356006,4.027135812528651,9.345674264121948,1991,1.655078,0.0215649,1.0
149,1.3862943611198906,4.041295341132285,9.359823604770984,1992,1.685371,0.022168,1.0
146,1.410986973710262,4.087655574071304,9.370361785275168,1993,1.705657,0.0228312,1.0
152,1.3609765531356006,4.168214410788556,9.395811962201245,1994,1.769082,0.0234938,1.0
157,1.589235205116581,4.220977213155467,9.420125495466705,1995,1.801673,0.0240577,1.0
174,1.4350845252893227,4.247065649239764,9.447183257444353,1996,1.826478,0.0246112,1.0
195,1.2237754316221157,4.239886867512759,9.483331052484962,1997,1.85911,0.0251363,1.0
205,1.410986973710262,4.204692619390966,9.519353315129793,1998,1.884162,0.0255642,1.0
205,1.1314021114911006,4.014579593753238,9.541085525835982,1999,1.921228,0.0259205,1.0
64,0.8754687373538999,3.459466289786131,9.226142852479617,1977,0.2482066,0.053084,1.0
57,1.4586150226995167,2.7343675094195836,9.282847992822022,1978,0.2658058,0.0537507,1.0
76,0.8754687373538999,3.3877743613300146,9.28501361290683,1979,0.2839493,0.0545346,1.0
62,1.1631508098056809,3.686376323895818,9.261196971026203,1980,0.2973519,0.0552706,1.0
67,1.667706820558076,3.353406717825807,9.273393102373154,1981,0.3266066,0.0556028,1.0
76,1.1939224684724346,3.1822118404966093,9.270228722811648,1982,0.3467493,0.0559805,1.0
84,1.5260563034950492,3.3603753871419,9.302828391411333,1983,0.3678522,0.0564335,1.0
72,1.1939224684724346,3.1780538303479458,9.354876118983778,1984,0.3850696,0.0567948,1.0
74,1.4816045409242156,3.086486636822455,9.395444719879503,1985,0.4097889,0.0571583,1.0
82,1.0986122886681098,3.1441522786722644,9.440132174611456,1986,0.4295438,0.0575925,1.0
81,1.308332819650179,2.8791984572980396,9.484099468057547,1987,0.4481068,0.058263,1.0
91,1.0986122886681098,2.833213344056216,9.520679083390872,1988,0.4681992,0.0592867,1.0
98,1.0647107369924282,2.9444389791664403,9.55159757095527,1989,0.4891527,0.0601422,1.0
109,1.1939224684724346,2.5416019934645457,9.529441893233372,1990,0.5048483,0.0610364,1.0
117,1.1314021114911006,2.5494451709255714,9.496898813390983,1991,0.5153921,0.0613192,1.0
124,1.1314021114911006,2.2925347571405443,9.525080306389864,1992,0.5477842,0.0616407,1.0
151,1.5260563034950492,2.302585092994046,9.520239067455195,1993,0.6111456,0.0620612,1.0
154,0.6931471805599453,2.580216829592325,9.533337946005176,1994,0.6260148,0.0625905,1.0
168,1.1631508098056809,2.4765384001174837,9.54465241992614,1995,0.6446167,0.0630151,1.0
179,1.0647107369924282,2.797281334830153,9.55805771614115,1996,0.6746801,0.0633963,1.0
136,0.9162907318741551,2.667228206581955,9.582467907273719,1997,0.6939431,0.0636463,1.0
140,1.1631508098056809,2.3513752571634776,9.62640972250328,1998,0.6991444,0.0638533,1.0
188,1.3609765531356006,2.4765384001174837,9.64577261318698,1999,0.7105804,0.064195,1.0
126,2.302585092994046,4.533674184283021,9.377941614613427,1977,7.212072,0.1305458,0.0
142,2.2823823856765264,4.585987366571318,9.41622544889089,1978,7.282593,0.1324846,0.0
157,2.2617630984737906,4.72384171570559,9.420774702197004,1979,7.350001,0.1334325,0.0
158,2.2617630984737906,4.796616650559047,9.41766181122146,1980,7.455739,0.1352089,0.0
161,2.2617630984737906,4.8993312245375815,9.423509544148066,1981,7.595535,0.1371173,0.0
165,2.128231705849268,4.81380905109942,9.430471390165684,1982,7.635979,0.1383431,0.0
177,2.0794415416798357,4.7140245909001735,9.467846701917901,1983,7.699036,0.1401536,0.0
177,2.163323025660538,4.637637376125593,9.526083523700446,1984,7.744026,0.1421484,0.0
185,2.0918640616783932,4.617098756853365,9.557882538773617,1985,7.753279,0.1439441,0.0
204,2.0918640616783932,4.670021158307708,9.59970523052144,1986,7.78455,0.1463755,0.0
215,2.128231705849268,4.6709579265260945,9.62912701971194,1987,7.824243,0.1494123,0.0
217,2.174751721484161,4.7318028369214575,9.656637074558523,1988,7.84976,0.1520479,0.0
230,2.186051276738094,4.677490847567717,9.673088997209664,1989,7.874146,0.1541465,0.0
263,2.2823823856765264,4.822697998516666,9.65828753594,1990,7.940564,0.1569151,0.0
279,2.33214389523559,4.931592086755803,9.643372007802153,1991,8.047801,0.1586912,0.0
311,2.2823823856765264,4.933034048072704,9.654779367906968,1992,8.207335,0.161203,0.0
327,2.2300144001592104,4.962844630259907,9.660880816308653,1993,8.324735,0.1632607,0.0
346,2.272125885509337,4.896346147694128,9.676175951960364,1994,8.430079,0.1650783,0.0
406,2.151762203259462,4.888090941338162,9.680045206587247,1995,8.545758,0.1667102,0.0
410,2.1400661634962708,4.817050545023591,9.692169429416392,1996,8.667809,0.168329,1.0
404,2.1041341542702074,4.832305758571839,9.718411405339165,1997,8.791426,0.1700308,1.0
407,1.9740810260220096,4.669083511731744,9.760451706783046,1998,8.892635,0.1714537,1.0
399,1.9021075263969205,4.625952725170619,9.78795379784962,1999,9.045802,0.1735672,1.0
109,1.667706820558076,4.674696248636701,9.463183298175412,1977,2.462494,0.056723,1.0
118,1.7227665977411035,4.836281906951478,9.516378437618123,1978,2.554028,0.0584208,1.0
112,1.7578579175523736,4.801558999993482,9.523176901571231,1979,2.639416,0.060352,1.0
113,1.8718021769015913,4.91338990965742,9.487579607313496,1980,2.790565,0.062466,1.0
106,1.8082887711792655,4.875197323201151,9.47628974073207,1981,2.906936,0.0636847,1.0
125,1.6863989535702288,4.778282803696737,9.459525089587963,1982,3.004598,0.0642983,1.0
148,1.7749523509116738,4.667205576907544,9.482274087459825,1983,3.077551,0.064655,1.0
155,1.7227665977411035,4.800736969532067,9.506521723013817,1984,3.167497,0.0653072,1.0
156,1.824549292051046,4.890349128221754,9.52137684493866,1985,3.257087,0.0661559,1.0
156,1.791759469228055,4.91338990965742,9.554674480080116,1986,3.351231,0.0669472,1.0
147,1.8870696490323797,4.958639998977875,9.567742051778426,1987,3.447744,0.0681375,1.0
134,1.9021075263969205,4.989752083179832,9.584819673489562,1988,3.552496,0.0697613,1.0
124,1.6863989535702288,4.9494688588587685,9.615339371472604,1989,3.653314,0.0713614,1.0
142,1.7749523509116738,4.875197323201151,9.633043383377332,1990,3.758239,0.0736052,1.0
162,1.6486586255873816,4.987025428457122,9.634275847767645,1991,3.841731,0.0752973,1.0
182,1.791759469228055,4.9473404437239425,9.652591822303245,1992,3.94251,0.0771832,1.0
192,1.824549292051046,4.9279780604152466,9.644992044769298,1993,4.024598,0.0788157,1.0
196,1.8718021769015913,4.946629964120343,9.65097762421545,1994,4.122517,0.0801252,1.0
201,1.8082887711792655,4.895598484107897,9.656128790282242,1995,4.223274,0.081569,1.0
212,1.7227665977411035,4.787491742782046,9.683978015187396,1996,4.309975,0.0827545,1.0
225,1.667706820558076,4.795790545596741,9.7198675531303,1997,4.411963,0.0841685,1.0
233,1.589235205116581,4.758749273916392,9.767826465149337,1998,4.507359,0.085426,1.0
247,1.3862943611198906,4.623991940228679,9.807430293737772,1999,4.602491,0.0864552,1.0
71,1.9459101490553132,3.765840495250065,9.205542179037572,1977,1.234639,0.0792725,0.0
67,2.0541237336955462,3.856510295497887,9.234367397258799,1978,1.230221,0.0799084,0.0
63,2.0541237336955462,3.8044377947482086,9.229917483649547,1979,1.223904,0.0806874,0.0
66,2.0918640616783932,3.901972669574645,9.198363737555875,1980,1.234531,0.0809051,0.0
64,1.9459101490553132,3.9357395320454622,9.181749006616633,1981,1.244809,0.0810197,0.0
80,1.824549292051046,3.927896354584436,9.184206641474038,1982,1.245944,0.0808328,0.0
77,1.7749523509116738,3.8110970868381857,9.172326929777967,1983,1.249316,0.0806445,0.0
83,1.6863989535702288,3.66612246699132,9.209430157856966,1984,1.247963,0.0799246,0.0
82,1.5686159179138452,3.653252276470785,9.223033472648439,1985,1.251974,0.0790592,0.0
89,1.9315214116032138,3.7376696182833684,9.251653126054265,1986,1.256514,0.0780443,0.0
77,1.7578579175523736,3.4719664525503626,9.257333684679255,1987,1.260243,0.0770172,0.0
77,1.7749523509116738,3.5610460826040513,9.278105556830871,1988,1.263297,0.0758825,0.0
78,2.0149030205422647,3.7773481021015445,9.29328256438593,1989,1.269158,0.0749016,0.0
84,1.9021075263969205,3.6609942506244004,9.315618884271826,1990,1.286095,0.0744169,1.0
85,1.9740810260220096,3.7909846770510898,9.317048079763046,1991,1.298623,0.0746549,1.0
83,1.9878743481543455,3.7954891891721947,9.345289009834069,1992,1.318277,0.0749559,1.0
92,2.066862759472976,3.784189633918261,9.352173212040002,1993,1.340672,0.0754008,1.0
98,1.8562979903656263,3.770459441106359,9.367561191241446,1994,1.350461,0.0754967,1.0
106,1.7749523509116738,3.7773481021015445,9.36871924324749,1995,1.349255,0.0755827,1.0
136,1.5686159179138452,3.7232808808312687,9.37504176816002,1996,1.364884,0.0755172,1.0
149,1.62924053973028,3.7864597824528,9.39612010903274,1997,1.370906,0.0753763,1.0
174,1.667706820558076,3.6454498961866,9.421603226479139,1998,1.38876,0.0752143,1.0
192,1.6863989535702288,3.6270040503958487,9.434424281015446,1999,1.391588,0.0750167,1.0
71,1.33500106673234,3.9740583963475986,9.408744409600182,1977,1.592624,0.0849463,0.0
72,1.252762968495368,3.929862923556477,9.447085402364491,1978,1.636832,0.0853061,0.0
73,1.4816045409242156,4.119037174812473,9.452072480568393,1979,1.695498,0.08598,0.0
73,1.3609765531356006,4.272490747605575,9.416187193608502,1980,1.766834,0.0865771,0.0
85,1.4816045409242156,4.242764567340374,9.397946275318096,1981,1.830996,0.0868397,0.0
93,1.410986973710262,4.279440045898781,9.389652404692129,1982,1.891105,0.0868863,0.0
96,1.33500106673234,4.289088639014612,9.396570945266852,1983,1.946374,0.0867498,0.0
102,1.252762968495368,4.210645017918261,9.444822596880318,1984,1.995027,0.0870094,0.0
105,1.33500106673234,4.26549281841793,9.458876388487763,1985,2.057478,0.0872332,0.0
113,1.410986973710262,4.301358731606427,9.488636281901913,1986,2.114254,0.0873778,0.0
119,1.5040773967762742,4.210645017918261,9.508218042230437,1987,2.174812,0.0877876,0.0
126,1.3862943611198906,4.220977213155467,9.520926140788253,1988,2.242036,0.0886047,0.0
130,1.5260563034950492,4.333361462692601,9.539075612225618,1989,2.318033,0.0892326,0.0
138,1.7227665977411035,4.73356340075649,9.535240191444716,1990,2.387305,0.0902579,0.0
149,1.7578579175523736,4.787491742782046,9.523598081671434,1991,2.454108,0.091186,0.0
157,1.6863989535702288,4.794136285500715,9.554647549417357,1992,2.520563,0.0921427,0.0
176,1.6863989535702288,4.739701078945697,9.562494010199075,1993,2.585891,0.0930758,0.0
166,1.7047480922384253,4.735320870453137,9.587593230833258,1994,2.653202,0.0938157,0.0
187,1.667706820558076,4.664382045619937,9.59992945359114,1995,2.723085,0.0945797,0.0
201,1.6094379124341003,4.580877493419047,9.612987513342993,1996,2.797213,0.0952577,0.0
238,1.6094379124341003,4.623991940228679,9.641876654217084,1997,2.843218,0.0957439,0.0
283,1.5260563034950492,4.461299815568389,9.681948962582121,1998,2.879499,0.0961469,0.0
334,1.4816045409242156,4.450852825603734,9.70309937271823,1999,2.938665,0.0966684,0.0
87,1.8562979903656263,3.7062280924485496,9.50322563432701,1977,1.060353,0.0042525,0.0
98,2.0918640616783932,3.893859034800475,9.570790680249898,1978,1.072129,0.0044533,0.0
102,2.312535423847214,3.765840495250065,9.582302469670202,1979,1.072455,0.0046745,0.0
95,1.9740810260220096,3.8155121050473024,9.561727962464769,1980,1.083543,0.0048891,0.0
113,1.8718021769015913,3.758871825933971,9.55509110424014,1981,1.073996,0.0050698,0.0
117,2.322387720290225,3.563882963939251,9.523399944380653,1982,1.077195,0.0052213,0.0
135,1.916922612182061,3.427514689979529,9.451245252869034,1983,1.089689,0.0052617,0.0
138,1.4586150226995167,3.1822118404966093,9.468139617195991,1984,1.113899,0.0052057,0.0
143,1.667706820558076,3.044522437723423,9.487145251670977,1985,1.140302,0.005152,0.0
148,1.840549633397487,3.1570004211501135,9.451766965228794,1986,1.172461,0.0051101,0.0
168,1.0986122886681098,3.044522437723423,9.429406823201754,1987,1.213082,0.0049177,0.0
190,1.252762968495368,2.7788192719904172,9.44177426325936,1988,1.273495,0.0047954,0.0
199,1.6863989535702288,2.89591193827178,9.484675012455167,1989,1.344308,0.0047261,0.0
216,1.7749523509116738,2.8273136219290276,9.526168841928374,1990,1.399203,0.0046692,0.0
237,1.4586150226995167,2.9014215940827497,9.53190054582869,1991,1.41194,0.0047139,0.0
237,1.5260563034950492,2.9444389791664403,9.538312297386009,1992,1.434764,0.0047731,0.0
226,1.4816045409242156,2.9014215940827497,9.545292882970596,1993,1.476442,0.0048302,0.0
238,1.4816045409242156,2.8678989020441064,9.552801780505346,1994,1.481319,0.0048914,0.0
254,1.1314021114911006,2.9391619220655967,9.551882591628305,1995,1.485849,0.0049271,1.0
289,1.4586150226995167,3.0633909220278057,9.549183367554825,1996,1.521814,0.004944,1.0
310,1.5040773967762742,2.928523523860541,9.60184042098384,1997,1.527818,0.0049434,1.0
326,1.7578579175523736,2.8449093838194073,9.630793266642126,1998,1.558396,0.0049436,1.0
327,1.1939224684724346,2.797281334830153,9.665615441544032,1999,1.613004,0.004939,1.0
