A,Y,W,Z,X_race,X_sex
12.0,2.5360749363624,8.0,9.0,3,2
12.0,0.4252677354043441,12.0,12.0,3,2
14.0,2.7265447837383743,12.0,10.0,3,2
12.0,1.5040773967762742,12.0,1.0,3,1
12.0,2.1041341542702074,6.0,12.0,3,2
14.0,2.302585092994046,10.0,16.0,3,1
16.0,3.3617633124167483,12.0,16.0,3,1
16.0,2.509599262378372,16.0,15.0,3,1
17.0,2.750470916986162,12.0,16.0,3,2
16.0,2.388762789235098,12.0,19.0,3,1
13.0,3.038312721089109,12.0,16.0,3,2
13.0,2.5257286443082556,15.0,12.0,3,1
16.0,2.822568654544802,18.0,16.0,3,2
16.0,2.681706225762608,18.0,18.0,3,2
16.0,2.135349173618132,12.0,14.0,3,2
14.0,2.5201129055226197,16.0,16.0,3,2
12.0,1.0116009116784799,20.0,12.0,3,2
12.0,2.2202898502672155,4.0,16.0,3,2
12.0,2.0476928433652555,3.0,3.0,1,1
13.0,2.799717389628034,12.0,12.0,3,1
13.0,2.495681722955959,12.0,12.0,3,2
12.0,2.485739636091892,12.0,13.0,3,1
12.0,2.658859956911438,12.0,11.0,3,2
12.0,7.0508507892752545,12.0,12.0,3,1
12.0,2.551006451492524,12.0,12.0,3,1
12.0,1.6193882432872684,9.0,9.0,3,2
12.0,1.791759469228055,12.0,12.0,3,2
19.0,2.822568654544802,12.0,14.0,3,2
12.0,2.8507065015037334,16.0,10.0,3,1
14.0,2.864483986944037,12.0,14.0,3,2
12.0,2.5360749363624,10.0,6.0,3,2
10.0,2.7013612129514133,5.0,14.0,3,1
12.0,2.382320061012899,12.0,12.0,3,2
17.0,2.88703285663065,17.0,16.0,3,2
12.0,3.3617633124167483,16.0,12.0,3,1
14.0,2.017566137961748,16.0,16.0,3,2
12.0,2.5376572151735295,16.0,12.0,3,2
16.0,2.896464271895322,17.0,18.0,3,2
18.0,2.302585092994046,16.0,18.0,3,1
19.0,3.305787196857497,16.0,14.0,3,1
16.0,2.822568654544802,16.0,16.0,3,2
14.0,2.302585092994046,16.0,0.0,3,1
16.0,2.9386326815134183,18.0,16.0,3,2
9.0,1.9242486522741338,9.0,13.0,2,2
12.0,1.572773928062509,12.0,8.0,2,1
16.0,2.402430427963762,12.0,14.0,2,1
16.0,2.9564715596006885,12.0,12.0,2,2
16.0,3.2565568918358894,4.0,17.0,3,1
16.0,2.6210388241125804,3.0,14.0,3,2
12.0,2.0541237336955462,12.0,12.0,3,2
12.0,2.8914822521801917,11.0,12.0,3,2
14.0,1.8562979903656263,16.0,4.0,3,2
19.0,2.8942531046041373,6.0,13.0,3,1
16.0,2.8903717578961645,5.0,14.0,3,2
12.0,2.587011872725154,12.0,12.0,3,2
16.0,2.9564715596006885,9.0,16.0,3,1
16.0,2.5257286443082556,9.0,16.0,3,1
20.0,2.0399207835175526,8.0,16.0,3,1
13.0,2.9439125248241944,12.0,6.0,3,1
12.0,1.4906543764441336,10.0,12.0,3,2
11.0,2.2512917986064953,8.0,9.0,3,2
15.0,2.7819200496686656,12.0,16.0,3,1
9.0,2.151762203259462,8.0,12.0,3,2
16.0,2.075684492802124,8.0,12.0,3,1
17.0,2.668616131856803,15.0,16.0,3,2
12.0,2.7738379416402132,10.0,16.0,3,1
14.0,2.710048203764883,15.0,7.0,3,1
12.0,2.683074215032033,12.0,12.0,3,2
12.0,2.8449093838194073,11.0,11.0,3,2
12.0,3.08876713952118,12.0,12.0,3,1
16.0,2.740840023925201,12.0,12.0,3,1
16.0,3.3617633124167483,16.0,15.0,3,2
16.0,2.0794415416798357,16.0,17.0,3,2
17.0,2.9811261211646287,12.0,20.0,3,2
12.0,2.6390573296152584,10.0,12.0,3,1
12.0,3.007166651179654,10.0,15.0,3,2
12.0,2.0794415416798357,10.0,12.0,3,2
12.0,0.8415671856782185,12.0,15.0,3,1
12.0,2.50715725872282,12.0,12.0,3,1
12.0,2.8570447537800976,12.0,14.0,3,2
12.0,1.9851308622085946,14.0,14.0,3,1
12.0,3.0828269804049246,12.0,16.0,3,2
12.0,2.514465452029545,13.0,7.0,3,2
9.0,2.6026896854443837,12.0,5.0,3,1
15.0,2.1482677326096886,16.0,6.0,3,2
16.0,2.5649493574615367,16.0,15.0,3,2
16.0,2.9564715596006885,16.0,16.0,3,2
12.0,2.7466296830696852,7.0,12.0,3,2
17.0,3.0516399054922867,17.0,16.0,3,1
12.0,2.599722324216582,12.0,12.0,3,2
13.0,2.448415541205585,12.0,16.0,3,1
12.0,2.1400661634962708,12.0,7.0,3,2
14.0,1.3862943611198906,8.0,12.0,3,2
16.0,2.733067964077498,12.0,14.0,3,1
13.0,2.5494451709255714,12.0,14.0,1,2
12.0,2.302585092994046,12.0,12.0,3,2
16.0,2.6979998652487085,16.0,12.0,3,2
12.0,2.302585092994046,12.0,12.0,3,1
15.0,2.9564715596006885,12.0,16.0,3,2
10.0,1.5173226235262947,12.0,12.0,3,2
16.0,2.599722324216582,12.0,16.0,3,1
18.0,2.9564715596006885,17.0,0.0,3,2
19.0,2.567254391136754,17.0,15.0,3,1
16.0,2.8914822521801917,12.0,16.0,3,2
16.0,3.2039652121324464,12.0,12.0,3,1
16.0,2.969388298214389,12.0,14.0,3,1
18.0,3.1793030497483774,16.0,16.0,3,1
18.0,3.0740812399649675,16.0,13.0,3,1
12.0,2.7047112998366956,12.0,8.0,3,1
12.0,1.0647107369924282,12.0,8.0,3,2
11.0,2.0794415416798357,16.0,7.0,1,2
12.0,2.050270164379556,10.0,12.0,3,1
16.0,2.5817308344235403,12.0,0.0,3,2
12.0,2.7226103524335397,16.0,12.0,3,1
16.0,2.8507065015037334,16.0,16.0,3,1
15.0,2.4060438013622756,16.0,16.0,3,1
20.0,3.279029747687948,11.0,14.0,3,2
20.0,3.3470931226689546,12.0,14.0,3,2
15.0,2.1004689088719113,8.0,11.0,3,1
12.0,2.341805806147327,15.0,10.0,3,1
15.0,2.9047128751668225,12.0,12.0,3,1
13.0,2.2512917986064953,12.0,16.0,3,2
12.0,1.3862943611198906,7.0,10.0,3,2
12.0,2.1016921506146558,8.0,11.0,3,2
12.0,1.8325814637483102,12.0,6.0,3,2
12.0,2.302585092994046,7.0,18.0,3,2
14.0,2.402430427963762,12.0,12.0,3,2
19.0,2.6347624053323777,8.0,15.0,3,1
17.0,2.1114245875328868,12.0,9.0,3,2
11.0,1.3812818192963463,12.0,6.0,3,1
12.0,2.4965057856313524,8.0,10.0,3,2
12.0,2.0149030205422647,8.0,16.0,3,2
13.0,2.21046980408624,9.0,11.0,3,2
14.0,1.7595805708638197,12.0,11.0,3,2
12.0,2.3869262414277967,12.0,0.0,3,1
14.0,2.8780742300857587,18.0,14.0,3,1
14.0,2.599722324216582,8.0,16.0,3,1
12.0,1.9459101490553132,13.0,16.0,3,1
16.0,3.566146688731639,18.0,16.0,3,1
12.0,2.545531271604435,16.0,12.0,3,1
20.0,1.451613827240533,16.0,12.0,3,2
15.0,2.9047128751668225,12.0,14.0,3,1
13.0,2.599722324216582,18.0,20.0,3,1
14.0,2.6858045921548905,18.0,16.0,3,2
12.0,2.340843805111136,13.0,16.0,3,2
12.0,1.7984040119467235,13.0,12.0,3,1
13.0,2.302585092994046,10.0,5.0,3,2
12.0,2.599722324216582,14.0,12.0,3,1
18.0,3.0209125720842893,13.0,19.0,3,1
16.0,2.70805020110221,13.0,14.0,3,2
12.0,2.5930133911138515,12.0,13.0,1,1
10.0,1.965712776351493,12.0,9.0,1,2
16.0,2.34660197841082,12.0,15.0,1,2
12.0,2.272125885509337,8.0,12.0,3,2
12.0,1.55814461804655,8.0,10.0,3,2
10.0,1.6094379124341003,7.0,8.0,1,2
18.0,2.5257286443082556,12.0,17.0,3,2
13.0,2.599722324216582,12.0,12.0,3,2
12.0,2.21375387928743,12.0,15.0,1,2
13.0,1.9810014688665833,11.0,12.0,2,1
12.0,2.3978952727983707,12.0,12.0,3,2
12.0,2.4849066497880004,12.0,14.0,3,1
13.0,2.8408313123360287,12.0,12.0,3,1
12.0,2.668616131856803,8.0,12.0,3,1
14.0,2.2438960966453663,10.0,12.0,3,2
11.0,2.4849066497880004,10.0,12.0,3,1
12.0,3.624340932976365,10.0,10.0,3,1
12.0,2.341805806147327,12.0,16.0,3,1
16.0,2.2181159363675955,18.0,16.0,3,1
12.0,4.31748811353631,10.0,14.0,3,1
12.0,2.7738379416402132,12.0,12.0,3,1
9.0,2.5257286443082556,12.0,12.0,3,1
16.0,2.668616131856803,16.0,16.0,3,2
15.0,2.1972245773362196,12.0,2.0,2,2
12.0,2.4078456036515385,12.0,12.0,2,1
14.0,2.8914822521801917,16.0,16.0,3,2
16.0,3.138533072185662,16.0,16.0,3,1
13.0,1.8325814637483102,14.0,13.0,2,2
16.0,2.4203681286504293,16.0,17.0,3,2
16.0,2.558002204858551,8.0,12.0,3,1
15.0,2.0794415416798357,12.0,18.0,3,2
12.0,2.7485521444115397,12.0,12.0,3,1
17.0,2.67552700939665,12.0,12.0,3,1
12.0,2.599722324216582,16.0,16.0,3,1
12.0,2.6232182655855123,16.0,12.0,3,2
12.0,2.4849066497880004,12.0,12.0,3,1
12.0,2.6511270537025893,12.0,12.0,3,2
13.0,2.7738379416402132,12.0,12.0,3,1
16.0,2.668616131856803,13.0,12.0,3,1
16.0,2.9052603703899154,14.0,14.0,3,1
19.0,2.9311937524164198,16.0,18.0,3,2
16.0,2.995732273553991,14.0,16.0,3,1
16.0,3.6496187401606335,14.0,16.0,3,1
17.0,2.3646204839134985,12.0,17.0,2,2
16.0,2.5257286443082556,19.0,16.0,3,2
16.0,2.9047128751668225,18.0,12.0,3,2
12.0,1.9878743481543455,4.0,12.0,3,2
12.0,1.8325814637483102,4.0,12.0,3,2
12.0,2.3978952727983707,4.0,12.0,3,1
15.0,2.8656235882069705,12.0,4.0,3,1
10.0,2.327277705584417,12.0,12.0,2,1
8.0,1.7047480922384253,12.0,8.0,2,2
11.0,2.302585092994046,10.0,12.0,2,1
12.0,2.984671326194566,12.0,10.0,2,1
12.0,2.1198634561787513,10.0,14.0,2,1
12.0,5.919135760495347,8.0,11.0,2,2
12.0,2.5847519847577165,7.0,12.0,2,2
12.0,2.2181159363675955,16.0,12.0,3,2
12.0,2.0347056478384444,12.0,8.0,2,2
12.0,2.740840023925201,12.0,4.0,3,1
13.0,2.70805020110221,12.0,14.0,3,1
18.0,2.822568654544802,10.0,7.0,3,2
16.0,3.1793030497483774,10.0,2.0,3,2
12.0,2.5257286443082556,11.0,12.0,3,2
12.0,5.19295685089021,11.0,9.0,3,2
7.0,1.9600947840472698,10.0,11.0,3,1
13.0,4.605170185988092,15.0,12.0,3,2
12.0,2.9882040071331994,12.0,12.0,3,1
16.0,3.202339856228101,16.0,16.0,3,1
12.0,2.517696472610991,12.0,13.0,3,1
13.0,1.9974177062012453,12.0,12.0,3,1
14.0,1.1378330018213911,16.0,12.0,3,2
12.0,2.733067964077498,16.0,12.0,3,1
13.0,1.358409157630355,12.0,11.0,3,2
19.0,2.9311937524164198,20.0,18.0,3,1
20.0,2.2159372862683733,20.0,20.0,3,2
12.0,3.005187432324746,12.0,12.0,3,1
12.0,2.0149030205422647,12.0,10.0,3,2
12.0,3.295836866004329,12.0,14.0,1,1
14.0,2.302585092994046,16.0,12.0,3,2
14.0,2.5718485799218085,15.0,12.0,3,2
12.0,1.8961194845522977,12.0,15.0,3,1
12.0,1.8082887711792655,11.0,12.0,3,1
12.0,2.5649493574615367,8.0,1.0,3,1
12.0,2.5273273656719524,12.0,8.0,3,1
12.0,2.066862759472976,10.0,12.0,3,2
13.0,2.0149030205422647,12.0,4.0,3,2
16.0,3.134189016701007,8.0,16.0,3,2
12.0,2.598979106047848,9.0,12.0,3,1
12.0,1.8325814637483102,8.0,12.0,3,2
14.0,0.9439058989071284,14.0,16.0,3,1
16.0,0.8109302162163288,16.0,17.0,3,2
16.0,2.558002204858551,16.0,16.0,3,1
12.0,1.9810014688665833,12.0,12.0,3,1
12.0,1.965712776351493,12.0,0.0,3,2
12.0,2.302585092994046,12.0,12.0,3,1
13.0,2.3350522831315472,12.0,12.0,3,1
17.0,2.563409711275944,12.0,12.0,3,2
20.0,3.295836866004329,12.0,20.0,3,2
16.0,2.247072383063787,14.0,16.0,3,1
18.0,2.551006451492524,12.0,14.0,3,2
16.0,2.7899373605743945,12.0,20.0,3,2
13.0,2.405141681319138,10.0,9.0,3,2
16.0,2.826129489167811,18.0,14.0,3,1
18.0,2.481567748522486,14.0,18.0,3,2
14.0,2.4449523342809676,12.0,14.0,3,1
12.0,2.1065702090680887,12.0,7.0,3,2
16.0,2.3749057545736716,19.0,13.0,3,1
16.0,2.0794415416798357,18.0,12.0,3,2
16.0,2.733067964077498,12.0,16.0,3,1
12.0,2.302585092994046,6.0,6.0,3,1
12.0,1.766441661243765,13.0,12.0,3,2
11.0,1.9947003132247452,12.0,11.0,3,2
12.0,1.8164520818184267,12.0,2.0,3,2
12.0,1.713797927758343,12.0,12.0,3,2
12.0,2.2417729535972883,12.0,12.0,3,1
12.0,2.169053700369523,12.0,13.0,3,1
18.0,2.8249439525737094,12.0,17.0,3,1
19.0,3.251536607107749,16.0,16.0,3,1
19.0,2.88703285663065,16.0,16.0,3,1
12.0,2.3978952727983707,10.0,13.0,3,1
12.0,2.3532782073095637,10.0,12.0,3,1
12.0,2.599722324216582,14.0,16.0,3,1
14.0,2.4807312783775197,13.0,12.0,3,2
14.0,2.772588722239781,18.0,12.0,3,1
12.0,2.8622008809294686,11.0,12.0,3,2
13.0,2.302585092994046,12.0,14.0,3,1
14.0,2.4449523342809676,12.0,12.0,3,2
13.0,1.5686159179138452,12.0,6.0,3,2
12.0,3.0022112396517002,11.0,12.0,3,1
12.0,1.8325814637483102,11.0,11.0,3,2
19.0,2.4449523342809676,12.0,20.0,3,2
12.0,2.1972245773362196,12.0,12.0,3,1
14.0,2.9041650800285006,6.0,14.0,2,1
16.0,2.1644717908644115,8.0,14.0,2,1
13.0,2.211565694606877,11.0,12.0,2,2
15.0,2.2181159363675955,11.0,20.0,2,1
13.0,2.463853240590168,20.0,12.0,3,2
12.0,2.1972245773362196,12.0,11.0,3,2
9.0,1.7047480922384253,8.0,10.0,3,2
9.0,2.5649493574615367,12.0,9.0,3,1
14.0,2.5257286443082556,12.0,11.0,3,2
12.0,1.6094379124341003,7.0,11.0,3,1
12.0,2.2915241456346207,12.0,12.0,3,1
12.0,1.9459101490553132,11.0,11.0,3,2
14.0,3.075928815548268,10.0,14.0,3,1
11.0,2.4449523342809676,16.0,12.0,3,1
12.0,2.0794415416798357,16.0,14.0,3,2
16.0,2.87751164216656,16.0,16.0,3,1
16.0,3.4722769633431074,12.0,13.0,3,1
17.0,2.365559892155434,15.0,16.0,3,2
16.0,3.0740812399649675,16.0,18.0,3,1
14.0,4.245060779600724,18.0,12.0,3,1
20.0,2.3758355547336385,13.0,16.0,3,1
14.0,2.2874714551839976,12.0,17.0,3,1
13.0,2.262804222982201,12.0,16.0,3,1
14.0,2.222459048514761,12.0,16.0,3,2
12.0,2.2512917986064953,14.0,1.0,3,2
12.0,1.9600947840472698,12.0,12.0,3,1
15.0,2.302585092994046,12.0,12.0,3,1
17.0,2.4449523342809676,16.0,15.0,3,1
19.0,2.7447035187502458,16.0,13.0,3,1
18.0,3.1354942159291497,16.0,18.0,3,2
12.0,2.7555697170701863,12.0,12.0,3,1
12.0,2.3978952727983707,12.0,16.0,3,1
16.0,2.4168062370840686,20.0,5.0,3,2
13.0,2.574137783515943,15.0,16.0,3,1
12.0,1.791759469228055,11.0,12.0,3,2
14.0,2.254444717666111,16.0,12.0,1,2
14.0,1.916922612182061,12.0,12.0,1,2
12.0,2.5400259490090797,12.0,12.0,2,1
16.0,2.333114298028869,16.0,16.0,3,1
15.0,3.2188758248682006,12.0,14.0,3,2
12.0,2.739548868161581,12.0,12.0,3,1
12.0,2.710048203764883,16.0,12.0,3,1
16.0,2.4203681286504293,16.0,12.0,3,2
14.0,2.733067964077498,12.0,12.0,3,2
14.0,2.805781689595545,12.0,16.0,3,2
12.0,2.8587664184808337,12.0,12.0,3,1
12.0,2.277267285009756,9.0,12.0,3,1
16.0,2.5649493574615367,12.0,11.0,3,2
12.0,3.2188758248682006,12.0,14.0,3,2
15.0,1.6331544390514163,13.0,15.0,2,2
12.0,2.1400661634962708,7.0,12.0,3,2
8.0,2.302585092994046,10.0,6.0,3,1
8.0,1.8764069432883397,10.0,11.0,3,1
12.0,1.6094379124341003,9.0,10.0,3,2
12.0,2.388762789235098,12.0,12.0,3,2
13.0,2.668616131856803,15.0,12.0,3,1
12.0,2.505525936990736,15.0,15.0,3,1
12.0,2.182674796321488,11.0,12.0,3,2
11.0,2.0149030205422647,14.0,12.0,3,1
20.0,3.487069220736119,14.0,16.0,3,1
16.0,3.391820219849558,14.0,16.0,3,1
12.0,2.8633430855082453,18.0,12.0,3,1
13.0,1.9095425048844386,17.0,8.0,3,2
17.0,2.9564715596006885,17.0,16.0,3,1
16.0,2.5217206229107165,17.0,16.0,3,2
14.0,2.0476928433652555,18.0,12.0,3,2
16.0,2.733067964077498,14.0,20.0,3,2
20.0,2.3145136638593193,18.0,20.0,3,2
12.0,2.5257286443082556,18.0,12.0,3,1
12.0,2.9564715596006885,16.0,12.0,3,1
14.0,0.7975071958841882,16.0,16.0,3,2
12.0,1.7316555451583497,16.0,12.0,3,2
17.0,2.3869262414277967,17.0,18.0,3,2
12.0,0.6931471805599453,12.0,12.0,3,1
14.0,2.336019869080283,10.0,16.0,3,1
16.0,2.599722324216582,15.0,19.0,3,2
16.0,2.8130106367386967,13.0,2.0,2,1
16.0,2.0706530356467567,13.0,16.0,2,1
12.0,2.5817308344235403,12.0,12.0,2,1
12.0,1.965712776351493,11.0,14.0,2,1
12.0,2.4449523342809676,12.0,15.0,2,1
12.0,2.0149030205422647,4.0,12.0,2,1
12.0,2.6347624053323777,12.0,10.0,3,1
18.0,3.0740812399649675,12.0,17.0,3,1
13.0,1.2029723039923526,11.0,5.0,3,2
13.0,1.8961194845522977,12.0,10.0,3,2
12.0,2.388762789235098,12.0,15.0,3,1
12.0,2.6741486494265287,12.0,12.0,3,1
12.0,2.2512917986064953,9.0,14.0,3,1
9.0,1.1537315878891892,12.0,0.0,3,1
12.0,1.8325814637483102,12.0,16.0,3,1
13.0,2.668616131856803,14.0,12.0,3,2
14.0,2.7880929087757464,10.0,12.0,3,1
13.0,2.3683728335320486,12.0,18.0,3,2
11.0,1.3862943611198906,9.0,0.0,3,1
10.0,2.5257286443082556,10.0,12.0,3,1
12.0,2.772588722239781,9.0,0.0,3,1
12.0,2.833213344056216,12.0,12.0,3,1
12.0,2.0794415416798357,6.0,11.0,3,1
12.0,2.0149030205422647,2.0,10.0,3,2
11.0,2.272125885509337,12.0,12.0,3,1
12.0,1.6094379124341003,12.0,12.0,3,2
20.0,2.7363136663750693,19.0,16.0,3,1
15.0,2.318458442150336,12.0,12.0,3,2
12.0,1.8500283773520307,12.0,12.0,3,1
12.0,2.3485140248824456,15.0,4.0,3,1
12.0,3.3046864812813115,12.0,12.0,3,1
15.0,2.9047128751668225,12.0,12.0,3,1
12.0,3.3336320621663895,12.0,12.0,3,1
12.0,3.6496187401606335,12.0,12.0,3,1
13.0,1.8718021769015913,12.0,11.0,3,2
12.0,2.4449523342809676,12.0,5.0,3,2
14.0,2.302585092994046,12.0,8.0,3,2
12.0,1.6094379124341003,8.0,14.0,3,1
17.0,3.1793030497483774,20.0,17.0,3,1
14.0,1.7173950539391927,12.0,11.0,2,2
12.0,2.3896797998449792,12.0,0.0,2,2
13.0,2.551006451492524,10.0,12.0,3,2
19.0,3.3130945001071823,10.0,3.0,3,2
12.0,2.8130106367386967,3.0,9.0,1,2
12.0,2.5257286443082556,3.0,8.0,1,2
14.0,2.157559320943788,9.0,11.0,2,2
12.0,2.8622008809294686,2.0,0.0,2,1
12.0,1.6582280766035324,12.0,10.0,1,1
12.0,1.8718021769015913,12.0,0.0,1,1
9.0,2.1004689088719113,12.0,9.0,3,1
12.0,2.209372711271867,12.0,12.0,3,1
14.0,1.9459101490553132,12.0,12.0,3,1
16.0,3.3558512798952784,13.0,1.0,3,1
14.0,2.33214389523559,12.0,2.0,3,2
12.0,2.5817308344235403,10.0,10.0,1,1
12.0,1.5644405465033646,12.0,12.0,3,2
16.0,0.9555114450274363,12.0,9.0,3,2
13.0,2.468946630209271,13.0,7.0,3,1
16.0,2.8780742300857587,12.0,19.0,3,1
12.0,3.2565568918358894,12.0,12.0,3,1
12.0,1.706564623164823,12.0,12.0,3,2
12.0,2.6483001966964363,12.0,12.0,3,1
14.0,2.485739636091892,9.0,12.0,3,1
12.0,2.175887439948088,6.0,12.0,3,1
12.0,2.2071749081893874,12.0,12.0,3,2
13.0,1.6770965609079151,12.0,6.0,3,2
12.0,1.4469189829363254,12.0,12.0,3,2
16.0,2.740840023925201,12.0,16.0,3,1
16.0,-2.659260036932778,12.0,16.0,3,2
15.0,1.9754689512968577,10.0,17.0,3,2
16.0,3.1135153092103742,10.0,16.0,3,2
20.0,1.9530276168241774,13.0,12.0,3,1
12.0,2.128231705849268,17.0,14.0,3,1
16.0,2.4168062370840686,12.0,17.0,3,2
13.0,4.062681881713259,12.0,12.0,3,1
14.0,1.6094379124341003,12.0,12.0,3,1
16.0,2.668616131856803,16.0,14.0,3,2
12.0,2.9564715596006885,14.0,14.0,3,1
17.0,3.0027078872904163,16.0,3.0,3,1
16.0,2.1972245773362196,16.0,12.0,3,1
20.0,2.0399207835175526,16.0,16.0,3,1
19.0,3.2188758248682006,17.0,3.0,3,2
12.0,1.6956156086751528,12.0,12.0,2,1
12.0,1.6094379124341003,12.0,7.0,2,2
13.0,2.305580601973844,10.0,6.0,2,2
15.0,1.927164106234258,10.0,15.0,2,2
12.0,1.0577902941478545,9.0,10.0,3,2
11.0,1.4469189829363254,12.0,13.0,3,2
12.0,2.0794415416798357,11.0,1.0,3,1
16.0,2.7936160894318567,11.0,14.0,2,1
12.0,1.55814461804655,8.0,8.0,3,2
13.0,2.253394848803274,11.0,12.0,3,1
12.0,2.6837575085331657,12.0,10.0,3,1
12.0,1.6937790608678513,12.0,14.0,3,2
13.0,1.2029723039923526,12.0,8.0,3,2
13.0,2.262804222982201,12.0,15.0,3,2
12.0,2.302585092994046,12.0,12.0,3,1
12.0,2.1972245773362196,12.0,6.0,3,1
11.0,1.5040773967762742,12.0,12.0,3,2
12.0,2.4449523342809676,16.0,14.0,3,1
20.0,2.3174737054877963,16.0,16.0,3,1
12.0,2.7466296830696852,16.0,18.0,3,2
18.0,1.9095425048844386,18.0,12.0,3,1
12.0,1.55814461804655,12.0,0.0,3,1
10.0,2.302585092994046,13.0,5.0,3,1
16.0,2.9745086371023644,17.0,18.0,3,1
18.0,1.9315214116032138,17.0,18.0,3,1
12.0,2.4672517145492794,15.0,12.0,3,2
14.0,3.367295829986474,15.0,16.0,3,2
17.0,2.402430427963762,20.0,12.0,3,2
16.0,2.551006451492524,16.0,16.0,3,1
16.0,2.402430427963762,16.0,16.0,3,1
18.0,2.548663615590751,15.0,16.0,3,2
18.0,2.745345985845907,16.0,18.0,3,2
17.0,1.9459101490553132,16.0,16.0,3,2
12.0,2.4449523342809676,14.0,16.0,3,1
14.0,2.302585092994046,12.0,12.0,3,2
19.0,3.005187432324746,14.0,16.0,3,1
12.0,2.733067964077498,14.0,12.0,3,1
12.0,2.4078456036515385,14.0,0.0,3,2
12.0,1.791759469228055,12.0,12.0,3,2
16.0,2.4527277514237653,16.0,18.0,3,2
16.0,2.7466296830696852,17.0,19.0,3,2
16.0,2.262804222982201,16.0,17.0,3,2
15.0,1.9344157696295783,10.0,7.0,3,1
15.0,1.8961194845522977,12.0,3.0,3,2
17.0,2.262804222982201,16.0,16.0,3,1
14.0,2.681706225762608,12.0,14.0,3,1
17.0,3.0516399054922867,12.0,16.0,3,2
19.0,1.682688374173693,12.0,16.0,3,1
16.0,2.0149030205422647,12.0,12.0,3,1
15.0,2.1610215286722587,12.0,14.0,3,2
16.0,3.0610517396746335,10.0,16.0,3,2
12.0,2.7638002162067017,12.0,16.0,1,2
13.0,2.322387720290225,8.0,13.0,1,2
16.0,2.6152036507358583,16.0,16.0,3,1
12.0,2.4849066497880004,13.0,9.0,3,1
12.0,1.9286186519452522,12.0,5.0,3,2
12.0,2.1972245773362196,12.0,13.0,3,1
13.0,2.2905125117597764,12.0,12.0,3,1
12.0,3.0740812399649675,11.0,5.0,3,1
12.0,2.6602595372658615,9.0,12.0,3,2
16.0,3.0430928449138284,13.0,19.0,3,1
16.0,3.202339856228101,14.0,14.0,3,1
16.0,2.772588722239781,12.0,10.0,3,2
12.0,2.262804222982201,12.0,10.0,3,1
12.0,1.9459101490553132,12.0,12.0,3,2
16.0,2.2428350885882717,11.0,14.0,3,1
14.0,2.495681722955959,12.0,12.0,3,2
14.0,2.599722324216582,12.0,14.0,3,1
12.0,2.0476928433652555,12.0,12.0,3,1
12.0,1.6094379124341003,10.0,12.0,3,2
12.0,2.302585092994046,12.0,10.0,3,2
13.0,2.70805020110221,12.0,12.0,3,1
12.0,3.033028058297688,12.0,13.0,3,2
16.0,2.1114245875328868,12.0,16.0,3,1
13.0,3.061520014091994,12.0,12.0,3,1
12.0,2.3850863145057892,11.0,8.0,3,2
12.0,2.7013612129514133,11.0,12.0,3,2
12.0,2.551006451492524,12.0,12.0,3,1
12.0,2.668616131856803,12.0,12.0,3,2
16.0,1.9459101490553132,12.0,16.0,3,2
13.0,2.0794415416798357,12.0,12.0,3,1
12.0,2.080690761080268,12.0,16.0,3,1
14.0,2.2300144001592104,16.0,13.0,3,1
15.0,3.4339872044851463,16.0,14.0,3,1
16.0,3.096029994869355,16.0,16.0,3,1
14.0,2.3580197998821464,9.0,12.0,3,2
12.0,3.005187432324746,9.0,12.0,3,2
12.0,2.200552367428894,9.0,1.0,3,2
12.0,2.2925347571405443,10.0,14.0,3,2
12.0,2.3513752571634776,10.0,15.0,3,2
12.0,2.7047112998366956,10.0,14.0,3,1
12.0,2.2192034840549946,12.0,12.0,3,2
12.0,2.833213344056216,12.0,14.0,3,1
12.0,2.262804222982201,12.0,14.0,3,2
18.0,2.733067964077498,12.0,16.0,3,2
18.0,3.091042453358316,12.0,16.0,3,2
12.0,2.3580197998821464,12.0,12.0,3,1
16.0,1.6956156086751528,12.0,16.0,3,2
12.0,2.803360380906535,8.0,12.0,3,1
12.0,2.5249283241374862,8.0,8.0,3,2
16.0,2.4849066497880004,20.0,13.0,3,1
14.0,3.8066624897703196,12.0,16.0,3,1
12.0,2.70805020110221,16.0,13.0,3,1
12.0,2.302585092994046,16.0,16.0,3,2
12.0,1.9823798288367047,11.0,12.0,3,2
12.0,2.0399207835175526,15.0,16.0,3,1
14.0,2.0068708488450007,8.0,7.0,3,2
14.0,1.8870696490323797,12.0,10.0,2,1
12.0,1.589235205116581,12.0,12.0,2,1
16.0,2.770711962226921,16.0,8.0,3,1
14.0,5.009768251656904,11.0,16.0,3,2
12.0,1.6094379124341003,12.0,2.0,3,2
12.0,3.1135153092103742,11.0,12.0,3,1
16.0,3.1280754605417043,12.0,16.0,3,1
12.0,2.4078456036515385,12.0,13.0,3,1
18.0,2.315501318260592,16.0,16.0,3,1
17.0,2.4362414778067194,16.0,15.0,3,2
17.0,2.9564715596006885,16.0,13.0,3,2
17.0,2.2300144001592104,12.0,16.0,3,2
16.0,2.6762154775821916,16.0,14.0,3,1
16.0,2.7936160894318567,18.0,16.0,3,2
7.0,1.8562979903656263,8.0,8.0,2,2
12.0,1.6094379124341003,10.0,7.0,3,2
12.0,1.809926773183504,14.0,7.0,3,2
14.0,1.9572739077056285,14.0,13.0,3,2
15.0,2.157559320943788,12.0,4.0,3,2
12.0,2.1972245773362196,14.0,10.0,3,1
12.0,1.425515074273172,16.0,3.0,3,1
12.0,1.8718021769015913,12.0,9.0,3,1
19.0,1.713797927758343,12.0,15.0,3,1
18.0,2.449279472144849,14.0,16.0,3,2
16.0,4.7482310288287435,18.0,16.0,3,2
18.0,2.6741486494265287,12.0,16.0,3,1
16.0,2.9564715596006885,12.0,14.0,3,1
16.0,2.281361456542419,16.0,16.0,3,1
12.0,2.8507065015037334,12.0,2.0,3,1
12.0,2.5257286443082556,12.0,11.0,3,1
12.0,2.061786606441115,8.0,8.0,3,2
12.0,2.5257286443082556,12.0,14.0,3,1
10.0,2.302585092994046,10.0,8.0,3,2
12.0,1.80005827204275,10.0,12.0,2,2
18.0,4.2781927309286685,18.0,14.0,2,1
12.0,2.018895041811802,12.0,10.0,2,2
14.0,2.179286876649552,12.0,10.0,1,2
9.0,1.9459101490553132,6.0,2.0,3,2
16.0,2.733067964077498,12.0,0.0,2,2
16.0,3.061520014091994,16.0,14.0,3,2
18.0,2.428336298299606,18.0,20.0,3,2
18.0,2.552565298261815,18.0,0.0,3,2
9.0,1.6582280766035324,9.0,10.0,3,2
10.0,2.191653532286764,5.0,10.0,3,1
12.0,2.262804222982201,5.0,11.0,3,1
16.0,2.953868069455292,18.0,16.0,3,2
12.0,2.6026896854443837,9.0,12.0,3,1
12.0,2.0438143640366846,7.0,12.0,3,1
19.0,2.990719731730447,16.0,16.0,3,1
14.0,2.2823823856765264,16.0,16.0,3,1
19.0,2.747270914255491,14.0,7.0,1,2
16.0,2.262804222982201,19.0,16.0,3,2
15.0,2.9311937524164198,18.0,17.0,3,2
16.0,2.4756977107026903,19.0,14.0,3,2
12.0,2.7880929087757464,16.0,12.0,3,1
12.0,2.136530508663963,6.0,14.0,1,1
14.0,2.302585092994046,10.0,12.0,1,2
13.0,2.6347624053323777,6.0,12.0,1,2
15.0,2.668616131856803,6.0,12.0,1,2
10.0,2.435366204227864,8.0,10.0,1,1
13.0,2.6100697927420065,12.0,12.0,1,1
12.0,1.7047480922384253,16.0,12.0,3,2
12.0,1.2119409739751128,11.0,12.0,1,2
11.0,2.485739636091892,12.0,12.0,3,1
19.0,3.083743150876704,12.0,17.0,1,2
12.0,2.0149030205422647,15.0,7.0,3,2
16.0,3.6496187401606335,20.0,13.0,1,1
16.0,3.100992784211484,20.0,16.0,3,1
12.0,2.0794415416798357,16.0,11.0,3,2
11.0,1.4011829736136412,9.0,12.0,2,1
11.0,1.9459101490553132,10.0,16.0,2,1
10.0,1.5040773967762742,10.0,12.0,2,1
18.0,2.805781689595545,12.0,14.0,2,2
14.0,2.6741486494265287,12.0,10.0,2,2
13.0,4.743365684739491,16.0,14.0,2,2
14.0,2.485739636091892,4.0,6.0,2,2
15.0,2.2512917986064953,4.0,3.0,2,2
14.0,2.1234584270966104,4.0,16.0,2,2
14.0,1.55814461804655,10.0,14.0,3,2
12.0,0.10436001532424286,0.0,12.0,2,2
13.0,1.8809906029559975,14.0,12.0,2,2
12.0,1.3217558399823195,10.0,11.0,2,2
12.0,2.995732273553991,14.0,18.0,3,1
16.0,2.8507065015037334,11.0,16.0,3,1
16.0,2.4612967841488667,18.0,16.0,3,1
16.0,2.302585092994046,12.0,16.0,3,2
12.0,2.2512917986064953,12.0,6.0,3,2
13.0,2.8507065015037334,9.0,13.0,3,1
13.0,3.005187432324746,14.0,13.0,3,2
20.0,1.7011051009599243,16.0,17.0,3,1
16.0,2.668616131856803,16.0,17.0,3,1
18.0,2.402430427963762,12.0,16.0,3,2
15.0,2.6864860231863696,12.0,16.0,3,1
14.0,2.3045830956567186,12.0,12.0,2,2
12.0,2.3580197998821464,12.0,12.0,2,1
12.0,1.3137236682850553,12.0,12.0,3,2
16.0,1.9837562915454279,3.0,12.0,2,2
12.0,2.1004689088719113,3.0,12.0,2,2
13.0,1.809926773183504,7.0,12.0,2,2
16.0,1.6428726885203377,10.0,8.0,2,2
8.0,1.506297153514587,12.0,8.0,2,2
12.0,1.8325814637483102,9.0,12.0,2,2
12.0,2.0706530356467567,9.0,12.0,2,1
13.0,1.791759469228055,9.0,12.0,2,2
12.0,1.8531680973566984,6.0,9.0,3,2
12.0,2.3580197998821464,9.0,12.0,3,1
12.0,1.724550719534605,10.0,12.0,3,2
19.0,2.3978952727983707,19.0,16.0,3,2
12.0,1.5769147207285403,10.0,14.0,3,1
14.0,2.3711778844596574,12.0,16.0,3,2
16.0,2.772588722239781,13.0,16.0,3,2
12.0,2.9564715596006885,13.0,12.0,3,1
12.0,2.4423470353692043,13.0,12.0,3,2
16.0,2.3532782073095637,12.0,12.0,3,2
12.0,2.224623551524334,6.0,4.0,3,1
9.0,1.252762968495368,6.0,5.0,3,2
12.0,1.9344157696295783,11.0,12.0,3,1
12.0,1.667706820558076,12.0,11.0,3,2
12.0,1.9213246735826988,12.0,9.0,3,2
12.0,2.157559320943788,14.0,16.0,3,2
12.0,1.8946168546677629,12.0,16.0,3,1
12.0,1.5040773967762742,12.0,4.0,3,1
12.0,1.5040773967762742,11.0,13.0,3,2
9.0,2.347558458636777,12.0,4.0,3,1
14.0,2.8142103969306005,12.0,1.0,3,2
18.0,2.9231615807191558,15.0,16.0,3,2
12.0,1.9459101490553132,12.0,12.0,3,2
12.0,1.8594181177018698,12.0,12.0,3,1
16.0,2.6347624053323777,11.0,16.0,2,2
12.0,2.4344901638739844,9.0,13.0,3,1
13.0,1.6789639750827108,9.0,12.0,3,1
14.0,1.8718021769015913,16.0,14.0,3,2
12.0,3.3617633124167483,12.0,12.0,3,1
15.0,2.4849066497880004,16.0,16.0,3,2
12.0,2.822568654544802,12.0,12.0,3,1
16.0,2.6390573296152584,12.0,14.0,3,2
9.0,2.5257286443082556,14.0,1.0,3,1
13.0,1.5151272329628591,14.0,11.0,3,2
16.0,2.0681277817795625,12.0,3.0,2,2
14.0,1.7227665977411035,12.0,12.0,2,1
14.0,1.8748743759385615,9.0,3.0,2,1
12.0,1.791759469228055,12.0,12.0,2,1
13.0,2.4561641809223462,9.0,16.0,2,1
12.0,1.4469189829363254,12.0,10.0,2,1
16.0,1.979621206397625,13.0,20.0,2,2
15.0,2.4832385926873033,12.0,13.0,2,1
12.0,2.0014800002101243,7.0,6.0,3,2
14.0,1.4469189829363254,0.0,8.0,3,1
16.0,2.1198634561787513,16.0,6.0,3,2
16.0,2.080690761080268,12.0,16.0,3,2
12.0,2.1041341542702074,7.0,7.0,3,2
12.0,2.1198634561787513,12.0,16.0,3,1
16.0,2.0943301541735866,12.0,17.0,3,2
16.0,2.574137783515943,11.0,16.0,3,1
12.0,1.4929040961781488,7.0,12.0,3,2
12.0,1.449269160281279,9.0,9.0,2,2
11.0,1.5040773967762742,12.0,12.0,2,1
15.0,2.5779415157551897,17.0,12.0,3,1
9.0,2.4449523342809676,7.0,8.0,3,1
8.0,1.9754689512968577,3.0,4.0,3,1
12.0,2.303584593327129,3.0,12.0,3,1
12.0,1.6094379124341003,12.0,11.0,3,2
17.0,2.644755350729896,12.0,19.0,3,2
15.0,2.70805020110221,14.0,16.0,3,2
16.0,3.506457892319648,8.0,16.0,3,1
16.0,2.833213344056216,8.0,18.0,3,2
12.0,1.860974538249528,11.0,4.0,3,2
9.0,1.7509374747078,8.0,12.0,3,1
10.0,1.5040773967762742,9.0,0.0,3,1
12.0,1.2029723039923526,0.0,7.0,3,1
12.0,2.8100049236252036,11.0,11.0,3,2
12.0,2.3617969526258915,11.0,0.0,3,2
8.0,2.0794415416798357,9.0,12.0,3,1
12.0,1.536867219599265,4.0,12.0,3,1
13.0,2.005525858729668,7.0,12.0,3,2
12.0,2.733067964077498,12.0,12.0,3,1
13.0,2.5128460184772416,12.0,12.0,3,1
12.0,2.0794415416798357,12.0,12.0,3,1
12.0,2.498151876538021,12.0,9.0,3,1
12.0,2.8507065015037334,14.0,14.0,3,1
16.0,3.295836866004329,16.0,4.0,3,1
16.0,2.0399207835175526,16.0,16.0,3,2
12.0,1.8325814637483102,8.0,12.0,3,2
16.0,2.9311937524164198,14.0,16.0,3,2
16.0,2.6195832197798796,12.0,16.0,3,1
12.0,2.668616131856803,16.0,0.0,3,2
16.0,2.0831845279586703,16.0,16.0,3,1
16.0,1.8468787684491346,16.0,16.0,3,1
16.0,2.481567748522486,16.0,13.0,3,2
15.0,1.6582280766035324,11.0,16.0,2,1
12.0,2.302585092994046,10.0,16.0,2,1
13.0,2.7013612129514133,10.0,17.0,2,2
16.0,0.8415671856782185,12.0,3.0,2,2
7.0,1.6094379124341003,10.0,6.0,3,2
13.0,2.70805020110221,16.0,15.0,3,1
15.0,2.785628335747585,10.0,14.0,3,2
20.0,2.772588722239781,12.0,20.0,3,2
12.0,2.1656192379208883,8.0,12.0,3,1
14.0,2.262804222982201,16.0,14.0,1,2
14.0,1.6094379124341003,10.0,13.0,1,1
14.0,3.005187432324746,16.0,4.0,3,1
12.0,2.6034301519721073,12.0,12.0,3,2
14.0,1.6094379124341003,7.0,6.0,3,2
12.0,2.169053700369523,12.0,11.0,3,2
11.0,1.791759469228055,8.0,8.0,1,1
8.0,1.791759469228055,7.0,12.0,1,2
9.0,1.144222799920162,12.0,11.0,3,2
12.0,2.244955980157409,12.0,3.0,1,1
12.0,2.253394848803274,10.0,9.0,1,2
12.0,2.3115448343655176,10.0,10.0,3,2
12.0,2.1004689088719113,14.0,12.0,3,1
16.0,2.2300144001592104,20.0,12.0,3,1
16.0,2.990719731730447,20.0,16.0,3,1
16.0,2.4849066497880004,12.0,14.0,2,1
11.0,1.7191887763932197,4.0,12.0,3,1
13.0,1.0473189942805592,9.0,8.0,2,2
12.0,2.6390573296152584,7.0,17.0,1,2
7.0,1.4469189829363254,12.0,9.0,3,2
12.0,2.1972245773362196,12.0,16.0,3,1
13.0,2.2752138961979136,6.0,7.0,3,2
12.0,1.9459101490553132,10.0,12.0,3,1
12.0,2.70805020110221,7.0,13.0,3,1
17.0,2.096790180014449,12.0,15.0,3,2
8.0,2.791165107812717,6.0,10.0,3,1
12.0,2.6275629501895237,16.0,8.0,3,1
14.0,1.9754689512968577,12.0,16.0,3,2
18.0,2.262804222982201,17.0,16.0,3,1
16.0,2.5556757206762075,8.0,12.0,2,1
12.0,1.9459101490553132,12.0,10.0,2,2
12.0,2.379546134130174,10.0,12.0,2,1
12.0,2.5257286443082556,11.0,9.0,2,2
13.0,1.9021075263969205,14.0,12.0,2,2
14.0,2.1400661634962708,10.0,13.0,3,1
13.0,1.9416152247724325,9.0,12.0,3,2
12.0,2.248128907197987,5.0,12.0,3,2
16.0,2.88703285663065,12.0,12.0,3,1
16.0,2.9311937524164198,12.0,16.0,3,2
12.0,2.1400661634962708,18.0,3.0,3,2
12.0,0.0,15.0,12.0,3,2
12.0,2.4849066497880004,9.0,11.0,3,1
17.0,2.917770732084279,16.0,16.0,3,1
16.0,2.7880929087757464,16.0,16.0,3,2
20.0,2.2905125117597764,18.0,20.0,3,1
15.0,2.0399207835175526,14.0,12.0,3,1
12.0,2.1972245773362196,19.0,13.0,3,1
14.0,2.9575110607337933,16.0,16.0,3,1
16.0,1.9242486522741338,14.0,18.0,3,2
18.0,2.2905125117597764,14.0,16.0,3,2
12.0,1.9459101490553132,14.0,16.0,3,1
12.0,2.596000697293587,12.0,15.0,3,2
12.0,2.188295946591918,11.0,14.0,3,1
12.0,1.8115620965242347,6.0,11.0,2,2
12.0,1.3532545070416904,12.0,13.0,2,2
12.0,2.157559320943788,9.0,14.0,2,1
12.0,2.0541237336955462,10.0,14.0,2,1
16.0,2.2375130962503307,10.0,12.0,2,2
13.0,2.5945081597030812,16.0,17.0,3,1
12.0,1.9459101490553132,10.0,12.0,2,1
13.0,2.0955609235597192,12.0,11.0,2,2
15.0,1.9878743481543455,12.0,6.0,2,2
12.0,2.2027647577118348,12.0,14.0,3,2
12.0,2.3115448343655176,10.0,12.0,1,2
18.0,2.8507065015037334,8.0,7.0,1,2
12.0,1.4701758451005926,10.0,12.0,3,2
12.0,1.5040773967762742,9.0,14.0,3,2
10.0,2.0794415416798357,10.0,10.0,3,1
12.0,1.247032293786383,11.0,9.0,3,2
12.0,2.2512917986064953,14.0,9.0,3,1
11.0,2.4849066497880004,13.0,0.0,3,1
10.0,1.9213246735826988,10.0,9.0,3,2
12.0,1.791759469228055,8.0,7.0,3,2
12.0,1.2149127443642704,10.0,12.0,3,2
15.0,2.302585092994046,12.0,20.0,3,2
12.0,2.1972245773362196,10.0,14.0,3,2
12.0,2.7568403652716422,14.0,12.0,3,1
12.0,2.0794415416798357,14.0,12.0,3,1
12.0,2.668616131856803,14.0,12.0,3,1
14.0,2.3513752571634776,14.0,9.0,3,2
12.0,2.0794415416798357,18.0,12.0,3,1
16.0,2.1972245773362196,14.0,12.0,3,2
18.0,2.3758355547336385,14.0,16.0,3,1
14.0,3.028683373693677,13.0,9.0,3,1
14.0,1.8325814637483102,14.0,16.0,3,2
16.0,2.0241930674493576,12.0,15.0,3,1
15.0,2.0228711901914416,16.0,2.0,3,2
13.0,2.6878474937846906,12.0,14.0,1,1
16.0,2.8610573702273894,15.0,16.0,3,1
12.0,2.668616131856803,12.0,12.0,3,1
12.0,2.411439497906128,12.0,16.0,3,2
11.0,2.5257286443082556,12.0,12.0,3,1
15.0,1.8325814637483102,10.0,8.0,3,2
16.0,2.2512917986064953,17.0,16.0,3,2
16.0,2.2512917986064953,17.0,16.0,3,1
16.0,2.4561641809223462,12.0,16.0,3,2
12.0,1.47932922708708,11.0,3.0,3,1
12.0,2.1400661634962708,11.0,12.0,3,1
10.0,1.6253112615903906,11.0,6.0,3,2
12.0,1.6094379124341003,10.0,7.0,3,2
12.0,1.9459101490553132,10.0,9.0,3,1
12.0,1.8718021769015913,12.0,12.0,3,1
12.0,0.9162907318741551,12.0,16.0,3,2
16.0,2.640484881606444,12.0,14.0,3,1
12.0,2.5217206229107165,12.0,12.0,3,1
17.0,2.401525040848949,13.0,17.0,3,1
12.0,1.7263316639055997,14.0,12.0,3,2
12.0,2.668616131856803,12.0,11.0,3,2
12.0,2.134166441369082,11.0,13.0,3,2
12.0,1.5040773967762742,12.0,13.0,3,2
12.0,1.5040773967762742,12.0,15.0,3,2
16.0,2.3513752571634776,12.0,12.0,3,1
14.0,2.134166441369082,12.0,14.0,3,1
16.0,1.9459101490553132,12.0,12.0,3,1
14.0,2.6026896854443837,14.0,8.0,3,2
12.0,1.4469189829363254,12.0,9.0,3,2
17.0,5.711486059041233,16.0,2.0,3,2
19.0,2.548663615590751,16.0,16.0,3,2
12.0,2.6210388241125804,12.0,12.0,3,2
15.0,2.175887439948088,12.0,12.0,3,1
18.0,3.005187432324746,16.0,12.0,3,1
16.0,2.8780742300857587,12.0,16.0,3,2
12.0,2.0844290831908747,12.0,12.0,3,1
12.0,2.4449523342809676,12.0,15.0,3,1
12.0,2.0955609235597192,16.0,12.0,3,1
12.0,2.749192144433385,12.0,7.0,3,2
12.0,2.327277705584417,12.0,13.0,1,1
13.0,2.5201129055226197,4.0,8.0,1,1
13.0,2.822568654544802,4.0,14.0,1,1
14.0,2.983659692319722,10.0,12.0,1,2
12.0,2.1972245773362196,12.0,12.0,1,2
12.0,2.9507349076232554,9.0,17.0,1,1
13.0,1.1314021114911006,18.0,12.0,3,2
11.0,2.5649493574615367,12.0,12.0,3,1
14.0,2.080690761080268,12.0,12.0,3,2
12.0,2.336986519711378,12.0,12.0,3,2
16.0,2.1400661634962708,12.0,14.0,3,2
14.0,2.772588722239781,12.0,12.0,3,1
12.0,1.4469189829363254,12.0,12.0,3,2
12.0,2.0215475632609334,14.0,12.0,1,1
11.0,2.6762154775821916,12.0,0.0,3,1
16.0,2.991222118076105,18.0,18.0,3,1
12.0,2.9311937524164198,8.0,8.0,3,1
18.0,3.2378938307039626,12.0,16.0,3,2
18.0,2.9811261211646287,13.0,20.0,3,2
12.0,2.9107188992270343,13.0,17.0,3,1
16.0,2.9811261211646287,14.0,14.0,3,1
12.0,2.9564715596006885,14.0,12.0,3,2
12.0,1.6094379124341003,6.0,7.0,1,2
12.0,2.574137783515943,6.0,8.0,1,1
15.0,1.4469189829363254,11.0,12.0,1,2
12.0,0.11332868530700327,12.0,12.0,1,2
16.0,2.302585092994046,20.0,17.0,3,1
14.0,1.791759469228055,12.0,12.0,3,2
13.0,2.9533465570575532,16.0,13.0,2,1
13.0,3.0596455992976437,14.0,0.0,2,1
13.0,2.028148247292285,0.0,12.0,1,2
16.0,2.6769034721053733,0.0,13.0,1,2
11.0,2.2512917986064953,9.0,5.0,3,2
12.0,2.7819200496686656,12.0,15.0,3,2
12.0,2.822568654544802,12.0,12.0,3,2
12.0,2.9047128751668225,6.0,14.0,1,1
16.0,2.6224923127405635,12.0,12.0,3,2
16.0,3.0694473113762717,12.0,4.0,3,2
17.0,2.0794415416798357,12.0,12.0,3,2
17.0,2.1656192379208883,16.0,14.0,3,2
17.0,2.668616131856803,16.0,19.0,3,2
15.0,2.822568654544802,20.0,12.0,3,1
16.0,2.70805020110221,20.0,18.0,3,2
10.0,1.749199854809259,12.0,12.0,3,1
13.0,3.449987545831587,12.0,12.0,3,1
19.0,2.4449523342809676,16.0,14.0,3,1
12.0,2.9085390618516134,16.0,14.0,1,1
12.0,0.9895411936137477,15.0,10.0,1,2
15.0,2.2407096892759584,13.0,0.0,2,2
14.0,2.080690761080268,20.0,12.0,3,1
16.0,1.007957920399979,13.0,16.0,1,1
11.0,2.302585092994046,12.0,11.0,3,1
16.0,2.3978952727983707,16.0,16.0,3,1
16.0,1.7509374747078,17.0,15.0,3,2
12.0,2.130609828254235,10.0,7.0,3,2
11.0,1.9473377010464987,9.0,12.0,3,2
15.0,2.151762203259462,14.0,15.0,1,2
13.0,2.050270164379556,10.0,14.0,1,2
12.0,1.8794650496471605,18.0,12.0,3,2
12.0,1.791759469228055,15.0,9.0,3,2
11.0,2.3739750890807185,12.0,12.0,1,1
12.0,1.8718021769015913,20.0,12.0,3,1
15.0,1.3454723665996355,11.0,12.0,3,1
12.0,1.824549292051046,10.0,10.0,1,1
15.0,1.7316555451583497,15.0,14.0,3,1
12.0,0.7793248768009977,12.0,11.0,3,2
12.0,2.5930133911138515,12.0,12.0,3,2
17.0,2.1400661634962708,12.0,16.0,3,2
12.0,2.60638654732571,12.0,12.0,3,1
12.0,3.1793030497483774,14.0,9.0,3,2
12.0,2.1102132003465894,15.0,20.0,3,1
14.0,2.668616131856803,12.0,14.0,3,1
14.0,2.3758355547336385,12.0,12.0,3,2
13.0,1.8718021769015913,12.0,5.0,3,2
20.0,3.2441536320524693,16.0,13.0,3,2
12.0,2.1482677326096886,14.0,11.0,3,1
9.0,1.7263316639055997,11.0,11.0,3,2
14.0,2.0794415416798357,14.0,14.0,3,2
13.0,2.715356776284648,12.0,14.0,3,2
17.0,2.5817308344235403,17.0,17.0,3,2
17.0,2.3758355547336385,16.0,17.0,3,2
12.0,2.1972245773362196,17.0,12.0,3,1
14.0,3.2627013044082305,12.0,16.0,1,1
16.0,3.443937535338314,12.0,12.0,3,2
13.0,2.2300144001592104,12.0,14.0,3,1
9.0,1.965712776351493,9.0,9.0,1,1
9.0,2.2741856184723477,9.0,11.0,1,1
13.0,2.3978952727983707,8.0,12.0,1,2
12.0,2.3580197998821464,9.0,14.0,1,2
15.0,1.8718021769015913,11.0,6.0,1,1
8.0,0.6312717768418578,6.0,8.0,1,1
12.0,3.029650491757452,6.0,6.0,1,1
9.0,1.749199854809259,8.0,12.0,1,2
12.0,2.5257286443082556,8.0,18.0,3,2
12.0,2.336986519711378,0.0,12.0,1,1
14.0,2.1400661634962708,0.0,12.0,1,1
13.0,1.9459101490553132,0.0,1.0,1,1
12.0,1.9416152247724325,6.0,11.0,1,2
12.0,-0.5447271754416722,8.0,12.0,1,2
15.0,1.7316555451583497,16.0,20.0,3,2
17.0,3.2204745462318978,16.0,16.0,3,1
16.0,3.2188758248682006,18.0,17.0,3,2
18.0,3.2767673032839784,16.0,16.0,3,1
14.0,2.4096441652874536,10.0,11.0,1,2
13.0,1.5260563034950492,12.0,14.0,1,2
12.0,1.9300710850255671,15.0,0.0,3,2
14.0,1.944480556245719,4.0,4.0,1,1
12.0,2.599722324216582,16.0,7.0,3,2
16.0,2.501435951739211,13.0,16.0,3,1
15.0,2.0794415416798357,16.0,8.0,3,2
18.0,2.540814281726296,18.0,17.0,3,2
12.0,2.6741486494265287,12.0,12.0,3,1
19.0,2.8914822521801917,12.0,20.0,3,2
12.0,0.8415671856782185,12.0,12.0,3,2
12.0,1.8082887711792655,12.0,8.0,3,2
12.0,1.7578579175523736,12.0,12.0,3,2
12.0,2.503073953743449,12.0,12.0,3,1
13.0,1.6094379124341003,12.0,12.0,3,2
12.0,1.0473189942805592,12.0,5.0,3,1
12.0,1.4469189829363254,8.0,12.0,3,1
12.0,1.791759469228055,8.0,8.0,3,1
18.0,3.110399348532117,12.0,16.0,3,1
14.0,2.0794415416798357,8.0,12.0,3,2
20.0,1.9530276168241774,12.0,4.0,3,2
12.0,2.2874714551839976,12.0,14.0,3,1
12.0,1.6094379124341003,12.0,12.0,3,2
12.0,2.0149030205422647,12.0,2.0,3,1
16.0,2.403334996094189,12.0,16.0,3,2
18.0,3.4420193761824107,16.0,18.0,3,2
12.0,1.4469189829363254,9.0,12.0,3,1
12.0,1.8718021769015913,9.0,8.0,3,2
13.0,1.6770965609079151,9.0,8.0,3,1
12.0,2.0149030205422647,9.0,0.0,3,1
12.0,1.9600947840472698,12.0,12.0,3,1
14.0,2.8903717578961645,12.0,12.0,3,1
15.0,2.128231705849268,12.0,12.0,3,2
12.0,2.1400661634962708,9.0,12.0,3,1
15.0,2.9391619220655967,12.0,12.0,3,2
12.0,2.3758355547336385,12.0,16.0,3,1
12.0,2.3942522815198695,12.0,12.0,3,2
12.0,2.970414465569701,11.0,14.0,3,2
18.0,3.1232455938529506,18.0,16.0,3,2
13.0,2.7013612129514133,12.0,14.0,3,1
12.0,2.402430427963762,10.0,12.0,3,1
14.0,2.1447610078004784,12.0,16.0,3,2
12.0,1.8562979903656263,12.0,12.0,3,2
19.0,2.9637254774189046,16.0,16.0,3,1
19.0,2.9564715596006885,16.0,20.0,3,1
12.0,2.553343811341229,12.0,14.0,3,1
12.0,2.995732273553991,12.0,12.0,3,1
14.0,2.1972245773362196,12.0,12.0,3,1
14.0,1.6094379124341003,16.0,14.0,3,1
13.0,2.402430427963762,8.0,12.0,3,2
15.0,2.70805020110221,16.0,12.0,3,1
12.0,1.791759469228055,10.0,10.0,3,2
8.0,1.6582280766035324,6.0,9.0,3,2
14.0,2.509599262378372,12.0,16.0,3,2
16.0,2.4449523342809676,12.0,16.0,3,1
15.0,2.075684492802124,12.0,12.0,3,2
16.0,2.995732273553991,12.0,13.0,3,2
14.0,2.9564715596006885,11.0,14.0,3,1
12.0,1.5973653311998313,10.0,12.0,3,2
12.0,1.6770965609079151,12.0,0.0,3,2
16.0,2.457877977400081,16.0,14.0,3,2
16.0,2.5257286443082556,16.0,13.0,3,1
18.0,2.733067964077498,15.0,16.0,3,2
18.0,2.481567748522486,12.0,16.0,3,2
14.0,1.8261608959453874,16.0,12.0,3,1
12.0,2.5273273656719524,12.0,12.0,3,1
15.0,2.8130106367386967,13.0,16.0,3,1
11.0,2.302585092994046,9.0,9.0,3,1
12.0,2.8936995479888394,9.0,4.0,3,2
12.0,2.772588722239781,17.0,12.0,3,1
12.0,2.2192034840549946,12.0,12.0,3,2
12.0,2.418588768750352,12.0,12.0,3,1
12.0,2.3749057545736716,8.0,0.0,3,1
12.0,2.0149030205422647,8.0,11.0,3,2
12.0,2.485739636091892,14.0,12.0,3,1
16.0,1.9754689512968577,14.0,15.0,3,2
12.0,2.302585092994046,14.0,3.0,3,1
16.0,1.6639260977181702,14.0,13.0,2,2
16.0,0.8109302162163288,15.0,16.0,3,2
12.0,2.21375387928743,12.0,0.0,3,1
12.0,1.9615022438151495,12.0,12.0,3,1
14.0,2.4475508632442313,10.0,12.0,3,1
12.0,1.944480556245719,12.0,12.0,3,2
12.0,2.169053700369523,16.0,12.0,3,2
14.0,2.0794415416798357,12.0,6.0,3,2
12.0,1.9558604799084813,17.0,12.0,3,1
12.0,1.6094379124341003,12.0,12.0,3,2
13.0,2.2512917986064953,3.0,2.0,3,1
13.0,1.8325814637483102,12.0,12.0,3,2
15.0,2.2407096892759584,15.0,12.0,3,2
12.0,1.6094379124341003,12.0,1.0,3,2
19.0,1.7047480922384253,14.0,16.0,3,2
12.0,2.363680192353857,12.0,0.0,3,1
12.0,1.5040773967762742,12.0,12.0,3,1
12.0,1.5040773967762742,12.0,12.0,3,2
16.0,2.431857428698185,16.0,12.0,3,2
19.0,3.2378938307039626,18.0,17.0,3,1
12.0,1.9947003132247452,9.0,12.0,3,2
12.0,1.4469189829363254,12.0,12.0,3,2
12.0,2.0425181875752383,14.0,14.0,3,1
13.0,1.6094379124341003,8.0,14.0,3,1
17.0,2.6525374911719513,16.0,2.0,3,2
12.0,1.9459101490553132,9.0,13.0,3,1
16.0,2.6397713603489157,11.0,16.0,3,1
12.0,2.7053799725463312,11.0,12.0,3,1
12.0,1.6389967146756448,16.0,9.0,3,2
13.0,1.7227665977411035,14.0,13.0,3,1
19.0,2.2905125117597764,10.0,14.0,3,2
11.0,1.7047480922384253,14.0,14.0,3,1
12.0,2.302585092994046,15.0,7.0,3,1
12.0,2.9564715596006885,12.0,12.0,3,1
12.0,2.302585092994046,9.0,17.0,3,2
18.0,3.1441522786722644,17.0,16.0,3,1
14.0,1.4469189829363254,12.0,18.0,3,1
18.0,2.599722324216582,20.0,17.0,3,2
17.0,2.6108048166633746,13.0,18.0,3,1
12.0,2.302585092994046,8.0,16.0,3,1
12.0,2.0149030205422647,12.0,12.0,3,2
16.0,2.9014215940827497,12.0,17.0,3,1
16.0,2.169053700369523,8.0,12.0,3,2
11.0,1.6752256529721035,7.0,2.0,3,1
12.0,2.533696813957432,12.0,12.0,3,1
16.0,2.8384934971274993,12.0,18.0,3,1
12.0,2.262804222982201,12.0,16.0,2,2
13.0,1.2029723039923526,13.0,12.0,3,1
15.0,2.390595970316759,12.0,12.0,3,2
12.0,2.0918640616783932,12.0,9.0,3,2
12.0,1.791759469228055,4.0,14.0,3,2
12.0,2.5915163848462583,12.0,13.0,3,1
17.0,2.822568654544802,16.0,15.0,3,1
12.0,1.5933085305042167,9.0,12.0,3,2
13.0,1.9065751436566365,9.0,12.0,3,2
12.0,0.9400072584914712,9.0,12.0,3,2
12.0,1.8794650496471605,10.0,10.0,3,2
12.0,2.7376090033437546,10.0,12.0,3,2
12.0,2.817801065061329,12.0,18.0,3,1
12.0,0.3148107398400336,10.0,13.0,3,2
12.0,1.5040773967762742,12.0,12.0,3,2
12.0,1.9095425048844386,12.0,13.0,3,2
12.0,1.791759469228055,11.0,12.0,3,1
12.0,2.505525936990736,9.0,12.0,3,1
12.0,1.8870696490323797,11.0,6.0,3,2
16.0,2.1102132003465894,13.0,12.0,3,2
12.0,2.3243465847755584,12.0,12.0,3,1
12.0,2.1701959049483,12.0,14.0,3,1
12.0,2.5305171610400525,12.0,12.0,3,1
14.0,2.626116818339524,12.0,12.0,3,2
12.0,2.080690761080268,12.0,12.0,3,1
10.0,2.3174737054877963,12.0,12.0,3,1
9.0,1.9810014688665833,5.0,9.0,3,1
12.0,2.558776498354456,12.0,10.0,3,1
10.0,2.149433913499871,12.0,12.0,3,2
12.0,2.551006451492524,12.0,12.0,3,1
12.0,2.163323025660538,12.0,12.0,3,2
13.0,2.8780742300857587,12.0,16.0,3,2
12.0,2.5824869781268642,10.0,12.0,3,1
12.0,3.159125820462427,8.0,12.0,3,1
12.0,2.262804222982201,12.0,12.0,3,2
13.0,2.224623551524334,10.0,12.0,3,2
12.0,1.091923300517313,12.0,12.0,3,2
12.0,2.0373166153791646,3.0,6.0,3,2
12.0,2.286455711064162,12.0,18.0,3,1
14.0,2.6100697927420065,12.0,12.0,3,1
17.0,2.984671326194566,14.0,13.0,3,1
12.0,1.541159071680806,12.0,12.0,3,2
19.0,2.9811261211646287,12.0,14.0,3,1
12.0,2.2300144001592104,12.0,18.0,3,2
12.0,2.302585092994046,12.0,14.0,3,1
12.0,2.8449093838194073,12.0,16.0,3,1
12.0,2.1972245773362196,20.0,11.0,3,2
14.0,1.8180767775454285,12.0,6.0,3,2
12.0,1.713797927758343,12.0,12.0,3,2
12.0,1.6956156086751528,10.0,12.0,3,1
18.0,2.3580197998821464,16.0,12.0,3,2
16.0,2.262804222982201,16.0,16.0,3,2
9.0,1.791759469228055,8.0,12.0,3,2
17.0,2.302585092994046,10.0,12.0,3,2
12.0,1.4816045409242156,6.0,12.0,3,2
12.0,1.791759469228055,12.0,7.0,3,2
14.0,2.4932054526026954,13.0,12.0,3,2
14.0,2.1412419425852827,12.0,3.0,3,2
9.0,1.7578579175523736,12.0,12.0,3,2
12.0,2.740840023925201,8.0,12.0,3,1
12.0,2.1198634561787513,16.0,12.0,3,1
20.0,3.2441536320524693,12.0,4.0,3,2
12.0,2.4423470353692043,12.0,12.0,3,2
12.0,2.2512917986064953,12.0,13.0,3,1
16.0,1.599387576580599,14.0,13.0,3,1
13.0,2.4449523342809676,12.0,14.0,3,1
12.0,1.6094379124341003,12.0,12.0,3,2
14.0,2.2375130962503307,13.0,16.0,3,1
15.0,1.6094379124341003,18.0,17.0,3,2
13.0,1.9810014688665833,12.0,12.0,3,1
12.0,1.749199854809259,8.0,8.0,3,2
14.0,2.2844211223663744,12.0,12.0,3,2
19.0,2.9564715596006885,9.0,20.0,3,2
12.0,2.0135687975291283,9.0,16.0,3,2
12.0,0.22314355131420976,6.0,12.0,3,1
12.0,1.3217558399823195,12.0,14.0,3,2
12.0,2.772588722239781,10.0,12.0,3,1
18.0,2.7523860149222616,6.0,13.0,2,2
12.0,1.1969481893889715,14.0,12.0,3,2
16.0,2.0149030205422647,16.0,15.0,3,2
16.0,2.321406847234633,14.0,12.0,3,1
13.0,2.402430427963762,12.0,14.0,2,1
16.0,1.4562867329399256,12.0,12.0,2,1
14.0,2.733067964077498,9.0,12.0,3,1
12.0,2.3115448343655176,11.0,12.0,3,1
12.0,2.163323025660538,12.0,7.0,3,2
13.0,2.419478844465545,12.0,0.0,3,2
12.0,2.554121718809473,10.0,13.0,3,1
16.0,1.9459101490553132,16.0,16.0,3,1
12.0,2.4849066497880004,8.0,12.0,3,1
12.0,1.9459101490553132,10.0,12.0,3,1
14.0,2.7868613815264998,12.0,14.0,3,1
15.0,3.1175073304799117,16.0,15.0,3,1
13.0,2.4265710727750367,14.0,12.0,3,1
16.0,6.422239963172311,13.0,16.0,3,1
13.0,2.0844290831908747,10.0,12.0,3,2
12.0,1.9544450515051506,11.0,15.0,3,1
12.0,2.0014800002101243,6.0,8.0,3,2
8.0,2.6390573296152584,6.0,6.0,3,1
12.0,1.7047480922384253,12.0,12.0,3,2
17.0,3.332204510175204,16.0,16.0,3,2
16.0,2.7638002162067017,12.0,16.0,3,1
12.0,2.2438960966453663,9.0,2.0,3,2
15.0,1.9501867058225735,12.0,13.0,3,2
14.0,1.916922612182061,13.0,9.0,3,2
13.0,2.21375387928743,12.0,12.0,2,1
12.0,1.9754689512968577,12.0,12.0,2,2
12.0,1.4816045409242156,12.0,7.0,2,2
12.0,1.749199854809259,12.0,5.0,2,2
11.0,2.0794415416798357,12.0,12.0,2,1
12.0,2.0320878452963655,12.0,14.0,2,2
12.0,2.2027647577118348,11.0,4.0,3,2
12.0,2.0149030205422647,9.0,12.0,3,1
13.0,1.9810014688665833,14.0,12.0,3,2
16.0,2.6347624053323777,16.0,16.0,3,1
16.0,1.8164520818184267,18.0,16.0,3,1
12.0,2.7880929087757464,10.0,12.0,3,1
12.0,1.6094379124341003,9.0,12.0,2,1
12.0,2.1004689088719113,12.0,12.0,3,1
12.0,2.0476928433652555,10.0,12.0,3,2
16.0,2.710048203764883,12.0,0.0,3,2
16.0,2.7936160894318567,16.0,16.0,3,1
16.0,2.8803214220426634,16.0,16.0,3,2
15.0,2.733067964077498,16.0,13.0,3,2
16.0,2.4630018143999504,16.0,16.0,3,1
18.0,2.330200260027019,19.0,16.0,3,2
16.0,2.551006451492524,18.0,16.0,3,1
16.0,2.2512917986064953,8.0,12.0,3,2
13.0,2.0794415416798357,12.0,1.0,3,2
12.0,2.437115985951652,12.0,6.0,3,2
12.0,2.4527277514237653,12.0,12.0,3,1
12.0,2.1162555148025524,8.0,10.0,3,2
12.0,1.6389967146756448,11.0,5.0,2,2
10.0,2.020222182019865,9.0,12.0,2,2
9.0,1.5789787049493917,9.0,0.0,2,2
10.0,1.6094379124341003,6.0,10.0,1,2
8.0,2.6275629501895237,7.0,12.0,1,1
12.0,1.0188473201992472,5.0,8.0,2,2
12.0,1.6770965609079151,10.0,12.0,2,1
14.0,1.6094379124341003,12.0,7.0,2,2
10.0,1.791759469228055,9.0,11.0,2,2
12.0,2.157559320943788,12.0,3.0,2,2
12.0,2.157559320943788,12.0,2.0,2,2
13.0,2.169053700369523,12.0,12.0,2,1
12.0,1.843719208158766,12.0,7.0,3,2
16.0,2.733067964077498,9.0,14.0,3,1
15.0,2.551786178627545,10.0,12.0,3,2
12.0,2.269028309465203,10.0,8.0,3,2
13.0,2.1186622548331173,14.0,3.0,3,2
20.0,2.485739636091892,12.0,17.0,3,2
16.0,2.4060438013622756,14.0,18.0,3,2
18.0,2.2793164660546914,16.0,16.0,3,2
17.0,2.127040520479115,16.0,16.0,3,2
12.0,1.6094379124341003,14.0,16.0,3,2
17.0,2.8384934971274993,16.0,12.0,3,2
16.0,3.044522437723423,16.0,18.0,3,1
16.0,2.7738379416402132,18.0,16.0,3,2
16.0,1.6544112780768316,12.0,16.0,3,2
14.0,2.4965057856313524,12.0,12.0,3,2
18.0,2.668616131856803,18.0,14.0,3,2
12.0,1.7509374747078,11.0,12.0,3,2
16.0,3.327909585892323,16.0,18.0,3,1
16.0,2.481567748522486,16.0,18.0,3,2
17.0,2.913437030827161,16.0,16.0,3,1
9.0,2.302585092994046,9.0,12.0,3,1
12.0,1.864080130807681,6.0,16.0,2,1
13.0,2.1114245875328868,6.0,13.0,2,2
12.0,1.4747630091074988,8.0,10.0,3,2
12.0,1.3862943611198906,14.0,12.0,3,2
12.0,2.5257286443082556,9.0,14.0,3,1
13.0,0.4054651081081644,8.0,11.0,3,2
13.0,1.269760544863939,12.0,13.0,3,2
12.0,2.505525936990736,12.0,16.0,3,2
16.0,2.327277705584417,17.0,12.0,3,2
16.0,2.302585092994046,12.0,14.0,3,2
16.0,2.5572273113676265,12.0,13.0,3,1
14.0,2.6275629501895237,12.0,13.0,3,1
15.0,2.1004689088719113,13.0,16.0,3,1
13.0,2.124653884501384,8.0,12.0,3,2
13.0,2.6152036507358583,10.0,12.0,3,1
15.0,2.0881534822818573,9.0,15.0,3,1
12.0,1.6770965609079151,12.0,16.0,3,1
19.0,3.4137844971676268,12.0,14.0,3,2
14.0,2.776954179749421,12.0,12.0,3,1
12.0,-0.8915981192837836,12.0,11.0,3,2
14.0,-0.4942963218147801,12.0,15.0,3,1
14.0,2.5257286443082556,12.0,13.0,3,1
15.0,1.4469189829363254,12.0,8.0,2,2
17.0,2.0943301541735866,10.0,12.0,2,2
13.0,1.2149127443642704,20.0,12.0,2,2
12.0,2.513656063073986,12.0,8.0,3,1
16.0,2.302585092994046,16.0,16.0,3,1
12.0,2.272125885509337,6.0,12.0,3,2
18.0,2.614471854142644,12.0,12.0,3,2
16.0,2.302585092994046,12.0,16.0,3,1
13.0,2.1972245773362196,14.0,16.0,3,2
12.0,2.2823823856765264,10.0,0.0,3,1
12.0,2.401525040848949,12.0,12.0,3,1
12.0,2.548663615590751,12.0,12.0,3,1
12.0,2.0149030205422647,10.0,12.0,3,1
12.0,1.7833912195575383,8.0,11.0,1,2
14.0,2.998229153752578,12.0,15.0,1,1
15.0,2.306577114263583,11.0,12.0,1,1
14.0,2.494031557565001,12.0,15.0,1,2
15.0,2.302585092994046,18.0,19.0,1,2
11.0,2.402430427963762,11.0,12.0,3,1
12.0,2.822568654544802,10.0,14.0,3,1
10.0,1.220829921392359,14.0,2.0,3,2
12.0,2.295560478057081,14.0,12.0,3,2
12.0,2.4449523342809676,12.0,10.0,3,1
11.0,1.7047480922384253,6.0,8.0,3,1
16.0,2.0794415416798357,9.0,12.0,3,2
13.0,2.833213344056216,11.0,12.0,3,2
12.0,2.4203681286504293,14.0,5.0,3,2
12.0,2.733067964077498,12.0,9.0,3,1
14.0,2.485739636091892,15.0,14.0,3,1
13.0,2.60859812213055,12.0,6.0,3,1
12.0,2.2905125117597764,12.0,12.0,3,2
10.0,2.157559320943788,8.0,12.0,3,1
12.0,1.791759469228055,9.0,10.0,3,1
12.0,2.3683728335320486,4.0,13.0,3,1
12.0,2.733067964077498,4.0,12.0,3,1
14.0,1.6956156086751528,16.0,12.0,3,2
12.0,0.8754687373538999,12.0,16.0,3,2
12.0,2.0515563381903004,12.0,3.0,3,2
12.0,2.0794415416798357,16.0,10.0,3,2
14.0,2.596000697293587,16.0,1.0,3,2
17.0,2.4561641809223462,16.0,16.0,3,1
12.0,2.0706530356467567,16.0,0.0,3,1
12.0,2.0794415416798357,16.0,7.0,3,1
18.0,2.681706225762608,7.0,18.0,3,2
16.0,2.6946271807700692,8.0,16.0,3,2
13.0,1.7047480922384253,12.0,11.0,3,2
12.0,1.0647107369924282,8.0,12.0,3,2
12.0,2.2332350148592526,12.0,12.0,3,1
12.0,1.891604804197771,12.0,12.0,3,2
12.0,2.0399207835175526,9.0,3.0,3,2
12.0,0.37843643572024505,12.0,12.0,3,1
11.0,0.27763173659827955,12.0,12.0,3,1
12.0,1.599387576580599,6.0,12.0,3,1
17.0,2.644755350729896,12.0,16.0,3,2
15.0,1.3862943611198906,12.0,0.0,3,1
19.0,2.859339648648436,12.0,17.0,3,1
10.0,2.0943301541735866,12.0,12.0,3,1
16.0,1.4701758451005926,10.0,14.0,3,2
12.0,2.7819200496686656,10.0,14.0,3,1
12.0,1.9065751436566365,9.0,6.0,3,2
14.0,3.0740812399649675,12.0,10.0,3,2
12.0,2.668616131856803,12.0,12.0,3,1
11.0,2.262804222982201,12.0,7.0,3,1
12.0,2.1972245773362196,12.0,3.0,3,2
12.0,1.713797927758343,11.0,12.0,3,1
12.0,2.457877977400081,12.0,9.0,3,2
8.0,1.5040773967762742,11.0,9.0,3,2
12.0,1.5282278570085572,11.0,10.0,3,2
12.0,1.8325814637483102,8.0,6.0,3,2
11.0,1.7047480922384253,8.0,8.0,3,2
11.0,1.4469189829363254,12.0,12.0,3,2
13.0,2.1972245773362196,12.0,14.0,3,1
16.0,2.34660197841082,12.0,16.0,3,1
16.0,2.7226103524335397,12.0,12.0,3,1
12.0,2.3711778844596574,12.0,14.0,3,2
16.0,2.8384934971274993,16.0,6.0,3,1
8.0,1.7833912195575383,15.0,1.0,3,1
12.0,2.157559320943788,12.0,19.0,3,2
12.0,2.60638654732571,12.0,13.0,3,1
12.0,1.8855533485144158,12.0,12.0,3,1
16.0,3.028683373693677,16.0,18.0,3,1
16.0,1.3056264580524357,16.0,20.0,3,2
12.0,2.6290069937617573,10.0,12.0,3,1
12.0,2.2407096892759584,12.0,15.0,3,2
14.0,2.805781689595545,17.0,13.0,3,1
15.0,2.768204123921957,17.0,12.0,3,1
14.0,2.0149030205422647,17.0,16.0,3,2
12.0,0.7929925155296614,12.0,12.0,3,2
17.0,1.7316555451583497,12.0,19.0,3,2
16.0,1.9459101490553132,11.0,18.0,3,2
12.0,2.431857428698185,12.0,12.0,3,1
12.0,2.4309783077624445,12.0,12.0,3,1
14.0,1.8562979903656263,12.0,12.0,3,1
18.0,2.7868613815264998,20.0,16.0,3,1
12.0,2.540814281726296,12.0,14.0,3,1
13.0,1.7047480922384253,13.0,12.0,3,2
14.0,2.917770732084279,12.0,12.0,3,1
17.0,1.6601310267496185,11.0,12.0,3,1
12.0,2.2300144001592104,12.0,12.0,3,1
12.0,1.791759469228055,12.0,6.0,3,2
12.0,1.4469189829363254,12.0,12.0,3,2
16.0,2.3115448343655176,12.0,12.0,3,1
12.0,2.4265710727750367,12.0,11.0,3,1
14.0,1.4816045409242156,13.0,15.0,3,2
12.0,2.2082744135228043,12.0,8.0,3,1
12.0,2.1102132003465894,12.0,12.0,3,1
12.0,2.990719731730447,9.0,12.0,3,1
13.0,2.180417459019838,9.0,14.0,3,2
16.0,3.138533072185662,11.0,12.0,3,2
16.0,3.01651481273652,8.0,16.0,3,1
12.0,1.8718021769015913,8.0,12.0,3,1
12.0,2.1849270495258133,8.0,5.0,2,1
18.0,2.2407096892759584,18.0,18.0,3,2
16.0,2.2512917986064953,18.0,14.0,3,1
16.0,2.513656063073986,18.0,3.0,3,2
16.0,1.8718021769015913,18.0,12.0,3,2
11.0,2.4706386779902956,12.0,12.0,3,1
16.0,3.0740812399649675,12.0,18.0,3,1
19.0,3.1620938107692163,12.0,17.0,1,2
13.0,2.128231705849268,14.0,9.0,3,2
14.0,1.8855533485144158,12.0,12.0,3,1
14.0,2.0001277349601105,12.0,12.0,3,2
16.0,0.412109650826833,12.0,7.0,3,2
16.0,2.913437030827161,12.0,9.0,3,2
16.0,2.5649493574615367,12.0,18.0,3,1
16.0,2.8690346205080335,12.0,17.0,3,1
12.0,2.422144328051685,8.0,16.0,3,1
12.0,1.7509374747078,12.0,12.0,3,1
12.0,1.7509374747078,12.0,12.0,3,1
12.0,2.0412203288596382,8.0,12.0,3,1
12.0,2.1972245773362196,2.0,13.0,3,1
12.0,2.1972245773362196,2.0,8.0,3,1
13.0,2.298577071596507,8.0,13.0,3,2
12.0,2.379546134130174,8.0,14.0,3,1
17.0,2.8820035082256483,8.0,16.0,3,2
20.0,3.151025157960026,8.0,16.0,3,1
16.0,2.6347624053323777,12.0,16.0,3,2
12.0,1.4469189829363254,12.0,11.0,3,2
12.0,1.8991179875485542,12.0,9.0,3,2
15.0,2.70805020110221,12.0,13.0,3,1
12.0,2.336986519711378,7.0,8.0,3,1
12.0,1.0577902941478545,12.0,10.0,3,1
17.0,2.0476928433652555,12.0,12.0,3,1
12.0,1.4701758451005926,12.0,5.0,3,2
12.0,2.6152036507358583,12.0,12.0,3,1
13.0,2.6275629501895237,8.0,16.0,3,1
19.0,2.387844936944869,12.0,12.0,3,2
12.0,2.3758355547336385,12.0,2.0,3,1
12.0,2.6390573296152584,12.0,12.0,3,2
16.0,2.4765384001174837,12.0,12.0,3,2
16.0,2.2353763433005955,12.0,13.0,3,2
16.0,2.303584593327129,8.0,14.0,3,1
13.0,2.642622395779755,12.0,12.0,3,1
14.0,2.4449523342809676,10.0,8.0,3,1
14.0,2.446685436967803,12.0,1.0,3,1
14.0,1.9906103279732201,12.0,12.0,3,1
19.0,1.7316555451583497,12.0,5.0,3,2
16.0,2.4449523342809676,20.0,16.0,3,2
20.0,1.8825138324965192,12.0,18.0,3,2
14.0,1.9035989509835904,9.0,16.0,3,2
18.0,2.3702437414678603,15.0,12.0,3,2
12.0,1.873339456220478,13.0,12.0,3,2
17.0,3.062923523094314,12.0,15.0,3,1
13.0,1.8718021769015913,12.0,12.0,3,1
16.0,3.1793030497483774,13.0,16.0,3,1
12.0,1.8562979903656263,8.0,12.0,3,2
18.0,1.9823798288367047,12.0,12.0,3,2
16.0,2.5494451709255714,12.0,12.0,3,1
16.0,2.3978952727983707,12.0,12.0,3,2
16.0,2.373043556642607,18.0,12.0,3,1
13.0,2.1972245773362196,0.0,12.0,1,2
18.0,2.4765384001174837,10.0,16.0,1,2
14.0,2.0515563381903004,6.0,16.0,1,1
18.0,2.0881534822818573,6.0,17.0,1,2
12.0,1.9712993830601329,14.0,14.0,1,2
12.0,1.6695918352538475,14.0,4.0,1,2
6.0,1.5769147207285403,0.0,3.0,1,1
12.0,2.0082140323914683,0.0,12.0,1,2
15.0,1.9459101490553132,3.0,13.0,1,2
8.0,1.4469189829363254,2.0,3.0,1,2
9.0,3.506457892319648,8.0,9.0,1,1
12.0,2.3978952727983707,2.0,4.0,1,1
9.0,1.9459101490553132,5.0,8.0,1,1
12.0,1.8082887711792655,7.0,12.0,1,2
12.0,1.8325814637483102,11.0,9.0,1,2
4.0,1.5040773967762742,2.0,0.0,1,1
6.0,1.4469189829363254,2.0,8.0,1,2
10.0,2.448415541205585,4.0,9.0,1,1
13.0,1.4469189829363254,2.0,10.0,1,2
15.0,2.4849066497880004,12.0,14.0,1,2
17.0,2.3243465847755584,13.0,1.0,3,2
12.0,2.4042387467205457,5.0,13.0,1,1
11.0,1.4469189829363254,5.0,7.0,1,2
17.0,1.791759469228055,14.0,12.0,3,1
15.0,3.1552968432253294,15.0,5.0,3,1
14.0,1.8718021769015913,10.0,10.0,1,1
12.0,2.2874714551839976,6.0,12.0,3,2
12.0,1.8325814637483102,4.0,12.0,1,2
14.0,2.1972245773362196,12.0,5.0,1,1
6.0,1.4469189829363254,0.0,9.0,1,2
12.0,1.9459101490553132,0.0,11.0,1,2
16.0,2.907447358686419,6.0,12.0,1,2
16.0,2.9564715596006885,0.0,16.0,1,1
16.0,2.995732273553991,6.0,16.0,1,1
9.0,1.6582280766035324,5.0,11.0,1,2
12.0,1.430311246536665,0.0,0.0,1,1
12.0,1.55814461804655,2.0,0.0,1,1
12.0,1.5390154481375546,2.0,9.0,1,2
12.0,1.776645831418007,2.0,8.0,1,2
12.0,1.8855533485144158,5.0,11.0,3,1
16.0,-0.040821994520255166,7.0,5.0,2,2
12.0,2.1400661634962708,10.0,14.0,2,1
9.0,1.5151272329628591,12.0,5.0,2,1
12.0,2.551006451492524,8.0,12.0,2,1
12.0,1.4469189829363254,6.0,11.0,3,2
16.0,2.489064659936664,10.0,14.0,3,2
17.0,2.551006451492524,16.0,16.0,3,1
14.0,2.485739636091892,10.0,4.0,3,1
14.0,1.9712993830601329,7.0,12.0,3,2
10.0,1.1631508098056809,7.0,13.0,3,1
12.0,1.4469189829363254,11.0,0.0,3,2
16.0,2.4300984132930052,8.0,12.0,3,2
16.0,1.9416152247724325,6.0,12.0,3,2
12.0,2.0149030205422647,10.0,12.0,2,1
12.0,1.918392120161421,10.0,9.0,2,1
12.0,1.8196988379172965,10.0,7.0,2,2
13.0,1.6094379124341003,10.0,11.0,3,2
13.0,2.655352412101761,10.0,12.0,3,2
12.0,2.1377104498038118,12.0,12.0,3,2
16.0,2.4973291697865574,12.0,12.0,3,2
14.0,1.3217558399823195,11.0,12.0,3,2
12.0,2.157559320943788,12.0,12.0,3,1
13.0,2.169053700369523,3.0,12.0,3,2
12.0,2.0399207835175526,11.0,12.0,3,2
11.0,2.6347624053323777,4.0,6.0,2,1
12.0,1.8718021769015913,12.0,12.0,3,2
12.0,1.763017000362401,7.0,12.0,3,2
12.0,2.583997552432231,10.0,12.0,3,1
12.0,2.0943301541735866,12.0,12.0,3,1
12.0,1.5040773967762742,12.0,12.0,2,1
12.0,1.7047480922384253,5.0,5.0,2,1
14.0,2.379546134130174,12.0,12.0,3,1
14.0,2.145931282948669,10.0,12.0,3,1
16.0,2.4714836294558595,16.0,14.0,2,2
12.0,2.341805806147327,16.0,12.0,2,1
14.0,1.9810014688665833,5.0,12.0,2,1
14.0,2.6741486494265287,7.0,12.0,3,1
12.0,2.1102132003465894,8.0,11.0,3,2
14.0,2.244955980157409,8.0,12.0,3,1
12.0,2.2617630984737906,9.0,14.0,3,1
12.0,1.763017000362401,10.0,12.0,3,1
12.0,1.3190856114264407,5.0,12.0,3,2
12.0,1.2149127443642704,6.0,12.0,3,2
12.0,2.28949985344539,10.0,16.0,3,1
12.0,2.4849066497880004,3.0,12.0,2,1
12.0,2.0149030205422647,4.0,12.0,2,1
13.0,2.4449523342809676,15.0,9.0,3,1
13.0,2.558776498354456,12.0,16.0,2,1
12.0,1.4469189829363254,12.0,8.0,3,2
12.0,2.0541237336955462,12.0,12.0,3,2
12.0,2.0794415416798357,12.0,14.0,3,1
16.0,2.151762203259462,12.0,16.0,3,1
16.0,3.100992784211484,12.0,12.0,3,2
13.0,1.918392120161421,12.0,15.0,3,1
12.0,2.7245795030534206,12.0,12.0,3,1
14.0,1.3217558399823195,3.0,12.0,3,2
12.0,1.5789787049493917,10.0,12.0,3,2
12.0,2.277267285009756,12.0,3.0,3,1
16.0,2.028148247292285,10.0,8.0,3,2
15.0,2.533696813957432,11.0,12.0,3,2
13.0,2.180417459019838,11.0,8.0,3,2
10.0,0.7975071958841882,1.0,9.0,3,2
12.0,2.4203681286504293,11.0,13.0,3,1
13.0,2.0794415416798357,14.0,12.0,3,2
12.0,1.9530276168241774,9.0,12.0,3,1
11.0,2.4423470353692043,11.0,12.0,3,1
15.0,2.8507065015037334,8.0,17.0,3,1
13.0,2.833213344056216,10.0,12.0,3,1
18.0,2.3580197998821464,11.0,16.0,3,2
14.0,2.825536896557877,14.0,18.0,3,2
14.0,2.506341930508065,13.0,16.0,3,1
17.0,2.7013612129514133,16.0,16.0,3,2
20.0,1.430311246536665,20.0,19.0,3,1
20.0,2.3997118037247684,20.0,14.0,3,2
17.0,2.262804222982201,20.0,12.0,3,2
16.0,3.138533072185662,19.0,20.0,3,2
18.0,3.084200921541599,20.0,20.0,3,1
13.0,2.1972245773362196,10.0,12.0,3,1
14.0,2.668616131856803,14.0,16.0,3,2
12.0,2.67552700939665,12.0,15.0,3,1
16.0,2.4449523342809676,13.0,16.0,3,1
12.0,2.740840023925201,12.0,14.0,3,2
12.0,1.9459101490553132,10.0,11.0,3,2
11.0,2.1102132003465894,9.0,10.0,3,2
13.0,2.7819200496686656,12.0,12.0,3,1
11.0,1.965712776351493,10.0,12.0,3,2
16.0,3.2441536320524693,16.0,12.0,3,1
17.0,2.733067964077498,16.0,16.0,3,2
16.0,2.8384934971274993,16.0,14.0,3,1
18.0,2.302585092994046,16.0,16.0,3,1
9.0,2.0028304393079956,12.0,12.0,1,1
14.0,2.70805020110221,17.0,16.0,3,2
12.0,2.836736542063533,12.0,6.0,3,2
12.0,1.9459101490553132,9.0,12.0,3,1
12.0,2.864483986944037,12.0,12.0,3,2
13.0,2.302585092994046,12.0,15.0,2,2
12.0,2.379546134130174,14.0,14.0,3,2
13.0,3.398192872641857,16.0,14.0,3,1
20.0,1.7595805708638197,20.0,18.0,3,2
19.0,3.3751955791231545,17.0,16.0,3,1
16.0,3.2188758248682006,17.0,18.0,3,2
16.0,2.485739636091892,18.0,16.0,3,1
18.0,3.0363942552728806,17.0,16.0,3,1
18.0,3.175132901920282,20.0,18.0,3,2
16.0,2.733067964077498,16.0,16.0,3,2
16.0,2.668616131856803,16.0,16.0,3,1
19.0,2.4449523342809676,16.0,18.0,3,1
16.0,3.138533072185662,16.0,16.0,3,1
17.0,2.7638002162067017,16.0,12.0,3,2
12.0,2.995732273553991,12.0,12.0,1,2
12.0,2.5764217586237734,12.0,12.0,1,1
12.0,2.4203681286504293,12.0,12.0,1,1
19.0,2.5680215564985067,14.0,18.0,3,1
17.0,2.3174737054877963,8.0,12.0,3,1
12.0,2.516889695641051,12.0,12.0,3,2
12.0,2.411439497906128,12.0,12.0,3,2
12.0,2.668616131856803,12.0,12.0,3,1
12.0,2.935982269148217,14.0,17.0,3,1
12.0,2.740840023925201,12.0,12.0,3,1
12.0,2.545531271604435,12.0,12.0,3,1
12.0,2.5257286443082556,12.0,12.0,3,1
12.0,2.485739636091892,12.0,12.0,3,1
16.0,3.2188758248682006,16.0,16.0,3,2
15.0,1.9459101490553132,11.0,13.0,3,2
7.0,1.6582280766035324,4.0,8.0,3,1
18.0,3.1692653243148663,11.0,2.0,3,2
13.0,2.302585092994046,18.0,14.0,3,2
15.0,3.061520014091994,20.0,18.0,3,1
16.0,2.1736147116970854,18.0,17.0,3,2
20.0,2.3960754360813845,16.0,19.0,3,1
16.0,3.0740812399649675,16.0,16.0,3,2
12.0,1.8547342683894434,10.0,12.0,2,1
13.0,2.6748380668960965,14.0,0.0,3,1
16.0,2.0476928433652555,12.0,13.0,3,2
16.0,1.5282278570085572,19.0,16.0,3,2
16.0,2.1400661634962708,18.0,16.0,3,2
16.0,2.489064659936664,19.0,14.0,3,1
10.0,1.5390154481375546,12.0,12.0,2,1
13.0,2.3997118037247684,11.0,12.0,3,2
10.0,2.5257286443082556,12.0,12.0,3,1
16.0,3.5981338408071912,16.0,18.0,3,2
16.0,2.822568654544802,16.0,16.0,3,1
20.0,2.6741486494265287,15.0,18.0,3,1
16.0,2.7555697170701863,16.0,16.0,3,1
20.0,2.640484881606444,18.0,20.0,3,2
12.0,1.791759469228055,16.0,16.0,3,1
19.0,2.481567748522486,16.0,14.0,3,2
16.0,3.138099514840913,16.0,14.0,3,1
16.0,2.9564715596006885,12.0,12.0,3,2
15.0,2.265921108622454,8.0,12.0,1,1
12.0,2.1815467646169897,8.0,10.0,1,1
12.0,2.805176911832933,12.0,18.0,3,1
10.0,2.5217206229107165,12.0,12.0,3,1
14.0,1.747459210331475,12.0,18.0,3,1
12.0,2.7638002162067017,14.0,12.0,3,1
20.0,2.681706225762608,12.0,18.0,3,1
13.0,2.0149030205422647,12.0,12.0,3,1
16.0,3.7549012496559335,18.0,16.0,3,1
16.0,3.0430928449138284,12.0,16.0,3,1
12.0,2.4078456036515385,12.0,11.0,3,2
16.0,2.485739636091892,12.0,14.0,3,2
12.0,1.944480556245719,9.0,12.0,3,2
14.0,2.1198634561787513,12.0,0.0,3,1
12.0,2.8384934971274993,11.0,12.0,3,1
12.0,2.359910159613315,9.0,14.0,3,1
13.0,1.9919755158985601,8.0,9.0,3,1
14.0,1.8718021769015913,9.0,2.0,2,2
18.0,2.9311937524164198,19.0,18.0,3,2
16.0,3.005187432324746,12.0,19.0,3,1
16.0,2.206074192613202,14.0,16.0,3,1
18.0,2.8021475244813256,12.0,12.0,3,1
12.0,2.70805020110221,12.0,12.0,3,2
13.0,2.733067964077498,8.0,12.0,3,1
11.0,2.2082744135228043,12.0,5.0,2,1
18.0,3.260401571696699,12.0,16.0,2,1
12.0,2.6651427000909336,12.0,12.0,3,2
12.0,2.4203681286504293,12.0,11.0,3,2
12.0,2.8853592160726205,6.0,12.0,3,2
12.0,2.88703285663065,15.0,14.0,3,1
12.0,2.4595888418037104,11.0,12.0,3,1
13.0,2.0347056478384444,8.0,10.0,3,2
12.0,2.3580197998821464,10.0,12.0,3,2
12.0,1.9459101490553132,12.0,12.0,3,2
12.0,2.174751721484161,12.0,14.0,2,2
13.0,2.0794415416798357,16.0,11.0,3,2
12.0,1.6094379124341003,9.0,1.0,3,2
12.0,1.864080130807681,12.0,0.0,3,2
12.0,2.733067964077498,12.0,12.0,3,1
12.0,2.1972245773362196,8.0,1.0,3,1
12.0,2.0149030205422647,9.0,15.0,3,2
12.0,2.365559892155434,16.0,16.0,3,2
14.0,3.1354942159291497,12.0,14.0,3,1
16.0,2.563409711275944,12.0,18.0,3,2
16.0,3.319263998899469,16.0,16.0,3,1
12.0,2.5257286443082556,12.0,12.0,3,1
12.0,1.0647107369924282,11.0,0.0,2,1
12.0,1.9810014688665833,9.0,7.0,2,2
12.0,1.6094379124341003,12.0,10.0,2,2
12.0,2.0255131996542803,11.0,12.0,3,2
12.0,1.7047480922384253,11.0,12.0,3,2
12.0,1.824549292051046,11.0,7.0,3,2
16.0,3.099190981922221,12.0,16.0,3,1
16.0,2.6026896854443837,16.0,18.0,3,2
16.0,2.932792473780117,16.0,20.0,3,1
11.0,2.9887076586170265,9.0,12.0,3,1
8.0,2.963209081848431,8.0,9.0,3,1
12.0,1.2029723039923526,11.0,12.0,3,2
12.0,1.8325814637483102,12.0,16.0,3,2
12.0,2.803360380906535,9.0,12.0,3,2
12.0,2.917770732084279,12.0,12.0,3,1
15.0,2.70805020110221,10.0,14.0,3,1
15.0,1.8855533485144158,12.0,15.0,3,2
12.0,2.169053700369523,12.0,13.0,3,2
17.0,2.6762154775821916,16.0,16.0,3,2
14.0,2.5257286443082556,12.0,6.0,3,2
16.0,2.70805020110221,12.0,16.0,3,2
12.0,2.169053700369523,12.0,11.0,3,2
12.0,2.8758219768814333,12.0,18.0,3,2
12.0,3.0740812399649675,11.0,16.0,3,1
14.0,2.6468837658647226,20.0,12.0,3,2
12.0,2.3115448343655176,14.0,11.0,3,2
13.0,2.0149030205422647,12.0,0.0,3,2
13.0,2.234306252240751,12.0,12.0,3,2
12.0,1.7833912195575383,12.0,12.0,3,1
12.0,2.4518667957098,12.0,12.0,3,1
12.0,2.131796772013764,12.0,12.0,3,2
12.0,2.8449093838194073,12.0,18.0,3,1
16.0,2.9444389791664403,10.0,16.0,3,1
13.0,3.0516399054922867,12.0,16.0,3,1
18.0,8.399409155759354,20.0,14.0,3,1
16.0,2.485739636091892,12.0,20.0,3,2
17.0,2.8449093838194073,12.0,18.0,3,2
16.0,3.4154289639088797,12.0,16.0,3,2
12.0,2.1736147116970854,12.0,6.0,3,2
18.0,3.2928695047765273,13.0,14.0,3,1
16.0,3.1793030497483774,13.0,16.0,3,2
16.0,3.1793030497483774,18.0,18.0,3,2
13.0,1.9459101490553132,16.0,16.0,3,2
19.0,2.6026896854443837,17.0,20.0,3,2
16.0,1.7833912195575383,20.0,0.0,3,1
17.0,2.4159137783010487,20.0,15.0,3,1
15.0,2.0149030205422647,20.0,12.0,3,1
12.0,1.4701758451005926,9.0,14.0,3,2
12.0,2.768831673362069,10.0,0.0,3,2
16.0,2.4203681286504293,16.0,14.0,3,1
20.0,2.9564715596006885,20.0,20.0,3,1
20.0,2.8780742300857587,20.0,20.0,3,1
18.0,3.096029994869355,19.0,16.0,3,1
16.0,2.5855058483441162,16.0,0.0,3,2
16.0,3.839667343236006,11.0,14.0,2,1
12.0,1.884034745337226,12.0,10.0,2,2
14.0,1.81319474994812,11.0,12.0,2,2
12.0,2.7568403652716422,12.0,16.0,3,1
12.0,2.286455711064162,11.0,16.0,3,1
12.0,2.302585092994046,12.0,14.0,3,1
12.0,2.4265710727750367,12.0,14.0,3,1
12.0,2.063058062429312,12.0,8.0,3,2
16.0,2.0794415416798357,12.0,13.0,3,2
12.0,2.333114298028869,10.0,12.0,3,2
14.0,2.2669579153508947,8.0,8.0,3,2
12.0,2.3749057545736716,8.0,12.0,3,1
12.0,2.0794415416798357,8.0,3.0,3,2
12.0,2.750470916986162,12.0,12.0,3,2
12.0,2.3960754360813845,11.0,4.0,3,1
16.0,2.9030685886905716,12.0,16.0,3,1
12.0,2.1400661634962708,12.0,16.0,3,2
12.0,2.174751721484161,12.0,14.0,3,1
12.0,2.3105532626432224,12.0,16.0,3,1
12.0,2.33214389523559,16.0,14.0,3,1
14.0,2.7738379416402132,16.0,13.0,3,1
12.0,2.668616131856803,16.0,4.0,3,2
18.0,3.026261478588814,16.0,16.0,3,1
17.0,2.563409711275944,16.0,16.0,3,1
20.0,3.332204510175204,16.0,12.0,3,1
12.0,2.1972245773362196,12.0,13.0,3,2
14.0,2.599722324216582,8.0,12.0,3,1
15.0,2.4423470353692043,8.0,12.0,3,2
12.0,2.060513531794317,10.0,12.0,3,1
12.0,0.4824261492442928,12.0,12.0,3,2
19.0,1.9459101490553132,12.0,13.0,3,1
12.0,2.1972245773362196,14.0,18.0,3,2
16.0,2.6195832197798796,15.0,7.0,3,2
18.0,1.6094379124341003,12.0,18.0,3,2
12.0,2.70805020110221,8.0,12.0,3,2
12.0,2.302585092994046,8.0,15.0,3,1
12.0,2.4706386779902956,8.0,12.0,3,1
12.0,2.5087859235779435,12.0,13.0,3,2
14.0,2.0554049638515948,17.0,12.0,3,2
14.0,1.0260415958332743,11.0,7.0,3,2
12.0,2.0794415416798357,12.0,11.0,3,2
13.0,2.540814281726296,20.0,12.0,3,1
20.0,2.995732273553991,17.0,16.0,3,1
18.0,1.8718021769015913,17.0,16.0,3,1
13.0,1.9892432737616872,16.0,12.0,3,1
9.0,1.8718021769015913,11.0,9.0,2,1
16.0,3.2891478778535324,11.0,16.0,3,1
11.0,2.731115474033206,5.0,1.0,1,1
12.0,2.4527277514237653,8.0,12.0,1,1
14.0,2.4965057856313524,12.0,8.0,1,2
7.0,2.5257286443082556,10.0,12.0,3,1
16.0,2.968874819384108,14.0,14.0,3,1
19.0,3.1518809560439225,12.0,13.0,3,2
14.0,2.262804222982201,12.0,16.0,3,2
13.0,2.349468678892896,14.0,15.0,1,1
15.0,1.8578592709325787,8.0,16.0,3,1
12.0,2.1482677326096886,10.0,12.0,1,2
19.0,2.907447358686419,20.0,20.0,1,2
13.0,2.7738379416402132,10.0,10.0,3,2
16.0,3.1280754605417043,12.0,16.0,3,1
20.0,3.2748780149834857,12.0,16.0,3,1
16.0,2.9274534328006965,12.0,16.0,3,2
18.0,2.667228206581955,12.0,12.0,3,2
14.0,4.199605072879594,12.0,12.0,1,1
16.0,2.203869120054888,16.0,16.0,3,2
13.0,2.6511270537025893,20.0,12.0,1,2
17.0,2.1972245773362196,20.0,16.0,1,2
12.0,2.169053700369523,8.0,8.0,2,2
15.0,3.005187432324746,15.0,17.0,2,1
14.0,1.9906103279732201,15.0,14.0,2,2
12.0,1.9740810260220096,12.0,12.0,2,1
11.0,2.0856720914304723,11.0,12.0,2,1
15.0,1.8718021769015913,12.0,14.0,2,2
9.0,1.7047480922384253,11.0,12.0,3,1
13.0,1.6331544390514163,12.0,14.0,2,2
14.0,1.4469189829363254,14.0,3.0,2,2
12.0,1.6094379124341003,12.0,13.0,2,2
10.0,1.7047480922384253,6.0,12.0,3,2
12.0,2.363680192353857,13.0,11.0,2,1
12.0,2.318458442150336,12.0,12.0,2,1
13.0,2.222459048514761,12.0,12.0,3,1
12.0,1.5040773967762742,12.0,12.0,2,1
16.0,1.791759469228055,12.0,12.0,3,2
10.0,2.1114245875328868,16.0,14.0,3,1
18.0,2.299580583973747,12.0,13.0,3,2
17.0,1.6094379124341003,15.0,11.0,3,2
10.0,2.169053700369523,10.0,12.0,3,2
12.0,2.262804222982201,12.0,15.0,3,1
12.0,1.7047480922384253,12.0,20.0,3,2
14.0,1.713797927758343,12.0,12.0,3,2
16.0,2.6195832197798796,12.0,18.0,3,2
12.0,2.277267285009756,14.0,12.0,3,1
14.0,2.6390573296152584,14.0,13.0,3,2
18.0,2.344686269012681,18.0,16.0,3,1
18.0,2.9997242948235283,16.0,16.0,3,1
14.0,2.4203681286504293,14.0,14.0,3,2
16.0,3.0411835364579085,19.0,16.0,3,2
17.0,3.091042453358316,12.0,14.0,3,2
12.0,1.3862943611198906,12.0,8.0,2,2
12.0,2.5915163848462583,11.0,12.0,3,1
14.0,2.302585092994046,12.0,14.0,3,1
18.0,2.8610573702273894,12.0,14.0,3,1
16.0,2.1004689088719113,12.0,12.0,3,2
18.0,2.7376090033437546,12.0,0.0,3,1
14.0,2.67552700939665,12.0,18.0,3,1
12.0,2.70805020110221,12.0,12.0,3,1
13.0,2.503891949699081,12.0,16.0,3,1
15.0,2.517696472610991,20.0,9.0,2,2
16.0,1.4469189829363254,18.0,14.0,2,1
17.0,2.347558458636777,16.0,16.0,2,2
19.0,3.286160571673797,14.0,16.0,2,1
12.0,2.772588722239781,11.0,14.0,3,1
12.0,2.825536896557877,12.0,12.0,3,1
13.0,2.2071749081893874,12.0,13.0,3,1
16.0,2.5273273656719524,12.0,19.0,3,2
12.0,3.068052935133617,12.0,14.0,3,1
13.0,3.070375816549757,12.0,14.0,3,1
16.0,2.0794415416798357,12.0,16.0,3,2
16.0,0.8754687373538999,12.0,16.0,3,1
12.0,1.9095425048844386,11.0,16.0,3,2
12.0,1.5623463049002497,10.0,12.0,3,2
16.0,2.8320361808832013,17.0,13.0,3,1
12.0,1.8718021769015913,12.0,0.0,3,1
14.0,3.005682604407159,16.0,15.0,3,2
13.0,2.437115985951652,16.0,6.0,3,2
18.0,3.0076608444192647,12.0,17.0,3,2
14.0,0.8754687373538999,12.0,4.0,3,2
13.0,2.70805020110221,12.0,13.0,3,1
16.0,2.3978952727983707,16.0,12.0,3,2
17.0,3.033028058297688,16.0,15.0,3,1
13.0,2.5185025992165158,16.0,16.0,3,2
7.0,1.791759469228055,2.0,8.0,1,2
11.0,2.7638002162067017,6.0,12.0,3,1
10.0,1.6582280766035324,4.0,0.0,3,1
18.0,2.302585092994046,15.0,16.0,3,2
12.0,2.4790562361098245,12.0,16.0,3,2
12.0,2.030776369698555,12.0,0.0,3,2
18.0,2.485739636091892,14.0,8.0,3,2
12.0,2.1400661634962708,12.0,12.0,3,2
12.0,2.3617969526258915,8.0,12.0,3,1
12.0,2.4203681286504293,12.0,14.0,3,1
12.0,2.0399207835175526,12.0,12.0,3,2
14.0,2.222459048514761,12.0,12.0,3,2
14.0,1.8976198599275322,12.0,12.0,3,2
13.0,2.481567748522486,12.0,12.0,3,2
12.0,2.262804222982201,12.0,13.0,3,1
14.0,2.847812143477369,13.0,0.0,3,1
13.0,2.822568654544802,13.0,12.0,3,1
12.0,2.1400661634962708,12.0,16.0,3,2
14.0,2.155244505095337,12.0,13.0,3,1
18.0,2.157559320943788,10.0,20.0,3,2
12.0,2.9564715596006885,12.0,12.0,3,1
18.0,3.1875915348284343,10.0,13.0,3,1
12.0,3.4262151446374434,10.0,14.0,3,1
12.0,3.0969341540629585,10.0,12.0,3,1
12.0,1.6094379124341003,12.0,12.0,3,2
13.0,2.3804716316511167,12.0,11.0,3,2
12.0,3.1135153092103742,12.0,12.0,3,1
12.0,1.791759469228055,8.0,13.0,3,2
14.0,2.711377991194885,20.0,12.0,3,2
13.0,2.2512917986064953,1.0,4.0,3,1
13.0,2.1400661634962708,0.0,5.0,3,1
12.0,2.1400661634962708,12.0,12.0,3,1
14.0,2.843163674909384,14.0,16.0,3,2
12.0,1.8325814637483102,12.0,12.0,3,2
12.0,2.7047112998366956,14.0,14.0,3,2
12.0,2.5900171341906173,8.0,2.0,3,1
12.0,2.733067964077498,10.0,12.0,3,1
13.0,2.772588722239781,12.0,13.0,3,1
12.0,2.847812143477369,10.0,12.0,3,1
14.0,2.2396452932201716,5.0,12.0,3,2
12.0,2.5257286443082556,10.0,12.0,1,2
12.0,2.9107188992270343,12.0,12.0,3,1
16.0,2.302585092994046,12.0,16.0,3,2
14.0,2.7700855920216627,12.0,14.0,3,1
12.0,2.0794415416798357,12.0,12.0,3,2
12.0,2.3683728335320486,12.0,12.0,3,1
12.0,2.157559320943788,12.0,16.0,3,2
12.0,2.028148247292285,11.0,11.0,3,2
18.0,3.0209125720842893,18.0,16.0,3,1
12.0,1.7047480922384253,12.0,16.0,3,2
18.0,2.668616131856803,12.0,14.0,3,1
14.0,2.4449523342809676,12.0,16.0,3,1
12.0,1.5748464676644813,12.0,13.0,3,2
13.0,2.928523523860541,12.0,12.0,3,2
13.0,3.2128577525426376,10.0,15.0,3,1
16.0,2.3960754360813845,16.0,14.0,3,1
13.0,0.4382549309311553,16.0,12.0,3,2
12.0,1.4701758451005926,8.0,12.0,3,2
14.0,3.3210713371828704,12.0,15.0,3,1
16.0,1.3454723665996355,18.0,12.0,1,1
12.0,2.302585092994046,14.0,14.0,3,2
12.0,2.785011242238338,12.0,12.0,2,1
12.0,1.7047480922384253,7.0,8.0,2,2
12.0,1.7047480922384253,11.0,2.0,2,2
15.0,2.285438934159075,11.0,4.0,2,2
14.0,2.3739750890807185,10.0,6.0,2,2
12.0,2.5368663887187113,9.0,12.0,3,1
16.0,2.822568654544802,9.0,16.0,3,2
14.0,2.453587966530573,9.0,14.0,3,2
12.0,6.214608098422191,9.0,12.0,3,1
10.0,2.4501426573516603,9.0,12.0,3,2
12.0,1.6582280766035324,8.0,12.0,3,2
12.0,2.474856313934499,8.0,12.0,3,2
17.0,1.9459101490553132,12.0,13.0,3,2
12.0,2.2289385528257473,13.0,12.0,3,1
12.0,2.4595888418037104,8.0,4.0,3,1
12.0,2.5710843460290524,8.0,12.0,3,1
12.0,2.2407096892759584,8.0,8.0,3,2
12.0,2.302585092994046,12.0,12.0,3,1
12.0,2.302585092994046,12.0,12.0,3,1
9.0,1.9782390361706734,9.0,12.0,3,1
12.0,2.262804222982201,8.0,12.0,3,2
12.0,2.70805020110221,12.0,12.0,3,1
12.0,2.312535423847214,13.0,12.0,3,1
16.0,3.2928695047765273,12.0,17.0,3,1
18.0,3.0209125720842893,14.0,14.0,3,1
19.0,2.9517803860248084,14.0,16.0,3,1
16.0,3.3617633124167483,12.0,12.0,3,1
12.0,1.9671123567059163,7.0,3.0,3,2
14.0,2.617395832834079,16.0,16.0,3,1
18.0,2.302585092994046,16.0,0.0,3,1
12.0,2.531313022602156,12.0,12.0,3,1
12.0,3.2965773325320527,12.0,16.0,3,1
12.0,2.725890119230541,12.0,12.0,3,1
12.0,2.125847914493992,12.0,1.0,3,1
12.0,2.4849066497880004,12.0,17.0,3,1
12.0,2.688527534613346,12.0,12.0,3,1
12.0,2.8507065015037334,8.0,12.0,3,1
12.0,2.599722324216582,12.0,16.0,3,1
12.0,1.6863989535702288,12.0,12.0,3,2
12.0,2.2502386126218363,9.0,12.0,3,1
12.0,2.4449523342809676,17.0,12.0,3,2
13.0,1.791759469228055,12.0,12.0,3,2
11.0,1.1378330018213911,12.0,13.0,3,1
16.0,2.8656235882069705,15.0,12.0,3,1
14.0,2.615934912194404,15.0,12.0,3,2
12.0,1.6094379124341003,12.0,6.0,3,2
12.0,2.4423470353692043,12.0,16.0,3,2
12.0,1.749199854809259,12.0,5.0,3,1
12.0,2.189416394888408,10.0,12.0,3,2
16.0,2.1482677326096886,12.0,18.0,3,2
12.0,2.21375387928743,12.0,15.0,3,1
12.0,2.2512917986064953,9.0,14.0,3,1
16.0,2.6311691567662523,15.0,15.0,3,1
16.0,1.749199854809259,15.0,16.0,3,2
16.0,2.995732273553991,12.0,17.0,3,1
12.0,2.2375130962503307,10.0,13.0,3,1
12.0,2.2823823856765264,9.0,9.0,3,1
12.0,1.925707441737794,9.0,12.0,3,1
16.0,2.0399207835175526,12.0,19.0,3,2
16.0,2.5257286443082556,12.0,6.0,3,2
17.0,3.380314170745731,18.0,12.0,3,1
15.0,1.9600947840472698,12.0,12.0,3,2
12.0,1.6094379124341003,11.0,6.0,3,2
9.0,2.1972245773362196,11.0,5.0,3,1
18.0,1.6094379124341003,13.0,16.0,3,2
12.0,2.4449523342809676,9.0,12.0,3,1
12.0,1.8325814637483102,10.0,11.0,3,1
14.0,2.523325759691945,10.0,10.0,3,2
16.0,2.558776498354456,12.0,13.0,3,2
12.0,2.1713368063840917,9.0,7.0,3,2
15.0,2.302585092994046,12.0,12.0,3,2
10.0,1.1908875647772805,12.0,12.0,3,2
12.0,1.8961194845522977,11.0,20.0,3,2
11.0,1.7047480922384253,5.0,12.0,3,1
12.0,1.6582280766035324,5.0,13.0,3,2
14.0,2.4449523342809676,12.0,0.0,3,2
12.0,1.6094379124341003,12.0,7.0,3,2
17.0,2.668616131856803,17.0,14.0,3,2
18.0,2.3427668826268775,12.0,18.0,1,1
13.0,2.512035317176253,12.0,12.0,1,1
19.0,2.8507065015037334,16.0,17.0,3,1
16.0,2.6390573296152584,17.0,19.0,3,2
16.0,2.733067964077498,16.0,16.0,3,1
16.0,2.302585092994046,16.0,16.0,3,1
16.0,2.640484881606444,16.0,14.0,3,1
15.0,2.970414465569701,14.0,18.0,3,2
16.0,2.2300144001592104,14.0,18.0,3,1
16.0,2.4414770918606643,20.0,16.0,3,2
16.0,1.8325814637483102,20.0,20.0,3,2
16.0,3.3617633124167483,18.0,19.0,3,1
16.0,2.77757626375082,16.0,16.0,3,1
16.0,2.2375130962503307,16.0,16.0,3,2
12.0,1.6094379124341003,1.0,5.0,3,2
9.0,2.668616131856803,14.0,12.0,3,1
11.0,2.402430427963762,10.0,12.0,3,1
12.0,2.3978952727983707,8.0,9.0,2,2
13.0,2.325324579963535,6.0,6.0,1,1
12.0,1.8656293177945105,12.0,12.0,3,2
13.0,2.545531271604435,12.0,12.0,3,1
12.0,2.9311937524164198,12.0,18.0,3,1
16.0,2.0399207835175526,15.0,17.0,3,2
16.0,3.1424266527047946,18.0,12.0,3,2
16.0,2.613739521630969,18.0,12.0,3,1
15.0,1.682688374173693,12.0,13.0,3,2
12.0,2.8587664184808337,9.0,13.0,3,1
16.0,2.5201129055226197,9.0,14.0,3,2
15.0,2.145931282948669,8.0,10.0,3,2
12.0,2.1400661634962708,12.0,8.0,3,2
12.0,1.5040773967762742,14.0,9.0,3,1
12.0,1.8718021769015913,12.0,12.0,3,1
10.0,2.3580197998821464,12.0,11.0,3,2
12.0,1.62924053973028,12.0,13.0,3,2
12.0,1.5040773967762742,11.0,7.0,3,2
12.0,1.5040773967762742,11.0,9.0,3,2
14.0,2.70805020110221,12.0,12.0,3,2
14.0,2.1972245773362196,12.0,12.0,3,1
15.0,2.822568654544802,12.0,19.0,3,2
12.0,2.6939512767227085,12.0,12.0,3,2
12.0,2.70805020110221,12.0,11.0,3,2
12.0,2.6282852326333477,12.0,13.0,3,2
12.0,1.749199854809259,8.0,9.0,3,2
12.0,2.3115448343655176,12.0,14.0,3,2
11.0,1.9459101490553132,12.0,12.0,3,2
12.0,1.3862943611198906,12.0,4.0,3,2
16.0,3.171364842197149,11.0,14.0,3,1
13.0,2.548663615590751,12.0,7.0,3,2
12.0,1.791759469228055,12.0,14.0,3,2
12.0,-0.8209805520698302,12.0,12.0,3,2
12.0,2.0399207835175526,12.0,12.0,3,1
12.0,2.2512917986064953,12.0,4.0,3,1
13.0,2.599722324216582,8.0,11.0,3,2
12.0,2.2512917986064953,8.0,11.0,3,2
12.0,2.186051276738094,8.0,15.0,3,2
12.0,2.1972245773362196,12.0,11.0,3,2
18.0,2.9564715596006885,18.0,16.0,3,1
13.0,2.485739636091892,12.0,16.0,3,2
14.0,1.0986122886681098,12.0,12.0,3,2
12.0,1.791759469228055,12.0,12.0,3,1
12.0,2.3608540011180215,8.0,12.0,3,1
15.0,2.8875901149342877,20.0,15.0,3,1
13.0,2.2353763433005955,11.0,11.0,3,2
12.0,2.4849066497880004,8.0,12.0,3,2
16.0,1.9754689512968577,8.0,8.0,3,2
12.0,1.8562979903656263,8.0,12.0,3,1
12.0,2.4849066497880004,12.0,12.0,3,1
14.0,3.019448800171307,12.0,12.0,3,2
12.0,1.8961194845522977,10.0,0.0,3,1
16.0,2.668616131856803,12.0,16.0,3,2
12.0,2.4203681286504293,8.0,12.0,3,2
14.0,2.1162555148025524,10.0,12.0,3,2
12.0,1.7984040119467235,7.0,4.0,3,2
14.0,2.8130106367386967,12.0,12.0,3,2
17.0,2.871868286331605,14.0,16.0,3,1
14.0,2.822568654544802,12.0,13.0,3,2
15.0,3.710151589389476,12.0,12.0,3,2
13.0,2.7013612129514133,17.0,18.0,3,1
12.0,2.231089091288976,12.0,14.0,3,2
14.0,1.9095425048844386,12.0,4.0,3,2
16.0,2.1065702090680887,12.0,18.0,3,2
17.0,2.805176911832933,8.0,18.0,3,2
13.0,2.8130106367386967,13.0,12.0,3,2
18.0,2.596000697293587,18.0,17.0,3,1
18.0,2.1004689088719113,18.0,20.0,3,2
16.0,2.262804222982201,18.0,18.0,3,1
15.0,2.4265710727750367,17.0,16.0,3,1
16.0,1.7595805708638197,13.0,16.0,3,2
13.0,2.0095554142156695,16.0,7.0,3,2
12.0,2.0706530356467567,16.0,0.0,3,2
16.0,2.8284963541780774,19.0,16.0,3,1
18.0,1.6114359150967734,18.0,14.0,3,1
12.0,1.55814461804655,4.0,6.0,2,1
12.0,2.167910189667444,10.0,15.0,3,1
12.0,1.7263316639055997,12.0,10.0,3,1
19.0,3.2962071678045244,12.0,16.0,3,2
12.0,1.8718021769015913,12.0,1.0,3,1
9.0,1.536867219599265,12.0,12.0,2,2
14.0,2.4527277514237653,13.0,16.0,3,1
12.0,1.7715567619105355,12.0,0.0,3,1
12.0,2.402430427963762,12.0,12.0,3,2
12.0,3.0516399054922867,10.0,12.0,3,1
12.0,1.6094379124341003,12.0,6.0,3,2
12.0,2.6567569067146595,12.0,12.0,3,1
20.0,2.9780773383152703,19.0,14.0,3,1
20.0,1.9459101490553132,19.0,20.0,3,2
16.0,2.8831233291713367,12.0,20.0,3,1
12.0,1.8991179875485542,12.0,3.0,3,2
12.0,1.791759469228055,12.0,12.0,3,2
19.0,2.733067964077498,13.0,14.0,3,1
19.0,2.972975286431375,18.0,16.0,3,1
20.0,2.167910189667444,14.0,20.0,3,1
14.0,2.2502386126218363,16.0,20.0,3,2
14.0,2.322387720290225,12.0,13.0,3,1
20.0,1.9242486522741338,18.0,14.0,3,1
16.0,2.402430427963762,18.0,16.0,3,2
16.0,3.0430928449138284,15.0,16.0,3,1
16.0,2.7738379416402132,15.0,16.0,3,1
16.0,2.3978952727983707,20.0,16.0,3,2
15.0,2.1938856760707046,20.0,16.0,3,2
14.0,2.302585092994046,20.0,18.0,3,1
13.0,1.8325814637483102,14.0,13.0,3,2
15.0,2.695977619867941,18.0,12.0,3,1
14.0,2.285438934159075,12.0,16.0,3,1
16.0,3.4420193761824107,17.0,20.0,3,1
17.0,2.485739636091892,17.0,16.0,3,1
13.0,2.3115448343655176,16.0,12.0,3,1
18.0,3.100992784211484,14.0,20.0,3,1
13.0,2.178155014615869,11.0,13.0,3,2
16.0,2.6905648867611904,16.0,16.0,3,1
16.0,2.262804222982201,12.0,18.0,3,1
14.0,2.302585092994046,12.0,14.0,3,2
16.0,2.6775909936175015,12.0,14.0,3,1
12.0,2.5649493574615367,16.0,12.0,3,1
12.0,1.9459101490553132,16.0,2.0,3,2
13.0,2.5824869781268642,20.0,14.0,3,1
13.0,2.206074192613202,12.0,12.0,3,2
16.0,2.2915241456346207,16.0,16.0,3,1
18.0,2.900322088749333,17.0,15.0,3,2
15.0,2.7880929087757464,16.0,17.0,3,2
18.0,2.309560706730471,12.0,18.0,3,2
18.0,3.544142657647253,16.0,12.0,3,1
15.0,2.5400259490090797,16.0,18.0,3,1
19.0,1.9459101490553132,18.0,17.0,3,2
14.0,1.9344157696295783,14.0,14.0,3,2
17.0,1.9933388426264242,18.0,16.0,3,1
18.0,2.6347624053323777,18.0,18.0,3,1
12.0,2.1210632163706555,12.0,14.0,3,2
12.0,1.6094379124341003,11.0,17.0,3,1
12.0,2.668616131856803,11.0,14.0,2,1
12.0,2.017566137961748,12.0,6.0,2,2
12.0,2.224623551524334,3.0,11.0,2,1
12.0,1.8718021769015913,8.0,7.0,2,2
16.0,2.716018370751387,10.0,12.0,2,2
16.0,2.540814281726296,12.0,16.0,2,2
13.0,1.9459101490553132,10.0,12.0,2,1
12.0,1.4469189829363254,10.0,12.0,2,1
12.0,2.302585092994046,12.0,11.0,2,1
14.0,2.0149030205422647,12.0,14.0,2,2
16.0,0.9162907318741551,6.0,18.0,3,2
15.0,3.0145540277945786,10.0,12.0,3,1
20.0,3.1793030497483774,10.0,18.0,2,1
16.0,3.410487428569248,18.0,16.0,1,1
17.0,2.8622008809294686,16.0,16.0,3,2
19.0,3.0740812399649675,11.0,14.0,3,1
17.0,0.11332868530700327,12.0,18.0,3,2
12.0,2.327277705584417,14.0,0.0,3,1
13.0,1.4469189829363254,9.0,12.0,2,1
12.0,2.2925347571405443,5.0,12.0,2,1
14.0,2.2512917986064953,5.0,3.0,2,2
19.0,3.479700443150099,18.0,19.0,3,1
10.0,1.6370530794670737,8.0,10.0,3,1
12.0,1.6582280766035324,10.0,9.0,3,2
16.0,3.0516399054922867,17.0,16.0,3,1
13.0,2.6354795082673745,11.0,12.0,3,1
13.0,2.211565694606877,8.0,0.0,3,1
12.0,0.6259384308664954,12.0,10.0,3,2
12.0,1.6582280766035324,12.0,12.0,2,2
11.0,2.1400661634962708,12.0,12.0,3,1
13.0,0.6931471805599453,13.0,15.0,3,2
17.0,1.4469189829363254,14.0,14.0,3,2
9.0,1.0188473201992472,10.0,14.0,3,2
12.0,2.668616131856803,12.0,4.0,3,1
13.0,2.0399207835175526,16.0,4.0,2,1
14.0,1.8325814637483102,9.0,5.0,3,1
14.0,2.1102132003465894,6.0,12.0,2,2
13.0,1.791759469228055,9.0,12.0,2,2
17.0,2.0794415416798357,8.0,19.0,3,2
12.0,2.1972245773362196,11.0,8.0,2,2
12.0,2.33214389523559,16.0,14.0,3,1
16.0,2.668616131856803,11.0,16.0,3,2
13.0,2.3608540011180215,12.0,14.0,3,2
12.0,1.6094379124341003,11.0,5.0,3,2
9.0,2.995732273553991,10.0,10.0,3,1
16.0,1.8325814637483102,12.0,16.0,3,2
13.0,2.0149030205422647,12.0,12.0,3,1
12.0,2.302585092994046,12.0,12.0,3,1
15.0,2.446685436967803,12.0,14.0,3,2
12.0,2.2502386126218363,12.0,12.0,3,2
12.0,2.4849066497880004,12.0,12.0,3,1
14.0,2.0794415416798357,12.0,12.0,3,2
12.0,2.060513531794317,12.0,9.0,3,2
13.0,1.5686159179138452,12.0,13.0,3,2
15.0,3.005187432324746,14.0,17.0,3,1
14.0,3.0363942552728806,12.0,14.0,3,1
9.0,2.1972245773362196,10.0,10.0,3,1
9.0,1.2725655957915476,12.0,12.0,3,1
11.0,2.0149030205422647,8.0,2.0,3,2
12.0,2.302585092994046,12.0,7.0,3,2
13.0,1.9768549529047348,12.0,14.0,3,2
13.0,2.872999508171694,13.0,20.0,3,1
15.0,2.644044871126298,15.0,14.0,3,2
18.0,2.6946271807700692,17.0,16.0,3,1
16.0,2.4203681286504293,14.0,14.0,3,1
16.0,2.280339484046726,12.0,18.0,3,2
17.0,2.872999508171694,16.0,16.0,3,1
18.0,2.7606426512213806,9.0,16.0,3,1
14.0,2.269028309465203,12.0,8.0,3,2
12.0,2.3115448343655176,12.0,14.0,3,1
12.0,1.9754689512968577,12.0,14.0,3,1
12.0,2.1162555148025524,15.0,12.0,3,2
12.0,2.0794415416798357,12.0,14.0,3,1
12.0,1.840549633397487,3.0,12.0,2,2
12.0,1.8718021769015913,12.0,5.0,3,2
12.0,1.4929040961781488,3.0,12.0,3,2
12.0,2.0794415416798357,3.0,12.0,3,2
17.0,2.410542234499138,12.0,12.0,3,2
16.0,2.362739015813793,12.0,20.0,3,1
12.0,7.313227053734746,12.0,10.0,3,2
12.0,2.186051276738094,7.0,12.0,3,1
18.0,2.4527277514237653,12.0,12.0,3,2
18.0,2.534490149976828,12.0,13.0,3,2
16.0,2.6304489550786583,20.0,16.0,3,2
16.0,2.772588722239781,16.0,16.0,3,2
12.0,2.2512917986064953,12.0,12.0,3,2
9.0,2.4595888418037104,12.0,9.0,3,1
12.0,1.9095425048844386,12.0,0.0,3,2
12.0,2.733067964077498,17.0,16.0,3,1
12.0,2.134166441369082,8.0,7.0,3,2
12.0,2.169053700369523,8.0,10.0,3,1
12.0,2.0881534822818573,8.0,11.0,3,2
16.0,2.4239173781615704,17.0,12.0,3,1
16.0,1.5282278570085572,16.0,13.0,3,2
12.0,1.8718021769015913,7.0,12.0,3,1
9.0,1.969905654611529,6.0,12.0,3,1
12.0,2.2512917986064953,6.0,10.0,3,2
12.0,1.5260563034950492,12.0,9.0,3,2
18.0,2.70805020110221,12.0,14.0,3,2
12.0,2.063058062429312,12.0,12.0,3,2
12.0,2.1162555148025524,16.0,18.0,3,1
14.0,2.1972245773362196,6.0,18.0,3,1
12.0,1.749199854809259,6.0,12.0,3,1
13.0,1.623340817603092,12.0,16.0,2,2
14.0,0.0,12.0,12.0,3,2
12.0,1.8325814637483102,12.0,11.0,3,2
16.0,2.4731713935695794,6.0,8.0,3,1
12.0,2.0794415416798357,12.0,9.0,3,1
12.0,2.4379897300002487,12.0,12.0,3,1
12.0,2.130609828254235,10.0,11.0,3,1
12.0,1.9065751436566365,16.0,5.0,3,2
12.0,2.0149030205422647,13.0,8.0,3,1
12.0,2.0149030205422647,8.0,12.0,3,2
16.0,1.8961194845522977,12.0,14.0,3,2
15.0,2.288486168614544,16.0,12.0,3,2
12.0,2.7555697170701863,12.0,15.0,2,2
12.0,1.791759469228055,8.0,12.0,3,2
12.0,2.8154087194227095,14.0,13.0,3,2
11.0,2.145931282948669,13.0,11.0,3,1
9.0,2.70805020110221,10.0,12.0,3,1
12.0,2.772588722239781,14.0,9.0,3,1
12.0,2.6026896854443837,8.0,12.0,3,2
12.0,1.6154199841116479,12.0,9.0,3,1
12.0,1.5040773967762742,4.0,0.0,2,2
16.0,1.791759469228055,16.0,16.0,3,1
12.0,1.7047480922384253,12.0,12.0,2,2
12.0,2.0856720914304723,12.0,12.0,2,2
14.0,1.9065751436566365,12.0,9.0,2,2
7.0,1.5040773967762742,12.0,8.0,3,2
14.0,2.772588722239781,16.0,8.0,2,2
12.0,2.1849270495258133,6.0,6.0,1,2
16.0,2.5257286443082556,2.0,17.0,1,2
12.0,1.9947003132247452,3.0,12.0,1,2
18.0,2.822568654544802,13.0,18.0,3,1
16.0,2.928523523860541,16.0,0.0,3,2
11.0,1.599387576580599,12.0,6.0,2,2
15.0,2.392425796993835,7.0,3.0,2,2
13.0,2.302585092994046,8.0,11.0,2,1
12.0,1.9459101490553132,7.0,0.0,2,1
14.0,1.4701758451005926,7.0,6.0,2,2
12.0,0.8754687373538999,13.0,2.0,2,1
12.0,1.5151272329628591,13.0,12.0,2,2
19.0,3.110399348532117,16.0,16.0,2,1
20.0,2.6461747973841225,16.0,20.0,2,2
12.0,1.0986122886681098,8.0,3.0,2,1
17.0,1.9459101490553132,14.0,14.0,2,2
12.0,2.0149030205422647,12.0,12.0,3,1
12.0,1.4469189829363254,11.0,18.0,3,2
14.0,2.277267285009756,11.0,11.0,3,2
19.0,1.3454723665996355,20.0,0.0,3,2
16.0,1.925707441737794,6.0,13.0,3,1
18.0,2.8130106367386967,8.0,15.0,3,2
13.0,1.791759469228055,16.0,8.0,3,2
14.0,3.1463051320333655,8.0,14.0,3,1
13.0,1.4469189829363254,7.0,1.0,3,2
13.0,2.599722324216582,8.0,12.0,3,2
15.0,2.6152036507358583,12.0,14.0,3,1
12.0,2.327277705584417,12.0,12.0,3,1
12.0,2.302585092994046,12.0,10.0,3,1
12.0,2.4449523342809676,12.0,12.0,3,1
12.0,1.6582280766035324,8.0,15.0,1,1
14.0,2.529720665577793,14.0,12.0,3,1
13.0,1.4816045409242156,11.0,9.0,3,2
13.0,2.1972245773362196,11.0,14.0,3,1
12.0,2.501435951739211,12.0,11.0,3,2
12.0,1.6582280766035324,5.0,18.0,3,2
12.0,2.3115448343655176,14.0,12.0,3,2
14.0,2.8587664184808337,16.0,10.0,3,2
13.0,1.9878743481543455,12.0,10.0,3,2
16.0,2.1447610078004784,18.0,14.0,3,2
12.0,1.9459101490553132,12.0,12.0,2,1
8.0,2.302585092994046,12.0,12.0,3,1
8.0,1.9459101490553132,5.0,0.0,3,1
14.0,1.2919836816486494,1.0,13.0,3,2
12.0,2.1400661634962708,7.0,16.0,1,2
12.0,2.163323025660538,7.0,12.0,1,1
12.0,1.6770965609079151,12.0,10.0,3,2
12.0,2.5974910105351463,12.0,12.0,3,1
13.0,2.6762154775821916,7.0,7.0,1,2
15.0,2.551006451492524,13.0,19.0,3,2
16.0,2.6275629501895237,12.0,13.0,3,1
20.0,3.2676659890376327,20.0,19.0,3,1
19.0,1.1216775615991057,20.0,6.0,3,2
13.0,2.2082744135228043,5.0,8.0,1,2
14.0,2.263844264677615,11.0,16.0,3,2
16.0,2.2844211223663744,16.0,12.0,3,2
13.0,2.58851563240702,18.0,18.0,3,1
16.0,3.5553480614894135,12.0,12.0,3,1
16.0,2.7936160894318567,12.0,12.0,3,1
12.0,2.2353763433005955,7.0,12.0,3,2
19.0,2.2235418856535927,14.0,18.0,3,1
12.0,1.8325814637483102,14.0,12.0,3,1
13.0,2.122261538862764,12.0,12.0,3,2
12.0,1.269760544863939,12.0,14.0,3,2
11.0,2.325324579963535,16.0,7.0,3,2
12.0,1.791759469228055,14.0,2.0,3,2
12.0,1.749199854809259,10.0,8.0,2,1
12.0,1.5040773967762742,10.0,12.0,2,1
14.0,2.138889000323256,12.0,13.0,2,1
14.0,2.0856720914304723,12.0,10.0,2,1
13.0,1.8325814637483102,12.0,12.0,2,1
14.0,2.5257286443082556,12.0,14.0,1,1
14.0,2.1294214739848565,12.0,0.0,1,2
15.0,2.060513531794317,11.0,20.0,1,2
12.0,2.822568654544802,14.0,13.0,1,1
12.0,0.9242589015233319,12.0,11.0,2,2
12.0,2.688527534613346,9.0,12.0,2,1
13.0,1.8547342683894434,8.0,7.0,3,2
12.0,3.2188758248682006,12.0,12.0,3,2
12.0,1.3001916620664788,12.0,13.0,3,1
12.0,2.028148247292285,8.0,12.0,3,1
12.0,2.668616131856803,12.0,12.0,3,1
14.0,2.4203681286504293,11.0,16.0,3,1
16.0,1.7101878155342434,11.0,0.0,3,1
12.0,2.262804222982201,10.0,12.0,3,1
11.0,0.13976194237515863,11.0,12.0,3,1
12.0,1.1568811967920856,10.0,10.0,3,1
13.0,2.191653532286764,8.0,10.0,3,2
12.0,2.3942522815198695,13.0,12.0,3,2
13.0,2.4849066497880004,16.0,15.0,3,1
12.0,0.7561219797213337,14.0,8.0,3,2
10.0,1.9459101490553132,12.0,11.0,3,1
16.0,2.2752138961979136,12.0,14.0,3,1
16.0,3.416742592997618,16.0,16.0,3,2
16.0,2.2082744135228043,16.0,15.0,3,1
16.0,2.6071242825122494,20.0,15.0,3,2
12.0,3.0155349008501706,12.0,10.0,3,1
16.0,3.138533072185662,12.0,12.0,1,1
13.0,2.653241964607215,4.0,7.0,1,1
14.0,2.302585092994046,6.0,12.0,1,1
13.0,1.6094379124341003,12.0,2.0,1,1
12.0,1.682688374173693,7.0,12.0,3,1
14.0,2.7936160894318567,7.0,3.0,3,2
12.0,2.4423470353692043,9.0,5.0,3,2
12.0,2.3841650799864684,12.0,11.0,3,1
12.0,2.349468678892896,12.0,14.0,3,2
18.0,2.8237570088141806,8.0,19.0,3,2
12.0,2.1114245875328868,20.0,6.0,3,2
14.0,1.7509374747078,11.0,13.0,3,2
12.0,3.0809921175048145,15.0,0.0,3,1
12.0,1.8547342683894434,12.0,12.0,3,2
13.0,1.7749523509116738,16.0,12.0,3,2
13.0,2.599722324216582,20.0,15.0,3,1
15.0,1.5040773967762742,8.0,12.0,3,2
8.0,1.6094379124341003,8.0,8.0,3,1
17.0,2.4865719291070616,12.0,0.0,3,1
14.0,2.833213344056216,16.0,14.0,3,1
12.0,2.3513752571634776,8.0,3.0,3,1
13.0,1.7595805708638197,12.0,12.0,3,2
12.0,2.8587664184808337,17.0,14.0,3,1
13.0,2.924773184613497,12.0,16.0,3,1
12.0,2.401525040848949,13.0,0.0,2,1
11.0,2.995732273553991,12.0,9.0,3,1
12.0,2.298577071596507,12.0,12.0,3,1
13.0,2.468099531471619,16.0,8.0,3,1
19.0,1.6582280766035324,12.0,16.0,3,1
16.0,2.740840023925201,16.0,12.0,3,1
16.0,2.866192902199006,16.0,16.0,3,2
13.0,2.70805020110221,12.0,12.0,3,1
16.0,1.7715567619105355,14.0,18.0,3,1
14.0,2.422144328051685,14.0,12.0,3,2
12.0,2.306577114263583,8.0,12.0,1,1
16.0,1.3137236682850553,8.0,9.0,1,2
8.0,1.7047480922384253,4.0,13.0,1,1
10.0,2.6078614738467776,6.0,9.0,1,2
16.0,2.7638002162067017,12.0,12.0,3,1
12.0,2.9444389791664403,16.0,5.0,1,1
12.0,2.0794415416798357,16.0,12.0,1,1
18.0,1.791759469228055,14.0,16.0,3,1
12.0,2.435366204227864,14.0,13.0,3,2
17.0,2.7936160894318567,15.0,14.0,3,2
18.0,3.389124800427886,15.0,0.0,3,2
18.0,2.6347624053323777,14.0,14.0,3,2
19.0,2.744060638625243,15.0,18.0,3,2
15.0,2.5257286443082556,11.0,14.0,3,1
13.0,2.2752138961979136,13.0,13.0,2,2
12.0,2.302585092994046,16.0,15.0,3,1
16.0,2.772588722239781,16.0,0.0,3,2
14.0,2.731115474033206,16.0,14.0,3,2
12.0,2.8183982582710754,12.0,12.0,3,1
13.0,2.5649493574615367,16.0,14.0,3,2
12.0,2.2512917986064953,16.0,14.0,3,2
14.0,-4.605170185988091,16.0,12.0,3,1
13.0,2.7206373166076814,12.0,16.0,3,1
13.0,3.159550358783386,16.0,10.0,3,1
12.0,1.6094379124341003,15.0,12.0,3,2
17.0,2.4423470353692043,15.0,15.0,3,1
20.0,3.2418107961506966,12.0,17.0,3,1
10.0,2.4388627112865935,8.0,1.0,3,2
13.0,2.5649493574615367,12.0,12.0,3,2
8.0,-0.18632957819149348,10.0,0.0,3,2
13.0,1.749199854809259,14.0,16.0,3,2
18.0,2.7738379416402132,14.0,5.0,3,2
16.0,2.900322088749333,16.0,18.0,2,1
7.0,2.70805020110221,12.0,5.0,3,1
11.0,1.6094379124341003,8.0,12.0,3,2
12.0,2.0592388343623163,12.0,9.0,3,2
12.0,2.6188546222977394,16.0,0.0,3,2
12.0,2.410542234499138,12.0,13.0,3,2
12.0,2.4849066497880004,13.0,12.0,3,1
14.0,2.5718485799218085,12.0,16.0,3,2
14.0,1.536867219599265,13.0,13.0,3,1
8.0,2.70805020110221,13.0,5.0,3,1
14.0,2.0794415416798357,12.0,14.0,3,2
10.0,2.0149030205422647,12.0,14.0,3,1
14.0,2.663052835171474,20.0,16.0,3,1
14.0,3.2928695047765273,12.0,12.0,3,1
14.0,2.5257286443082556,11.0,4.0,1,1
15.0,2.0943301541735866,14.0,12.0,3,1
16.0,2.3804716316511167,12.0,14.0,3,1
15.0,2.7936160894318567,12.0,20.0,3,1
12.0,1.925707441737794,16.0,12.0,3,1
12.0,2.3513752571634776,12.0,8.0,3,2
15.0,2.277267285009756,14.0,2.0,3,2
12.0,2.7013612129514133,12.0,0.0,3,2
12.0,2.6762154775821916,11.0,12.0,1,2
16.0,3.005682604407159,18.0,16.0,3,1
16.0,3.821441627196908,12.0,20.0,1,1
16.0,2.9444389791664403,12.0,16.0,1,2
13.0,2.6741486494265287,12.0,16.0,3,2
14.0,2.5392369943330477,8.0,17.0,3,1
12.0,2.1713368063840917,6.0,7.0,2,2
15.0,2.1815467646169897,12.0,14.0,3,2
12.0,2.9269179575536315,11.0,9.0,1,2
13.0,1.8164520818184267,11.0,5.0,1,1
12.0,2.0794415416798357,11.0,12.0,1,2
12.0,2.9564715596006885,12.0,12.0,3,1
12.0,0.14842000511827322,12.0,12.0,3,2
12.0,2.89977188240808,12.0,12.0,3,1
16.0,2.864483986944037,8.0,16.0,3,1
16.0,2.0149030205422647,7.0,18.0,3,1
13.0,2.186051276738094,7.0,12.0,3,2
16.0,2.9564715596006885,18.0,16.0,3,2
12.0,2.2700619012884857,13.0,20.0,3,1
12.0,1.4469189829363254,9.0,6.0,3,2
12.0,0.5933268452777344,12.0,12.0,3,2
12.0,3.171364842197149,12.0,13.0,3,1
16.0,2.6504210882655737,12.0,18.0,2,2
15.0,2.2321626286975,13.0,14.0,3,2
12.0,2.6468837658647226,12.0,20.0,3,1
12.0,2.5376572151735295,11.0,12.0,3,1
13.0,2.70805020110221,12.0,17.0,3,2
12.0,2.3513752571634776,12.0,14.0,3,1
13.0,2.5257286443082556,13.0,14.0,3,1
13.0,2.302585092994046,12.0,12.0,3,1
12.0,1.8718021769015913,15.0,10.0,3,2
12.0,2.302585092994046,13.0,0.0,3,1
12.0,2.302585092994046,8.0,12.0,3,2
12.0,2.4527277514237653,8.0,0.0,3,1
9.0,1.3056264580524357,16.0,14.0,3,2
12.0,2.0149030205422647,12.0,14.0,3,2
17.0,2.8903717578961645,17.0,14.0,3,2
13.0,1.547562508716013,12.0,7.0,3,2
12.0,0.0,12.0,11.0,3,2
14.0,2.8130106367386967,12.0,12.0,3,1
12.0,2.8507065015037334,16.0,12.0,3,1
12.0,2.0794415416798357,16.0,12.0,3,1
12.0,2.382320061012899,12.0,12.0,3,2
12.0,4.007333185232471,12.0,6.0,3,1
14.0,2.3749057545736716,12.0,16.0,3,2
17.0,2.9025198918318122,16.0,16.0,3,1
12.0,2.302585092994046,18.0,16.0,3,1
20.0,3.402529826895934,10.0,16.0,3,1
14.0,2.4849066497880004,14.0,14.0,3,2
16.0,2.4849066497880004,12.0,13.0,3,2
12.0,2.0794415416798357,10.0,8.0,3,2
12.0,3.551913599040779,8.0,16.0,3,1
12.0,1.0577902941478545,10.0,9.0,3,2
12.0,2.6210388241125804,10.0,12.0,3,1
14.0,1.7047480922384253,12.0,12.0,3,2
15.0,2.4449523342809676,12.0,14.0,3,2
20.0,3.5160130560907366,18.0,20.0,3,2
13.0,3.044522437723423,14.0,12.0,3,1
16.0,2.0149030205422647,14.0,12.0,3,2
13.0,3.4339872044851463,12.0,13.0,3,1
17.0,2.740840023925201,14.0,12.0,3,1
16.0,1.791759469228055,14.0,16.0,3,1
14.0,2.2159372862683733,16.0,16.0,3,1
12.0,1.7191887763932197,6.0,8.0,3,2
12.0,1.766441661243765,7.0,11.0,3,2
12.0,1.9459101490553132,8.0,9.0,3,2
13.0,2.833213344056216,16.0,12.0,3,1
14.0,1.4816045409242156,14.0,12.0,3,1
15.0,1.536867219599265,10.0,12.0,1,2
12.0,2.8622008809294686,10.0,12.0,3,1
16.0,3.4965075614664802,15.0,4.0,3,2
13.0,2.8903717578961645,12.0,14.0,3,2
16.0,2.905807566026004,16.0,12.0,3,1
12.0,2.302585092994046,12.0,17.0,3,2
12.0,2.995732273553991,12.0,12.0,3,1
16.0,2.8507065015037334,20.0,20.0,3,2
14.0,2.7837759116303458,20.0,16.0,3,1
18.0,3.091042453358316,16.0,17.0,3,2
14.0,3.1280754605417043,14.0,20.0,3,2
16.0,3.3523572162426816,12.0,18.0,3,1
14.0,2.3513752571634776,16.0,16.0,3,1
12.0,2.4849066497880004,9.0,12.0,3,1
14.0,2.5257286443082556,12.0,14.0,3,2
13.0,2.6511270537025893,12.0,16.0,3,2
12.0,1.6094379124341003,12.0,12.0,3,2
14.0,2.3580197998821464,12.0,16.0,3,2
16.0,2.6864860231863696,16.0,19.0,3,2
18.0,2.1400661634962708,16.0,18.0,3,2
13.0,2.5649493574615367,12.0,16.0,3,2
13.0,2.7555697170701863,16.0,12.0,3,1
17.0,1.9933388426264242,17.0,16.0,3,2
16.0,3.1570004211501135,16.0,16.0,3,1
15.0,3.584906863730958,16.0,16.0,3,2
16.0,3.1307001339644756,16.0,17.0,2,1
16.0,2.6518325211039815,12.0,15.0,3,1
14.0,3.1793030497483774,14.0,14.0,3,1
16.0,1.6094379124341003,13.0,19.0,3,2
12.0,3.325755186495297,16.0,14.0,3,1
14.0,2.768831673362069,15.0,16.0,3,1
12.0,3.011605622710281,12.0,12.0,3,2
14.0,1.8325814637483102,16.0,16.0,3,1
16.0,2.733067964077498,16.0,14.0,3,2
16.0,2.1400661634962708,16.0,16.0,3,2
12.0,3.3141860046725258,14.0,16.0,3,1
12.0,2.4203681286504293,8.0,10.0,2,2
12.0,1.7647307968401356,12.0,13.0,3,2
12.0,2.262804222982201,12.0,14.0,3,1
12.0,2.822568654544802,9.0,12.0,3,1
12.0,1.763017000362401,12.0,16.0,3,1
12.0,1.4469189829363254,16.0,13.0,3,2
16.0,2.252343876557299,12.0,16.0,3,2
11.0,2.6026896854443837,10.0,12.0,3,1
12.0,1.4973884086254774,10.0,13.0,3,1
11.0,1.5789787049493917,8.0,11.0,3,2
8.0,1.749199854809259,12.0,13.0,3,1
16.0,2.7936160894318567,15.0,16.0,3,1
14.0,1.9823798288367047,10.0,12.0,3,1
12.0,2.175887439948088,7.0,12.0,3,2
12.0,2.302585092994046,8.0,14.0,3,1
12.0,2.4849066497880004,8.0,12.0,3,1
18.0,3.005187432324746,20.0,20.0,3,2
12.0,2.485739636091892,12.0,12.0,3,1
16.0,2.285438934159075,16.0,19.0,3,2
16.0,2.1077860146889784,12.0,12.0,3,2
12.0,2.6390573296152584,12.0,17.0,3,1
12.0,1.742219023667919,12.0,15.0,3,2
14.0,2.740840023925201,6.0,12.0,3,2
11.0,2.4423470353692043,12.0,12.0,3,1
12.0,1.8421356765531218,12.0,12.0,3,1
16.0,1.556037135706985,16.0,9.0,3,2
17.0,2.599722324216582,12.0,20.0,3,1
12.0,2.0149030205422647,10.0,12.0,3,2
12.0,2.256541154492639,10.0,10.0,3,1
12.0,2.70805020110221,12.0,12.0,3,1
12.0,1.4469189829363254,12.0,12.0,3,2
7.0,1.4469189829363254,9.0,9.0,3,1
12.0,1.6544112780768316,12.0,12.0,3,2
12.0,1.9892432737616872,8.0,12.0,3,1
12.0,1.916922612182061,9.0,12.0,3,2
12.0,1.6582280766035324,4.0,12.0,3,1
12.0,1.749199854809259,12.0,11.0,3,2
9.0,1.547562508716013,7.0,10.0,3,1
12.0,1.8870696490323797,12.0,12.0,3,2
12.0,2.224623551524334,12.0,9.0,3,2
12.0,1.62924053973028,12.0,12.0,3,2
12.0,2.402430427963762,12.0,13.0,3,1
12.0,2.3804716316511167,12.0,12.0,3,1
13.0,1.631199404215613,7.0,15.0,3,2
16.0,2.4096441652874536,10.0,13.0,3,2
12.0,2.5649493574615367,8.0,14.0,3,1
14.0,1.8357763546448294,12.0,12.0,3,2
13.0,1.6094379124341003,13.0,11.0,3,2
13.0,0.13976194237515863,12.0,12.0,3,2
12.0,2.4069451083182885,11.0,12.0,3,1
11.0,1.5040773967762742,11.0,14.0,3,2
12.0,2.4159137783010487,12.0,12.0,3,1
14.0,2.553343811341229,16.0,12.0,3,1
13.0,2.1400661634962708,8.0,5.0,3,2
18.0,2.872999508171694,8.0,16.0,3,1
16.0,1.9459101490553132,8.0,17.0,3,2
12.0,1.6770965609079151,10.0,12.0,3,2
12.0,2.4518667957098,8.0,2.0,3,1
16.0,2.733067964077498,17.0,13.0,3,1
16.0,2.917770732084279,18.0,14.0,3,1
16.0,3.1175073304799117,16.0,19.0,3,1
18.0,2.262804222982201,16.0,16.0,3,1
14.0,2.7568403652716422,12.0,14.0,3,1
10.0,2.0794415416798357,12.0,12.0,3,1
13.0,1.6094379124341003,12.0,1.0,3,2
15.0,1.791759469228055,10.0,12.0,3,1
15.0,2.664446563620078,13.0,15.0,3,2
13.0,2.6297282343267403,13.0,12.0,3,2
13.0,1.55814461804655,12.0,14.0,3,2
12.0,2.322387720290225,6.0,12.0,3,1
12.0,2.3646204839134985,6.0,15.0,3,1
17.0,2.6210388241125804,11.0,13.0,3,2
12.0,1.5040773967762742,10.0,6.0,3,2
12.0,1.7047480922384253,10.0,12.0,3,1
12.0,1.9416152247724325,8.0,8.0,3,2
14.0,2.5257286443082556,12.0,14.0,3,1
19.0,2.6275629501895237,13.0,18.0,3,1
12.0,3.068517943279639,12.0,18.0,3,1
14.0,2.1004689088719113,12.0,5.0,3,1
12.0,2.0794415416798357,12.0,2.0,3,1
15.0,1.6213664832993742,9.0,18.0,3,2
12.0,2.302585092994046,13.0,3.0,3,2
17.0,2.6602595372658615,14.0,19.0,3,2
16.0,2.668616131856803,12.0,14.0,3,2
17.0,1.9947003132247452,13.0,13.0,3,2
16.0,2.9311937524164198,12.0,15.0,3,2
18.0,2.262804222982201,12.0,16.0,3,2
12.0,1.6094379124341003,12.0,12.0,3,2
16.0,2.0149030205422647,16.0,16.0,3,1
18.0,2.599722324216582,16.0,16.0,3,2
12.0,1.5040773967762742,14.0,11.0,3,1
14.0,2.318458442150336,9.0,12.0,3,2
14.0,2.7166795278002644,14.0,12.0,3,1
12.0,1.6770965609079151,12.0,12.0,3,2
12.0,2.3115448343655176,11.0,14.0,3,1
18.0,2.4078456036515385,11.0,12.0,3,2
12.0,2.5447466501440172,13.0,12.0,3,1
14.0,2.9564715596006885,16.0,14.0,3,1
16.0,2.509599262378372,16.0,15.0,3,1
16.0,2.4423470353692043,12.0,12.0,3,1
16.0,2.5649493574615367,14.0,16.0,3,1
16.0,2.9311937524164198,14.0,15.0,3,1
16.0,3.005187432324746,13.0,14.0,3,1
12.0,1.7509374747078,12.0,7.0,3,2
12.0,2.105352923464337,7.0,12.0,3,1
11.0,2.3282528397426234,8.0,16.0,3,1
12.0,1.8309801823813363,12.0,12.0,3,1
12.0,2.1598687907924505,9.0,8.0,3,1
12.0,2.1598687907924505,9.0,12.0,3,1
12.0,1.007957920399979,12.0,12.0,3,1
12.0,2.302585092994046,12.0,12.0,3,1
12.0,2.0149030205422647,12.0,12.0,3,1
8.0,2.3978952727983707,12.0,12.0,3,1
12.0,2.157559320943788,9.0,16.0,3,2
19.0,3.2928695047765273,12.0,16.0,3,1
13.0,1.8325814637483102,14.0,11.0,3,2
10.0,1.4469189829363254,10.0,12.0,3,1
13.0,2.21375387928743,12.0,12.0,3,2
12.0,1.534714366238164,16.0,17.0,3,2
12.0,2.262804222982201,12.0,15.0,3,1
16.0,3.005187432324746,12.0,12.0,3,2
12.0,1.9080599249242156,10.0,12.0,3,2
13.0,0.8671004876833833,14.0,9.0,3,2
14.0,2.122261538862764,10.0,12.0,3,2
12.0,1.9459101490553132,12.0,12.0,3,1
12.0,1.5789787049493917,8.0,10.0,3,2
7.0,2.0476928433652555,2.0,12.0,3,1
13.0,1.1786549963416462,12.0,12.0,3,2
16.0,2.180417459019838,10.0,12.0,3,1
12.0,2.1400661634962708,10.0,12.0,3,1
14.0,2.2202898502672155,10.0,14.0,3,2
16.0,2.336986519711378,14.0,14.0,3,1
12.0,2.0794415416798357,13.0,12.0,3,1
8.0,1.749199854809259,7.0,11.0,1,1
12.0,1.8164520818184267,12.0,9.0,3,2
12.0,2.0399207835175526,12.0,12.0,3,2
12.0,2.3580197998821464,8.0,8.0,3,2
13.0,1.5040773967762742,12.0,14.0,3,2
18.0,2.516889695641051,10.0,12.0,3,2
12.0,2.0149030205422647,12.0,12.0,3,2
16.0,2.6347624053323777,10.0,12.0,3,2
14.0,2.217027204632399,12.0,12.0,3,2
13.0,1.4586150226995167,12.0,6.0,3,2
12.0,2.70805020110221,12.0,12.0,3,1
16.0,2.7638002162067017,20.0,18.0,3,1
12.0,2.1294214739848565,12.0,13.0,3,2
13.0,1.7334238922150915,12.0,12.0,3,2
14.0,2.4042387467205457,12.0,12.0,3,2
12.0,2.169053700369523,11.0,12.0,1,1
16.0,2.563409711275944,11.0,16.0,1,2
12.0,1.536867219599265,12.0,12.0,3,2
18.0,2.295560478057081,12.0,16.0,3,2
15.0,2.811208293204836,12.0,16.0,3,2
12.0,1.3862943611198906,7.0,9.0,3,2
12.0,1.5686159179138452,12.0,12.0,1,1
14.0,2.285438934159075,7.0,9.0,1,2
12.0,2.0794415416798357,8.0,12.0,3,1
12.0,1.791759469228055,11.0,15.0,3,2
11.0,1.9095425048844386,11.0,9.0,3,1
12.0,2.9564715596006885,9.0,16.0,3,1
15.0,2.599722324216582,13.0,14.0,3,2
16.0,2.805176911832933,18.0,16.0,3,2
20.0,1.951608170169951,16.0,18.0,3,2
15.0,2.8273136219290276,16.0,20.0,1,2
18.0,3.0740812399649675,8.0,12.0,3,2
16.0,2.9564715596006885,8.0,16.0,3,2
16.0,2.3398808777377424,14.0,17.0,3,1
15.0,2.4898941912990393,16.0,6.0,3,2
16.0,1.8325814637483102,20.0,17.0,3,2
17.0,2.262804222982201,20.0,19.0,3,2
16.0,2.599722324216582,20.0,19.0,3,2
19.0,3.3945083935113587,20.0,16.0,3,2
16.0,2.563409711275944,20.0,16.0,3,1
19.0,3.2928695047765273,16.0,20.0,3,1
14.0,2.784393767689544,16.0,5.0,3,2
20.0,1.7715567619105355,19.0,16.0,3,1
14.0,2.2300144001592104,12.0,13.0,1,1
12.0,1.6094379124341003,12.0,13.0,3,2
14.0,3.2375012889913655,17.0,12.0,3,1
15.0,2.0794415416798357,14.0,14.0,3,1
19.0,1.8961194845522977,16.0,14.0,3,2
12.0,2.3869262414277967,14.0,16.0,3,1
13.0,2.5257286443082556,14.0,14.0,3,2
14.0,2.822568654544802,12.0,1.0,1,2
17.0,3.6041382256588457,16.0,17.0,3,2
16.0,3.2260500286162013,16.0,18.0,3,1
16.0,1.6789639750827108,16.0,16.0,3,1
14.0,2.0794415416798357,16.0,13.0,3,1
12.0,2.0149030205422647,10.0,14.0,3,2
12.0,2.853015971352396,12.0,11.0,3,1
13.0,2.599722324216582,12.0,12.0,3,1
15.0,2.0515563381903004,12.0,17.0,3,2
18.0,2.9831534913471307,16.0,20.0,3,1
14.0,1.7227665977411035,16.0,8.0,3,2
18.0,2.0215475632609334,14.0,16.0,3,1
13.0,2.1198634561787513,9.0,14.0,2,2
18.0,3.091042453358316,12.0,20.0,3,2
14.0,1.9530276168241774,11.0,0.0,3,1
13.0,1.80005827204275,10.0,10.0,3,2
17.0,2.540814281726296,12.0,16.0,3,2
19.0,1.728109442151599,12.0,13.0,3,1
12.0,2.928523523860541,7.0,14.0,3,1
11.0,1.766441661243765,10.0,8.0,3,1
14.0,1.5871923034867805,6.0,7.0,2,2
12.0,1.8357763546448294,10.0,12.0,3,2
13.0,2.2364452904895007,12.0,12.0,3,2
12.0,1.6094379124341003,12.0,11.0,3,2
9.0,1.55814461804655,12.0,11.0,3,2
17.0,2.262804222982201,14.0,4.0,3,2
18.0,1.791759469228055,12.0,12.0,3,2
16.0,3.033509637888021,14.0,16.0,3,1
12.0,1.4469189829363254,12.0,12.0,2,2
12.0,1.791759469228055,3.0,12.0,2,1
11.0,1.791759469228055,12.0,11.0,2,1
12.0,1.5040773967762742,8.0,11.0,3,1
12.0,2.302585092994046,10.0,11.0,2,1
12.0,1.6770965609079151,10.0,12.0,2,2
12.0,1.9021075263969205,10.0,11.0,2,2
12.0,1.6094379124341003,7.0,12.0,2,2
20.0,2.21046980408624,16.0,16.0,3,2
16.0,3.0145540277945786,12.0,16.0,3,1
13.0,1.5040773967762742,12.0,12.0,3,1
20.0,1.7595805708638197,14.0,20.0,3,1
12.0,2.157559320943788,12.0,16.0,3,1
16.0,2.668616131856803,12.0,12.0,3,2
14.0,3.4011973816621555,16.0,0.0,3,1
12.0,1.5040773967762742,12.0,12.0,3,2
14.0,1.9933388426264242,12.0,7.0,3,2
12.0,2.2669579153508947,11.0,16.0,3,1
19.0,2.6411978941143697,16.0,9.0,3,2
16.0,1.780024213009634,16.0,16.0,3,2
12.0,2.5974910105351463,12.0,12.0,3,1
12.0,2.0215475632609334,12.0,5.0,3,2
14.0,2.6390573296152584,12.0,12.0,3,2
12.0,2.0794415416798357,7.0,14.0,3,2
14.0,1.5912739418064292,11.0,12.0,2,2
12.0,2.822568654544802,12.0,12.0,3,2
11.0,1.62924053973028,10.0,12.0,3,2
12.0,2.0082140323914683,11.0,12.0,3,2
12.0,1.247032293786383,8.0,11.0,3,1
15.0,1.4701758451005926,8.0,9.0,3,2
14.0,1.6582280766035324,8.0,0.0,3,2
12.0,2.1102132003465894,11.0,12.0,3,2
12.0,1.2029723039923526,12.0,12.0,3,1
16.0,2.624668592163159,12.0,12.0,3,2
12.0,2.344686269012681,11.0,18.0,1,2
17.0,1.6094379124341003,10.0,6.0,1,2
12.0,2.1400661634962708,8.0,14.0,3,1
12.0,1.8976198599275322,10.0,12.0,3,1
12.0,2.8735646395797834,6.0,12.0,1,1
12.0,2.733067964077498,12.0,12.0,3,1
12.0,1.5107219394949427,12.0,2.0,3,2
13.0,1.8325814637483102,14.0,11.0,3,1
12.0,2.976039640208255,12.0,12.0,3,2
13.0,2.505525936990736,16.0,2.0,3,2
12.0,2.2407096892759584,14.0,12.0,3,1
16.0,3.1463051320333655,16.0,19.0,3,1
12.0,2.740840023925201,8.0,12.0,3,1
18.0,0.371563556432483,12.0,11.0,3,1
20.0,2.222459048514761,16.0,16.0,3,1
14.0,1.7698546338400052,6.0,14.0,3,1
13.0,2.4423470353692043,12.0,12.0,3,1
12.0,2.1736147116970854,8.0,1.0,3,2
13.0,1.8991179875485542,14.0,9.0,3,1
12.0,2.302585092994046,12.0,8.0,3,2
12.0,2.127040520479115,12.0,16.0,3,1
20.0,1.4469189829363254,12.0,16.0,3,1
12.0,1.8718021769015913,12.0,11.0,3,1
13.0,1.9459101490553132,14.0,16.0,3,1
12.0,1.55814461804655,9.0,12.0,3,2
14.0,2.1174596088673567,12.0,12.0,3,2
16.0,2.649714624089247,12.0,16.0,3,2
12.0,2.4423470353692043,12.0,12.0,3,1
12.0,1.7595805708638197,12.0,10.0,3,2
16.0,2.9564715596006885,16.0,16.0,3,1
12.0,1.791759469228055,12.0,12.0,1,2
15.0,1.791759469228055,18.0,11.0,3,2
12.0,1.599387576580599,16.0,0.0,3,2
13.0,3.007166651179654,12.0,12.0,1,1
10.0,2.302585092994046,6.0,12.0,3,1
13.0,2.0955609235597192,12.0,12.0,3,1
12.0,2.1016921506146558,12.0,1.0,3,2
11.0,1.4469189829363254,12.0,15.0,3,2
12.0,1.9459101490553132,7.0,13.0,3,1
16.0,1.7047480922384253,8.0,11.0,3,2
15.0,2.9047128751668225,18.0,14.0,3,1
10.0,1.9459101490553132,6.0,7.0,1,1
17.0,2.509599262378372,3.0,12.0,1,1
12.0,2.1972245773362196,12.0,12.0,3,1
12.0,1.4469189829363254,12.0,12.0,3,2
12.0,2.3513752571634776,12.0,12.0,3,2
16.0,2.733067964077498,12.0,13.0,3,1
12.0,2.3561258599220753,12.0,12.0,3,1
17.0,2.6152036507358583,12.0,16.0,3,2
14.0,2.451005098112319,12.0,17.0,3,1
12.0,1.6544112780768316,12.0,12.0,3,1
12.0,1.9242486522741338,9.0,12.0,3,2
12.0,1.0577902941478545,8.0,7.0,3,2
10.0,1.8961194845522977,2.0,11.0,3,1
12.0,1.5040773967762742,9.0,7.0,3,2
16.0,2.8656235882069705,3.0,14.0,1,1
20.0,2.005525858729668,5.0,16.0,1,1
15.0,1.9459101490553132,3.0,15.0,1,2
12.0,2.2027647577118348,12.0,14.0,3,2
14.0,2.9528247725427144,14.0,12.0,3,1
13.0,2.0794415416798357,14.0,17.0,3,1
16.0,2.1972245773362196,16.0,16.0,3,1
12.0,2.302585092994046,20.0,13.0,3,1
12.0,2.0794415416798357,16.0,12.0,3,1
15.0,2.0149030205422647,9.0,12.0,3,2
13.0,3.2965773325320527,16.0,13.0,3,1
12.0,2.0794415416798357,12.0,12.0,3,2
12.0,1.8325814637483102,10.0,8.0,3,1
12.0,2.224623551524334,8.0,12.0,3,2
13.0,1.9095425048844386,10.0,12.0,3,2
12.0,2.0149030205422647,8.0,12.0,3,2
14.0,2.5257286443082556,11.0,14.0,3,1
12.0,2.7936160894318567,8.0,18.0,3,2
12.0,2.772588722239781,8.0,16.0,3,2
14.0,3.3523572162426816,12.0,16.0,3,1
13.0,2.33214389523559,13.0,14.0,3,1
10.0,2.0794415416798357,9.0,8.0,3,2
11.0,2.1471001901536506,8.0,4.0,3,1
12.0,1.6094379124341003,8.0,6.0,3,1
12.0,1.4469189829363254,8.0,11.0,3,2
12.0,1.1568811967920856,12.0,10.0,3,2
13.0,2.6026896854443837,10.0,4.0,3,1
12.0,1.691939133945844,12.0,12.0,3,2
12.0,2.2375130962503307,10.0,12.0,3,1
12.0,2.1377104498038118,8.0,12.0,3,2
9.0,2.3513752571634776,7.0,12.0,3,1
13.0,2.1972245773362196,13.0,13.0,3,2
12.0,2.2082744135228043,13.0,5.0,3,1
12.0,1.0473189942805592,10.0,10.0,3,2
16.0,2.3115448343655176,16.0,12.0,3,2
12.0,2.579458966729223,13.0,12.0,3,2
16.0,2.4449523342809676,14.0,18.0,3,2
12.0,2.3978952727983707,14.0,18.0,3,2
12.0,2.3115448343655176,14.0,14.0,3,1
13.0,2.1400661634962708,12.0,12.0,3,2
12.0,2.3135250330323798,8.0,12.0,3,2
17.0,2.4782176616372036,16.0,11.0,3,2
12.0,2.533696813957432,12.0,7.0,3,2
12.0,1.3862943611198906,9.0,12.0,3,1
12.0,2.2512917986064953,6.0,15.0,3,1
13.0,1.4469189829363254,12.0,6.0,3,2
12.0,1.7578579175523736,8.0,12.0,3,2
17.0,2.7806808921371173,16.0,2.0,3,2
12.0,1.827769906751088,12.0,12.0,3,2
12.0,1.6370530794670737,11.0,14.0,3,1
12.0,2.6026896854443837,10.0,12.0,3,1
12.0,2.8130106367386967,14.0,15.0,3,1
9.0,1.7351891177396608,8.0,12.0,3,1
12.0,2.1972245773362196,11.0,14.0,3,1
12.0,2.196112848483529,12.0,12.0,3,1
10.0,1.791759469228055,9.0,9.0,3,1
16.0,2.617395832834079,8.0,15.0,3,2
12.0,1.9459101490553132,9.0,13.0,3,2
12.0,1.9459101490553132,12.0,7.0,3,2
13.0,2.5726122302071057,12.0,12.0,3,1
14.0,1.8082887711792655,12.0,4.0,3,2
13.0,1.4469189829363254,8.0,14.0,3,2
16.0,2.9564715596006885,16.0,17.0,3,1
12.0,2.1400661634962708,12.0,13.0,3,1
12.0,1.6582280766035324,13.0,9.0,3,2
14.0,1.8794650496471605,12.0,12.0,3,2
16.0,2.8903717578961645,12.0,16.0,3,2
16.0,2.733067964077498,12.0,16.0,3,1
17.0,1.0818051703517284,16.0,5.0,3,1
16.0,1.6639260977181702,16.0,14.0,3,1
15.0,2.995732273553991,15.0,14.0,3,1
13.0,2.0930978681273213,16.0,14.0,3,1
14.0,2.3683728335320486,12.0,12.0,3,1
16.0,3.0740812399649675,16.0,18.0,3,1
13.0,0.22314355131420976,12.0,17.0,3,2
16.0,2.9564715596006885,12.0,13.0,3,1
12.0,1.6094379124341003,14.0,16.0,3,2
16.0,2.833213344056216,12.0,12.0,3,2
12.0,2.365559892155434,9.0,12.0,3,1
13.0,1.7227665977411035,12.0,7.0,3,2
14.0,1.916922612182061,5.0,12.0,3,1
12.0,2.6390573296152584,12.0,10.0,3,1
10.0,2.302585092994046,12.0,12.0,3,1
14.0,1.791759469228055,12.0,14.0,3,1
12.0,1.9740810260220096,9.0,16.0,3,1
16.0,2.3683728335320486,12.0,14.0,3,1
13.0,2.967332799032293,12.0,14.0,3,2
12.0,1.4586150226995167,12.0,14.0,3,2
12.0,2.995732273553991,12.0,13.0,3,1
16.0,2.0794415416798357,16.0,16.0,3,2
16.0,2.6026896854443837,16.0,20.0,3,2
16.0,1.9754689512968577,16.0,13.0,3,2
12.0,1.713797927758343,8.0,9.0,3,2
14.0,2.4336133554004498,12.0,14.0,3,1
13.0,1.791759469228055,12.0,12.0,3,2
12.0,1.7029282555214393,8.0,12.0,3,1
12.0,2.302585092994046,9.0,16.0,3,1
13.0,2.4449523342809676,12.0,12.0,3,1
16.0,1.7595805708638197,8.0,12.0,3,2
16.0,1.8855533485144158,8.0,17.0,3,2
17.0,2.733067964077498,8.0,12.0,3,2
16.0,2.9019708937395166,12.0,15.0,3,2
18.0,1.969905654611529,12.0,16.0,3,1
17.0,1.7509374747078,12.0,17.0,3,1
12.0,2.446685436967803,12.0,12.0,3,1
15.0,2.772588722239781,8.0,12.0,3,2
16.0,2.6461747973841225,8.0,19.0,3,1
12.0,1.1631508098056809,8.0,12.0,3,1
12.0,2.7555697170701863,12.0,16.0,3,1
12.0,2.70805020110221,18.0,12.0,3,1
12.0,1.536867219599265,8.0,16.0,3,1
16.0,2.201659174404085,12.0,13.0,3,2
10.0,2.6026896854443837,10.0,12.0,3,1
12.0,2.2407096892759584,12.0,12.0,3,2
16.0,2.485739636091892,8.0,14.0,3,1
16.0,1.7950872593207297,12.0,14.0,3,1
16.0,2.4168062370840686,14.0,16.0,3,1
12.0,2.485739636091892,14.0,12.0,3,1
15.0,2.772588722239781,14.0,14.0,3,1
17.0,2.494031557565001,12.0,16.0,3,1
16.0,2.8296776892239084,12.0,12.0,3,1
12.0,0.4054651081081644,10.0,12.0,3,2
12.0,2.327277705584417,7.0,11.0,3,2
13.0,2.0347056478384444,8.0,12.0,3,2
14.0,2.647592232065096,8.0,11.0,3,2
13.0,2.1090003439213802,8.0,16.0,3,1
12.0,2.70805020110221,12.0,12.0,3,1
12.0,1.8082887711792655,12.0,12.0,3,2
16.0,2.8284963541780774,16.0,12.0,3,1
16.0,2.9047128751668225,16.0,16.0,3,2
16.0,2.942331496826876,16.0,16.0,3,1
14.0,1.6094379124341003,14.0,13.0,3,1
12.0,1.4469189829363254,12.0,12.0,3,1
8.0,1.536867219599265,7.0,10.0,3,1
14.0,2.0347056478384444,11.0,14.0,3,2
9.0,1.6094379124341003,4.0,9.0,3,1
8.0,1.7509374747078,4.0,12.0,3,1
7.0,2.5257286443082556,9.0,8.0,3,1
12.0,1.4701758451005926,7.0,12.0,3,2
12.0,2.4782176616372036,7.0,12.0,3,1
13.0,2.306577114263583,10.0,3.0,3,2
12.0,1.4469189829363254,10.0,12.0,3,2
8.0,1.7047480922384253,0.0,11.0,3,2
12.0,2.402430427963762,0.0,10.0,3,1
14.0,1.7047480922384253,7.0,10.0,3,2
14.0,1.4469189829363254,7.0,4.0,3,2
13.0,2.180417459019838,3.0,12.0,2,2
8.0,2.0794415416798357,4.0,10.0,3,1
12.0,2.086913556518537,7.0,10.0,3,1
12.0,1.3454723665996355,12.0,9.0,2,2
12.0,1.6094379124341003,14.0,10.0,2,2
8.0,1.3217558399823195,8.0,6.0,3,1
12.0,2.327277705584417,9.0,12.0,3,2
16.0,2.833213344056216,9.0,16.0,3,2
12.0,1.8718021769015913,7.0,12.0,2,2
12.0,1.7047480922384253,12.0,12.0,3,2
12.0,2.1972245773362196,10.0,14.0,3,2
12.0,2.0399207835175526,11.0,12.0,2,2
11.0,1.9810014688665833,11.0,8.0,2,2
17.0,2.6347624053323777,16.0,18.0,3,2
16.0,1.7298840655099674,11.0,6.0,2,2
12.0,1.6094379124341003,12.0,8.0,3,2
11.0,1.4469189829363254,13.0,12.0,3,2
12.0,2.4527277514237653,12.0,9.0,3,1
12.0,1.8196988379172965,2.0,12.0,3,2
12.0,2.0149030205422647,5.0,12.0,3,1
12.0,2.128231705849268,6.0,6.0,3,1
12.0,2.2407096892759584,10.0,13.0,3,1
9.0,1.840549633397487,6.0,9.0,3,2
12.0,2.8390784635086144,12.0,16.0,3,1
14.0,2.2300144001592104,16.0,12.0,3,1
13.0,2.302585092994046,11.0,0.0,3,1
12.0,2.149433913499871,10.0,12.0,3,2
12.0,2.1041341542702074,7.0,10.0,3,2
12.0,1.8779371654691073,12.0,12.0,3,2
12.0,2.3513752571634776,11.0,13.0,3,2
12.0,1.6582280766035324,10.0,7.0,3,2
14.0,1.9315214116032138,9.0,14.0,3,2
16.0,3.0252910757955354,4.0,17.0,3,1
12.0,1.9021075263969205,8.0,8.0,3,1
12.0,1.7047480922384253,12.0,14.0,2,1
13.0,1.8164520818184267,12.0,6.0,2,2
8.0,1.8794650496471605,10.0,9.0,3,1
12.0,2.050270164379556,6.0,16.0,3,2
12.0,1.8870696490323797,7.0,5.0,3,2
8.0,1.791759469228055,7.0,10.0,3,2
9.0,1.8325814637483102,8.0,0.0,3,1
12.0,2.437115985951652,10.0,10.0,3,2
12.0,2.995732273553991,8.0,12.0,3,1
12.0,1.9095425048844386,8.0,12.0,3,2
12.0,2.1972245773362196,9.0,11.0,3,1
8.0,2.2512917986064953,9.0,11.0,3,1
12.0,2.0149030205422647,3.0,12.0,2,1
12.0,2.302585092994046,3.0,12.0,2,1
14.0,2.349468678892896,12.0,15.0,3,1
12.0,1.8961194845522977,6.0,12.0,3,1
17.0,2.733067964077498,8.0,14.0,3,1
12.0,2.1102132003465894,6.0,11.0,3,1
12.0,2.0918640616783932,14.0,14.0,3,2
12.0,1.9095425048844386,8.0,12.0,3,2
14.0,2.0149030205422647,12.0,7.0,3,2
12.0,1.8931119634883424,7.0,6.0,3,2
12.0,1.8931119634883424,7.0,2.0,3,2
12.0,1.6094379124341003,8.0,12.0,3,2
12.0,2.186051276738094,3.0,6.0,3,1
9.0,1.6094379124341003,3.0,7.0,3,2
12.0,1.5769147207285403,7.0,7.0,3,2
16.0,1.8261608959453874,6.0,14.0,3,2
12.0,1.8325814637483102,11.0,12.0,3,2
14.0,1.8794650496471605,12.0,13.0,3,2
12.0,2.1972245773362196,12.0,16.0,3,2
12.0,1.9933388426264242,8.0,13.0,3,1
12.0,2.060513531794317,8.0,5.0,3,2
12.0,1.7984040119467235,8.0,7.0,3,2
12.0,1.6582280766035324,8.0,12.0,3,2
12.0,1.5040773967762742,9.0,12.0,3,2
12.0,1.8050046959780757,11.0,12.0,3,2
12.0,1.8718021769015913,12.0,8.0,3,2
12.0,1.6582280766035324,8.0,12.0,3,2
12.0,2.1234584270966104,8.0,11.0,3,2
12.0,2.248128907197987,6.0,14.0,3,1
12.0,2.668616131856803,9.0,10.0,3,1
16.0,2.9311937524164198,19.0,18.0,3,2
17.0,2.1736147116970854,18.0,18.0,3,1
18.0,2.4449523342809676,13.0,16.0,3,2
20.0,1.4279160358107101,20.0,18.0,3,2
16.0,2.7936160894318567,14.0,8.0,3,1
12.0,1.888583653863595,6.0,12.0,3,2
9.0,1.6094379124341003,5.0,12.0,3,1
9.0,1.6094379124341003,6.0,11.0,3,1
9.0,1.888583653863595,10.0,9.0,3,1
12.0,2.1815467646169897,7.0,5.0,3,1
12.0,1.791759469228055,8.0,12.0,3,1
12.0,1.8325814637483102,8.0,12.0,3,2
13.0,1.5769147207285403,7.0,12.0,2,1
13.0,1.7578579175523736,12.0,12.0,2,2
12.0,1.2725655957915476,12.0,1.0,2,1
12.0,1.9035989509835904,12.0,12.0,2,2
12.0,2.138889000323256,12.0,13.0,2,1
12.0,1.4469189829363254,12.0,14.0,2,1
16.0,2.1849270495258133,12.0,6.0,2,1
12.0,2.169053700369523,12.0,5.0,2,2
17.0,2.179286876649552,11.0,13.0,3,1
20.0,3.1875915348284343,18.0,16.0,3,1
17.0,2.135349173618132,18.0,16.0,3,2
12.0,2.33214389523559,12.0,12.0,3,1
12.0,1.9754689512968577,12.0,4.0,3,2
14.0,2.302585092994046,12.0,16.0,3,2
13.0,1.5040773967762742,11.0,10.0,2,2
14.0,2.485739636091892,1.0,18.0,2,1
13.0,1.6094379124341003,12.0,12.0,2,2
12.0,2.1412419425852827,12.0,12.0,2,2
12.0,1.4469189829363254,12.0,10.0,2,2
13.0,2.0268315914075385,12.0,11.0,3,2
17.0,3.4420193761824107,17.0,18.0,3,1
17.0,2.836736542063533,12.0,14.0,3,1
14.0,2.501435951739211,10.0,16.0,3,2
16.0,2.805176911832933,17.0,16.0,3,2
12.0,2.8130106367386967,12.0,18.0,3,1
16.0,2.88703285663065,14.0,16.0,3,1
20.0,4.007333185232471,11.0,16.0,3,1
12.0,0.6626879730752367,18.0,13.0,3,1
12.0,3.005187432324746,8.0,10.0,3,2
19.0,2.822568654544802,10.0,20.0,3,2
14.0,2.3978952727983707,12.0,14.0,3,2
16.0,2.4527277514237653,15.0,18.0,3,2
12.0,2.772588722239781,11.0,6.0,3,1
13.0,1.536867219599265,12.0,12.0,3,1
17.0,2.5305171610400525,15.0,13.0,1,2
11.0,1.6094379124341003,6.0,10.0,3,1
12.0,2.169053700369523,11.0,12.0,3,1
16.0,2.6461747973841225,8.0,12.0,3,2
12.0,3.064325065019603,8.0,3.0,3,1
12.0,2.0955609235597192,12.0,12.0,3,1
13.0,2.47232786758114,8.0,13.0,3,1
13.0,3.138533072185662,13.0,12.0,3,1
12.0,2.0476928433652555,6.0,12.0,3,1
16.0,2.655352412101761,0.0,0.0,3,2
13.0,1.631199404215613,11.0,3.0,3,2
14.0,1.8718021769015913,10.0,13.0,3,1
12.0,2.169053700369523,10.0,12.0,3,1
12.0,2.372111155642656,9.0,10.0,3,2
14.0,1.791759469228055,12.0,7.0,3,2
14.0,2.1938856760707046,12.0,15.0,3,2
13.0,1.791759469228055,8.0,8.0,3,2
12.0,2.327277705584417,12.0,11.0,3,1
12.0,1.8718021769015913,11.0,12.0,3,2
12.0,2.3978952727983707,12.0,12.0,3,1
12.0,2.1598687907924505,12.0,12.0,1,1
13.0,2.0028304393079956,8.0,7.0,1,2
15.0,1.8082887711792655,12.0,8.0,1,1
11.0,1.9810014688665833,3.0,12.0,1,2
15.0,5.1647859739235145,7.0,8.0,1,2
13.0,2.8604851241459652,7.0,14.0,1,1
14.0,1.965712776351493,0.0,12.0,1,1
16.0,1.3428648031925547,6.0,13.0,1,2
13.0,0.4824261492442928,0.0,12.0,1,2
14.0,1.9473377010464987,0.0,12.0,1,2
12.0,2.180417459019838,4.0,12.0,1,1
12.0,2.545531271604435,14.0,14.0,1,2
13.0,2.3580197998821464,12.0,0.0,1,1
16.0,2.644755350729896,8.0,19.0,1,2
8.0,1.4469189829363254,7.0,10.0,1,1
13.0,1.7047480922384253,8.0,6.0,1,2
14.0,1.860974538249528,8.0,4.0,1,2
13.0,2.211565694606877,14.0,8.0,1,2
14.0,2.0794415416798357,0.0,13.0,1,1
9.0,1.7047480922384253,3.0,12.0,1,1
12.0,2.641910398597665,0.0,12.0,1,1
12.0,1.6582280766035324,0.0,12.0,1,2
12.0,2.21375387928743,0.0,12.0,1,1
14.0,1.47932922708708,0.0,8.0,1,2
16.0,2.822568654544802,18.0,16.0,1,1
12.0,2.157559320943788,12.0,6.0,1,2
12.0,1.7595805708638197,12.0,17.0,1,1
13.0,1.9837562915454279,12.0,15.0,1,1
12.0,1.8325814637483102,11.0,12.0,1,1
9.0,1.864080130807681,8.0,7.0,1,2
12.0,1.9878743481543455,8.0,12.0,1,2
12.0,1.4469189829363254,5.0,8.0,1,2
13.0,2.5817308344235403,12.0,16.0,1,1
16.0,3.138533072185662,4.0,18.0,1,1
12.0,1.791759469228055,12.0,5.0,1,2
15.0,2.402430427963762,11.0,16.0,1,2
12.0,1.763017000362401,6.0,9.0,1,2
9.0,2.0149030205422647,12.0,12.0,1,2
12.0,2.302585092994046,10.0,12.0,1,1
15.0,2.280339484046726,6.0,14.0,1,1
14.0,1.9823798288367047,0.0,6.0,1,2
14.0,2.402430427963762,12.0,8.0,1,2
12.0,1.7439688053917064,6.0,5.0,1,1
12.0,1.9615022438151495,10.0,14.0,1,1
18.0,2.3580197998821464,14.0,11.0,1,2
11.0,1.4701758451005926,10.0,12.0,1,1
12.0,2.063058062429312,11.0,1.0,1,2
10.0,1.463255402256019,3.0,11.0,1,1
12.0,2.5185025992165158,12.0,12.0,1,1
16.0,1.8961194845522977,12.0,6.0,1,1
14.0,1.4469189829363254,12.0,2.0,1,2
14.0,2.3115448343655176,0.0,16.0,1,2
16.0,2.135349173618132,11.0,14.0,1,1
12.0,2.6210388241125804,4.0,0.0,1,1
12.0,2.0268315914075385,4.0,12.0,1,1
8.0,1.62924053973028,3.0,12.0,1,2
12.0,2.1972245773362196,4.0,12.0,1,1
12.0,1.9544450515051506,6.0,13.0,1,2
12.0,1.599387576580599,12.0,12.0,1,1
14.0,1.9837562915454279,12.0,0.0,1,2
13.0,2.302585092994046,0.0,12.0,1,1
3.0,1.2029723039923526,2.0,3.0,1,2
12.0,2.1400661634962708,4.0,12.0,1,1
12.0,2.0794415416798357,4.0,0.0,1,1
12.0,2.0541237336955462,0.0,6.0,1,1
12.0,2.262804222982201,12.0,12.0,2,1
12.0,2.580216829592325,8.0,12.0,2,2
14.0,2.0980179272527715,12.0,14.0,2,2
15.0,1.7578579175523736,12.0,12.0,2,1
13.0,2.523325759691945,12.0,0.0,2,2
4.0,2.0149030205422647,2.0,12.0,1,1
10.0,2.2793164660546914,11.0,9.0,2,2
14.0,2.0399207835175526,12.0,9.0,2,2
14.0,1.7509374747078,6.0,20.0,2,2
12.0,2.169053700369523,12.0,7.0,2,1
12.0,2.8780742300857587,12.0,5.0,2,1
14.0,2.4740142086215764,12.0,8.0,2,2
12.0,2.186051276738094,12.0,13.0,2,1
13.0,2.1938856760707046,6.0,10.0,2,2
14.0,2.6390573296152584,10.0,16.0,2,1
12.0,1.6094379124341003,14.0,8.0,2,2
10.0,2.1656192379208883,11.0,4.0,2,1
12.0,2.3978952727983707,11.0,12.0,2,1
12.0,1.8809906029559975,12.0,14.0,2,1
12.0,1.623340817603092,10.0,12.0,2,2
12.0,2.681706225762608,12.0,16.0,2,1
12.0,2.0149030205422647,12.0,11.0,2,2
12.0,1.0885619528146082,4.0,9.0,2,1
12.0,1.6253112615903906,9.0,8.0,2,2
12.0,2.0794415416798357,12.0,12.0,2,2
12.0,2.028148247292285,12.0,12.0,2,1
12.0,1.8594181177018698,12.0,11.0,2,1
11.0,2.191653532286764,12.0,10.0,2,1
12.0,1.4747630091074988,12.0,11.0,2,2
15.0,1.9095425048844386,4.0,2.0,2,2
14.0,2.733067964077498,12.0,0.0,2,2
16.0,1.7595805708638197,16.0,13.0,2,2
10.0,1.4469189829363254,12.0,8.0,2,1
16.0,2.822568654544802,12.0,8.0,2,2
14.0,2.157559320943788,9.0,12.0,2,2
15.0,1.791759469228055,12.0,16.0,2,1
14.0,1.965712776351493,11.0,11.0,2,2
13.0,1.7047480922384253,11.0,9.0,2,2
13.0,1.6094379124341003,12.0,10.0,2,1
16.0,2.6034301519721073,10.0,9.0,2,1
16.0,1.7526720805200082,13.0,10.0,2,2
12.0,2.0794415416798357,9.0,2.0,2,2
11.0,2.0794415416798357,6.0,6.0,2,1
12.0,1.6582280766035324,12.0,12.0,2,1
12.0,1.4701758451005926,12.0,10.0,2,2
17.0,1.8484548129046001,6.0,14.0,2,2
16.0,2.151762203259462,10.0,9.0,2,2
12.0,0.9162907318741551,12.0,8.0,2,2
12.0,1.4586150226995167,6.0,12.0,2,2
12.0,2.390595970316759,11.0,8.0,2,2
12.0,1.7613002617433464,11.0,12.0,2,1
14.0,2.0399207835175526,12.0,12.0,2,2
12.0,1.749199854809259,12.0,14.0,2,1
16.0,2.8075938314384716,12.0,12.0,2,2
17.0,2.4423470353692043,14.0,16.0,2,1
12.0,1.791759469228055,15.0,4.0,2,2
14.0,1.6094379124341003,16.0,3.0,2,1
13.0,1.9300710850255671,16.0,0.0,2,2
12.0,1.6094379124341003,10.0,12.0,2,2
18.0,3.2928695047765273,19.0,18.0,2,2
12.0,2.0794415416798357,12.0,12.0,2,2
10.0,1.7047480922384253,12.0,13.0,2,2
12.0,2.1102132003465894,12.0,7.0,2,2
12.0,1.9810014688665833,12.0,16.0,2,1
15.0,1.9892432737616872,12.0,0.0,2,2
12.0,1.5040773967762742,12.0,12.0,2,1
13.0,1.9459101490553132,12.0,6.0,2,2
12.0,2.0149030205422647,12.0,12.0,2,1
12.0,1.9095425048844386,5.0,7.0,2,1
16.0,2.6390573296152584,12.0,16.0,2,2
12.0,2.174751721484161,9.0,11.0,2,1
15.0,2.1400661634962708,9.0,14.0,2,1
14.0,2.262804222982201,10.0,13.0,2,1
15.0,1.8718021769015913,5.0,12.0,2,1
12.0,2.0149030205422647,12.0,12.0,2,1
16.0,2.9811261211646287,14.0,16.0,2,1
16.0,2.590767040487478,12.0,14.0,2,1
12.0,2.179286876649552,10.0,12.0,2,1
15.0,1.7047480922384253,12.0,10.0,2,2
12.0,2.70805020110221,12.0,12.0,2,1
18.0,3.080532875246456,14.0,19.0,2,1
12.0,1.5686159179138452,10.0,12.0,2,2
14.0,3.0740812399649675,14.0,6.0,2,2
15.0,2.211565694606877,13.0,6.0,2,2
12.0,1.536867219599265,4.0,12.0,2,2
9.0,1.6094379124341003,4.0,8.0,2,1
16.0,2.449279472144849,10.0,15.0,2,2
12.0,2.0794415416798357,12.0,0.0,2,1
10.0,2.4475508632442313,7.0,3.0,2,2
10.0,2.0731719286662407,10.0,14.0,2,1
12.0,1.7334238922150915,12.0,15.0,2,2
15.0,2.668616131856803,12.0,8.0,2,2
12.0,1.55814461804655,14.0,2.0,2,2
14.0,2.5241273629412815,8.0,6.0,2,2
12.0,2.543961412569315,8.0,0.0,2,2
19.0,2.3115448343655176,15.0,0.0,2,2
12.0,1.8325814637483102,15.0,12.0,2,1
20.0,2.733067964077498,14.0,20.0,2,1
13.0,1.9740810260220096,8.0,12.0,2,2
12.0,1.55814461804655,8.0,0.0,2,2
11.0,1.4469189829363254,8.0,9.0,2,2
17.0,3.1793030497483774,12.0,14.0,2,1
14.0,2.2512917986064953,13.0,14.0,2,2
15.0,2.772588722239781,6.0,12.0,2,2
12.0,-0.11653381625595151,6.0,12.0,2,1
12.0,1.891604804197771,12.0,10.0,2,2
12.0,1.5040773967762742,12.0,12.0,2,2
12.0,1.9242486522741338,11.0,12.0,2,1
14.0,2.190535589185423,5.0,12.0,2,1
14.0,1.8718021769015913,11.0,10.0,2,2
16.0,1.8794650496471605,9.0,16.0,2,1
17.0,3.056356895370426,6.0,14.0,2,2
15.0,1.7749523509116738,12.0,10.0,2,2
13.0,2.2975725511705014,4.0,14.0,2,1
14.0,2.302585092994046,2.0,14.0,2,2
14.0,2.224623551524334,5.0,12.0,2,1
12.0,1.9459101490553132,11.0,12.0,2,2
12.0,2.0162354657760435,8.0,5.0,2,1
12.0,1.6094379124341003,8.0,12.0,2,2
13.0,-0.7765287894989963,12.0,10.0,2,2
8.0,1.6582280766035324,6.0,11.0,2,1
16.0,1.791759469228055,12.0,14.0,2,2
13.0,2.192770226986839,6.0,11.0,2,2
16.0,2.262804222982201,12.0,5.0,2,2
12.0,1.791759469228055,6.0,9.0,2,2
14.0,2.0918640616783932,10.0,12.0,2,2
13.0,1.8325814637483102,12.0,10.0,2,2
15.0,1.8261608959453874,9.0,9.0,2,2
16.0,1.8325814637483102,10.0,14.0,2,1
16.0,1.4701758451005926,16.0,12.0,2,1
17.0,2.341805806147327,11.0,17.0,2,2
18.0,3.0740812399649675,12.0,12.0,2,2
10.0,1.763017000362401,12.0,9.0,2,2
15.0,2.0794415416798357,6.0,15.0,2,2
14.0,2.446685436967803,7.0,20.0,2,1
13.0,1.62924053973028,4.0,5.0,2,2
15.0,2.0943301541735866,7.0,16.0,2,2
15.0,1.4469189829363254,4.0,12.0,2,2
12.0,1.927164106234258,8.0,3.0,2,1
18.0,2.0980179272527715,12.0,18.0,2,2
13.0,2.700018029404946,12.0,15.0,2,2
13.0,1.5040773967762742,8.0,7.0,2,2
17.0,2.3561258599220753,6.0,17.0,2,1
12.0,1.4469189829363254,8.0,11.0,2,2
16.0,2.0215475632609334,9.0,12.0,2,1
12.0,1.791759469228055,9.0,12.0,2,1
13.0,2.017566137961748,6.0,11.0,2,2
14.0,2.060513531794317,0.0,4.0,2,2
12.0,1.4469189829363254,0.0,9.0,2,2
12.0,1.7047480922384253,12.0,12.0,2,2
12.0,1.9459101490553132,9.0,12.0,2,1
17.0,2.6651427000909336,16.0,10.0,2,2
18.0,0.10436001532424286,17.0,19.0,2,2
11.0,2.0918640616783932,8.0,12.0,2,1
9.0,1.3862943611198906,11.0,14.0,2,2
16.0,2.2512917986064953,8.0,11.0,2,2
13.0,1.4747630091074988,8.0,11.0,2,2
15.0,1.8082887711792655,8.0,11.0,2,2
12.0,1.9065751436566365,8.0,16.0,2,2
12.0,1.536867219599265,4.0,0.0,2,2
12.0,1.4469189829363254,10.0,8.0,2,2
12.0,1.667706820558076,8.0,12.0,2,1
12.0,1.7047480922384253,9.0,10.0,2,2
12.0,1.9823798288367047,3.0,12.0,2,1
16.0,2.9096295745005794,6.0,5.0,2,2
14.0,2.1972245773362196,10.0,6.0,2,2
12.0,1.8484548129046001,10.0,14.0,2,2
13.0,1.6094379124341003,8.0,8.0,2,2
12.0,1.6582280766035324,7.0,8.0,2,2
12.0,1.4469189829363254,7.0,12.0,2,2
16.0,2.4561641809223462,7.0,7.0,2,2
12.0,2.209372711271867,3.0,15.0,2,2
9.0,2.253394848803274,6.0,11.0,2,2
9.0,2.587011872725154,9.0,12.0,2,1
12.0,1.8229350866965048,12.0,8.0,2,2
12.0,2.0794415416798357,11.0,16.0,2,1
15.0,1.9558604799084813,12.0,16.0,2,1
12.0,1.6193882432872684,7.0,11.0,2,2
12.0,1.667706820558076,7.0,11.0,2,2
13.0,2.0149030205422647,9.0,9.0,2,1
12.0,1.9947003132247452,9.0,9.0,2,2
17.0,2.1400661634962708,5.0,16.0,2,1
12.0,1.749199854809259,6.0,9.0,2,2
12.0,1.7561322915849038,3.0,12.0,2,2
12.0,1.9459101490553132,6.0,11.0,2,1
12.0,1.4469189829363254,2.0,12.0,2,2
11.0,2.302585092994046,9.0,12.0,2,1
12.0,1.766441661243765,4.0,11.0,2,1
12.0,2.4449523342809676,6.0,14.0,2,1
12.0,1.4816045409242156,7.0,12.0,2,2
8.0,1.9459101490553132,1.0,11.0,2,1
12.0,2.1972245773362196,12.0,12.0,2,1
17.0,1.4861396960896067,7.0,12.0,2,2
13.0,0.5933268452777344,10.0,11.0,2,2
12.0,2.6275629501895237,9.0,14.0,2,1
12.0,2.1400661634962708,9.0,16.0,2,1
12.0,2.3978952727983707,11.0,9.0,2,1
16.0,2.9811261211646287,4.0,7.0,2,1
16.0,2.437115985951652,3.0,14.0,2,2
12.0,2.4203681286504293,12.0,11.0,2,1
15.0,4.325191697921343,8.0,16.0,2,1
9.0,1.6094379124341003,12.0,16.0,2,1
16.0,1.9459101490553132,12.0,10.0,2,2
12.0,1.4469189829363254,9.0,8.0,2,1
11.0,2.1424163408412245,12.0,7.0,2,2
12.0,2.3580197998821464,6.0,12.0,2,1
14.0,2.4362414778067194,5.0,5.0,2,2
12.0,1.4469189829363254,7.0,7.0,2,1
16.0,2.327277705584417,8.0,0.0,2,1
12.0,2.7936160894318567,9.0,12.0,2,1
12.0,2.2512917986064953,5.0,12.0,2,1
16.0,2.157559320943788,5.0,12.0,2,2
15.0,2.157559320943788,12.0,12.0,2,1
12.0,1.3217558399823195,8.0,12.0,2,1
12.0,1.9213246735826988,4.0,11.0,2,2
12.0,1.9459101490553132,12.0,12.0,2,1
13.0,1.8578592709325787,6.0,8.0,2,2
16.0,2.9517803860248084,9.0,10.0,1,2
15.0,2.776954179749421,15.0,16.0,2,2
14.0,2.70805020110221,12.0,14.0,2,2
12.0,2.3513752571634776,12.0,12.0,2,1
14.0,0.9162907318741551,10.0,15.0,1,1
12.0,1.8748743759385615,18.0,10.0,2,1
12.0,2.2375130962503307,4.0,6.0,1,2
13.0,1.1908875647772805,4.0,3.0,1,2
10.0,1.8961194845522977,3.0,9.0,1,1
13.0,1.5686159179138452,9.0,12.0,1,2
12.0,2.302585092994046,8.0,12.0,1,1
12.0,1.5432981099295553,10.0,11.0,2,1
11.0,1.4469189829363254,12.0,10.0,2,2
16.0,2.872999508171694,12.0,12.0,1,2
14.0,1.8718021769015913,5.0,11.0,1,2
14.0,2.9564715596006885,11.0,14.0,1,1
19.0,3.0101281538377234,12.0,16.0,2,2
12.0,1.6845453849209058,11.0,10.0,2,2
12.0,2.3513752571634776,12.0,10.0,1,2
14.0,1.5040773967762742,18.0,14.0,1,2
13.0,2.1400661634962708,12.0,8.0,2,2
12.0,2.162172939277301,12.0,12.0,2,1
17.0,1.8702625307159986,12.0,12.0,1,2
9.0,1.8325814637483102,12.0,12.0,2,1
16.0,2.344686269012681,12.0,12.0,2,1
12.0,1.8961194845522977,12.0,0.0,1,2
12.0,2.277267285009756,12.0,10.0,2,1
12.0,2.1400661634962708,9.0,11.0,2,2
11.0,1.9095425048844386,8.0,12.0,1,1
12.0,2.3978952727983707,6.0,4.0,1,2
14.0,2.5273273656719524,8.0,8.0,1,1
12.0,2.598979106047848,0.0,4.0,2,1
19.0,2.6071242825122494,3.0,14.0,1,1
10.0,2.2235418856535927,3.0,11.0,1,1
12.0,1.536867219599265,5.0,13.0,1,2
12.0,2.402430427963762,3.0,12.0,1,1
12.0,1.6094379124341003,10.0,12.0,1,1
12.0,2.0918640616783932,12.0,8.0,2,1
14.0,2.655352412101761,8.0,14.0,1,1
15.0,2.302585092994046,12.0,12.0,2,1
13.0,3.1307001339644756,6.0,13.0,1,1
13.0,1.0577902941478545,12.0,11.0,1,1
9.0,2.5257286443082556,8.0,2.0,1,1
14.0,2.124653884501384,7.0,12.0,1,1
14.0,2.8021475244813256,14.0,12.0,1,2
15.0,2.387844936944869,2.0,0.0,1,1
16.0,3.385067999732272,12.0,6.0,1,2
16.0,2.7738379416402132,12.0,14.0,1,2
12.0,2.3580197998821464,6.0,12.0,1,1
19.0,2.0706530356467567,16.0,20.0,1,2
12.0,2.0241930674493576,7.0,12.0,1,2
16.0,3.1982648709640764,8.0,9.0,1,2
14.0,2.3960754360813845,12.0,13.0,1,2
13.0,2.0149030205422647,12.0,12.0,1,1
13.0,2.302585092994046,12.0,12.0,2,1
18.0,4.8283137373023015,14.0,14.0,2,1
12.0,2.5649493574615367,12.0,12.0,2,2
16.0,2.8021475244813256,12.0,14.0,2,1
15.0,2.733067964077498,9.0,12.0,2,2
18.0,2.8021475244813256,11.0,19.0,2,1
13.0,1.9387416595767009,17.0,9.0,2,2
16.0,2.1004689088719113,17.0,15.0,2,2
17.0,2.733067964077498,9.0,14.0,1,1
12.0,2.0794415416798357,16.0,16.0,2,1
15.0,2.3580197998821464,10.0,12.0,2,2
9.0,2.668616131856803,12.0,12.0,2,1
12.0,2.3570732782781154,5.0,12.0,2,1
17.0,2.9590682891823996,12.0,5.0,2,2
12.0,1.8748743759385615,10.0,12.0,2,1
14.0,2.767576180416237,20.0,1.0,1,2
12.0,1.9754689512968577,9.0,6.0,2,2
12.0,0.9162907318741551,12.0,15.0,1,1
12.0,2.105352923464337,6.0,6.0,1,2
14.0,2.4849066497880004,6.0,18.0,1,2
12.0,1.6094379124341003,7.0,8.0,1,2
12.0,2.262804222982201,8.0,6.0,1,2
12.0,2.460443177609626,10.0,11.0,1,1
12.0,2.1972245773362196,9.0,16.0,1,2
14.0,2.668616131856803,12.0,12.0,2,2
12.0,2.668616131856803,12.0,13.0,2,1
9.0,2.70805020110221,12.0,12.0,2,1
12.0,1.9459101490553132,10.0,12.0,2,1
13.0,2.8780742300857587,10.0,12.0,2,1
12.0,1.8325814637483102,10.0,16.0,2,1
12.0,2.2375130962503307,5.0,16.0,1,1
16.0,1.7984040119467235,12.0,15.0,2,2
16.0,2.644755350729896,16.0,2.0,2,1
12.0,2.5257286443082556,10.0,12.0,2,2
12.0,2.33214389523559,11.0,0.0,1,1
12.0,2.8622008809294686,10.0,18.0,1,2
13.0,2.8780742300857587,10.0,12.0,1,1
12.0,2.772588722239781,6.0,13.0,2,2
18.0,2.6275629501895237,8.0,18.0,1,2
12.0,1.7173950539391927,8.0,8.0,2,2
13.0,2.5257286443082556,8.0,6.0,2,2
14.0,2.4449523342809676,12.0,14.0,1,1
12.0,2.9564715596006885,15.0,13.0,1,1
13.0,2.2267833795777636,9.0,2.0,1,1
12.0,2.0794415416798357,3.0,12.0,2,1
14.0,2.485739636091892,12.0,0.0,2,2
12.0,2.0149030205422647,10.0,0.0,2,2
15.0,1.8718021769015913,8.0,10.0,2,2
15.0,1.791759469228055,12.0,15.0,2,1
12.0,2.0149030205422647,4.0,6.0,2,2
14.0,2.5257286443082556,12.0,8.0,2,2
12.0,2.4865719291070616,12.0,12.0,2,2
16.0,2.281361456542419,12.0,16.0,2,1
14.0,2.0992441689760155,9.0,12.0,2,2
12.0,2.4915511925066687,11.0,10.0,2,1
12.0,1.8082887711792655,7.0,12.0,2,1
12.0,2.668616131856803,12.0,16.0,1,1
16.0,1.5789787049493917,5.0,16.0,1,2
12.0,1.8421356765531218,12.0,11.0,1,2
13.0,2.0412203288596382,13.0,11.0,1,2
12.0,1.7509374747078,6.0,6.0,2,2
13.0,2.302585092994046,12.0,16.0,2,1
14.0,1.8718021769015913,9.0,14.0,2,1
12.0,1.8687205103641833,12.0,3.0,2,1
16.0,1.843719208158766,14.0,13.0,2,2
16.0,2.6539459421090092,14.0,14.0,2,2
18.0,1.0116009116784799,5.0,16.0,2,2
13.0,1.7647307968401356,5.0,12.0,2,2
16.0,2.70805020110221,5.0,16.0,2,2
12.0,2.5847519847577165,5.0,1.0,2,1
13.0,2.157559320943788,10.0,11.0,2,2
17.0,1.9558604799084813,12.0,12.0,2,2
14.0,1.6094379124341003,4.0,12.0,2,1
12.0,1.5040773967762742,12.0,12.0,2,2
18.0,2.997231149677727,18.0,18.0,2,1
13.0,2.8384934971274993,12.0,8.0,2,1
16.0,2.2648832258100344,12.0,5.0,2,2
16.0,2.0068708488450007,16.0,16.0,2,1
17.0,2.431857428698185,16.0,10.0,2,2
16.0,2.4449523342809676,15.0,14.0,2,2
9.0,1.5260563034950492,12.0,12.0,2,1
13.0,1.6486586255873816,12.0,8.0,2,2
16.0,2.8507065015037334,3.0,11.0,2,2
14.0,2.0399207835175526,18.0,6.0,2,2
16.0,2.8903717578961645,20.0,16.0,2,1
13.0,1.7047480922384253,11.0,5.0,2,2
12.0,1.7681496035889213,12.0,14.0,2,2
12.0,1.5830939370944985,8.0,12.0,2,2
13.0,1.791759469228055,11.0,12.0,2,2
12.0,2.691243082785829,11.0,14.0,2,1
12.0,1.6094379124341003,12.0,8.0,2,2
13.0,2.1482677326096886,12.0,12.0,2,1
12.0,1.3862943611198906,12.0,10.0,2,2
12.0,1.5040773967762742,12.0,6.0,2,1
12.0,3.4420193761824107,11.0,11.0,2,1
16.0,2.4948569806411682,12.0,18.0,2,1
10.0,1.7047480922384253,12.0,3.0,1,2
12.0,2.4849066497880004,12.0,13.0,1,1
12.0,2.3115448343655176,13.0,5.0,2,2
15.0,2.424802725718295,12.0,6.0,2,2
12.0,2.302585092994046,16.0,15.0,2,1
16.0,2.8507065015037334,16.0,19.0,2,1
12.0,2.3115448343655176,4.0,12.0,2,1
13.0,2.8130106367386967,4.0,7.0,2,2
13.0,2.298577071596507,4.0,9.0,2,2
12.0,1.7029282555214393,4.0,12.0,2,1
12.0,1.6094379124341003,12.0,16.0,2,1
12.0,1.7404661748405046,12.0,5.0,2,2
10.0,1.4469189829363254,10.0,12.0,2,2
12.0,1.9344157696295783,12.0,14.0,2,2
14.0,2.1400661634962708,12.0,3.0,2,2
13.0,2.451005098112319,10.0,10.0,2,1
18.0,2.414126467726953,14.0,15.0,2,2
12.0,-2.120263536200091,9.0,9.0,2,2
14.0,1.9459101490553132,9.0,9.0,2,1
12.0,1.4469189829363254,6.0,4.0,2,2
12.0,2.192770226986839,12.0,9.0,2,2
12.0,1.6582280766035324,6.0,9.0,2,2
15.0,2.8610573702273894,12.0,14.0,2,1
12.0,1.749199854809259,12.0,0.0,2,1
16.0,2.1400661634962708,12.0,12.0,2,1
13.0,1.8870696490323797,12.0,12.0,2,2
12.0,2.336986519711378,8.0,7.0,2,2
13.0,2.048982334195127,12.0,12.0,2,2
8.0,1.2809338454620642,6.0,11.0,1,2
8.0,2.1162555148025524,0.0,6.0,1,1
8.0,2.4570214462984645,0.0,6.0,1,1
14.0,2.6390573296152584,12.0,0.0,2,2
16.0,2.930126516455997,10.0,12.0,2,2
12.0,2.668616131856803,16.0,10.0,1,2
14.0,2.50715725872282,15.0,15.0,2,2
12.0,2.0149030205422647,11.0,11.0,2,2
12.0,1.840549633397487,12.0,8.0,2,2
12.0,1.8325814637483102,7.0,5.0,2,1
11.0,1.4469189829363254,6.0,5.0,2,2
14.0,2.715356776284648,12.0,14.0,2,1
12.0,-0.4942963218147801,12.0,12.0,2,2
12.0,1.7191887763932197,12.0,12.0,1,2
15.0,2.833213344056216,4.0,14.0,1,1
13.0,2.453587966530573,4.0,14.0,1,2
14.0,2.733067964077498,9.0,13.0,1,1
8.0,1.5789787049493917,6.0,10.0,1,2
10.0,1.5040773967762742,3.0,6.0,2,2
12.0,1.5432981099295553,12.0,16.0,2,1
12.0,2.6210388241125804,7.0,8.0,2,1
14.0,2.5779415157551897,7.0,14.0,2,1
15.0,1.6094379124341003,14.0,13.0,2,1
19.0,2.733067964077498,15.0,0.0,2,2
12.0,1.6094379124341003,12.0,12.0,2,2
12.0,2.1435893615035875,8.0,12.0,2,1
12.0,1.9459101490553132,8.0,10.0,2,1
16.0,1.791759469228055,12.0,3.0,2,2
15.0,1.9459101490553132,16.0,3.0,2,2
17.0,2.6720775406433925,16.0,15.0,2,2
12.0,1.791759469228055,12.0,8.0,2,1
14.0,2.0149030205422647,6.0,12.0,2,2
12.0,1.7119945007591924,12.0,15.0,2,1
14.0,1.4469189829363254,3.0,11.0,2,2
13.0,1.864080130807681,12.0,14.0,2,2
9.0,2.0149030205422647,10.0,10.0,1,1
12.0,1.6094379124341003,7.0,10.0,2,2
13.0,2.5257286443082556,11.0,16.0,1,2
13.0,2.065596134857783,15.0,13.0,2,2
12.0,1.791759469228055,15.0,12.0,2,1
12.0,1.791759469228055,8.0,14.0,2,1
12.0,2.0955609235597192,10.0,14.0,2,1
12.0,2.402430427963762,12.0,12.0,1,1
19.0,2.372111155642656,16.0,16.0,1,1
16.0,2.4790562361098245,12.0,16.0,2,2
17.0,3.0516399054922867,10.0,16.0,2,1
20.0,2.97756830292632,10.0,16.0,2,1
12.0,1.9572739077056285,3.0,9.0,2,2
14.0,2.191653532286764,3.0,12.0,2,2
12.0,2.3513752571634776,3.0,16.0,2,1
12.0,1.8325814637483102,3.0,10.0,2,1
12.0,1.713797927758343,8.0,6.0,2,2
13.0,2.2300144001592104,12.0,12.0,2,1
15.0,2.1329823086078656,17.0,16.0,2,1
12.0,0.9162907318741551,15.0,15.0,2,1
16.0,2.1400661634962708,16.0,7.0,2,2
14.0,1.6094379124341003,12.0,12.0,2,2
12.0,2.711377991194885,11.0,12.0,2,2
16.0,2.3664984187376983,16.0,18.0,2,2
15.0,2.1294214739848565,16.0,16.0,2,2
16.0,2.402430427963762,9.0,16.0,2,1
12.0,2.617395832834079,12.0,0.0,2,1
12.0,2.4449523342809676,12.0,12.0,2,1
13.0,2.626840145676667,16.0,18.0,2,2
12.0,2.2159372862683733,16.0,13.0,2,1
20.0,0.14842000511827322,10.0,14.0,1,1
12.0,2.485739636091892,16.0,14.0,1,1
14.0,2.8633430855082453,15.0,13.0,1,1
16.0,3.110399348532117,14.0,16.0,1,2
20.0,2.2071749081893874,14.0,12.0,1,1
12.0,2.4865719291070616,9.0,4.0,1,2
14.0,1.9810014688665833,12.0,7.0,2,2
16.0,2.523325759691945,12.0,3.0,2,2
12.0,2.169053700369523,12.0,12.0,2,2
12.0,1.884034745337226,12.0,7.0,2,2
14.0,2.0149030205422647,3.0,9.0,2,2
12.0,1.8718021769015913,3.0,6.0,2,1
12.0,1.5789787049493917,3.0,6.0,2,2
17.0,2.8673305587494666,7.0,16.0,2,1
8.0,1.5040773967762742,1.0,9.0,2,1
13.0,2.4501426573516603,11.0,15.0,1,1
12.0,2.0149030205422647,9.0,12.0,1,1
16.0,2.316487998163037,10.0,16.0,2,2
18.0,2.4655539212721855,11.0,15.0,2,2
12.0,2.449279472144849,8.0,5.0,2,2
13.0,2.2407096892759584,8.0,13.0,2,2
12.0,1.4469189829363254,16.0,8.0,2,2
16.0,2.7363136663750693,14.0,16.0,2,1
12.0,1.4469189829363254,12.0,12.0,2,2
12.0,2.1004689088719113,11.0,12.0,2,1
13.0,1.6601310267496185,10.0,4.0,2,2
16.0,4.605170185988092,14.0,5.0,2,2
12.0,1.55814461804655,14.0,7.0,2,2
12.0,2.0794415416798357,12.0,12.0,2,1
12.0,1.791759469228055,12.0,8.0,2,2
12.0,2.0794415416798357,7.0,12.0,2,1
15.0,2.0149030205422647,8.0,10.0,2,2
11.0,2.569554123848285,7.0,12.0,2,1
14.0,1.9501867058225735,11.0,12.0,2,2
12.0,2.1972245773362196,12.0,14.0,2,1
12.0,2.010894999144726,16.0,1.0,2,2
13.0,1.423108334242607,13.0,16.0,1,2
12.0,-0.3285040669720361,12.0,12.0,1,2
9.0,2.262804222982201,9.0,10.0,1,1
12.0,2.3580197998821464,12.0,12.0,1,1
12.0,2.1972245773362196,7.0,12.0,1,1
16.0,2.719978771967484,12.0,14.0,1,2
20.0,2.309560706730471,17.0,16.0,1,1
10.0,1.4469189829363254,3.0,6.0,2,2
12.0,1.667706820558076,3.0,12.0,2,2
16.0,2.8284963541780774,12.0,16.0,2,1
13.0,1.7457155307266483,9.0,10.0,1,2
15.0,1.8718021769015913,12.0,14.0,1,1
13.0,2.7555697170701863,12.0,12.0,1,1
12.0,2.0399207835175526,7.0,12.0,1,1
12.0,3.0740812399649675,7.0,4.0,1,1
9.0,1.6094379124341003,12.0,12.0,1,1
20.0,1.7884205679625405,19.0,20.0,1,1
16.0,2.9564715596006885,16.0,16.0,1,1
12.0,1.791759469228055,12.0,12.0,2,1
16.0,2.302585092994046,11.0,15.0,2,1
15.0,2.0693912058263346,11.0,12.0,2,1
18.0,2.4203681286504293,9.0,6.0,1,2
15.0,2.2648832258100344,9.0,12.0,1,2
16.0,2.485739636091892,9.0,16.0,1,1
18.0,2.3115448343655176,12.0,5.0,2,2
12.0,1.7173950539391927,11.0,11.0,2,2
8.0,2.0149030205422647,4.0,11.0,1,1
14.0,2.485739636091892,6.0,13.0,1,2
13.0,2.570319527636131,8.0,15.0,1,1
12.0,2.2905125117597764,7.0,5.0,1,2
15.0,2.580974118534234,14.0,14.0,2,2
16.0,2.532902848056256,17.0,19.0,1,2
16.0,3.1467351470905185,16.0,17.0,1,1
18.0,1.6094379124341003,16.0,18.0,1,2
14.0,2.803360380906535,16.0,8.0,2,2
12.0,1.5686159179138452,12.0,12.0,2,2
12.0,2.302585092994046,12.0,12.0,2,1
13.0,1.890095369948917,13.0,12.0,2,1
12.0,1.55814461804655,12.0,12.0,2,2
14.0,2.5257286443082556,19.0,13.0,2,2
15.0,1.7173950539391927,19.0,5.0,2,2
12.0,1.3862943611198906,19.0,17.0,2,1
12.0,2.5649493574615367,12.0,4.0,2,1
12.0,0.8415671856782185,0.0,12.0,2,2
12.0,2.9412760877579323,10.0,12.0,2,1
12.0,2.0399207835175526,12.0,12.0,2,1
12.0,1.8718021769015913,12.0,12.0,2,1
16.0,1.9974177062012453,12.0,9.0,2,2
11.0,1.3480731482996928,11.0,11.0,2,2
12.0,2.1102132003465894,12.0,7.0,2,1
13.0,2.766319109226186,7.0,12.0,2,2
14.0,1.9878743481543455,7.0,8.0,2,2
12.0,1.6582280766035324,10.0,13.0,2,2
12.0,2.169053700369523,4.0,16.0,2,1
13.0,2.2731562823032334,4.0,12.0,2,2
12.0,1.4929040961781488,12.0,10.0,2,2
14.0,2.935451342669061,12.0,12.0,2,2
17.0,1.4469189829363254,12.0,14.0,2,1
12.0,1.900613874140137,11.0,10.0,2,2
13.0,2.225704048658088,11.0,12.0,2,2
12.0,1.4701758451005926,9.0,3.0,2,2
12.0,2.1400661634962708,12.0,15.0,2,1
14.0,1.4469189829363254,12.0,14.0,2,1
14.0,1.9878743481543455,12.0,16.0,2,2
13.0,2.0294631718735947,12.0,13.0,2,2
12.0,1.6094379124341003,12.0,14.0,2,1
11.0,1.4701758451005926,11.0,12.0,2,2
12.0,1.3532545070416904,13.0,16.0,2,2
14.0,1.8531680973566984,11.0,14.0,1,2
12.0,1.5040773967762742,12.0,9.0,2,2
15.0,2.0794415416798357,11.0,14.0,2,1
14.0,2.7638002162067017,11.0,1.0,2,2
15.0,2.2407096892759584,4.0,8.0,2,2
14.0,2.341805806147327,4.0,12.0,2,2
16.0,2.510411940196362,4.0,12.0,2,1
16.0,1.9740810260220096,11.0,15.0,2,2
17.0,2.0001277349601105,11.0,16.0,2,2
14.0,1.6094379124341003,8.0,5.0,2,2
13.0,2.3978952727983707,8.0,14.0,2,1
16.0,2.5649493574615367,8.0,16.0,2,1
17.0,3.068052935133617,12.0,16.0,2,1
12.0,2.0794415416798357,7.0,8.0,2,1
12.0,1.6094379124341003,7.0,15.0,2,2
16.0,2.7936160894318567,12.0,5.0,2,2
12.0,-0.5447271754416722,10.0,12.0,2,2
12.0,1.9459101490553132,10.0,15.0,2,1
12.0,1.6094379124341003,9.0,12.0,2,1
12.0,1.6094379124341003,9.0,14.0,2,1
15.0,3.2188758248682006,17.0,12.0,1,1
14.0,2.5610957881455465,16.0,13.0,1,1
18.0,2.9564715596006885,16.0,16.0,1,1
17.0,3.1307001339644756,16.0,19.0,1,1
17.0,1.1755733298042381,0.0,12.0,1,1
14.0,1.536867219599265,12.0,14.0,1,1
16.0,1.199964782928397,6.0,14.0,1,1
14.0,2.4655539212721855,16.0,8.0,1,2
16.0,2.9564715596006885,12.0,0.0,2,1
17.0,2.4203681286504293,18.0,7.0,2,2
18.0,2.551006451492524,9.0,16.0,1,2
12.0,2.401525040848949,12.0,13.0,1,2
12.0,1.7833912195575383,0.0,11.0,1,2
12.0,2.0681277817795625,9.0,8.0,1,1
12.0,2.3804716316511167,10.0,12.0,1,2
12.0,2.280339484046726,0.0,12.0,1,1
14.0,1.9740810260220096,11.0,12.0,2,2
12.0,2.1610215286722587,6.0,0.0,2,2
16.0,2.668616131856803,9.0,14.0,2,1
12.0,1.6094379124341003,11.0,11.0,2,2
7.0,2.0794415416798357,11.0,0.0,2,1
12.0,1.791759469228055,12.0,9.0,2,2
12.0,1.8718021769015913,12.0,12.0,2,1
13.0,2.2300144001592104,3.0,11.0,2,2
12.0,1.8702625307159986,12.0,12.0,2,2
10.0,1.791759469228055,12.0,11.0,2,2
14.0,2.2300144001592104,7.0,0.0,1,2
12.0,2.3427668826268775,11.0,7.0,1,1
13.0,2.4527277514237653,5.0,16.0,1,2
12.0,2.1400661634962708,9.0,12.0,2,2
12.0,2.302585092994046,10.0,9.0,1,2
12.0,1.4469189829363254,9.0,8.0,1,2
12.0,2.485739636091892,8.0,9.0,1,2
13.0,1.4469189829363254,14.0,18.0,2,1
14.0,1.927164106234258,12.0,7.0,2,2
12.0,1.5686159179138452,12.0,8.0,2,2
13.0,2.005525858729668,11.0,12.0,2,2
12.0,1.6882490928583902,11.0,5.0,2,2
14.0,2.563409711275944,14.0,4.0,2,1
15.0,2.402430427963762,12.0,16.0,2,1
12.0,2.122261538862764,12.0,4.0,2,2
12.0,1.5686159179138452,12.0,12.0,2,1
12.0,2.302585092994046,12.0,12.0,2,1
12.0,1.536867219599265,8.0,3.0,1,2
10.0,1.6582280766035324,5.0,6.0,1,1
12.0,2.3580197998821464,9.0,12.0,1,1
10.0,1.6094379124341003,9.0,11.0,1,1
12.0,2.6195832197798796,12.0,11.0,1,1
12.0,2.4527277514237653,13.0,12.0,1,1
12.0,1.9416152247724325,12.0,12.0,1,2
12.0,1.7227665977411035,12.0,0.0,1,1
14.0,2.080690761080268,12.0,1.0,1,2
12.0,2.347558458636777,9.0,12.0,1,2
18.0,3.1793030497483774,12.0,12.0,1,1
18.0,2.0955609235597192,12.0,14.0,1,1
16.0,2.738902664584975,12.0,14.0,2,1
14.0,1.4469189829363254,14.0,14.0,2,2
13.0,2.6152036507358583,14.0,12.0,1,1
12.0,2.157559320943788,0.0,12.0,1,1
12.0,2.485739636091892,12.0,12.0,1,2
15.0,2.0215475632609334,12.0,4.0,2,2
13.0,2.4849066497880004,4.0,7.0,1,2
12.0,1.1631508098056809,4.0,13.0,1,2
12.0,2.485739636091892,4.0,10.0,1,1
14.0,2.7485521444115397,12.0,2.0,2,2
12.0,2.1972245773362196,5.0,14.0,1,1
14.0,2.4168062370840686,4.0,14.0,1,1
12.0,1.5040773967762742,12.0,6.0,1,2
12.0,2.134166441369082,8.0,12.0,1,1
11.0,-4.605170185988091,8.0,6.0,1,1
12.0,1.6582280766035324,10.0,13.0,1,2
10.0,2.405141681319138,0.0,15.0,1,1
12.0,2.1162555148025524,3.0,6.0,1,1
12.0,2.372111155642656,3.0,12.0,1,1
13.0,2.5257286443082556,11.0,9.0,1,2
12.0,2.0215475632609334,11.0,14.0,1,2
13.0,2.1656192379208883,8.0,10.0,1,1
12.0,2.1400661634962708,12.0,11.0,1,1
12.0,1.890095369948917,8.0,12.0,1,2
12.0,2.209372711271867,0.0,12.0,1,1
14.0,2.0082140323914683,3.0,14.0,1,2
5.0,1.0188473201992472,3.0,12.0,1,2
9.0,1.673351238177753,0.0,0.0,1,1
6.0,1.713797927758343,0.0,12.0,1,1
20.0,3.1463051320333655,10.0,15.0,1,2
14.0,1.791759469228055,3.0,18.0,2,2
12.0,2.1004689088719113,3.0,10.0,1,2
11.0,2.5257286443082556,4.0,12.0,1,1
12.0,2.0241930674493576,2.0,13.0,1,2
10.0,2.2267833795777636,2.0,12.0,1,1
15.0,1.925707441737794,6.0,6.0,1,2
12.0,2.3702437414678603,16.0,3.0,1,2
11.0,2.2300144001592104,12.0,12.0,1,1
12.0,2.8021475244813256,12.0,12.0,1,2
16.0,3.028683373693677,12.0,16.0,1,2
16.0,3.657130755799356,12.0,14.0,2,2
13.0,1.0986122886681098,8.0,11.0,1,2
11.0,3.2188758248682006,0.0,15.0,1,1
14.0,1.9416152247724325,12.0,14.0,1,2
15.0,2.510411940196362,12.0,12.0,1,2
10.0,2.1701959049483,12.0,11.0,1,2
12.0,2.70805020110221,15.0,12.0,1,1
12.0,1.791759469228055,12.0,12.0,1,1
15.0,2.6354795082673745,6.0,15.0,2,2
16.0,1.4469189829363254,12.0,13.0,1,2
13.0,1.6094379124341003,12.0,10.0,1,2
14.0,2.4849066497880004,11.0,13.0,2,1
16.0,3.073618812211062,12.0,1.0,2,2
16.0,3.1161784266298582,18.0,3.0,2,2
16.0,2.1102132003465894,17.0,12.0,2,2
16.0,2.822568654544802,14.0,5.0,2,1
16.0,2.6210388241125804,12.0,14.0,2,1
13.0,1.9501867058225735,12.0,12.0,2,2
13.0,-1.0788096613719298,12.0,9.0,2,2
13.0,1.791759469228055,12.0,12.0,2,1
6.0,1.6094379124341003,0.0,10.0,1,2
11.0,1.55814461804655,4.0,4.0,1,2
14.0,1.7227665977411035,2.0,12.0,1,1
10.0,2.1972245773362196,16.0,16.0,1,1
19.0,2.8881470628740535,16.0,16.0,2,1
4.0,1.3862943611198906,0.0,2.0,1,2
13.0,2.174751721484161,0.0,12.0,1,1
12.0,2.4849066497880004,6.0,11.0,1,1
15.0,2.833213344056216,3.0,14.0,1,1
6.0,2.2823823856765264,6.0,12.0,1,1
10.0,2.8160073426073025,6.0,3.0,1,1
4.0,1.8164520818184267,0.0,5.0,1,2
14.0,2.8780742300857587,6.0,14.0,1,1
14.0,2.548663615590751,3.0,13.0,1,2
3.0,2.178155014615869,4.0,0.0,1,1
15.0,2.3513752571634776,12.0,12.0,1,1
18.0,2.8587664184808337,6.0,14.0,1,2
13.0,2.710048203764883,4.0,11.0,1,2
10.0,2.1400661634962708,10.0,12.0,1,1
8.0,1.9459101490553132,1.0,10.0,1,1
12.0,2.0794415416798357,8.0,12.0,1,2
16.0,1.8325814637483102,6.0,16.0,1,2
20.0,2.3427668826268775,1.0,8.0,1,2
13.0,2.5649493574615367,12.0,12.0,2,1
12.0,1.7047480922384253,5.0,15.0,1,2
12.0,1.7047480922384253,10.0,3.0,2,2
16.0,2.9156062290747062,14.0,20.0,1,1
17.0,2.551006451492524,10.0,1.0,1,1
12.0,2.0215475632609334,12.0,8.0,1,2
12.0,-4.605170185988091,9.0,8.0,1,2
11.0,2.7549337870010606,12.0,12.0,1,1
14.0,2.2648832258100344,6.0,14.0,1,2
16.0,2.822568654544802,8.0,16.0,1,2
12.0,2.355177543113216,8.0,6.0,1,1
16.0,2.9564715596006885,7.0,13.0,1,1
18.0,2.4449523342809676,3.0,16.0,1,1
13.0,4.851248708584797,12.0,0.0,2,1
12.0,1.8961194845522977,11.0,13.0,1,1
12.0,2.510411940196362,11.0,3.0,1,2
12.0,3.367295829986474,10.0,14.0,1,1
15.0,2.6347624053323777,5.0,0.0,1,1
12.0,2.302585092994046,3.0,9.0,1,1
12.0,3.4011973816621555,11.0,12.0,1,1
14.0,2.437115985951652,8.0,7.0,1,2
12.0,2.0215475632609334,12.0,12.0,1,2
14.0,2.3617969526258915,8.0,8.0,1,2
7.0,2.4849066497880004,1.0,6.0,1,1
11.0,1.8718021769015913,4.0,5.0,1,2
12.0,2.5952547069568657,3.0,14.0,1,2
4.0,2.8610573702273894,0.0,5.0,1,1
15.0,1.9416152247724325,12.0,15.0,2,2
12.0,2.5257286443082556,12.0,14.0,1,2
12.0,2.733067964077498,6.0,12.0,1,2
11.0,2.8414149131696336,12.0,12.0,1,1
12.0,1.4929040961781488,6.0,4.0,1,1
12.0,1.791759469228055,12.0,12.0,1,1
12.0,2.391511302188447,12.0,14.0,2,2
16.0,2.995732273553991,12.0,8.0,2,2
19.0,2.432735777459091,10.0,14.0,1,2
13.0,2.2289385528257473,15.0,13.0,1,2
16.0,1.998773638612381,14.0,13.0,1,1
16.0,3.453789831781326,12.0,18.0,1,2
15.0,4.532814523795951,12.0,19.0,1,2
12.0,2.833213344056216,12.0,12.0,1,1
11.0,3.624340932976365,15.0,12.0,1,1
3.0,1.791759469228055,4.0,5.0,1,1
12.0,2.302585092994046,6.0,12.0,1,1
13.0,2.5494451709255714,16.0,14.0,1,2
18.0,3.242592351485517,16.0,18.0,1,2
14.0,2.169053700369523,14.0,13.0,1,1
13.0,2.9311937524164198,14.0,12.0,2,1
12.0,2.5257286443082556,8.0,12.0,2,1
12.0,2.6390573296152584,12.0,12.0,1,2
12.0,3.056356895370426,12.0,12.0,2,1
12.0,1.8164520818184267,12.0,12.0,2,1
6.0,0.6097655716208943,0.0,12.0,1,2
16.0,2.9564715596006885,12.0,14.0,1,2
9.0,2.4932054526026954,3.0,9.0,1,1
13.0,2.1114245875328868,6.0,12.0,1,2
12.0,2.7343675094195836,12.0,10.0,1,2
12.0,2.2512917986064953,3.0,12.0,1,1
12.0,2.797281334830153,9.0,11.0,1,1
14.0,1.713797927758343,11.0,9.0,1,2
12.0,2.4078456036515385,9.0,11.0,1,2
9.0,1.3862943611198906,9.0,11.0,1,2
12.0,2.277267285009756,6.0,6.0,1,1
10.0,2.2874714551839976,6.0,6.0,1,1
3.0,-0.07257069283483537,0.0,9.0,1,2
17.0,2.437115985951652,12.0,14.0,1,2
16.0,2.772588722239781,13.0,20.0,1,1
13.0,3.584906863730958,6.0,17.0,1,1
16.0,1.4469189829363254,3.0,3.0,1,1
15.0,1.9065751436566365,3.0,14.0,1,2
12.0,2.740840023925201,12.0,15.0,1,1
6.0,1.2669476034873244,3.0,12.0,1,2
8.0,1.8484548129046001,6.0,8.0,1,1
7.0,2.0215475632609334,0.0,7.0,1,2
12.0,2.2874714551839976,7.0,11.0,1,1
12.0,2.214846178686039,7.0,3.0,1,2
15.0,1.791759469228055,3.0,18.0,1,1
14.0,2.413231613081109,5.0,16.0,1,1
12.0,2.2512917986064953,4.0,4.0,1,2
12.0,2.413231613081109,3.0,12.0,1,1
12.0,2.5257286443082556,2.0,13.0,1,1
12.0,2.388762789235098,8.0,9.0,1,1
12.0,1.4469189829363254,6.0,6.0,1,1
12.0,1.6956156086751528,5.0,0.0,1,2
12.0,1.5789787049493917,7.0,5.0,1,2
9.0,1.9837562915454279,5.0,10.0,1,1
12.0,1.6582280766035324,2.0,12.0,1,2
12.0,1.1786549963416462,10.0,12.0,1,2
12.0,1.8325814637483102,12.0,12.0,1,1
12.0,1.791759469228055,6.0,13.0,1,2
12.0,0.62057648772511,9.0,7.0,1,1
12.0,0.8754687373538999,10.0,12.0,1,2
20.0,1.9401794743463283,12.0,12.0,1,2
14.0,1.9810014688665833,10.0,6.0,1,2
12.0,1.8870696490323797,6.0,6.0,1,1
13.0,1.5789787049493917,3.0,9.0,1,2
11.0,1.9401794743463283,5.0,7.0,1,1
16.0,2.1198634561787513,6.0,12.0,1,1
12.0,2.6490076604684267,18.0,17.0,1,1
14.0,2.5257286443082556,14.0,13.0,1,1
12.0,2.3135250330323798,12.0,12.0,2,1
8.0,1.791759469228055,1.0,10.0,1,1
13.0,1.8718021769015913,1.0,9.0,1,2
14.0,2.34660197841082,1.0,12.0,1,1
12.0,2.0149030205422647,4.0,11.0,1,2
15.0,2.3350522831315472,4.0,15.0,1,1
11.0,2.0794415416798357,2.0,8.0,1,2
11.0,1.5040773967762742,9.0,12.0,1,1
13.0,2.1400661634962708,0.0,10.0,1,1
16.0,1.9416152247724325,2.0,16.0,1,2
15.0,1.791759469228055,6.0,0.0,1,1
8.0,2.431857428698185,10.0,9.0,1,1
17.0,2.810606789427302,12.0,18.0,1,1
12.0,3.2188758248682006,12.0,12.0,1,1
12.0,1.8484548129046001,12.0,13.0,1,2
18.0,2.169053700369523,12.0,16.0,2,2
12.0,2.0149030205422647,12.0,12.0,2,1
16.0,2.8100049236252036,12.0,12.0,2,2
17.0,2.309560706730471,12.0,13.0,2,2
13.0,2.1972245773362196,10.0,5.0,2,1
14.0,0.10436001532424286,8.0,12.0,2,2
15.0,2.3997118037247684,10.0,12.0,2,2
18.0,2.1294214739848565,12.0,11.0,2,2
13.0,2.277267285009756,11.0,8.0,2,2
12.0,1.6544112780768316,12.0,12.0,2,1
14.0,1.791759469228055,12.0,13.0,2,2
8.0,1.4350845252893227,6.0,9.0,2,1
10.0,1.5085119938441398,6.0,8.0,2,1
16.0,2.7936160894318567,12.0,5.0,2,2
12.0,2.8622008809294686,17.0,16.0,1,1
16.0,2.547098670044448,18.0,4.0,1,1
9.0,1.4469189829363254,8.0,11.0,2,2
12.0,1.55814461804655,10.0,12.0,2,1
12.0,1.6582280766035324,9.0,9.0,2,2
12.0,2.0794415416798357,9.0,14.0,2,1
13.0,1.791759469228055,6.0,11.0,2,2
16.0,1.6094379124341003,6.0,12.0,2,2
17.0,2.7887081041196646,17.0,13.0,2,2
14.0,2.0068708488450007,9.0,11.0,2,2
12.0,1.8325814637483102,12.0,12.0,2,1
12.0,1.4469189829363254,12.0,8.0,2,2
9.0,1.4586150226995167,6.0,10.0,2,2
8.0,1.8718021769015913,0.0,10.0,2,1
14.0,2.3105532626432224,11.0,12.0,2,2
14.0,2.4595888418037104,11.0,10.0,2,2
12.0,2.064327903869788,11.0,10.0,2,2
12.0,1.425515074273172,12.0,12.0,2,1
11.0,1.965712776351493,12.0,0.0,2,1
12.0,1.8718021769015913,12.0,0.0,2,2
12.0,2.2762411176544437,10.0,10.0,2,2
12.0,1.9501867058225735,6.0,12.0,2,2
12.0,1.8961194845522977,12.0,12.0,2,1
12.0,2.551786178627545,10.0,6.0,2,1
12.0,1.55814461804655,8.0,8.0,2,2
12.0,1.297463147413275,8.0,7.0,2,1
9.0,2.0399207835175526,7.0,12.0,2,2
12.0,1.5040773967762742,8.0,8.0,2,2
12.0,1.5040773967762742,11.0,11.0,2,2
12.0,1.749199854809259,11.0,0.0,2,1
12.0,2.2512917986064953,16.0,12.0,2,1
13.0,2.4765384001174837,16.0,12.0,2,1
10.0,2.0412203288596382,7.0,5.0,2,2
12.0,2.1004689088719113,7.0,12.0,2,2
12.0,2.6748380668960965,12.0,12.0,2,1
12.0,2.485739636091892,6.0,12.0,2,2
12.0,1.9344157696295783,12.0,16.0,2,1
16.0,2.238579763018133,14.0,6.0,2,2
12.0,1.430311246536665,12.0,12.0,2,1
16.0,2.0794415416798357,12.0,12.0,2,2
16.0,2.514465452029545,12.0,8.0,2,1
17.0,2.5855058483441162,12.0,18.0,2,1
12.0,1.7047480922384253,10.0,0.0,2,1
12.0,1.7404661748405046,7.0,3.0,2,2
13.0,1.6094379124341003,7.0,12.0,2,1
12.0,2.157559320943788,12.0,12.0,2,2
16.0,3.067587710654419,12.0,13.0,2,1
15.0,1.8809906029559975,11.0,5.0,2,2
12.0,2.262804222982201,12.0,12.0,2,2
12.0,1.8718021769015913,12.0,10.0,2,1
12.0,1.9459101490553132,9.0,5.0,2,1
10.0,2.302585092994046,8.0,3.0,2,1
12.0,2.174751721484161,7.0,9.0,2,2
11.0,3.624340932976365,8.0,7.0,2,1
14.0,2.224623551524334,12.0,8.0,2,2
12.0,1.713797927758343,0.0,15.0,2,2
16.0,1.9459101490553132,7.0,12.0,2,2
12.0,1.5040773967762742,9.0,8.0,2,2
11.0,1.5830939370944985,9.0,12.0,2,1
18.0,2.4965057856313524,5.0,3.0,2,2
16.0,2.3580197998821464,5.0,12.0,2,1
9.0,1.62924053973028,4.0,12.0,1,2
9.0,1.6094379124341003,4.0,2.0,1,1
8.0,1.4011829736136412,4.0,4.0,1,1
12.0,1.6770965609079151,6.0,10.0,1,2
12.0,2.3813962734183356,8.0,2.0,1,1
12.0,2.3513752571634776,8.0,12.0,1,1
18.0,2.188295946591918,18.0,16.0,1,1
9.0,2.4423470353692043,7.0,12.0,2,1
16.0,2.8903717578961645,12.0,16.0,1,2
11.0,1.7316555451583497,9.0,4.0,2,2
12.0,1.62924053973028,9.0,12.0,2,2
13.0,0.9360933591703348,8.0,12.0,2,1
12.0,1.5432981099295553,8.0,12.0,2,2
12.0,0.6931471805599453,2.0,13.0,1,2
12.0,1.4469189829363254,2.0,15.0,1,2
14.0,2.4379897300002487,8.0,17.0,2,2
12.0,1.6094379124341003,4.0,12.0,1,1
12.0,2.0681277817795625,3.0,3.0,1,2
13.0,1.5260563034950492,8.0,12.0,1,1
14.0,1.824549292051046,12.0,15.0,1,1
17.0,2.302585092994046,15.0,6.0,1,2
16.0,2.4449523342809676,16.0,14.0,1,1
14.0,1.776645831418007,12.0,9.0,1,1
11.0,0.6626879730752367,1.0,9.0,1,2
12.0,2.0794415416798357,2.0,10.0,1,1
15.0,1.9947003132247452,8.0,14.0,1,2
12.0,1.673351238177753,12.0,12.0,1,1
12.0,1.791759469228055,6.0,14.0,1,1
12.0,2.122261538862764,7.0,12.0,1,1
16.0,2.768204123921957,3.0,13.0,1,1
16.0,3.068052935133617,3.0,7.0,1,2
12.0,2.244955980157409,5.0,7.0,1,1
12.0,1.6937790608678513,12.0,15.0,1,2
14.0,1.4469189829363254,3.0,12.0,1,1
12.0,1.4469189829363254,8.0,12.0,1,2
16.0,2.70805020110221,3.0,14.0,1,2
13.0,1.6639260977181702,2.0,14.0,1,2
12.0,2.6946271807700692,13.0,12.0,1,1
20.0,2.401525040848949,12.0,12.0,1,2
12.0,1.9754689512968577,12.0,9.0,1,1
12.0,1.8718021769015913,14.0,7.0,1,1
13.0,2.0412203288596382,11.0,14.0,1,2
12.0,1.6193882432872684,12.0,14.0,1,1
12.0,1.55814461804655,12.0,12.0,1,2
12.0,2.302585092994046,9.0,10.0,1,1
13.0,2.017566137961748,8.0,12.0,1,2
20.0,2.543961412569315,13.0,16.0,1,2
12.0,1.7047480922384253,8.0,11.0,1,2
13.0,1.8325814637483102,14.0,16.0,1,2
13.0,2.6567569067146595,12.0,12.0,1,1
16.0,2.8853592160726205,13.0,12.0,1,2
12.0,2.403334996094189,8.0,14.0,1,2
12.0,1.6193882432872684,11.0,9.0,1,2
12.0,1.9286186519452522,11.0,11.0,1,1
15.0,2.372111155642656,6.0,12.0,1,2
15.0,1.9459101490553132,5.0,12.0,1,2
15.0,1.6789639750827108,6.0,12.0,1,2
13.0,2.234306252240751,5.0,15.0,1,1
12.0,1.6992786164338898,5.0,13.0,1,2
12.0,2.7212954278522306,6.0,10.0,1,1
16.0,2.5710843460290524,8.0,14.0,1,2
13.0,1.4469189829363254,6.0,12.0,1,2
12.0,1.6094379124341003,14.0,2.0,1,1
13.0,2.4655539212721855,12.0,7.0,2,2
12.0,2.750470916986162,0.0,14.0,1,1
12.0,2.4203681286504293,0.0,12.0,1,1
12.0,2.70805020110221,6.0,5.0,1,2
12.0,1.9851308622085946,10.0,12.0,2,1
12.0,1.6582280766035324,8.0,13.0,2,1
13.0,2.169053700369523,14.0,1.0,2,2
12.0,1.8718021769015913,14.0,14.0,2,1
12.0,2.0399207835175526,11.0,12.0,2,1
15.0,2.124653884501384,16.0,16.0,2,2
12.0,1.6582280766035324,12.0,12.0,2,1
12.0,2.7245795030534206,12.0,16.0,2,1
12.0,1.728109442151599,9.0,0.0,2,1
15.0,2.2965670206684825,11.0,16.0,2,1
12.0,1.2892326482767593,12.0,9.0,2,2
12.0,2.0149030205422647,10.0,11.0,2,1
12.0,1.8115620965242347,8.0,12.0,2,1
12.0,2.391511302188447,8.0,15.0,2,1
12.0,1.4469189829363254,12.0,12.0,2,1
12.0,2.0399207835175526,11.0,12.0,2,1
12.0,2.186051276738094,12.0,12.0,2,1
12.0,2.017566137961748,16.0,12.0,2,1
12.0,1.791759469228055,4.0,12.0,2,2
12.0,1.5040773967762742,5.0,12.0,2,2
16.0,1.6094379124341003,10.0,10.0,2,2
14.0,1.4469189829363254,11.0,12.0,2,2
12.0,1.4469189829363254,6.0,12.0,2,2
8.0,1.4469189829363254,6.0,12.0,2,2
12.0,1.4586150226995167,12.0,8.0,2,2
12.0,1.5040773967762742,8.0,12.0,2,1
8.0,1.425515074273172,0.0,10.0,2,2
14.0,1.4469189829363254,12.0,11.0,2,2
12.0,2.0844290831908747,5.0,6.0,2,1
13.0,2.288486168614544,8.0,14.0,2,1
12.0,1.4929040961781488,5.0,10.0,2,2
12.0,1.6582280766035324,4.0,8.0,2,1
9.0,1.7047480922384253,3.0,5.0,2,1
9.0,1.4469189829363254,9.0,10.0,2,2
11.0,2.4932054526026954,7.0,12.0,2,1
14.0,2.0794415416798357,7.0,5.0,2,2
12.0,2.4203681286504293,9.0,12.0,2,1
17.0,2.822568654544802,16.0,3.0,2,1
9.0,1.4469189829363254,3.0,10.0,2,2
13.0,2.0794415416798357,7.0,14.0,2,1
10.0,1.5260563034950492,5.0,10.0,2,2
12.0,1.9823798288367047,8.0,7.0,2,2
12.0,2.6210388241125804,9.0,12.0,2,1
15.0,2.1090003439213802,10.0,9.0,2,1
12.0,1.6094379124341003,6.0,11.0,2,1
14.0,2.1186622548331173,1.0,12.0,2,2
12.0,2.0149030205422647,1.0,6.0,2,1
15.0,1.8961194845522977,13.0,13.0,1,2
12.0,1.2296405510745139,14.0,12.0,1,2
11.0,1.599387576580599,6.0,10.0,2,2
12.0,1.6863989535702288,16.0,11.0,1,2
12.0,1.667706820558076,4.0,10.0,2,1
17.0,2.792391349535961,11.0,9.0,2,2
14.0,2.0014800002101243,8.0,2.0,2,1
12.0,2.302585092994046,12.0,16.0,2,1
12.0,2.578700529074361,0.0,12.0,1,2
12.0,2.2512917986064953,0.0,2.0,1,2
12.0,2.1016921506146558,12.0,12.0,2,1
13.0,2.2438960966453663,12.0,12.0,2,2
14.0,2.402430427963762,12.0,4.0,1,2
12.0,1.927164106234258,12.0,0.0,2,1
14.0,2.7485521444115397,12.0,9.0,1,2
12.0,2.281361456542419,10.0,8.0,1,1
13.0,2.1198634561787513,10.0,16.0,1,2
12.0,2.655352412101761,12.0,5.0,1,2
12.0,5.846872207124035,6.0,14.0,1,1
13.0,2.418588768750352,6.0,11.0,1,2
12.0,2.3580197998821464,10.0,12.0,2,2
12.0,2.4069451083182885,3.0,12.0,1,1
12.0,1.9242486522741338,9.0,12.0,1,2
11.0,2.833213344056216,8.0,16.0,1,1
8.0,2.169053700369523,6.0,11.0,1,1
14.0,2.432735777459091,5.0,9.0,1,2
13.0,2.4203681286504293,6.0,10.0,2,2
12.0,1.8196988379172965,0.0,0.0,1,1
12.0,2.4449523342809676,10.0,1.0,1,1
14.0,2.063058062429312,11.0,12.0,2,1
14.0,1.0647107369924282,11.0,0.0,2,1
16.0,2.2213750375685026,12.0,14.0,2,1
15.0,2.362739015813793,12.0,14.0,2,1
15.0,2.995732273553991,4.0,12.0,2,1
12.0,5.521460917862246,4.0,16.0,2,1
13.0,2.157559320943788,4.0,8.0,2,2
12.0,2.0399207835175526,12.0,12.0,2,1
14.0,2.5649493574615367,20.0,12.0,2,2
13.0,2.302585092994046,12.0,11.0,2,2
16.0,2.485739636091892,12.0,13.0,2,2
12.0,2.1972245773362196,12.0,15.0,2,1
13.0,2.668616131856803,0.0,0.0,2,2
13.0,2.4915511925066687,6.0,1.0,2,2
12.0,1.5040773967762742,12.0,6.0,2,2
15.0,2.252343876557299,11.0,5.0,2,2
14.0,2.0794415416798357,7.0,6.0,1,2
20.0,2.485739636091892,12.0,16.0,1,1
14.0,2.658859956911438,12.0,8.0,2,2
12.0,0.9162907318741551,5.0,6.0,1,1
12.0,1.7984040119467235,16.0,9.0,1,2
16.0,2.1400661634962708,6.0,14.0,1,2
13.0,2.448415541205585,12.0,15.0,1,1
17.0,2.4849066497880004,0.0,3.0,1,2
13.0,2.2617630984737906,12.0,12.0,1,2
14.0,2.7638002162067017,16.0,15.0,2,1
13.0,2.7376090033437546,12.0,16.0,1,1
16.0,2.6518325211039815,6.0,16.0,2,1
20.0,2.668616131856803,4.0,16.0,1,1
13.0,2.402430427963762,11.0,14.0,1,2
14.0,2.866761892257031,17.0,16.0,1,2
11.0,2.3427668826268775,5.0,5.0,1,2
12.0,2.0149030205422647,3.0,12.0,1,1
12.0,2.365559892155434,3.0,10.0,1,1
18.0,3.1175073304799117,6.0,16.0,1,1
12.0,2.599722324216582,0.0,8.0,2,1
12.0,1.6582280766035324,7.0,9.0,2,1
12.0,2.8130106367386967,6.0,12.0,1,2
12.0,1.8325814637483102,12.0,12.0,1,2
20.0,2.2082744135228043,11.0,3.0,2,2
16.0,2.2700619012884857,12.0,7.0,1,2
13.0,2.4765384001174837,11.0,15.0,2,2
17.0,3.2441536320524693,17.0,16.0,2,1
16.0,2.91180703861623,17.0,12.0,2,1
18.0,2.655352412101761,12.0,16.0,1,1
16.0,2.792391349535961,12.0,17.0,2,2
16.0,2.6034301519721073,8.0,16.0,2,2
13.0,2.6275629501895237,6.0,8.0,1,1
16.0,3.028683373693677,6.0,12.0,1,1
16.0,2.563409711275944,6.0,16.0,1,1
9.0,1.791759469228055,3.0,4.0,1,2
12.0,1.843719208158766,6.0,12.0,2,2
15.0,2.5649493574615367,15.0,10.0,2,2
12.0,2.0014800002101243,0.0,12.0,1,2
11.0,1.8718021769015913,0.0,3.0,1,1
12.0,1.6639260977181702,0.0,12.0,1,2
12.0,2.0943301541735866,0.0,14.0,1,1
14.0,1.840549633397487,12.0,13.0,1,2
12.0,1.6094379124341003,8.0,13.0,2,1
12.0,1.4701758451005926,3.0,12.0,2,2
12.0,1.749199854809259,0.0,12.0,1,2
4.0,1.4469189829363254,0.0,13.0,1,2
14.0,2.6390573296152584,9.0,11.0,1,2
11.0,2.9831534913471307,10.0,12.0,1,1
9.0,1.308332819650179,12.0,12.0,1,1
9.0,1.5040773967762742,12.0,10.0,1,1
12.0,2.080690761080268,8.0,10.0,1,1
12.0,1.840549633397487,8.0,12.0,1,2
16.0,3.054001181677967,12.0,12.0,2,1
12.0,2.8384934971274993,16.0,14.0,1,1
11.0,1.3862943611198906,7.0,8.0,2,1
14.0,2.0149030205422647,14.0,3.0,2,2
14.0,2.485739636091892,14.0,1.0,2,2
12.0,1.536867219599265,8.0,8.0,2,1
14.0,1.6582280766035324,12.0,6.0,2,2
12.0,1.55814461804655,8.0,19.0,2,2
12.0,2.4168062370840686,9.0,18.0,2,1
16.0,2.211565694606877,8.0,16.0,2,1
12.0,2.2396452932201716,12.0,12.0,1,2
14.0,2.1377104498038118,11.0,16.0,1,2
12.0,1.9754689512968577,12.0,14.0,1,2
14.0,1.3862943611198906,12.0,13.0,2,2
13.0,2.4078456036515385,8.0,11.0,1,2
12.0,2.70805020110221,12.0,12.0,1,1
14.0,2.2823823856765264,14.0,16.0,2,2
14.0,2.2512917986064953,14.0,12.0,2,2
12.0,2.312535423847214,13.0,14.0,2,1
14.0,2.063058062429312,17.0,12.0,1,1
14.0,2.3580197998821464,12.0,14.0,2,2
12.0,1.9572739077056285,12.0,12.0,1,2
13.0,2.2617630984737906,9.0,3.0,1,2
12.0,2.4782176616372036,9.0,12.0,1,1
12.0,2.5649493574615367,9.0,12.0,1,1
12.0,2.0320878452963655,12.0,16.0,1,2
12.0,1.5686159179138452,16.0,18.0,1,2
14.0,2.150598735996164,8.0,16.0,1,2
13.0,2.533696813957432,16.0,6.0,1,2
13.0,2.668616131856803,18.0,7.0,1,2
15.0,2.7700855920216627,7.0,9.0,1,2
17.0,3.584906863730958,20.0,13.0,1,1
16.0,2.8507065015037334,12.0,16.0,1,1
15.0,2.6390573296152584,11.0,13.0,2,1
16.0,2.244955980157409,12.0,18.0,2,2
12.0,2.3045830956567186,10.0,14.0,2,1
16.0,2.179286876649552,6.0,5.0,2,2
16.0,2.599722324216582,11.0,12.0,2,1
14.0,2.509599262378372,12.0,12.0,2,1
12.0,1.4469189829363254,12.0,14.0,2,1
13.0,1.0647107369924282,14.0,6.0,2,2
12.0,1.4701758451005926,3.0,8.0,2,2
20.0,3.336481066942464,8.0,14.0,2,1
16.0,1.3454723665996355,13.0,5.0,2,2
15.0,0.8754687373538999,7.0,14.0,2,2
16.0,3.012589390620414,12.0,12.0,2,1
9.0,1.4469189829363254,3.0,9.0,1,2
13.0,1.6094379124341003,12.0,12.0,2,2
16.0,2.0228711901914416,16.0,12.0,2,2
12.0,2.4849066497880004,13.0,12.0,2,1
12.0,1.6428726885203377,12.0,4.0,2,2
12.0,2.5649493574615367,12.0,12.0,2,1
8.0,2.70805020110221,7.0,10.0,1,1
12.0,2.4423470353692043,7.0,11.0,1,1
14.0,2.4239173781615704,9.0,14.0,1,1
12.0,2.388762789235098,11.0,12.0,1,1
12.0,2.691243082785829,9.0,11.0,1,1
12.0,2.3580197998821464,12.0,11.0,1,2
12.0,2.0794415416798357,7.0,12.0,1,1
12.0,2.563409711275944,12.0,4.0,1,1
13.0,1.9459101490553132,12.0,9.0,1,2
12.0,2.7356653681351832,12.0,16.0,1,1
13.0,1.7595805708638197,16.0,16.0,1,1
12.0,1.9878743481543455,10.0,12.0,1,2
12.0,1.9459101490553132,12.0,10.0,1,2
12.0,1.6900958154515549,8.0,13.0,1,1
12.0,1.4469189829363254,0.0,6.0,1,2
10.0,2.150598735996164,2.0,11.0,1,1
9.0,1.791759469228055,2.0,12.0,1,1
11.0,1.5260563034950492,2.0,11.0,1,2
17.0,1.7509374747078,14.0,6.0,1,2
12.0,2.0794415416798357,14.0,12.0,1,1
13.0,2.4423470353692043,14.0,14.0,1,1
14.0,2.3978952727983707,8.0,12.0,2,1
15.0,1.6582280766035324,12.0,8.0,2,2
12.0,2.0794415416798357,0.0,11.0,1,1
12.0,1.6094379124341003,12.0,12.0,1,2
12.0,2.0794415416798357,12.0,12.0,1,1
12.0,3.544142657647253,6.0,11.0,1,1
13.0,1.6094379124341003,6.0,8.0,1,2
14.0,1.8389610707123492,4.0,12.0,1,2
13.0,1.9600947840472698,5.0,12.0,1,2
12.0,1.9416152247724325,5.0,12.0,1,1
13.0,2.0255131996542803,3.0,12.0,1,2
12.0,3.1962211343033946,7.0,12.0,1,1
19.0,2.272125885509337,0.0,19.0,1,1
14.0,2.0794415416798357,14.0,1.0,1,1
11.0,2.0794415416798357,12.0,0.0,1,2
12.0,2.169053700369523,10.0,8.0,1,1
12.0,2.388762789235098,10.0,8.0,1,2
12.0,2.0149030205422647,8.0,12.0,1,1
12.0,1.9198594718553708,10.0,12.0,1,2
12.0,2.468099531471619,3.0,9.0,1,1
12.0,2.563409711275944,0.0,11.0,1,1
14.0,-0.2744368457017603,12.0,12.0,1,2
13.0,2.151762203259462,9.0,9.0,2,2
16.0,2.715356776284648,8.0,14.0,2,1
11.0,1.8325814637483102,11.0,11.0,1,1
12.0,2.402430427963762,12.0,6.0,2,2
16.0,1.791759469228055,13.0,12.0,2,1
12.0,2.169053700369523,12.0,12.0,1,1
12.0,2.2300144001592104,12.0,12.0,1,2
11.0,2.9156062290747062,12.0,16.0,1,1
12.0,1.6582280766035324,12.0,11.0,1,2
16.0,2.917770732084279,17.0,16.0,1,1
13.0,2.435366204227864,12.0,7.0,1,2
12.0,2.740840023925201,12.0,12.0,2,1
12.0,1.6582280766035324,8.0,13.0,1,2
13.0,1.791759469228055,9.0,7.0,1,2
17.0,2.3841650799864684,16.0,13.0,1,2
16.0,2.7447035187502458,16.0,16.0,1,2
13.0,2.0794415416798357,12.0,2.0,1,2
11.0,1.749199854809259,12.0,8.0,1,2
6.0,2.995732273553991,3.0,0.0,1,1
6.0,1.3454723665996355,3.0,8.0,1,2
12.0,1.1378330018213911,0.0,8.0,1,1
16.0,2.086913556518537,13.0,17.0,2,2
12.0,2.1972245773362196,18.0,11.0,1,2
12.0,2.262804222982201,8.0,12.0,1,2
12.0,2.5257286443082556,9.0,9.0,1,2
12.0,2.6390573296152584,12.0,12.0,1,2
14.0,2.448415541205585,10.0,10.0,1,2
16.0,3.028683373693677,12.0,14.0,1,2
10.0,2.681021528714291,7.0,13.0,1,1
12.0,2.3580197998821464,6.0,13.0,1,2
12.0,2.599722324216582,3.0,2.0,1,2
12.0,0.8796267475025636,18.0,18.0,2,1
12.0,2.3532782073095637,16.0,6.0,2,2
12.0,0.8415671856782185,16.0,18.0,2,1
11.0,3.6888794541139363,6.0,2.0,1,2
12.0,2.1972245773362196,0.0,8.0,1,2
12.0,2.1102132003465894,0.0,7.0,1,1
13.0,3.028683373693677,8.0,12.0,1,1
10.0,2.548663615590751,8.0,5.0,1,1
12.0,2.6390573296152584,4.0,12.0,1,1
6.0,1.589235205116581,0.0,6.0,1,2
12.0,2.995732273553991,2.0,11.0,1,1
11.0,2.4527277514237653,12.0,2.0,1,2
12.0,2.0149030205422647,8.0,12.0,1,2
12.0,2.244955980157409,11.0,12.0,1,1
16.0,2.89314568477889,0.0,12.0,1,2
13.0,2.2700619012884857,0.0,8.0,1,1
12.0,2.1564025828159643,12.0,12.0,1,2
12.0,2.302585092994046,12.0,4.0,1,2
12.0,3.32862668882732,13.0,12.0,1,1
12.0,2.66374994220563,6.0,12.0,1,1
16.0,3.005187432324746,6.0,15.0,1,1
14.0,2.3978952727983707,6.0,14.0,1,2
15.0,2.4664031782234406,10.0,8.0,1,2
14.0,2.6354795082673745,10.0,16.0,1,1
12.0,1.8484548129046001,2.0,0.0,1,1
3.0,1.864080130807681,2.0,9.0,1,1
10.0,1.8718021769015913,6.0,11.0,1,1
9.0,1.9459101490553132,3.0,12.0,1,1
12.0,2.0794415416798357,9.0,10.0,1,1
12.0,1.6956156086751528,9.0,12.0,1,1
3.0,1.4469189829363254,2.0,4.0,1,2
11.0,2.0541237336955462,0.0,12.0,1,2
14.0,2.1400661634962708,6.0,12.0,1,2
12.0,2.0451088625993306,3.0,5.0,1,1
9.0,0.4054651081081644,0.0,4.0,1,2
12.0,0.9783261227936078,0.0,10.0,1,2
12.0,2.0399207835175526,0.0,7.0,1,1
14.0,1.6094379124341003,6.0,10.0,1,2
15.0,2.347558458636777,6.0,7.0,1,2
12.0,2.169053700369523,6.0,12.0,1,2
12.0,2.3711778844596574,3.0,8.0,1,1
12.0,1.8164520818184267,6.0,12.0,1,2
12.0,2.995732273553991,0.0,4.0,1,1
8.0,1.4469189829363254,2.0,6.0,1,2
6.0,1.6956156086751528,4.0,12.0,1,1
12.0,1.6094379124341003,0.0,0.0,1,1
12.0,2.178155014615869,4.0,8.0,1,2
14.0,2.47232786758114,4.0,12.0,1,1
14.0,2.4553061800117097,8.0,14.0,2,1
12.0,2.0451088625993306,8.0,8.0,2,2
15.0,2.344686269012681,12.0,12.0,2,1
12.0,1.4816045409242156,10.0,5.0,2,2
18.0,2.551006451492524,17.0,15.0,1,1
12.0,1.425515074273172,12.0,9.0,2,2
14.0,1.9416152247724325,8.0,1.0,2,2
15.0,2.050270164379556,6.0,11.0,2,2
12.0,1.8325814637483102,10.0,9.0,2,1
11.0,1.8870696490323797,8.0,11.0,2,2
12.0,2.046401687601636,15.0,12.0,2,1
17.0,2.0215475632609334,12.0,12.0,2,1
14.0,2.1656192379208883,12.0,14.0,2,2
13.0,1.937301774518713,12.0,12.0,2,1
10.0,1.4701758451005926,5.0,10.0,2,2
15.0,2.5930133911138515,13.0,18.0,2,1
12.0,1.824549292051046,12.0,0.0,2,2
12.0,2.075684492802124,10.0,3.0,2,2
8.0,2.0918640616783932,12.0,12.0,2,1
12.0,1.536867219599265,12.0,19.0,2,2
12.0,2.2617630984737906,12.0,8.0,2,1
12.0,1.55814461804655,12.0,12.0,2,1
12.0,2.4655539212721855,12.0,12.0,1,2
11.0,2.3513752571634776,11.0,12.0,2,1
12.0,1.9459101490553132,9.0,14.0,2,1
12.0,2.8903717578961645,12.0,5.0,1,2
11.0,1.665818245870208,6.0,6.0,2,2
13.0,2.5817308344235403,9.0,9.0,1,2
20.0,2.1598687907924505,9.0,16.0,2,2
12.0,2.2512917986064953,2.0,12.0,2,1
11.0,1.9416152247724325,7.0,12.0,2,1
9.0,2.0794415416798357,0.0,12.0,2,1
13.0,1.425515074273172,5.0,12.0,2,2
10.0,1.791759469228055,11.0,12.0,2,1
14.0,1.4469189829363254,6.0,12.0,2,2
16.0,2.8881470628740535,8.0,7.0,2,1
12.0,1.5260563034950492,12.0,9.0,2,2
16.0,1.8718021769015913,12.0,11.0,2,2
12.0,2.5257286443082556,9.0,10.0,2,2
12.0,2.1736147116970854,12.0,7.0,2,2
8.0,2.28949985344539,12.0,14.0,1,1
6.0,1.430311246536665,5.0,12.0,1,2
12.0,2.3978952727983707,12.0,12.0,1,2
17.0,2.365559892155434,4.0,14.0,1,1
20.0,2.354228326145884,4.0,16.0,1,2
16.0,2.9811261211646287,12.0,16.0,1,2
15.0,2.180417459019838,10.0,16.0,1,2
12.0,2.0149030205422647,16.0,0.0,1,1
15.0,-2.659260036932778,16.0,18.0,1,2
16.0,2.2071749081893874,18.0,1.0,2,2
12.0,2.5764217586237734,6.0,5.0,1,1
12.0,1.6789639750827108,12.0,1.0,2,2
9.0,1.916922612182061,6.0,12.0,2,1
16.0,2.578700529074361,9.0,15.0,2,2
8.0,2.4706386779902956,9.0,18.0,2,1
12.0,1.7263316639055997,7.0,12.0,2,2
12.0,1.791759469228055,8.0,9.0,2,1
14.0,2.3978952727983707,9.0,13.0,1,2
18.0,2.2126603854660587,14.0,0.0,2,2
19.0,2.262804222982201,12.0,14.0,2,2
12.0,2.70805020110221,12.0,14.0,1,1
12.0,1.6370530794670737,2.0,8.0,1,2
14.0,1.791759469228055,12.0,13.0,1,1
16.0,1.791759469228055,12.0,12.0,1,1
15.0,3.1175073304799117,12.0,14.0,1,1
12.0,2.0149030205422647,12.0,5.0,1,1
12.0,2.6390573296152584,12.0,4.0,2,1
13.0,2.302585092994046,14.0,3.0,1,2
11.0,2.302585092994046,8.0,12.0,2,1
12.0,2.3115448343655176,12.0,4.0,2,2
12.0,1.7509374747078,9.0,10.0,1,2
12.0,2.485739636091892,4.0,13.0,1,1
13.0,1.8671761085128091,4.0,12.0,2,2
12.0,2.7226103524335397,12.0,9.0,1,2
13.0,2.1400661634962708,14.0,1.0,2,1
12.0,2.1400661634962708,14.0,12.0,2,1
11.0,1.6582280766035324,10.0,6.0,1,2
13.0,1.9740810260220096,10.0,14.0,1,2
12.0,2.302585092994046,16.0,12.0,1,2
14.0,2.3350522831315472,12.0,4.0,1,2
12.0,2.6347624053323777,6.0,12.0,1,2
12.0,1.891604804197771,12.0,12.0,2,1
15.0,3.122364924487357,16.0,12.0,2,1
13.0,1.55814461804655,16.0,15.0,2,1
15.0,2.506341930508065,0.0,12.0,1,2
16.0,1.9065751436566365,16.0,17.0,2,1
14.0,2.211565694606877,14.0,3.0,2,1
12.0,2.1294214739848565,10.0,6.0,1,1
12.0,1.536867219599265,12.0,12.0,1,2
12.0,2.0794415416798357,11.0,11.0,2,1
12.0,1.8325814637483102,0.0,1.0,1,1
14.0,0.8754687373538999,12.0,6.0,1,1
15.0,2.457877977400081,2.0,14.0,1,1
12.0,2.668616131856803,2.0,12.0,1,1
16.0,2.0082140323914683,7.0,9.0,1,1
11.0,2.574899688314705,11.0,7.0,1,2
4.0,2.2300144001592104,0.0,6.0,1,1
4.0,1.791759469228055,4.0,6.0,1,1
6.0,2.0149030205422647,3.0,3.0,1,2
12.0,1.451613827240533,4.0,4.0,1,1
11.0,1.7047480922384253,4.0,4.0,1,1
12.0,1.8325814637483102,2.0,12.0,1,2
12.0,1.7227665977411035,3.0,12.0,1,2
11.0,2.224623551524334,8.0,1.0,1,1
13.0,2.4069451083182885,11.0,12.0,1,2
12.0,1.4469189829363254,6.0,8.0,1,2
9.0,1.55814461804655,6.0,12.0,1,2
15.0,2.5257286443082556,8.0,13.0,1,2
14.0,2.166765369851511,1.0,14.0,1,2
17.0,2.599722324216582,8.0,18.0,1,1
12.0,1.8325814637483102,3.0,12.0,1,2
10.0,1.3862943611198906,3.0,6.0,2,1
10.0,1.5040773967762742,5.0,12.0,1,1
11.0,1.6094379124341003,10.0,11.0,2,2
12.0,2.4159137783010487,8.0,11.0,2,1
13.0,2.3942522815198695,12.0,9.0,2,2
12.0,3.0978374964911444,12.0,13.0,2,2
15.0,2.2741856184723477,8.0,12.0,2,1
12.0,2.0980179272527715,5.0,11.0,1,1
13.0,2.1400661634962708,11.0,16.0,2,1
14.0,2.169053700369523,12.0,16.0,2,1
13.0,2.4159137783010487,8.0,12.0,2,2
13.0,1.9459101490553132,16.0,12.0,1,1
12.0,1.0188473201992472,10.0,12.0,2,1
14.0,1.8180767775454285,6.0,10.0,1,1
14.0,2.7427736371605955,12.0,12.0,3,1
12.0,1.8718021769015913,12.0,12.0,2,1
15.0,2.6100697927420065,12.0,14.0,1,1
12.0,2.402430427963762,13.0,12.0,3,2
12.0,2.1400661634962708,10.0,14.0,2,1
17.0,2.179286876649552,14.0,12.0,3,1
13.0,3.5553480614894135,11.0,0.0,3,1
12.0,2.365559892155434,12.0,14.0,3,1
14.0,2.8201877010390604,12.0,12.0,3,1
14.0,1.6094379124341003,3.0,12.0,2,1
12.0,1.7595805708638197,16.0,10.0,3,2
16.0,2.6275629501895237,11.0,13.0,1,2
12.0,2.0794415416798357,6.0,12.0,2,1
14.0,2.7936160894318567,12.0,12.0,3,1
19.0,3.1280754605417043,14.0,15.0,2,1
12.0,1.8164520818184267,12.0,12.0,2,1
12.0,1.8961194845522977,12.0,16.0,3,1
12.0,1.6486586255873816,18.0,14.0,2,1
14.0,1.4861396960896067,8.0,14.0,1,1
12.0,1.8718021769015913,3.0,12.0,3,1
12.0,2.509599262378372,12.0,12.0,1,1
12.0,1.6094379124341003,12.0,10.0,2,1
12.0,2.5478814489493886,12.0,12.0,3,1
12.0,1.9459101490553132,8.0,9.0,3,1
12.0,3.261552099148637,8.0,1.0,2,1
12.0,2.3580197998821464,6.0,12.0,2,1
12.0,3.2188758248682006,12.0,16.0,3,1
9.0,2.822568654544802,8.0,12.0,1,1
12.0,2.1972245773362196,12.0,6.0,3,1
12.0,5.136680400946915,14.0,12.0,1,1
12.0,1.7083778602890038,8.0,12.0,1,1
13.0,2.7788192719904172,12.0,12.0,1,1
14.0,2.833213344056216,12.0,12.0,3,1
12.0,1.791759469228055,12.0,12.0,3,1
12.0,2.0794415416798357,12.0,16.0,2,1
12.0,1.8531680973566984,12.0,12.0,3,1
12.0,2.419478844465545,8.0,12.0,3,2
12.0,3.028683373693677,7.0,14.0,3,1
16.0,2.4449523342809676,12.0,16.0,3,1
12.0,1.599387576580599,12.0,10.0,1,2
15.0,1.9487632180377197,16.0,13.0,3,2
14.0,2.772588722239781,12.0,14.0,3,1
12.0,2.259677591982769,12.0,10.0,3,2
17.0,2.7013612129514133,12.0,14.0,3,1
12.0,2.4449523342809676,12.0,12.0,3,1
15.0,1.6094379124341003,12.0,12.0,3,1
12.0,2.995732273553991,10.0,14.0,3,1
16.0,-0.3285040669720361,12.0,19.0,3,2
12.0,2.485739636091892,12.0,12.0,3,1
16.0,2.8622008809294686,6.0,16.0,1,1
18.0,3.551913599040779,20.0,4.0,2,1
16.0,2.668616131856803,10.0,12.0,2,1
12.0,2.3978952727983707,12.0,14.0,3,1
15.0,2.668616131856803,13.0,13.0,3,1
16.0,2.5832425505088623,12.0,17.0,3,1
15.0,2.70805020110221,12.0,18.0,2,1
16.0,2.9311937524164198,12.0,12.0,2,1
14.0,2.3513752571634776,11.0,12.0,3,1
16.0,2.8384934971274993,11.0,14.0,3,1
14.0,3.1175073304799117,12.0,1.0,1,1
12.0,2.6741486494265287,12.0,15.0,3,1
12.0,2.4527277514237653,13.0,16.0,3,1
10.0,2.225704048658088,10.0,10.0,3,1
12.0,2.1198634561787513,16.0,19.0,3,1
12.0,2.247072383063787,12.0,12.0,3,1
12.0,2.485739636091892,12.0,13.0,3,1
14.0,2.9564715596006885,12.0,12.0,3,1
12.0,2.4449523342809676,16.0,16.0,3,1
12.0,1.589235205116581,12.0,12.0,2,2
12.0,2.970414465569701,0.0,12.0,3,1
11.0,2.373043556642607,0.0,17.0,3,1
12.0,2.1198634561787513,12.0,3.0,3,2
12.0,3.0204248861443626,12.0,12.0,3,1
12.0,2.668616131856803,16.0,16.0,3,1
12.0,2.0149030205422647,12.0,12.0,3,2
14.0,3.054001181677967,18.0,14.0,2,2
15.0,2.8786365016777435,18.0,16.0,2,2
17.0,4.0943445622221,16.0,19.0,3,2
16.0,3.1888289035159043,16.0,18.0,3,1
13.0,1.791759469228055,16.0,12.0,3,2
12.0,2.5257286443082556,9.0,14.0,1,2
12.0,2.8507065015037334,9.0,6.0,1,2
10.0,2.302585092994046,10.0,12.0,3,2
10.0,2.772588722239781,10.0,12.0,3,1
12.0,1.8718021769015913,12.0,8.0,3,2
13.0,1.3862943611198906,8.0,15.0,3,1
16.0,2.8118094353930627,8.0,13.0,3,1
12.0,1.4469189829363254,8.0,12.0,3,2
16.0,2.302585092994046,18.0,16.0,2,1
14.0,2.302585092994046,18.0,6.0,2,2
12.0,2.5257286443082556,9.0,2.0,3,2
16.0,2.8507065015037334,12.0,20.0,3,1
13.0,2.1294214739848565,12.0,13.0,3,1
12.0,2.8081971497071487,12.0,3.0,3,2
12.0,0.10436001532424286,8.0,2.0,3,2
12.0,1.4586150226995167,8.0,12.0,3,2
8.0,1.9095425048844386,8.0,10.0,3,2
13.0,1.8325814637483102,11.0,12.0,3,2
14.0,2.4849066497880004,12.0,16.0,3,2
10.0,1.6094379124341003,9.0,8.0,3,2
13.0,1.791759469228055,8.0,9.0,3,2
16.0,3.0402275134405423,18.0,16.0,3,1
12.0,2.7013612129514133,17.0,12.0,3,1
16.0,2.8361502037295256,18.0,16.0,3,1
12.0,1.6094379124341003,12.0,12.0,2,2
12.0,2.1400661634962708,12.0,14.0,2,1
13.0,1.4973884086254774,10.0,12.0,1,1
16.0,2.402430427963762,20.0,13.0,3,2
15.0,2.6347624053323777,3.0,6.0,2,2
12.0,2.063058062429312,12.0,6.0,2,2
13.0,2.1400661634962708,11.0,15.0,2,1
14.0,2.186051276738094,9.0,19.0,1,2
16.0,2.169053700369523,12.0,2.0,2,2
8.0,1.843719208158766,6.0,10.0,3,2
14.0,2.825536896557877,14.0,17.0,3,2
15.0,1.2947271675944,14.0,4.0,3,2
16.0,2.7013612129514133,16.0,4.0,2,2
16.0,1.8309801823813363,12.0,15.0,2,2
12.0,2.3804716316511167,18.0,13.0,3,1
12.0,1.8578592709325787,16.0,0.0,3,2
12.0,3.2928695047765273,12.0,16.0,1,1
14.0,2.87751164216656,16.0,13.0,3,1
12.0,1.7263316639055997,8.0,12.0,1,1
16.0,1.5686159179138452,12.0,16.0,3,2
15.0,2.341805806147327,13.0,12.0,3,2
16.0,2.7936160894318567,12.0,16.0,3,2
14.0,2.0082140323914683,12.0,12.0,3,2
16.0,2.3115448343655176,12.0,12.0,3,2
14.0,1.8325814637483102,17.0,12.0,3,1
12.0,1.986503546020567,12.0,14.0,3,1
12.0,1.6094379124341003,12.0,10.0,3,2
12.0,1.2725655957915476,13.0,13.0,3,1
12.0,1.958685340544036,12.0,5.0,1,1
12.0,1.4469189829363254,13.0,14.0,1,1
14.0,1.6094379124341003,12.0,12.0,3,2
12.0,1.749199854809259,11.0,12.0,3,1
12.0,2.548663615590751,14.0,12.0,3,1
17.0,1.9906103279732201,14.0,12.0,3,1
6.0,2.6844403354630764,3.0,6.0,1,1
14.0,3.0017143452315387,20.0,18.0,2,1
13.0,0.11332868530700327,8.0,8.0,3,2
16.0,2.5847519847577165,14.0,18.0,3,2
11.0,1.6389967146756448,12.0,11.0,1,2
10.0,1.791759469228055,8.0,0.0,1,1
14.0,2.2793164660546914,8.0,12.0,3,2
12.0,2.3933394562625097,7.0,12.0,3,1
13.0,2.262804222982201,10.0,15.0,3,2
12.0,2.194999882314108,12.0,12.0,3,1
18.0,2.2669579153508947,16.0,14.0,2,2
12.0,2.772588722239781,13.0,16.0,3,1
17.0,2.551006451492524,16.0,18.0,3,2
16.0,3.0032042883926917,16.0,18.0,3,2
16.0,3.138533072185662,14.0,20.0,3,1
16.0,2.784393767689544,12.0,16.0,1,2
13.0,2.6290069937617573,12.0,12.0,3,1
12.0,2.668616131856803,12.0,12.0,3,1
19.0,2.3398808777377424,15.0,16.0,3,2
12.0,2.2300144001592104,12.0,12.0,3,2
14.0,0.6931471805599453,10.0,6.0,2,2
12.0,1.4586150226995167,7.0,7.0,2,2
12.0,2.7936160894318567,8.0,8.0,2,1
16.0,2.9444389791664403,12.0,16.0,2,1
19.0,1.55814461804655,12.0,15.0,2,1
12.0,1.6094379124341003,12.0,12.0,3,2
13.0,1.824549292051046,10.0,12.0,3,1
12.0,2.151762203259462,6.0,12.0,3,1
9.0,1.5789787049493917,8.0,7.0,3,2
17.0,2.772588722239781,3.0,19.0,1,2
13.0,2.0149030205422647,3.0,14.0,1,1
12.0,2.186051276738094,0.0,15.0,1,1
12.0,1.9242486522741338,1.0,11.0,3,2
12.0,1.5151272329628591,8.0,8.0,2,2
12.0,1.791759469228055,8.0,7.0,3,2
14.0,2.8903717578961645,17.0,16.0,3,2
12.0,2.8390784635086144,17.0,9.0,3,1
12.0,2.67827804276854,16.0,14.0,3,2
13.0,3.038312721089109,12.0,16.0,3,2
17.0,2.9564715596006885,20.0,15.0,2,1
20.0,2.7893229212309465,15.0,18.0,1,1
12.0,2.4849066497880004,11.0,12.0,3,1
12.0,1.742219023667919,14.0,12.0,1,2
11.0,2.583997552432231,5.0,14.0,1,1
6.0,2.5257286443082556,2.0,16.0,1,1
14.0,2.0554049638515948,12.0,15.0,3,2
18.0,2.5832425505088623,18.0,18.0,3,1
14.0,2.5257286443082556,11.0,18.0,2,2
12.0,1.6582280766035324,12.0,12.0,2,2
12.0,2.1972245773362196,12.0,12.0,3,1
12.0,2.3942522815198695,12.0,12.0,3,2
14.0,2.302585092994046,10.0,8.0,3,2
15.0,2.0268315914075385,8.0,5.0,2,2
12.0,2.6354795082673745,1.0,16.0,3,1
12.0,1.9974177062012453,12.0,10.0,3,1
14.0,2.8903717578961645,14.0,12.0,3,1
12.0,2.744060638625243,16.0,16.0,3,1
16.0,1.9754689512968577,20.0,12.0,3,1
11.0,2.028148247292285,11.0,11.0,3,2
12.0,2.4449523342809676,11.0,6.0,3,2
12.0,2.4239173781615704,14.0,15.0,3,1
14.0,6.327936783729195,19.0,14.0,3,2
12.0,2.717340248009303,12.0,16.0,3,2
17.0,2.733067964077498,13.0,14.0,3,1
15.0,1.5706970841176697,14.0,20.0,3,2
16.0,1.9459101490553132,14.0,16.0,3,2
12.0,1.9823798288367047,13.0,14.0,3,2
14.0,1.4816045409242156,13.0,14.0,3,2
12.0,1.7457155307266483,13.0,12.0,3,2
12.0,2.2512917986064953,11.0,12.0,3,1
16.0,2.402430427963762,15.0,16.0,3,2
15.0,2.0719132752590443,16.0,7.0,3,2
12.0,1.6094379124341003,12.0,11.0,3,2
16.0,2.302585092994046,14.0,12.0,3,2
12.0,2.1400661634962708,8.0,12.0,3,1
17.0,1.5040773967762742,12.0,12.0,3,1
12.0,2.244955980157409,12.0,14.0,3,1
12.0,2.0476928433652555,14.0,16.0,3,2
12.0,1.4701758451005926,8.0,10.0,3,1
18.0,2.0001277349601105,12.0,0.0,3,1
20.0,2.402430427963762,18.0,16.0,3,1
16.0,2.3513752571634776,20.0,16.0,3,2
14.0,2.3978952727983707,20.0,12.0,3,2
12.0,1.5686159179138452,7.0,12.0,3,2
15.0,2.4203681286504293,13.0,12.0,2,2
19.0,2.883682769745368,12.0,16.0,2,1
16.0,2.719978771967484,12.0,16.0,3,2
12.0,2.2267833795777636,9.0,14.0,3,1
15.0,2.551006451492524,14.0,14.0,3,1
12.0,1.6094379124341003,14.0,18.0,3,2
12.0,2.668616131856803,16.0,12.0,3,2
13.0,1.6094379124341003,12.0,12.0,3,2
12.0,2.0794415416798357,6.0,11.0,1,2
19.0,3.4081729953985804,19.0,19.0,3,2
20.0,3.0252910757955354,19.0,16.0,3,1
10.0,2.302585092994046,12.0,16.0,3,1
17.0,2.5257286443082556,20.0,16.0,3,1
16.0,2.4915511925066687,20.0,16.0,3,1
15.0,2.517696472610991,12.0,17.0,3,2
12.0,10.416311178964792,16.0,12.0,3,1
12.0,2.1972245773362196,12.0,12.0,3,2
16.0,3.2748780149834857,12.0,14.0,3,1
12.0,2.302585092994046,20.0,14.0,3,2
16.0,2.8384934971274993,16.0,12.0,3,1
11.0,1.5686159179138452,8.0,8.0,3,1
12.0,2.779440197188883,12.0,13.0,3,1
12.0,2.2049722641270453,10.0,12.0,3,1
12.0,1.9459101490553132,10.0,10.0,3,2
12.0,1.7047480922384253,8.0,13.0,3,1
12.0,1.6094379124341003,12.0,12.0,3,2
13.0,2.188295946591918,12.0,15.0,3,2
16.0,2.485739636091892,14.0,14.0,3,1
20.0,2.4449523342809676,14.0,18.0,3,1
12.0,2.3174737054877963,11.0,5.0,3,1
16.0,2.157559320943788,12.0,12.0,3,2
12.0,1.6094379124341003,12.0,12.0,3,1
15.0,2.503891949699081,11.0,14.0,3,2
12.0,2.403334996094189,11.0,11.0,3,2
14.0,2.318458442150336,12.0,15.0,1,2
18.0,2.2375130962503307,18.0,6.0,3,2
12.0,2.681021528714291,16.0,12.0,3,1
16.0,2.9811261211646287,16.0,16.0,1,1
15.0,1.791759469228055,16.0,19.0,3,2
14.0,2.4527277514237653,16.0,14.0,3,1
12.0,1.6563214983329508,10.0,13.0,3,1
14.0,1.6094379124341003,5.0,7.0,3,2
16.0,2.8130106367386967,8.0,14.0,3,1
15.0,3.4965075614664802,12.0,2.0,3,2
16.0,2.7936160894318567,14.0,16.0,3,1
18.0,1.7047480922384253,16.0,18.0,3,1
12.0,1.742219023667919,14.0,12.0,3,2
8.0,2.6390573296152584,10.0,12.0,3,1
12.0,2.2181159363675955,4.0,8.0,3,2
12.0,1.33500106673234,7.0,1.0,2,1
12.0,2.1838015570040787,7.0,12.0,2,1
12.0,1.9329696377795786,13.0,20.0,3,2
12.0,1.2267122912954254,12.0,12.0,2,2
12.0,1.791759469228055,12.0,0.0,2,1
12.0,1.4469189829363254,3.0,12.0,2,1
10.0,2.1041341542702074,10.0,6.0,3,2
12.0,1.4350845252893227,14.0,9.0,3,2
12.0,1.9459101490553132,15.0,12.0,3,2
12.0,1.8718021769015913,9.0,0.0,3,1
13.0,2.2300144001592104,5.0,12.0,3,2
11.0,2.4423470353692043,9.0,12.0,1,1
12.0,2.9215473753646144,9.0,13.0,1,1
15.0,2.169053700369523,11.0,10.0,2,2
16.0,2.799108932049177,12.0,0.0,2,2
12.0,2.668616131856803,12.0,16.0,2,1
12.0,1.8794650496471605,12.0,12.0,2,1
13.0,2.0541237336955462,10.0,14.0,2,2
12.0,2.1162555148025524,12.0,11.0,2,2
16.0,2.757475084429733,12.0,18.0,2,1
16.0,2.6282852326333477,8.0,12.0,1,1
15.0,2.8507065015037334,8.0,8.0,1,2
13.0,2.7738379416402132,8.0,14.0,1,1
16.0,2.6195832197798796,8.0,14.0,2,1
12.0,2.485739636091892,7.0,14.0,2,1
12.0,1.9065751436566365,14.0,12.0,2,2
18.0,2.822568654544802,14.0,12.0,1,1
17.0,2.485739636091892,4.0,14.0,2,2
12.0,2.189416394888408,4.0,10.0,2,2
12.0,2.4849066497880004,6.0,9.0,1,1
11.0,2.180417459019838,10.0,12.0,2,1
12.0,2.509599262378372,6.0,11.0,1,1
12.0,1.4906543764441336,6.0,10.0,1,2
12.0,1.4469189829363254,12.0,0.0,2,2
12.0,1.864080130807681,7.0,12.0,2,2
18.0,2.167910189667444,16.0,14.0,2,2
13.0,2.1598687907924505,12.0,9.0,2,2
12.0,2.214846178686039,12.0,12.0,2,1
16.0,3.087399462079815,12.0,16.0,2,1
18.0,3.323956301318708,12.0,16.0,2,1
12.0,2.390595970316759,15.0,14.0,2,2
6.0,1.7047480922384253,3.0,4.0,1,1
12.0,1.7029282555214393,7.0,12.0,2,2
10.0,1.599387576580599,6.0,11.0,2,2
12.0,2.017566137961748,6.0,12.0,2,2
14.0,2.5185025992165158,11.0,13.0,2,2
12.0,2.0943301541735866,12.0,12.0,2,1
14.0,1.6094379124341003,12.0,0.0,2,1
12.0,3.2188758248682006,16.0,14.0,1,1
