A,Y,W,Z,X_race,X_sex,X_faminc_2000
12.0,6.551080335043404,10.668955394675699,12.0,3,2,64000.0
12.0,10.196157166498947,10.085809109330082,1.0,3,1,25400.0
16.0,10.635855446249355,8.411832675758411,15.0,3,1,
13.0,9.998797732340453,11.127262984158243,16.0,3,2,81200.0
13.0,11.211820372186306,8.85366542803745,13.0,3,1,120100.0
17.0,10.778956289890028,10.491274217438248,16.0,3,2,96400.0
16.0,10.915088464214607,10.545341438708522,18.0,3,2,
16.0,10.46310334047155,10.085809109330082,14.0,3,2,58800.0
14.0,9.615805480084347,12.195608082482291,16.0,3,2,332808.0
16.0,9.052399183907607,12.195608082482291,16.0,3,2,146126.0
13.0,9.546812608597396,11.03488966402723,12.0,3,2,24000.0
12.0,10.819778284410283,10.46310334047155,16.0,3,2,74000.0
13.0,10.46310334047155,9.852194258148577,12.0,3,1,83000.0
12.0,10.621327345686446,10.126631103850338,13.0,3,1,38592.0
12.0,7.783224016336037,11.225243392518447,12.0,3,2,98200.0
12.0,10.621327345686446,10.545341438708522,11.0,3,2,67000.0
12.0,10.645424897265505,10.308952660644293,12.0,3,1,85000.0
12.0,7.513709247839705,9.369563877524161,9.0,3,2,17448.0
19.0,10.308952660644293,11.002099841204238,14.0,3,2,
12.0,11.238488619268468,7.090076835776092,10.0,3,1,65000.0
14.0,10.404262840448617,10.730531683896064,14.0,3,2,88924.0
12.0,9.615805480084347,10.46310334047155,6.0,3,2,65520.0
12.0,9.104979856318357,10.714417768752456,12.0,3,2,42520.0
17.0,10.545341438708522,11.018629143155449,16.0,3,2,120000.0
12.0,10.645424897265505,10.950806546816688,16.0,3,1,
12.0,11.156250521031495,10.714417768752456,12.0,3,1,104000.0
12.0,10.367221568768269,10.165851817003619,12.0,3,2,34060.0
16.0,12.002474335450016,12.195608082482291,5.0,3,1,332808.0
16.0,10.645424897265505,10.714417768752456,16.0,3,2,80500.0
12.0,9.798127036878302,9.210340371976184,8.0,2,1,14000.0
16.0,10.069001991013701,9.966462351697517,14.0,2,1,52000.0
16.0,10.51867319162636,10.571316925111784,12.0,2,2,88000.0
16.0,11.097410021008562,9.210340371976184,17.0,3,1,100000.0
12.0,8.85366542803745,9.903487552536127,12.0,3,2,20880.0
12.0,10.373491181781864,9.615805480084347,12.0,3,1,50000.0
12.0,9.392661928770137,10.839580911706463,12.0,3,2,74000.0
14.0,10.51867319162636,10.645424897265505,12.0,3,2,76400.0
14.0,7.600902459542082,10.46310334047155,4.0,3,2,42100.0
18.0,10.799575577092764,11.06663836234181,14.0,3,1,332808.0
12.0,9.048291920021784,11.082142548877775,12.0,3,2,26800.0
16.0,11.03488966402723,10.51867319162636,16.0,3,1,121000.0
16.0,10.51867319162636,10.819778284410283,16.0,3,1,96540.0
13.0,11.127262984158243,9.392661928770137,6.0,3,1,70100.0
12.0,9.305650551780507,11.002099841204238,12.0,3,2,92200.0
16.0,9.903487552536127,8.987196820661973,12.0,3,1,34000.0
12.0,10.53334876052526,10.668955394675699,12.0,3,2,100000.0
16.0,10.491274217438248,10.46310334047155,12.0,3,1,
16.0,12.002474335450016,10.652353221852417,15.0,3,2,332808.0
16.0,9.210340371976184,10.819778284410283,17.0,3,2,58800.0
17.0,10.819778284410283,11.156250521031495,20.0,3,2,
12.0,10.404262840448617,9.472704636443673,12.0,3,1,58200.0
12.0,10.308952660644293,9.392661928770137,15.0,3,1,
14.0,8.699514748210191,11.002099841204238,12.0,3,2,57600.0
12.0,10.915088464214607,10.645424897265505,14.0,3,2,111200.0
12.0,10.915088464214607,11.06663836234181,16.0,3,2,159200.0
9.0,10.491274217438248,9.443038136095204,5.0,3,1,41000.0
16.0,9.903487552536127,10.933106969717286,15.0,3,2,90100.0
16.0,11.018629143155449,10.736396675471232,16.0,3,2,165500.0
12.0,10.085809109330082,11.06663836234181,12.0,3,2,102868.0
12.0,9.104979856318357,11.326595886778735,12.0,3,2,86100.0
13.0,10.680516217076775,11.141861783579396,16.0,3,1,115200.0
16.0,11.002099841204238,10.778956289890028,14.0,3,1,115000.0
13.0,10.617294835792377,10.82031813866275,14.0,1,2,100000.0
16.0,10.819778284410283,10.714417768752456,16.0,3,1,
12.0,9.95227771670556,11.002099841204238,12.0,3,2,105400.0
16.0,10.968198289528557,10.757902880692196,12.0,3,2,89000.0
12.0,8.294049640102028,11.156250521031495,12.0,3,2,105000.0
16.0,9.740968623038354,11.002099841204238,12.0,3,2,78400.0
18.0,11.03488966402723,11.289781913656018,16.0,3,2,178000.0
10.0,9.326878188224134,10.357615832623573,12.0,3,2,67054.0
19.0,11.507802364271457,10.198616825622958,15.0,3,1,175000.0
16.0,10.404262840448617,11.082142548877775,16.0,3,2,
12.0,6.907755278982137,10.308952660644293,12.0,3,2,42000.0
18.0,11.141861783579396,10.341742483467284,16.0,3,1,120000.0
12.0,10.915088464214607,9.740968623038354,8.0,3,1,50000.0
12.0,10.858998997563564,10.308952660644293,12.0,3,1,
15.0,11.156250521031495,8.612503371220562,16.0,3,1,77000.0
20.0,11.225243392518447,11.141861783579396,14.0,3,2,159000.0
20.0,11.440354772135393,10.308952660644293,14.0,3,2,123000.0
12.0,8.006367567650246,11.407564949312402,15.0,3,2,80976.0
12.0,9.903487552536127,9.95227771670556,11.0,3,2,66000.0
12.0,10.341742483467284,10.915088464214607,6.0,3,2,
12.0,9.104979856318357,11.082142548877775,18.0,3,2,
14.0,9.392661928770137,10.308952660644293,12.0,3,2,23140.0
19.0,10.714417768752456,10.4341158035983,15.0,3,1,79800.0
17.0,9.210340371976184,10.491274217438248,9.0,3,2,57400.0
12.0,9.998797732340453,9.998797732340453,10.0,3,2,57050.0
12.0,7.495541943884256,11.225243392518447,16.0,3,2,90400.0
14.0,10.691944912900398,10.308952660644293,14.0,3,1,78000.0
16.0,12.002474335450016,8.160518247477505,16.0,3,1,332808.0
15.0,10.933106969717286,8.517193191416238,14.0,3,1,88000.0
13.0,9.210340371976184,10.757902880692196,20.0,3,1,67664.0
14.0,10.085809109330082,11.184421397998193,16.0,3,2,101600.0
12.0,9.472704636443673,11.429543856031177,16.0,3,2,79240.0
13.0,9.392661928770137,10.126631103850338,5.0,3,2,10800.0
18.0,11.289781913656018,10.491274217438248,19.0,3,1,86250.0
16.0,7.090076835776092,11.082142548877775,14.0,3,2,70000.0
12.0,10.760028280004509,10.203592144986466,13.0,1,1,
10.0,10.126631103850338,10.819778284410283,9.0,1,2,63000.0
12.0,10.043249494911286,9.998797732340453,12.0,3,2,46000.0
10.0,8.85366542803745,10.059294003674328,8.0,1,2,35900.0
18.0,7.824046010856292,10.839580911706463,17.0,3,2,
13.0,7.313220387090301,11.141861783579396,12.0,3,2,110060.0
14.0,10.239959789157341,10.404262840448617,15.0,1,2,65080.0
12.0,10.126631103850338,9.615805480084347,9.0,1,1,62000.0
12.0,9.913437883389296,10.308952660644293,12.0,3,2,55000.0
12.0,10.126631103850338,8.294049640102028,16.0,3,1,
16.0,10.308952660644293,9.588776807696428,16.0,3,1,44500.0
12.0,11.225243392518447,9.998797732340453,12.0,3,1,139000.0
12.0,10.668955394675699,10.868568448579715,12.0,2,2,120000.0
12.0,10.184900011974314,9.648595302907339,13.0,2,2,47000.0
12.0,8.987196820661973,9.210340371976184,11.0,2,2,34000.0
16.0,10.950806546816688,10.043249494911286,16.0,3,1,83000.0
13.0,11.407564949312402,9.94270826568941,14.0,3,1,153000.0
17.0,10.714417768752456,10.51867319162636,12.0,3,1,98200.0
12.0,10.46310334047155,10.46310334047155,16.0,3,1,60000.0
12.0,10.778956289890028,11.082142548877775,12.0,3,2,71800.0
12.0,7.600902459542082,10.915088464214607,12.0,3,2,65000.0
13.0,11.289781913656018,8.85366542803745,12.0,3,1,
12.0,9.9281801651265,10.165851817003619,12.0,3,2,68000.0
12.0,10.691944912900398,10.373491181781864,10.0,2,1,
12.0,10.388995368317829,10.126631103850338,11.0,2,2,37000.0
12.0,10.341742483467284,10.46310334047155,12.0,2,2,89500.0
13.0,10.819778284410283,9.95227771670556,14.0,3,1,87200.0
12.0,9.798127036878302,9.903487552536127,14.0,2,1,17000.0
16.0,11.06663836234181,10.491274217438248,2.0,3,2,71600.0
12.0,9.852194258148577,10.239959789157341,12.0,3,2,27900.0
7.0,8.411832675758411,6.551080335043404,11.0,3,1,
13.0,9.104979856318357,10.239959789157341,12.0,3,2,38000.0
16.0,12.002474335450016,10.596634733096073,16.0,3,1,123500.0
12.0,10.106428396532818,10.203592144986466,13.0,3,1,57500.0
14.0,9.711115659888671,10.621327345686446,12.0,3,2,
10.0,10.46310334047155,9.615805480084347,12.0,3,1,
12.0,10.308952660644293,9.615805480084347,12.0,3,1,107000.0
13.0,9.392661928770137,10.085809109330082,11.0,3,2,
19.0,11.002099841204238,9.210340371976184,18.0,3,1,80000.0
20.0,9.615805480084347,10.308952660644293,20.0,3,2,84300.0
12.0,10.858998997563564,9.104979856318357,12.0,3,1,49200.0
12.0,7.3777589082278725,10.51867319162636,10.0,3,2,9000.0
14.0,10.571316925111784,10.545341438708522,12.0,3,2,83040.0
12.0,9.392661928770137,9.392661928770137,12.0,3,1,35000.0
12.0,10.51867319162636,9.740968623038354,1.0,3,1,66000.0
12.0,11.082142548877775,9.210340371976184,8.0,3,1,63000.0
12.0,9.305650551780507,10.896739325546411,12.0,3,2,76000.0
13.0,10.003332887505843,8.987196820661973,4.0,3,2,46714.0
16.0,10.668955394675699,10.714417768752456,16.0,3,2,93200.0
12.0,10.46310334047155,10.126631103850338,12.0,3,1,52000.0
12.0,8.006367567650246,11.350406535472453,12.0,3,2,75000.0
14.0,9.95227771670556,10.985292722887856,16.0,3,1,89100.0
16.0,7.832014180505469,10.837028637816811,17.0,3,2,60000.0
12.0,9.655026193237628,10.308952660644293,0.0,3,2,
16.0,8.922658299524402,10.491274217438248,14.0,3,2,47060.0
17.0,10.308952660644293,10.46310334047155,12.0,3,2,
20.0,9.615805480084347,12.195608082482291,20.0,3,2,
18.0,10.51867319162636,11.156250521031495,14.0,3,2,
18.0,10.505067539570582,10.645424897265505,18.0,3,2,83000.0
14.0,10.915088464214607,10.165851817003619,14.0,3,1,84150.0
12.0,9.95227771670556,11.512925464970229,7.0,3,2,
16.0,10.87804719253426,8.517193191416238,16.0,3,1,71500.0
12.0,8.987196820661973,10.915088464214607,12.0,3,2,86020.0
11.0,9.472704636443673,10.950806546816688,11.0,3,2,50000.0
12.0,9.392661928770137,9.047821442478408,12.0,3,1,34000.0
12.0,11.326595886778735,9.137769679141348,13.0,3,1,96000.0
18.0,10.42821608147111,10.668955394675699,17.0,3,1,
19.0,11.082142548877775,11.082142548877775,16.0,3,1,75580.0
12.0,8.85366542803745,10.645424897265505,12.0,3,2,12000.0
12.0,11.461632170582678,11.225243392518447,16.0,3,1,140500.0
14.0,10.308952660644293,10.203592144986466,12.0,3,2,78700.0
14.0,10.819778284410283,9.903487552536127,12.0,3,1,93000.0
12.0,10.596634733096073,10.308952660644293,12.0,3,2,65000.0
13.0,10.388995368317829,10.308952660644293,14.0,3,1,1888.0
15.0,10.373491181781864,10.596634733096073,12.0,3,2,
12.0,9.903487552536127,10.915088464214607,11.0,3,2,93200.0
19.0,10.457372665762566,11.002099841204238,20.0,3,2,
12.0,9.615805480084347,11.002099841204238,12.0,3,2,115500.0
14.0,9.392661928770137,10.239959789157341,12.0,3,2,46000.0
12.0,10.46310334047155,10.621327345686446,18.0,3,1,24100.0
14.0,10.645424897265505,12.195608082482291,14.0,2,1,
12.0,10.46310334047155,9.615805480084347,12.0,2,1,
16.0,10.858998997563564,9.680344001221918,14.0,2,1,75000.0
15.0,8.699514748210191,10.308952660644293,16.0,2,2,
13.0,10.335269968961667,11.03488966402723,12.0,3,2,40000.0
10.0,8.517193191416238,9.560997243589352,10.0,3,2,3540.0
12.0,11.48246625748552,10.714417768752456,12.0,3,1,92000.0
12.0,10.203592144986466,9.210340371976184,11.0,3,2,68000.0
11.0,10.545341438708522,10.896739325546411,12.0,3,1,92000.0
12.0,10.126631103850338,10.645424897265505,12.0,3,1,72000.0
12.0,10.165851817003619,11.156250521031495,14.0,3,2,10200.0
16.0,11.461632170582678,10.308952660644293,13.0,3,1,166000.0
17.0,9.392661928770137,10.933106969717286,16.0,3,2,88600.0
16.0,10.858998997563564,9.998797732340453,18.0,3,1,65000.0
20.0,10.645424897265505,10.126631103850338,16.0,3,1,79500.0
16.0,10.915088464214607,10.126631103850338,12.0,3,1,90000.0
17.0,10.915088464214607,9.798127036878302,15.0,3,1,65000.0
19.0,10.46310334047155,7.495541943884256,13.0,3,1,40800.0
18.0,6.214608098422191,10.915088464214607,18.0,3,2,50200.0
18.0,10.308952660644293,10.126631103850338,17.0,3,1,
9.0,9.412464556066316,9.998797732340453,8.0,3,2,
12.0,6.1092475827643655,9.797682493639151,12.0,3,1,
12.0,9.797682493639151,6.1092475827643655,12.0,3,2,
12.0,11.03488966402723,7.600902459542082,12.0,2,1,77000.0
16.0,10.819778284410283,10.87804719253426,16.0,3,1,53000.0
15.0,9.798127036878302,11.211820372186306,14.0,3,2,107000.0
16.0,9.305650551780507,11.002099841204238,15.0,3,2,90000.0
16.0,10.849337086651827,10.778956289890028,12.0,3,2,52000.0
12.0,10.985292722887856,9.680344001221918,12.0,3,1,61000.0
19.0,10.645424897265505,10.736396675471232,6.0,1,2,89000.0
11.0,8.85366542803745,10.51867319162636,12.0,3,2,42050.0
12.0,10.4341158035983,8.909235279192261,12.0,3,1,73000.0
15.0,10.060491301345794,10.714417768752456,15.0,2,2,
17.0,10.239959789157341,9.95227771670556,13.0,2,1,56000.0
12.0,9.998797732340453,9.472704636443673,12.0,2,1,
12.0,10.419300717813158,8.006367567650246,12.0,3,2,27000.0
8.0,9.903487552536127,8.699514748210191,6.0,3,1,26000.0
8.0,10.085809109330082,8.612503371220562,11.0,3,1,42800.0
12.0,8.779557455883728,10.933106969717286,12.0,3,2,67500.0
12.0,9.903487552536127,10.239959789157341,15.0,3,1,56000.0
12.0,10.043249494911286,10.714417768752456,12.0,3,2,75200.0
12.0,10.373491181781864,10.308952660644293,12.0,3,1,72000.0
20.0,12.002474335450016,10.373491181781864,16.0,3,1,
16.0,11.385092093460344,9.903487552536127,16.0,3,1,140000.0
17.0,11.308358299228955,9.392661928770137,16.0,3,1,122500.0
16.0,10.491274217438248,10.491274217438248,16.0,3,2,83000.0
16.0,10.4341158035983,11.385092093460344,20.0,3,2,146960.0
12.0,10.714417768752456,9.903487552536127,12.0,3,1,45000.0
14.0,10.596634733096073,10.4341158035983,12.0,3,1,69000.0
14.0,6.1092475827643655,11.082142548877775,16.0,3,2,74150.0
12.0,9.392661928770137,8.987196820661973,12.0,3,2,26110.0
17.0,10.404262840448617,10.915088464214607,18.0,3,2,
14.0,10.596634733096073,10.51867319162636,16.0,3,1,75000.0
16.0,10.668955394675699,11.407564949312402,19.0,3,2,175000.0
12.0,10.126631103850338,10.308952660644293,14.0,2,1,72000.0
12.0,9.852194258148577,9.903487552536127,12.0,2,1,
12.0,10.532096211958502,10.203592144986466,14.0,3,1,74300.0
10.0,8.699514748210191,9.998797732340453,12.0,3,2,
9.0,9.210340371976184,7.090076835776092,0.0,3,1,20000.0
12.0,5.953243334287785,10.126631103850338,16.0,3,1,27520.0
13.0,11.018629143155449,10.043249494911286,12.0,3,2,75000.0
14.0,10.714417768752456,9.210340371976184,12.0,3,1,42500.0
13.0,10.239959789157341,10.915088464214607,18.0,3,2,95000.0
12.0,10.126631103850338,10.126631103850338,0.0,3,1,74000.0
12.0,10.596634733096073,9.998797732340453,12.0,3,1,65200.0
12.0,10.239959789157341,8.006367567650246,11.0,3,1,28000.0
11.0,10.668955394675699,9.210340371976184,12.0,3,1,47000.0
12.0,9.998797732340453,10.085809109330082,12.0,3,2,62000.0
20.0,10.933106969717286,10.545341438708522,16.0,3,1,139000.0
15.0,10.491274217438248,10.085809109330082,12.0,3,2,
12.0,10.442900633154032,9.740968623038354,12.0,3,1,40400.0
12.0,10.1226230824528,9.852194258148577,4.0,3,1,48040.0
12.0,12.002474335450016,10.308952660644293,12.0,3,1,
12.0,12.002474335450016,9.472704636443673,12.0,3,1,60000.0
12.0,9.392661928770137,10.896739325546411,12.0,3,2,86000.0
12.0,9.210340371976184,11.33857207782545,5.0,3,2,100000.0
14.0,9.648595302907339,12.195608082482291,8.0,3,2,142892.0
17.0,11.314474526246391,12.195608082482291,17.0,3,1,332808.0
13.0,9.392661928770137,9.472704636443673,11.0,3,2,60020.0
13.0,9.998797732340453,9.998797732340453,12.0,3,2,62000.0
19.0,11.184421397998193,11.141861783579396,3.0,3,2,180240.0
12.0,10.691944912900398,10.691944912900398,14.0,2,1,94000.0
12.0,10.491274217438248,9.392661928770137,9.0,1,2,69000.0
13.0,9.210340371976184,10.858998997563564,10.0,2,2,9002.0
15.0,10.043249494911286,6.214608098422191,11.0,3,2,21200.0
12.0,10.491274217438248,8.006367567650246,10.0,1,1,77000.0
14.0,7.783224016336037,9.903487552536127,6.0,1,2,14000.0
12.0,10.203592144986466,10.950806546816688,0.0,3,1,86020.0
12.0,9.546812608597396,11.156250521031495,12.0,3,2,108000.0
11.0,8.160518247477505,10.126631103850338,6.0,3,2,14000.0
16.0,7.783224016336037,11.289781913656018,16.0,3,2,89000.0
16.0,10.915088464214607,9.305650551780507,1.0,3,1,71400.0
16.0,10.596634733096073,10.51867319162636,19.0,3,1,
12.0,10.571316925111784,9.392661928770137,12.0,3,1,55000.0
14.0,10.46310334047155,10.596634733096073,12.0,3,1,70000.0
12.0,10.757902880692196,10.757902880692196,12.0,3,2,112800.0
16.0,11.082142548877775,9.615805480084347,16.0,3,1,100000.0
16.0,11.03488966402723,11.097410021008562,16.0,3,2,332808.0
20.0,10.126631103850338,8.476371196895983,12.0,3,1,33550.0
16.0,10.858998997563564,10.778956289890028,14.0,3,2,127800.0
12.0,8.987196820661973,10.819778284410283,14.0,3,1,92000.0
17.0,10.915088464214607,8.85366542803745,3.0,3,1,65000.0
19.0,10.596634733096073,10.950806546816688,3.0,3,2,70050.0
12.0,9.998797732340453,10.46310334047155,12.0,2,2,38000.0
13.0,8.977146484808472,9.392661928770137,12.0,2,1,2580.0
13.0,10.46310334047155,10.933106969717286,6.0,2,2,91000.0
15.0,9.740968623038354,10.596634733096073,15.0,2,2,43000.0
16.0,10.714417768752456,10.308952660644293,14.0,2,1,53900.0
12.0,10.46310334047155,9.825526011066415,10.0,3,1,52500.0
12.0,8.424419791263883,10.668955394675699,12.0,3,2,54000.0
13.0,10.043249494911286,10.46310334047155,15.0,3,2,
12.0,10.645424897265505,10.203592144986466,12.0,3,1,68000.0
11.0,9.903487552536127,10.714417768752456,12.0,3,2,72600.0
12.0,11.03488966402723,10.645424897265505,14.0,3,1,115500.0
12.0,9.903487552536127,11.03488966402723,6.0,3,2,14515.0
12.0,9.472704636443673,11.225243392518447,18.0,3,2,133000.0
19.0,10.203592144986466,10.239959789157341,12.0,3,1,50146.0
12.0,9.655026193237628,10.3797217315325,0.0,3,1,
10.0,10.491274217438248,9.210340371976184,5.0,3,1,52500.0
18.0,10.757902880692196,10.668955394675699,18.0,3,1,111300.0
12.0,10.239959789157341,10.46310334047155,12.0,3,2,48280.0
17.0,11.002099841204238,10.645424897265505,20.0,3,1,154000.0
18.0,10.4341158035983,10.4341158035983,12.0,3,2,
16.0,10.571316925111784,10.51867319162636,16.0,3,1,
18.0,10.586584397242571,10.373491181781864,16.0,3,2,76798.0
18.0,10.46310334047155,10.799575577092764,18.0,3,2,109389.0
18.0,9.472704636443673,10.645424897265505,16.0,3,2,
12.0,10.819778284410283,9.615805480084347,16.0,3,1,72000.0
15.0,9.546812608597396,10.819778284410283,12.0,3,2,74000.0
12.0,10.858998997563564,10.239959789157341,12.0,3,1,54000.0
12.0,8.517193191416238,10.545341438708522,12.0,3,2,59200.0
16.0,9.903487552536127,9.903487552536127,19.0,3,2,44725.0
16.0,9.615805480084347,10.46310334047155,17.0,3,2,
15.0,10.308952660644293,10.239959789157341,7.0,3,1,47000.0
17.0,10.736396675471232,10.085809109330082,16.0,3,1,71545.0
14.0,10.896739325546411,10.543207584713212,14.0,3,1,100000.0
19.0,8.476371196895983,10.51867319162636,16.0,3,2,78000.0
19.0,9.615805480084347,8.7558950816463,16.0,3,1,
16.0,3.091042453358316,9.798127036878302,12.0,3,1,43000.0
15.0,10.085809109330082,10.933106969717286,14.0,3,2,
16.0,9.305650551780507,10.736396675471232,16.0,3,2,82500.0
19.0,10.933106969717286,10.51867319162636,16.0,3,1,111800.0
12.0,10.819778284410283,10.308952660644293,16.0,1,2,96500.0
13.0,10.596634733096073,9.903487552536127,13.0,1,2,68092.0
16.0,10.51867319162636,10.596634733096073,16.0,3,1,75800.0
12.0,9.798127036878302,9.546812608597396,13.0,3,1,31000.0
12.0,11.018629143155449,10.085809109330082,5.0,3,1,68000.0
12.0,10.4341158035983,10.275051108968611,12.0,3,2,38000.0
16.0,12.002474335450016,9.392661928770137,19.0,3,1,332808.0
12.0,9.998797732340453,10.203592144986466,12.0,3,2,48000.0
16.0,10.043249494911286,10.341742483467284,14.0,3,1,54000.0
14.0,11.03488966402723,10.545341438708522,12.0,3,2,86898.0
14.0,10.819778284410283,10.341742483467284,14.0,3,1,94100.0
12.0,9.903487552536127,10.275051108968611,12.0,3,1,41350.0
12.0,9.615805480084347,11.26446410567173,10.0,3,2,
12.0,10.325481962595504,10.708980792927612,13.0,3,2,32750.0
16.0,10.239959789157341,7.600902459542082,16.0,3,1,48000.0
12.0,10.668955394675699,10.714417768752456,8.0,3,2,102722.0
12.0,10.126631103850338,10.545341438708522,12.0,3,2,81020.0
16.0,9.615805480084347,10.596634733096073,16.0,3,2,0.0
13.0,9.975808214115753,9.680344001221918,12.0,3,1,22000.0
14.0,9.392661928770137,10.373491181781864,12.0,3,2,61400.0
12.0,11.002099841204238,10.596634733096073,12.0,3,2,107000.0
12.0,10.203592144986466,10.51867319162636,14.0,3,2,91950.0
12.0,10.4341158035983,10.645424897265505,15.0,3,2,87100.0
12.0,10.126631103850338,10.819778284410283,12.0,3,2,26000.0
12.0,10.933106969717286,10.184900011974314,14.0,3,1,110300.0
12.0,10.46310334047155,9.998797732340453,14.0,3,2,72000.0
18.0,10.46310334047155,10.596634733096073,16.0,3,2,102000.0
12.0,8.131530710604252,10.87804719253426,9.0,3,2,
12.0,10.51867319162636,10.146433731146518,12.0,3,1,76000.0
16.0,9.740968623038354,10.491274217438248,16.0,3,2,66000.0
12.0,10.085809109330082,9.998797732340453,12.0,3,1,72000.0
12.0,9.546812608597396,10.165851817003619,12.0,3,2,
14.0,10.126631103850338,10.46310334047155,16.0,3,1,121000.0
12.0,10.491274217438248,9.769956159911606,13.0,3,1,52000.0
12.0,8.748304912379623,11.407564949312402,16.0,3,2,
12.0,10.126631103850338,10.491274217438248,16.0,3,1,
16.0,9.615805480084347,10.126631103850338,7.0,3,2,16400.0
16.0,10.819778284410283,9.392661928770137,8.0,3,1,100000.0
12.0,11.512925464970229,8.517193191416238,12.0,3,1,105000.0
12.0,10.757902880692196,9.852194258148577,13.0,3,1,69800.0
18.0,10.4341158035983,10.621327345686446,16.0,3,1,72800.0
16.0,10.257659366256743,10.308952660644293,14.0,3,2,82100.0
17.0,10.341742483467284,8.699514748210191,15.0,3,2,77000.0
17.0,10.043249494911286,10.596634733096073,16.0,3,2,14000.0
16.0,10.714417768752456,10.714417768752456,16.0,3,2,85900.0
12.0,9.210340371976184,9.305650551780507,7.0,3,2,
14.0,9.721005982940808,10.995494742152102,13.0,3,2,77800.0
18.0,10.373491181781864,10.373491181781864,16.0,3,2,85150.0
16.0,11.211820372186306,10.275051108968611,14.0,3,1,105000.0
16.0,10.341742483467284,10.085809109330082,16.0,3,1,65000.0
12.0,9.392661928770137,10.46310334047155,10.0,3,2,21764.0
11.0,9.798127036878302,10.4341158035983,14.0,2,2,14000.0
12.0,10.645424897265505,10.126631103850338,2.0,3,1,60000.0
12.0,9.472704636443673,10.819778284410283,8.0,3,2,69997.0
12.0,10.51867319162636,10.373491181781864,14.0,3,1,79040.0
12.0,9.210340371976184,9.472704636443673,12.0,2,2,20800.0
12.0,7.090076835776092,11.184421397998193,12.0,2,2,70000.0
16.0,11.184421397998193,10.4341158035983,14.0,3,2,87100.0
18.0,10.586584397242571,10.203592144986466,0.0,3,2,80696.0
18.0,6.551080335043404,11.472103470449973,20.0,3,2,86700.0
16.0,10.596634733096073,10.714417768752456,16.0,3,2,
12.0,10.203592144986466,9.210340371976184,12.0,3,1,
19.0,10.184900011974314,11.097410021008562,7.0,1,2,106000.0
16.0,10.46310334047155,10.308952660644293,16.0,3,2,160000.0
15.0,10.4341158035983,10.239959789157341,17.0,3,2,73000.0
12.0,10.596634733096073,10.126631103850338,12.0,3,1,77000.0
15.0,10.596634733096073,8.517193191416238,12.0,1,2,100400.0
13.0,10.668955394675699,9.95227771670556,12.0,1,1,91600.0
12.0,8.536995818712418,11.429543856031177,16.0,1,2,130150.0
12.0,10.680516217076775,10.203592144986466,12.0,1,2,32000.0
12.0,9.998797732340453,10.714417768752456,12.0,1,2,78050.0
11.0,10.373491181781864,9.210340371976184,12.0,3,1,55000.0
19.0,11.082142548877775,11.127262984158243,17.0,1,2,175000.0
16.0,10.491274217438248,9.392661928770137,17.0,3,2,88400.0
16.0,12.002474335450016,12.195608082482291,16.0,3,1,332808.0
12.0,9.852194258148577,10.46310334047155,11.0,3,2,37500.0
11.0,9.546812608597396,9.581903928408666,12.0,2,1,85000.0
11.0,9.769956159911606,10.48290596776773,16.0,2,1,
14.0,10.571316925111784,10.275051108968611,10.0,2,2,74000.0
13.0,10.668955394675699,10.275051108968611,14.0,2,2,71000.0
14.0,10.308952660644293,9.615805480084347,6.0,2,2,47400.0
14.0,9.798127036878302,10.46310334047155,16.0,2,2,77000.0
14.0,9.210340371976184,10.819778284410283,14.0,3,2,17400.0
13.0,9.472704636443673,10.043249494911286,12.0,2,2,85000.0
16.0,12.002474335450016,10.51867319162636,16.0,3,1,332808.0
16.0,10.341742483467284,10.19988156558993,16.0,3,1,68000.0
16.0,9.680344001221918,10.51867319162636,16.0,3,2,65625.0
12.0,10.126631103850338,10.308952660644293,6.0,3,2,69000.0
13.0,11.002099841204238,11.002099841204238,13.0,3,2,170000.0
16.0,11.002099841204238,10.596634733096073,16.0,3,2,113000.0
16.0,11.002099841204238,10.915088464214607,17.0,3,1,152000.0
18.0,8.699514748210191,10.341742483467284,16.0,3,2,58000.0
15.0,10.404262840448617,10.126631103850338,16.0,3,1,65000.0
14.0,10.239959789157341,10.736396675471232,12.0,2,2,85200.0
12.0,10.165851817003619,9.903487552536127,12.0,2,1,49000.0
12.0,9.615805480084347,10.126631103850338,8.0,2,2,34400.0
12.0,10.203592144986466,9.472704636443673,12.0,2,1,38000.0
12.0,9.472704636443673,10.126631103850338,9.0,3,2,
12.0,10.345284589891683,9.740968623038354,12.0,3,1,52000.0
12.0,9.615805480084347,10.373491181781864,12.0,3,2,34200.0
19.0,10.4341158035983,10.621327345686446,16.0,3,2,105000.0
12.0,9.998797732340453,10.645424897265505,14.0,3,1,109000.0
14.0,10.257659366256743,10.165851817003619,16.0,3,2,47900.0
16.0,10.308952660644293,10.51867319162636,16.0,3,2,77225.0
12.0,10.341742483467284,10.341742483467284,12.0,3,2,64000.0
13.0,6.866933284461882,10.043249494911286,12.0,3,2,
18.0,10.323841273138044,10.46310334047155,12.0,3,2,73630.0
12.0,9.903487552536127,9.615805480084347,12.0,3,1,47400.0
12.0,9.305650551780507,10.858998997563564,11.0,3,2,91160.0
12.0,8.82217476094608,10.872370734529454,16.0,3,2,72900.0
13.0,10.448714603019452,9.615805480084347,16.0,3,1,53000.0
12.0,9.546812608597396,10.596634733096073,4.0,3,1,27400.0
9.0,10.239959789157341,8.85366542803745,4.0,3,1,6034.0
18.0,9.305650551780507,12.195608082482291,16.0,3,2,332808.0
12.0,9.210340371976184,10.373491181781864,12.0,3,2,65000.0
12.0,10.239959789157341,10.203592144986466,13.0,3,1,62000.0
13.0,9.740968623038354,9.615805480084347,12.0,3,1,35000.0
16.0,9.655026193237628,10.596634733096073,16.0,3,2,22500.0
12.0,10.373491181781864,8.85366542803745,12.0,3,1,47000.0
15.0,9.798127036878302,11.002099841204238,16.0,3,2,13000.0
12.0,10.46310334047155,9.305650551780507,12.0,3,1,44304.0
18.0,9.88837391472608,9.88837391472608,18.0,3,2,42500.0
16.0,9.998797732340453,10.596634733096073,20.0,2,2,68000.0
15.0,10.968198289528557,6.802394763324311,13.0,2,1,70700.0
18.0,10.714417768752456,11.350406535472453,16.0,3,1,120300.0
16.0,11.302204433654575,10.165851817003619,16.0,3,1,110000.0
12.0,9.159047077588632,10.645424897265505,12.0,3,2,59000.0
15.0,12.002474335450016,8.006367567650246,12.0,3,1,
9.0,9.615805480084347,9.472704636443673,8.0,3,1,15000.0
12.0,10.46310334047155,10.51867319162636,12.0,3,1,65000.0
17.0,10.491274217438248,10.51867319162636,19.0,3,2,80000.0
16.0,12.002474335450016,10.596634733096073,16.0,3,1,170000.0
16.0,10.308952660644293,11.407564949312402,18.0,3,2,115000.0
12.0,9.392661928770137,9.546812608597396,4.0,3,2,56000.0
12.0,9.305650551780507,9.998797732340453,12.0,3,2,35000.0
12.0,10.596634733096073,9.472704636443673,12.0,3,1,55000.0
13.0,8.294049640102028,9.305650551780507,12.0,3,1,48000.0
12.0,10.373491181781864,9.392661928770137,12.0,3,1,27000.0
12.0,9.615805480084347,10.858998997563564,14.0,3,2,26000.0
12.0,11.018629143155449,10.46310334047155,14.0,3,1,122500.0
16.0,11.082142548877775,9.615805480084347,4.0,3,1,123000.0
16.0,9.903487552536127,10.819778284410283,16.0,3,2,103000.0
12.0,10.645424897265505,9.615805480084347,14.0,3,1,
14.0,10.778956289890028,10.668955394675699,15.0,3,1,121500.0
12.0,9.903487552536127,10.819778284410283,12.0,3,2,17000.0
16.0,11.350406535472453,10.596634733096073,16.0,3,1,332808.0
12.0,10.388995368317829,10.221941283654663,0.0,3,2,87500.0
16.0,9.035986984831405,10.819778284410283,16.0,3,1,
16.0,10.275051108968611,9.878169744551839,16.0,3,1,34000.0
16.0,8.987196820661973,10.596634733096073,13.0,3,2,60020.0
15.0,10.043249494911286,9.680344001221918,16.0,2,1,58000.0
12.0,10.239959789157341,10.165851817003619,12.0,2,2,55000.0
12.0,10.858998997563564,9.615805480084347,16.0,2,1,78000.0
13.0,10.126631103850338,10.46310334047155,17.0,2,2,32000.0
12.0,10.239959789157341,10.4341158035983,16.0,2,1,77104.0
19.0,9.392661928770137,10.691944912900398,3.0,2,2,67700.0
7.0,9.549665677579801,9.43188264192342,6.0,3,2,15550.0
15.0,10.968198289528557,10.545341438708522,15.0,3,1,42220.0
15.0,10.596634733096073,10.933106969717286,14.0,3,2,50000.0
20.0,10.46310334047155,10.596634733096073,20.0,3,2,92500.0
12.0,10.448714603019452,10.126631103850338,12.0,3,1,64500.0
14.0,10.302263672493496,10.596634733096073,14.0,1,2,88100.0
17.0,10.905955980651335,11.225243392518447,18.0,1,2,69150.0
12.0,8.101677747454572,10.043249494911286,12.0,3,2,
11.0,9.740968623038354,7.313220387090301,8.0,1,1,17000.0
12.0,10.545341438708522,9.305650551780507,3.0,1,1,60300.0
12.0,10.043249494911286,9.903487552536127,10.0,3,2,57900.0
16.0,11.082142548877775,10.778956289890028,16.0,3,1,
16.0,10.239959789157341,9.546812608597396,14.0,2,1,48000.0
12.0,10.373491181781864,10.46310334047155,10.0,1,2,50000.0
12.0,9.546812608597396,10.491274217438248,12.0,3,2,55850.0
12.0,10.181119289134408,10.203592144986466,12.0,2,2,35000.0
12.0,9.95227771670556,10.247077256926206,17.0,1,2,47000.0
12.0,9.546812608597396,10.085809109330082,16.0,3,1,62000.0
8.0,8.411832675758411,11.002099841204238,12.0,3,2,9494.0
9.0,9.680344001221918,10.126631103850338,9.0,3,2,
18.0,9.392661928770137,11.56171562913966,15.0,3,2,113200.0
18.0,10.819778284410283,8.517193191416238,16.0,3,1,78000.0
16.0,10.915088464214607,10.043249494911286,12.0,2,1,
12.0,10.545341438708522,10.203592144986466,12.0,2,1,34000.0
13.0,9.740968623038354,9.798127036878302,12.0,2,2,67000.0
14.0,10.085809109330082,10.165851817003619,13.0,3,1,58050.0
12.0,9.472704636443673,9.546812608597396,12.0,3,2,36560.0
16.0,10.896739325546411,9.546812608597396,12.0,3,1,72000.0
16.0,10.819778284410283,10.819778284410283,16.0,3,2,113750.0
12.0,8.987196820661973,10.126631103850338,12.0,3,2,33100.0
17.0,10.308952660644293,9.615805480084347,16.0,3,1,51500.0
16.0,9.392661928770137,11.289781913656018,16.0,3,2,106800.0
20.0,10.682147070420287,8.160518247477505,20.0,3,1,
15.0,10.373491181781864,10.645424897265505,12.0,3,1,74000.0
13.0,10.545341438708522,9.798127036878302,15.0,3,2,69000.0
12.0,10.858998997563564,8.699514748210191,14.0,3,1,70300.0
12.0,10.043249494911286,10.043249494911286,14.0,2,1,47000.0
12.0,10.645424897265505,10.545341438708522,14.0,2,1,77700.0
16.0,10.545341438708522,10.043249494911286,12.0,2,2,67070.0
12.0,9.472704636443673,10.043249494911286,14.0,3,2,33000.0
12.0,9.903487552536127,8.699514748210191,12.0,2,1,21000.0
12.0,10.043249494911286,9.210340371976184,14.0,3,2,22000.0
12.0,9.210340371976184,9.210340371976184,1.0,3,2,18385.0
12.0,10.308952660644293,10.819778284410283,12.0,1,2,96000.0
12.0,9.472704636443673,9.807417083785394,12.0,3,2,55000.0
12.0,10.491274217438248,10.819778284410283,14.0,3,2,52500.0
10.0,10.239959789157341,9.680344001221918,10.0,3,1,45000.0
12.0,9.392661928770137,9.798127036878302,12.0,3,2,33500.0
11.0,10.165851817003619,7.8632667240095735,0.0,3,1,26000.0
12.0,10.126631103850338,10.308952660644293,12.0,3,2,45000.0
16.0,7.956476798036782,10.4341158035983,20.0,3,2,81000.0
12.0,10.085809109330082,9.998797732340453,14.0,3,2,52400.0
12.0,10.030560635099604,9.969509348078125,12.0,3,1,25485.0
16.0,9.259130536145614,10.043249494911286,12.0,3,2,34500.0
18.0,10.714417768752456,10.714417768752456,16.0,3,1,140000.0
15.0,7.824046010856292,11.002099841204238,14.0,3,2,13500.0
14.0,9.210340371976184,11.314474526246391,16.0,3,2,80000.0
16.0,10.404262840448617,9.615805480084347,15.0,3,1,59000.0
13.0,10.4341158035983,10.126631103850338,14.0,1,1,73500.0
16.0,10.404262840448617,9.210340371976184,16.0,3,1,70000.0
11.0,10.491274217438248,9.903487552536127,12.0,3,1,75000.0
15.0,9.903487552536127,9.798127036878302,8.0,3,2,53600.0
16.0,9.546812608597396,10.085809109330082,16.0,3,2,41670.0
16.0,10.341742483467284,9.95227771670556,16.0,3,1,35400.0
12.0,9.680344001221918,9.680344001221918,12.0,3,1,32000.0
10.0,9.472704636443673,8.987196820661973,6.0,3,2,30600.0
12.0,8.699514748210191,9.680344001221918,12.0,3,2,57894.0
12.0,9.472704636443673,10.51867319162636,16.0,3,2,50050.0
16.0,10.87804719253426,9.903487552536127,14.0,3,1,85500.0
12.0,10.308952660644293,9.680344001221918,12.0,3,1,56050.0
17.0,10.165851817003619,10.275051108968611,17.0,3,1,56000.0
12.0,9.392661928770137,9.392661928770137,12.0,3,2,45600.0
12.0,9.876630098366245,9.581903928408666,13.0,3,2,38000.0
12.0,9.472704636443673,9.769956159911606,13.0,3,2,49620.0
12.0,9.210340371976184,10.819778284410283,10.0,3,2,92800.0
12.0,8.987196820661973,10.571316925111784,15.0,3,2,
14.0,10.4341158035983,8.85366542803745,8.0,3,2,40000.0
12.0,9.392661928770137,9.546812608597396,9.0,3,2,28468.0
17.0,9.274441297382706,8.268731832117737,2.0,3,2,19037.0
19.0,10.136977395904482,10.568389567655771,16.0,3,2,86683.0
12.0,10.753638481905739,10.682812429337126,12.0,3,2,76260.0
15.0,10.46310334047155,8.987196820661973,12.0,3,1,52275.0
16.0,10.807705703176014,9.441452092939569,13.0,3,1,103767.0
18.0,11.002099841204238,9.798127036878302,12.0,3,1,53000.0
16.0,10.799575577092764,10.845446031158861,16.0,3,2,75300.0
12.0,10.645424897265505,9.852194258148577,15.0,3,1,67080.0
13.0,8.536995818712418,10.596634733096073,12.0,3,2,57100.0
13.0,10.621327345686446,7.600902459542082,14.0,1,1,55399.0
9.0,9.210340371976184,9.615805480084347,0.0,3,2,8160.0
12.0,12.002474335450016,10.714417768752456,17.0,1,1,182000.0
13.0,9.210340371976184,10.645424897265505,12.0,3,2,9483.0
14.0,8.517193191416238,10.757902880692196,12.0,3,2,69000.0
12.0,9.860997500915175,12.195608082482291,12.0,3,2,77100.0
15.0,9.680344001221918,10.46310334047155,14.0,1,2,54000.0
16.0,11.127262984158243,8.85366542803745,18.0,3,1,110500.0
18.0,11.127262984158243,9.998797732340453,16.0,3,2,105022.0
18.0,11.225243392518447,10.46310334047155,20.0,3,2,
12.0,10.778956289890028,7.600902459542082,17.0,3,1,59000.0
12.0,10.668955394675699,10.799575577092764,12.0,3,2,115000.0
12.0,10.126631103850338,10.596634733096073,7.0,1,2,78800.0
16.0,10.126631103850338,10.126631103850338,17.0,3,1,60000.0
14.0,8.294049640102028,10.126631103850338,12.0,3,2,36987.0
13.0,9.680344001221918,10.308952660644293,0.0,2,1,53920.0
18.0,10.126631103850338,10.46310334047155,20.0,2,2,90000.0
12.0,11.002099841204238,11.407564949312402,13.0,1,1,332808.0
12.0,11.314474526246391,10.275051108968611,15.0,3,2,174100.0
16.0,10.043249494911286,10.778956289890028,12.0,3,2,0.0
15.0,7.170119543449628,12.195608082482291,14.0,3,2,332808.0
17.0,9.852194258148577,11.002099841204238,12.0,3,2,80300.0
15.0,10.896739325546411,8.987196820661973,12.0,3,1,60000.0
16.0,9.852194258148577,11.002099841204238,18.0,3,2,75200.0
13.0,11.184421397998193,10.714417768752456,12.0,3,1,52200.0
19.0,10.87804719253426,11.198214720130528,14.0,3,1,151000.0
12.0,8.242756345714477,10.491274217438248,14.0,1,1,86000.0
14.0,11.002099841204238,10.203592144986466,12.0,3,1,110480.0
16.0,10.126631103850338,9.95227771670556,16.0,1,1,30000.0
16.0,7.600902459542082,9.798127036878302,16.0,3,1,52000.0
16.0,10.819778284410283,10.819778284410283,15.0,3,2,14250.0
12.0,6.907755278982137,10.491274217438248,12.0,3,2,7000.0
12.0,8.85366542803745,9.740968623038354,7.0,3,2,24700.0
11.0,8.006367567650246,10.308952660644293,12.0,3,2,52000.0
15.0,10.203592144986466,9.798127036878302,15.0,1,2,48000.0
12.0,8.517193191416238,9.615805480084347,9.0,3,2,18000.0
11.0,10.691944912900398,10.275051108968611,12.0,1,1,80960.0
15.0,10.341742483467284,9.72913416539135,14.0,3,1,60000.0
12.0,9.392661928770137,9.786953736280177,11.0,3,2,56316.0
17.0,10.239959789157341,10.714417768752456,16.0,3,2,83030.0
12.0,10.239959789157341,7.600902459542082,20.0,3,1,38000.0
14.0,10.126631103850338,11.002099841204238,14.0,3,1,85000.0
13.0,8.026170194946426,10.411178267606632,5.0,3,2,
20.0,11.097410021008562,11.27720313144916,13.0,3,2,332808.0
13.0,10.596634733096073,11.156250521031495,14.0,3,2,179000.0
17.0,10.043249494911286,11.002099841204238,17.0,3,2,
17.0,9.903487552536127,10.915088464214607,17.0,3,2,83700.0
12.0,10.126631103850338,8.006367567650246,12.0,3,1,31500.0
16.0,11.082142548877775,10.668955394675699,12.0,3,2,
13.0,10.778956289890028,10.203592144986466,14.0,3,1,92768.0
12.0,10.239959789157341,10.46310334047155,14.0,1,2,38000.0
8.0,8.779557455883728,6.396929655216146,8.0,1,1,
9.0,9.903487552536127,10.126631103850338,12.0,1,2,69840.0
12.0,10.491274217438248,11.407564949312402,18.0,3,2,120000.0
12.0,10.165851817003619,9.210340371976184,12.0,1,1,38000.0
12.0,9.581903928408666,9.852194258148577,11.0,1,2,36872.0
12.0,9.615805480084347,9.798127036878302,12.0,1,2,31000.0
16.0,9.392661928770137,10.933106969717286,20.0,3,2,69832.0
16.0,7.600902459542082,11.407564949312402,17.0,3,2,96700.0
18.0,12.002474335450016,9.210340371976184,16.0,3,1,332808.0
13.0,9.680344001221918,11.350406535472453,14.0,1,2,82000.0
12.0,11.225243392518447,10.308952660644293,7.0,3,2,73200.0
16.0,10.645424897265505,9.615805480084347,16.0,3,1,86000.0
18.0,10.778956289890028,10.545341438708522,17.0,3,2,100000.0
12.0,8.974618038455112,10.4341158035983,12.0,3,2,73510.0
12.0,8.556413904569519,10.308952660644293,16.0,3,2,34000.0
12.0,9.392661928770137,9.615805480084347,12.0,3,2,37800.0
14.0,8.873888135154973,10.008928064994125,9.0,3,2,32000.0
12.0,10.357742824813725,9.305650551780507,12.0,3,1,35020.0
15.0,9.104979856318357,10.714417768752456,12.0,3,2,80000.0
16.0,10.126631103850338,11.082142548877775,16.0,3,2,100100.0
18.0,10.46310334047155,11.512925464970229,18.0,3,2,332808.0
12.0,9.883284845218608,7.272398392570047,12.0,3,1,37000.0
14.0,10.896739325546411,7.24422751560335,12.0,3,1,70300.0
16.0,9.792555991828847,10.491274217438248,12.0,3,2,61000.0
12.0,11.06663836234181,5.0106352940962555,16.0,3,1,84280.0
12.0,10.373491181781864,10.341742483467284,12.0,3,2,70040.0
12.0,9.998797732340453,10.571316925111784,12.0,3,2,60075.0
12.0,10.126631103850338,10.596634733096073,14.0,3,2,74150.0
13.0,10.502324053624832,9.291643823040218,14.0,3,1,61000.0
12.0,10.246509720021074,9.932657929835909,12.0,3,1,56000.0
14.0,10.621327345686446,10.545341438708522,16.0,3,2,107000.0
19.0,10.373491181781864,10.085809109330082,16.0,3,1,70150.0
19.0,10.871421517562121,8.858652969548489,20.0,3,1,83000.0
12.0,10.491274217438248,10.668955394675699,14.0,3,1,79000.0
12.0,10.819778284410283,9.903487552536127,12.0,3,1,75130.0
14.0,10.126631103850338,10.308952660644293,12.0,3,1,62295.0
13.0,8.987196820661973,9.546812608597396,12.0,3,2,34000.0
16.0,9.392661928770137,10.645424897265505,12.0,3,1,63350.0
12.0,9.472704636443673,10.203592144986466,10.0,3,2,41800.0
14.0,10.778956289890028,10.184900011974314,16.0,3,2,59800.0
16.0,10.341742483467284,10.691944912900398,16.0,3,1,84100.0
16.0,8.648221453822641,10.416311178964792,18.0,3,2,63000.0
16.0,10.239959789157341,10.308952660644293,13.0,3,2,60000.0
14.0,10.819778284410283,7.600902459542082,14.0,3,1,50000.0
12.0,9.392661928770137,10.165851817003619,12.0,3,2,38000.0
16.0,10.373491181781864,10.500454174622105,14.0,3,2,
18.0,10.239959789157341,11.112447898373103,16.0,3,2,100000.0
17.0,12.002474335450016,11.156250521031495,14.0,3,1,75000.0
16.0,8.612503371220562,10.915088464214607,16.0,3,2,91000.0
14.0,10.388995368317829,9.581903928408666,12.0,3,1,40530.0
12.0,10.341742483467284,10.308952660644293,12.0,3,1,85820.0
15.0,10.203592144986466,11.225243392518447,16.0,3,1,332808.0
12.0,11.27720313144916,9.472704636443673,12.0,3,1,
12.0,9.472704636443673,11.156250521031495,12.0,3,2,85000.0
12.0,10.126631103850338,9.798127036878302,12.0,3,1,
12.0,9.903487552536127,10.757902880692196,11.0,3,2,73000.0
12.0,10.505067539570582,10.043249494911286,12.0,3,1,
12.0,10.477287975463508,10.308952660644293,3.0,3,1,61000.0
16.0,9.852194258148577,9.798127036878302,13.0,2,2,45012.0
17.0,8.85366542803745,10.858998997563564,16.0,3,2,92500.0
12.0,10.714417768752456,7.090076835776092,12.0,3,1,55000.0
14.0,10.516508688616788,8.824677891164198,12.0,3,1,53222.0
12.0,8.294049640102028,10.819778284410283,12.0,3,2,
12.0,9.392661928770137,10.714417768752456,12.0,3,2,61000.0
12.0,10.015699543143056,10.082470208064567,12.0,3,2,44200.0
14.0,9.680344001221918,11.26446410567173,6.0,3,2,
12.0,10.308952660644293,9.852194258148577,12.0,3,1,70000.0
12.0,9.375854810453756,11.149082031552883,12.0,3,2,89185.0
13.0,8.699514748210191,10.799575577092764,12.0,3,2,50000.0
15.0,9.210340371976184,9.210340371976184,12.0,3,2,5000.0
12.0,9.472704636443673,8.85366542803745,12.0,3,2,18000.0
19.0,12.002474335450016,11.184421397998193,17.0,3,1,332808.0
12.0,10.126631103850338,10.46310334047155,12.0,3,2,65015.0
12.0,9.998797732340453,10.275051108968611,14.0,3,1,55000.0
13.0,8.517193191416238,9.95227771670556,14.0,3,1,40000.0
17.0,7.783224016336037,10.896739325546411,2.0,3,2,65100.0
19.0,9.615805480084347,11.156250521031495,13.0,3,2,100000.0
12.0,10.043249494911286,9.680344001221918,13.0,3,1,34800.0
12.0,9.798127036878302,9.998797732340453,12.0,3,1,
12.0,8.987196820661973,9.546812608597396,9.0,3,2,26724.0
19.0,10.125069885783383,9.798127036878302,14.0,3,2,37000.0
16.0,10.232791299678729,10.596634733096073,14.0,3,2,66100.0
11.0,10.043249494911286,9.680344001221918,14.0,3,1,39000.0
16.0,9.903487552536127,9.903487552536127,12.0,3,1,59500.0
12.0,9.680344001221918,10.491274217438248,17.0,3,2,13620.0
18.0,11.512925464970229,9.392661928770137,16.0,3,1,125000.0
14.0,9.769956159911606,10.491274217438248,18.0,3,1,
18.0,9.392661928770137,11.502875129116727,17.0,3,2,332808.0
17.0,10.505067539570582,9.210340371976184,18.0,3,1,56000.0
12.0,9.903487552536127,9.615805480084347,16.0,3,1,43000.0
16.0,10.845446031158861,10.596634733096073,17.0,3,1,109200.0
16.0,10.085809109330082,10.46310334047155,12.0,3,2,35650.0
11.0,9.784197131344804,9.642836819135377,2.0,3,1,45000.0
12.0,9.680344001221918,10.373491181781864,12.0,3,1,55000.0
16.0,11.134589024250317,9.615805480084347,18.0,3,1,117500.0
12.0,9.226410552153677,11.191065940716861,16.0,2,2,132555.0
16.0,10.545341438708522,10.545341438708522,12.0,3,2,102200.0
12.0,10.134718314032957,10.39387574756213,12.0,3,2,61030.0
12.0,10.085809109330082,10.373491181781864,14.0,3,2,55100.0
12.0,10.448714603019452,10.308952660644293,13.0,3,1,75150.0
12.0,9.104979856318357,10.46310334047155,12.0,3,2,100100.0
12.0,7.696212639346407,11.33857207782545,12.0,3,2,71000.0
12.0,9.769956159911606,8.699514748210191,10.0,3,2,35000.0
12.0,10.819778284410283,10.858998997563564,12.0,3,2,106000.0
12.0,10.990364584985818,10.621327345686446,18.0,3,1,105400.0
12.0,9.95227771670556,11.49272275765271,13.0,3,2,28000.0
12.0,8.699514748210191,10.308952660644293,12.0,3,2,33000.0
12.0,10.388995368317829,8.006367567650246,12.0,3,1,40000.0
12.0,10.265697151973335,9.546455401949554,12.0,3,1,54856.0
12.0,10.085809109330082,11.089805421623343,14.0,3,1,26200.0
12.0,10.596634733096073,9.798127036878302,12.0,3,1,45300.0
14.0,10.043249494911286,10.46310334047155,12.0,3,2,40000.0
9.0,9.249561085129464,9.249561085129464,9.0,3,1,19000.0
12.0,10.426883833475971,10.043249494911286,10.0,3,1,59000.0
10.0,10.043249494911286,10.4274761628284,12.0,3,2,47000.0
12.0,9.903487552536127,10.165851817003619,12.0,3,2,57300.0
13.0,10.915088464214607,10.915088464214607,16.0,3,2,115000.0
12.0,10.60826681732578,10.068154174091362,12.0,3,1,70565.0
12.0,11.112447898373103,7.170119543449628,12.0,3,1,98040.0
12.0,10.46310334047155,11.407564949312402,12.0,3,2,150000.0
13.0,10.100287128510736,10.771260083255557,12.0,3,2,75760.0
12.0,10.241280345410422,10.697475048022145,12.0,3,2,74050.0
12.0,10.126631103850338,9.798127036878302,6.0,3,2,57144.0
12.0,10.46310334047155,10.545341438708522,18.0,3,1,95000.0
14.0,10.596634733096073,9.51044496442652,12.0,3,1,59660.0
12.0,9.615805480084347,11.225243392518447,12.0,3,2,47000.0
19.0,11.407564949312402,10.46310334047155,14.0,3,1,141600.0
12.0,10.275051108968611,10.275051108968611,14.0,3,1,63000.0
12.0,10.275051108968611,10.545341438708522,11.0,3,2,82000.0
12.0,9.998797732340453,11.082142548877775,12.0,3,2,53600.0
18.0,10.239959789157341,9.615805480084347,12.0,3,2,60000.0
16.0,10.46310334047155,9.95227771670556,16.0,3,2,74400.0
12.0,9.615805480084347,8.294049640102028,11.0,3,1,40000.0
12.0,9.536040511615484,9.769956159911606,12.0,3,2,40000.0
12.0,9.998797732340453,10.126631103850338,7.0,3,2,40000.0
14.0,10.596634733096073,9.740968623038354,12.0,3,2,70000.0
14.0,10.085809109330082,9.998797732340453,3.0,3,2,66830.0
9.0,8.987196820661973,9.392661928770137,12.0,3,2,
12.0,10.239959789157341,10.085809109330082,12.0,3,1,78000.0
16.0,10.915088464214607,8.987196820661973,13.0,3,1,48000.0
13.0,10.46310334047155,9.998797732340453,14.0,3,1,55000.0
15.0,6.576469569048224,10.757902880692196,17.0,3,2,41897.0
12.0,8.68185981297147,9.685082755569091,8.0,3,2,10100.0
12.0,9.998797732340453,10.714417768752456,16.0,3,2,23000.0
12.0,9.798127036878302,6.907755278982137,12.0,3,1,22000.0
12.0,10.203592144986466,10.46310334047155,20.0,3,2,
14.0,10.308952660644293,10.404262840448617,13.0,3,2,90100.0
14.0,8.294049640102028,7.313220387090301,12.0,3,1,21000.0
18.0,10.550590794594667,10.275051108968611,13.0,2,2,49215.0
16.0,10.647803019670473,10.275051108968611,12.0,3,1,77000.0
13.0,10.4341158035983,9.998797732340453,14.0,2,1,66000.0
14.0,10.778956289890028,9.305650551780507,12.0,3,1,96800.0
12.0,10.51867319162636,9.998797732340453,12.0,3,1,60440.0
12.0,9.740968623038354,10.596634733096073,8.0,3,2,142000.0
12.0,10.165851817003619,10.239959789157341,7.0,3,2,74120.0
13.0,10.261161996807944,10.043249494911286,0.0,3,2,42460.0
12.0,10.454177912797071,9.897268252722212,13.0,3,1,57581.0
12.0,10.308952660644293,9.903487552536127,12.0,3,1,49000.0
14.0,10.778956289890028,10.239959789157341,14.0,3,1,91000.0
15.0,10.545341438708522,10.404262840448617,15.0,3,1,75000.0
13.0,9.464982590349763,10.545341438708522,12.0,3,2,56100.0
12.0,10.239959789157341,9.798127036878302,15.0,3,1,
12.0,9.94270826568941,9.961756460660103,8.0,3,2,35000.0
12.0,9.546812608597396,10.691944912900398,12.0,3,2,64000.0
15.0,9.86526633971593,10.404262840448617,13.0,3,2,49000.0
14.0,9.846917201047734,10.425253116340453,9.0,3,2,
12.0,7.7406644019172415,7.824046010856292,12.0,2,2,42000.0
12.0,9.998797732340453,10.545341438708522,14.0,2,2,68115.0
12.0,9.998797732340453,9.798127036878302,4.0,3,2,40000.0
12.0,10.021270588192511,7.824046010856292,12.0,3,1,64500.0
12.0,10.645424897265505,10.126631103850338,12.0,3,1,42000.0
12.0,9.998797732340453,9.903487552536127,12.0,3,1,40000.0
16.0,10.203592144986466,9.392661928770137,0.0,3,2,51000.0
16.0,10.545341438708522,10.275051108968611,16.0,3,1,83300.0
16.0,10.596634733096073,10.373491181781864,16.0,3,2,
15.0,10.596634733096073,11.225243392518447,13.0,3,2,
16.0,10.950806546816688,10.203592144986466,16.0,3,1,89000.0
18.0,10.668955394675699,10.373491181781864,16.0,3,2,94000.0
16.0,9.998797732340453,11.289781913656018,12.0,3,2,93000.0
12.0,9.903487552536127,10.085809109330082,10.0,3,2,45000.0
12.0,9.852194258148577,10.126631103850338,12.0,2,2,45000.0
9.0,9.417354541360508,9.867860374892977,0.0,2,2,43040.0
8.0,9.825526011066415,9.648595302907339,12.0,1,1,66000.0
12.0,9.798127036878302,9.852194258148577,12.0,2,2,
12.0,10.275051108968611,9.680344001221918,4.0,3,1,74000.0
12.0,10.043249494911286,8.764053269347762,12.0,2,1,31500.0
12.0,9.546812608597396,9.798127036878302,7.0,3,2,45700.0
16.0,10.849337086651827,9.95227771670556,14.0,3,1,85800.0
15.0,10.308952660644293,10.46310334047155,12.0,3,2,70000.0
12.0,9.740968623038354,10.87804719253426,12.0,3,2,
12.0,10.085809109330082,10.165851817003619,8.0,3,2,39500.0
20.0,10.714417768752456,11.407564949312402,17.0,3,2,120000.0
17.0,10.126631103850338,11.461632170582678,16.0,3,2,135000.0
12.0,9.20029003612268,10.275051108968611,16.0,3,2,15000.0
17.0,10.778956289890028,10.714417768752456,12.0,3,2,104000.0
16.0,11.042921835724492,10.596634733096073,18.0,3,1,72000.0
16.0,8.630521876723241,10.915088464214607,16.0,3,2,60200.0
12.0,9.903487552536127,9.615805480084347,12.0,3,2,127500.0
16.0,11.127262984158243,10.668955394675699,18.0,3,1,178000.0
17.0,11.06663836234181,11.127262984158243,16.0,3,1,176000.0
12.0,10.308952660644293,10.085809109330082,12.0,3,1,110000.0
9.0,9.998797732340453,9.680344001221918,12.0,3,1,44000.0
13.0,10.146433731146518,10.714417768752456,13.0,2,2,29000.0
12.0,9.210340371976184,9.472704636443673,12.0,3,2,37000.0
12.0,10.491274217438248,9.392661928770137,14.0,3,1,67000.0
12.0,9.945109227226947,10.858998997563564,16.0,3,2,
16.0,10.596634733096073,10.308952660644293,12.0,3,2,95000.0
16.0,9.95227771670556,6.907755278982137,14.0,3,2,24000.0
16.0,9.472704636443673,9.813398717754442,13.0,3,1,58000.0
14.0,10.596634733096073,9.94270826568941,13.0,3,1,
13.0,9.95227771670556,11.002099841204238,12.0,3,2,73000.0
13.0,10.778956289890028,9.615805480084347,12.0,3,1,
15.0,10.968198289528557,9.358760377094455,15.0,3,1,
12.0,8.699514748210191,10.308952660644293,16.0,3,1,18200.0
19.0,11.49272275765271,11.56171562913966,14.0,3,2,332808.0
12.0,7.824046010856292,10.714417768752456,10.0,3,2,50900.0
14.0,10.714417768752456,9.998797732340453,12.0,3,1,83050.0
12.0,9.392661928770137,10.778956289890028,11.0,3,2,70850.0
14.0,10.373491181781864,10.165851817003619,15.0,3,1,75000.0
12.0,10.165851817003619,9.680344001221918,8.0,3,1,55000.0
16.0,10.308952660644293,10.165851817003619,16.0,3,1,73000.0
18.0,10.545341438708522,10.043249494911286,12.0,3,2,75139.0
12.0,10.668955394675699,10.239959789157341,0.0,3,1,77500.0
12.0,10.126631103850338,9.680344001221918,12.0,3,1,38100.0
12.0,9.011889433252344,10.165851817003619,12.0,3,1,124800.0
12.0,9.305650551780507,9.546812608597396,11.0,1,2,44420.0
14.0,10.799575577092764,10.165851817003619,15.0,1,1,78050.0
14.0,10.181119289134408,10.555812738575819,15.0,1,2,
12.0,9.62231756369957,9.477768715400696,12.0,3,1,32642.0
10.0,9.249561085129464,7.1308988302963465,8.0,1,1,17300.0
16.0,10.268130666124037,10.085809109330082,12.0,3,2,30831.0
13.0,10.043249494911286,10.87804719253426,12.0,3,2,
12.0,10.126631103850338,10.19241884438834,5.0,3,2,65000.0
14.0,10.60092551451323,9.85298342036236,14.0,3,1,77010.0
13.0,10.308952660644293,9.546812608597396,6.0,3,1,47268.0
12.0,10.085809109330082,10.275051108968611,12.0,3,2,29335.0
12.0,10.275051108968611,9.78131991856192,12.0,3,1,42800.0
12.0,10.819778284410283,9.615805480084347,12.0,3,1,65000.0
14.0,9.392661928770137,9.998797732340453,12.0,3,2,42500.0
12.0,9.740968623038354,9.615805480084347,10.0,3,2,41000.0
17.0,10.819778284410283,11.082142548877775,16.0,3,1,128000.0
12.0,10.491274217438248,10.308952660644293,0.0,3,1,70000.0
12.0,9.9281801651265,9.210340371976184,7.0,3,1,
12.0,6.214608098422191,10.736396675471232,12.0,3,2,92000.0
18.0,10.87804719253426,10.668955394675699,18.0,3,2,119000.0
16.0,10.950806546816688,8.294049640102028,16.0,3,2,83010.0
13.0,10.364071959865372,9.392661928770137,11.0,3,2,44000.0
12.0,9.249561085129464,10.069001991013701,12.0,3,2,27000.0
12.0,10.308952660644293,9.798127036878302,12.0,3,1,52000.0
12.0,9.798127036878302,10.308952660644293,12.0,3,2,52200.0
12.0,10.373491181781864,9.546812608597396,12.0,3,1,45002.0
17.0,11.018629143155449,10.275051108968611,16.0,3,2,93175.0
13.0,12.002474335450016,9.852194258148577,14.0,3,1,21900.0
19.0,10.085809109330082,10.308952660644293,17.0,3,1,80500.0
16.0,12.002474335450016,12.195608082482291,16.0,3,1,332808.0
12.0,10.596634733096073,9.852194258148577,12.0,3,1,61075.0
11.0,8.160518247477505,9.615805480084347,7.0,3,1,26000.0
12.0,8.987196820661973,10.819778284410283,3.0,3,2,12000.0
12.0,10.043249494911286,10.4341158035983,12.0,3,1,63000.0
8.0,10.373491181781864,9.392661928770137,9.0,3,1,38800.0
8.0,9.392661928770137,10.373491181781864,9.0,3,2,45480.0
11.0,9.546812608597396,10.896739325546411,8.0,3,2,61000.0
13.0,9.740968623038354,10.126631103850338,14.0,3,1,46000.0
16.0,10.46310334047155,10.373491181781864,16.0,3,1,64000.0
12.0,8.961879012677683,10.545341438708522,14.0,3,2,41600.0
12.0,10.491274217438248,9.615805480084347,13.0,3,1,63700.0
12.0,9.350102314351341,7.313220387090301,12.0,3,1,
17.0,10.896739325546411,11.03488966402723,18.0,3,1,86300.0
14.0,9.852194258148577,9.472704636443673,6.0,3,2,22204.0
12.0,9.852194258148577,10.085809109330082,15.0,3,2,
16.0,10.778956289890028,8.699514748210191,12.0,3,1,85400.0
12.0,7.090076835776092,11.512925464970229,12.0,3,2,25000.0
17.0,9.104979856318357,10.896739325546411,19.0,3,2,83000.0
16.0,7.600902459542082,10.915088464214607,18.0,3,2,93035.0
12.0,10.308952660644293,9.546812608597396,12.0,3,1,32030.0
12.0,10.373491181781864,10.203592144986466,12.0,3,1,64000.0
18.0,10.915088464214607,7.600902459542082,16.0,3,1,87030.0
12.0,7.301147805856032,10.471638242921388,3.0,3,2,
12.0,10.596634733096073,8.987196820661973,14.0,3,1,29500.0
14.0,8.987196820661973,10.491274217438248,12.0,3,2,81500.0
14.0,10.858998997563564,5.991464547107982,12.0,3,1,95000.0
12.0,8.476371196895983,9.998797732340453,9.0,3,2,47000.0
17.0,9.903487552536127,9.95227771670556,12.0,3,1,81000.0
12.0,11.082142548877775,10.126631103850338,12.0,3,1,110000.0
12.0,8.556413904569519,10.858998997563564,6.0,3,2,70700.0
12.0,8.517193191416238,10.239959789157341,12.0,3,2,46544.0
12.0,8.779557455883728,8.160518247477505,12.0,3,2,20436.0
12.0,9.95227771670556,10.558413520275876,8.0,3,1,27500.0
12.0,10.043249494911286,9.798127036878302,12.0,3,1,36732.0
12.0,10.4341158035983,6.907755278982137,12.0,3,1,46000.0
13.0,9.104979856318357,11.002099841204238,14.0,3,2,57500.0
16.0,10.950806546816688,10.645424897265505,12.0,3,2,150000.0
16.0,10.993731591533722,10.714417768752456,16.0,3,1,66500.0
18.0,10.275051108968611,10.419300717813158,18.0,3,2,68100.0
16.0,10.359677460135904,9.958449110610102,3.0,3,2,57425.0
16.0,8.070906088787819,10.819778284410283,12.0,3,2,24555.0
12.0,9.375854810453756,9.740968623038354,12.0,3,2,58500.0
19.0,8.987196820661973,10.545341438708522,17.0,1,2,
12.0,9.615805480084347,10.4341158035983,9.0,3,2,47600.0
14.0,9.852194258148577,9.769956159911606,12.0,3,2,48000.0
16.0,9.615805480084347,9.903487552536127,9.0,3,2,34010.0
17.0,10.06475570013225,10.714417768752456,15.0,3,2,68000.0
12.0,10.275051108968611,9.680344001221918,16.0,3,1,54000.0
12.0,9.798127036878302,9.305650551780507,12.0,3,1,29600.0
12.0,10.373491181781864,10.373491181781864,9.0,3,2,48300.0
12.0,9.903487552536127,9.903487552536127,12.0,3,1,34800.0
12.0,10.203592144986466,10.308952660644293,14.0,3,2,60911.0
12.0,9.667765219015058,9.287301413112312,12.0,3,1,18000.0
17.0,10.545341438708522,11.26446410567173,16.0,3,2,133200.0
20.0,11.225243392518447,11.002099841204238,16.0,3,1,117000.0
16.0,10.819778284410283,11.112447898373103,16.0,3,2,64150.0
12.0,9.238441802087058,10.682560103927765,11.0,3,2,40000.0
12.0,9.933046354777673,9.893437216682626,9.0,3,2,52100.0
15.0,9.752664662801545,9.472704636443673,13.0,3,1,
12.0,10.203592144986466,7.090076835776092,8.0,3,1,53500.0
12.0,10.239959789157341,9.392661928770137,12.0,3,1,48000.0
13.0,10.308952660644293,9.95227771670556,16.0,3,1,157000.0
16.0,10.373491181781864,10.645424897265505,12.0,3,2,70000.0
16.0,10.278493453159584,10.257659366256743,13.0,3,2,62400.0
14.0,10.889304347058893,10.915088464214607,8.0,3,1,114000.0
15.0,10.373491181781864,10.46310334047155,3.0,3,1,
14.0,10.341742483467284,8.987196820661973,1.0,3,1,72200.0
14.0,10.126631103850338,9.798127036878302,12.0,3,1,61000.0
19.0,9.903487552536127,10.275051108968611,5.0,3,2,59000.0
20.0,10.46310334047155,11.082142548877775,18.0,3,2,112020.0
14.0,9.680344001221918,10.308952660644293,16.0,3,2,59000.0
12.0,9.989435864672492,9.760252084449375,12.0,3,2,45499.0
17.0,11.407564949312402,12.195608082482291,15.0,3,1,165000.0
12.0,9.680344001221918,9.104979856318357,12.0,3,2,32165.0
18.0,9.615805480084347,10.203592144986466,12.0,3,2,62000.0
16.0,10.491274217438248,10.043249494911286,12.0,3,2,70000.0
10.0,9.998797732340453,9.392661928770137,12.0,3,1,8000.0
12.0,9.392661928770137,9.998797732340453,10.0,3,2,182000.0
13.0,8.45531778769815,9.825526011066415,12.0,1,2,81400.0
18.0,10.341742483467284,12.195608082482291,16.0,1,2,332808.0
14.0,9.998797732340453,10.275051108968611,16.0,1,1,93000.0
6.0,9.305650551780507,8.699514748210191,3.0,1,1,28100.0
12.0,9.95227771670556,10.043249494911286,12.0,1,2,
12.0,8.131530710604252,9.798127036878302,9.0,1,2,27650.0
8.0,8.23880116587155,8.745761999375512,8.0,1,1,
12.0,9.472704636443673,10.308952660644293,6.0,1,2,50800.0
12.0,9.35979432514452,9.12347443895452,12.0,1,2,13853.0
12.0,8.987196820661973,9.574983485564092,10.0,1,1,28800.0
12.0,9.104979856318357,9.798127036878302,9.0,1,2,36000.0
10.0,10.308952660644293,9.680344001221918,9.0,1,1,52000.0
15.0,9.648595302907339,10.596634733096073,14.0,1,2,56200.0
17.0,10.404262840448617,11.184421397998193,1.0,3,2,332808.0
0.0,8.779557455883728,8.779557455883728,12.0,1,2,11420.0
12.0,10.404262840448617,9.472704636443673,13.0,1,1,33000.0
11.0,7.090076835776092,9.615805480084347,7.0,1,2,9309.0
18.0,10.085809109330082,10.373491181781864,12.0,3,1,51400.0
12.0,9.998797732340453,10.126631103850338,12.0,3,2,47000.0
12.0,9.472704636443673,9.903487552536127,12.0,1,2,68000.0
13.0,9.035986984831405,9.95227771670556,5.0,1,2,48762.0
12.0,8.865029186687766,10.4341158035983,12.0,1,2,48000.0
18.0,10.126631103850338,10.896739325546411,20.0,1,2,
12.0,10.126631103850338,10.126631103850338,11.0,1,2,28040.0
16.0,10.896739325546411,10.203592144986466,12.0,1,2,90000.0
12.0,10.4341158035983,8.99961934066053,11.0,3,1,116750.0
12.0,10.308952660644293,8.101677747454572,14.0,2,1,29400.0
9.0,10.239959789157341,9.210340371976184,5.0,2,1,25000.0
8.0,8.517193191416238,9.392661928770137,11.0,2,2,
12.0,8.294049640102028,9.998797732340453,11.0,3,2,12000.0
16.0,10.404262840448617,8.987196820661973,14.0,3,2,65000.0
18.0,11.184421397998193,10.126631103850338,16.0,3,1,111000.0
14.0,10.308952660644293,9.95227771670556,12.0,3,2,70000.0
10.0,10.545341438708522,9.680344001221918,13.0,3,1,62300.0
16.0,10.308952660644293,10.308952660644293,12.0,3,2,64000.0
16.0,9.546812608597396,10.085809109330082,12.0,3,2,40000.0
14.0,9.740968623038354,9.210340371976184,7.0,2,2,9600.0
13.0,10.915088464214607,10.46310334047155,12.0,3,2,65000.0
12.0,9.903487552536127,10.596634733096073,12.0,3,2,69675.0
16.0,10.63344870621879,9.581903928408666,12.0,3,2,64600.0
12.0,9.903487552536127,9.998797732340453,12.0,3,1,43000.0
13.0,9.998797732340453,10.308952660644293,12.0,3,2,
12.0,10.126631103850338,10.373491181781864,12.0,3,2,82000.0
12.0,9.852194258148577,11.002099841204238,12.0,3,2,94000.0
12.0,10.126631103850338,9.740968623038354,12.0,3,2,44032.0
12.0,10.203592144986466,10.736396675471232,12.0,3,1,115000.0
12.0,6.643789733147672,10.51867319162636,9.0,3,2,48600.0
12.0,9.852194258148577,8.922658299524402,12.0,3,1,41132.0
12.0,9.95227771670556,10.043249494911286,12.0,2,1,26000.0
14.0,9.95227771670556,9.104979856318357,12.0,3,1,65900.0
12.0,10.165851817003619,9.798127036878302,12.0,2,1,43000.0
14.0,9.852194258148577,9.210340371976184,12.0,2,1,
14.0,10.308952660644293,9.011889433252344,12.0,3,1,69000.0
12.0,9.546812608597396,10.129467078669546,11.0,3,2,51000.0
7.0,10.596634733096073,9.568014816247999,16.0,3,1,
12.0,10.571316925111784,9.740968623038354,14.0,3,1,58000.0
12.0,8.006367567650246,10.165851817003619,12.0,3,2,
12.0,9.903487552536127,9.903487552536127,12.0,2,1,22000.0
13.0,10.51867319162636,8.699514748210191,16.0,2,1,48000.0
16.0,10.729853576882297,10.545341438708522,15.0,2,2,49000.0
14.0,10.46310334047155,10.4341158035983,13.0,2,1,
12.0,7.613324979540639,10.09921879624,8.0,3,2,19720.0
16.0,8.411832675758411,11.082142548877775,16.0,3,2,109000.0
16.0,10.165851817003619,10.308952660644293,16.0,3,1,40000.0
16.0,11.082142548877775,10.46310334047155,12.0,3,2,120200.0
13.0,10.021270588192511,10.203592144986466,15.0,3,1,21268.0
12.0,10.057923905840546,10.126631103850338,12.0,3,2,35000.0
12.0,9.595602772766828,7.803843303538772,12.0,3,1,17500.0
12.0,10.51867319162636,9.740968623038354,13.0,3,1,
13.0,9.740968623038354,10.51867319162636,12.0,3,2,
12.0,11.326595886778735,8.006367567650246,12.0,3,1,
12.0,10.126631103850338,10.308952660644293,12.0,3,1,20000.0
13.0,10.896739325546411,9.975808214115753,12.0,3,1,84200.0
18.0,10.819778284410283,10.45449496593495,16.0,3,2,106700.0
14.0,10.043249494911286,11.002099841204238,18.0,3,2,105200.0
20.0,10.188666494769791,10.968198289528557,14.0,3,2,91241.0
16.0,8.006367567650246,11.289781913656018,20.0,3,2,53300.0
18.0,11.082142548877775,12.195608082482291,18.0,3,2,332808.0
18.0,12.002474335450016,10.46310334047155,20.0,3,1,332808.0
13.0,10.341742483467284,9.472704636443673,12.0,3,1,42000.0
14.0,9.903487552536127,11.002099841204238,16.0,3,2,83000.0
16.0,10.532096211958502,10.4341158035983,16.0,3,1,102000.0
12.0,10.645424897265505,10.839580911706463,14.0,3,2,
12.0,9.615805480084347,10.621327345686446,11.0,3,2,51000.0
13.0,10.596634733096073,9.392661928770137,12.0,3,1,70300.0
16.0,10.839580911706463,10.4341158035983,14.0,3,1,93000.0
18.0,10.46310334047155,10.714417768752456,16.0,3,1,117000.0
14.0,10.714417768752456,10.46310334047155,16.0,3,2,100100.0
12.0,9.998797732340453,10.757902880692196,5.0,3,2,
12.0,8.85366542803745,11.289781913656018,14.0,3,2,85000.0
16.0,12.002474335450016,11.512925464970229,18.0,3,2,332808.0
16.0,7.7406644019172415,11.082142548877775,16.0,3,2,79000.0
19.0,10.858998997563564,10.714417768752456,18.0,3,1,130000.0
16.0,12.002474335450016,10.596634733096073,16.0,3,1,166000.0
17.0,10.596634733096073,10.645424897265505,12.0,3,2,
20.0,10.126631103850338,11.03488966402723,18.0,3,1,169000.0
12.0,9.305650551780507,11.225243392518447,12.0,3,2,163080.0
12.0,10.778956289890028,10.596634733096073,17.0,3,1,49000.0
12.0,11.33857207782545,8.699514748210191,12.0,3,1,75000.0
10.0,9.210340371976184,10.203592144986466,16.0,3,1,26000.0
13.0,10.819778284410283,12.195608082482291,14.0,3,2,94000.0
15.0,11.141861783579396,8.517193191416238,18.0,3,1,111000.0
16.0,10.571316925111784,10.373491181781864,17.0,3,2,90000.0
20.0,11.251560700835821,9.210340371976184,19.0,3,1,110050.0
12.0,9.903487552536127,9.798127036878302,12.0,2,1,43000.0
13.0,8.517193191416238,10.308952660644293,0.0,3,1,50000.0
16.0,10.4341158035983,10.46310334047155,13.0,3,2,73300.0
16.0,8.294049640102028,11.05089000537367,16.0,3,2,
16.0,10.714417768752456,10.46310334047155,14.0,3,1,39100.0
13.0,10.188666494769791,10.545341438708522,12.0,3,2,18000.0
16.0,12.002474335450016,12.195608082482291,18.0,3,2,332808.0
20.0,10.571316925111784,10.4341158035983,18.0,3,1,85300.0
16.0,11.225243392518447,10.085809109330082,16.0,3,1,97200.0
20.0,11.407564949312402,11.350406535472453,20.0,3,2,332808.0
19.0,10.778956289890028,11.512925464970229,14.0,3,2,157000.0
16.0,11.350406535472453,8.242756345714477,14.0,3,1,147800.0
16.0,10.46310334047155,10.308952660644293,12.0,3,2,332808.0
12.0,10.165851817003619,9.798127036878302,10.0,1,1,48000.0
10.0,10.374115986550706,10.239959789157341,12.0,3,1,43980.0
14.0,10.347371770548238,10.506627965308457,18.0,3,1,67254.0
12.0,8.612503371220562,12.195608082482291,12.0,3,2,
12.0,7.600902459542082,10.714417768752456,15.0,3,2,
16.0,11.002099841204238,11.156250521031495,18.0,3,2,
16.0,10.596634733096073,10.596634733096073,14.0,3,2,
12.0,9.798127036878302,9.903487552536127,12.0,3,2,32000.0
12.0,8.987196820661973,10.757902880692196,12.0,3,2,85000.0
12.0,10.184900011974314,8.612503371220562,14.0,3,1,34000.0
18.0,10.950806546816688,12.195608082482291,18.0,3,2,332808.0
16.0,10.596634733096073,8.517193191416238,19.0,3,1,65000.0
12.0,6.907755278982137,11.002099841204238,13.0,3,2,45000.0
12.0,8.987196820661973,11.082142548877775,12.0,3,2,86000.0
12.0,10.645424897265505,10.373491181781864,12.0,3,2,78050.0
12.0,10.799575577092764,9.210340371976184,14.0,3,1,65000.0
12.0,10.645424897265505,10.239959789157341,12.0,3,1,74400.0
12.0,10.292145542327912,10.126631103850338,12.0,3,2,
14.0,11.225243392518447,10.596634733096073,15.0,3,2,112000.0
12.0,9.392661928770137,9.392661928770137,3.0,3,2,13200.0
12.0,10.308952660644293,10.46310334047155,1.0,3,1,65000.0
12.0,10.292145542327912,11.512925464970229,16.0,3,2,137000.0
14.0,11.33857207782545,10.491274217438248,14.0,3,1,143000.0
16.0,10.51867319162636,11.512925464970229,18.0,3,2,178000.0
16.0,11.407564949312402,12.195608082482291,16.0,3,1,332808.0
12.0,7.090076835776092,9.903487552536127,12.0,2,2,
12.0,8.85366542803745,10.308952660644293,12.0,3,2,29650.0
12.0,9.830916859701293,9.849559210510572,12.0,3,2,
16.0,10.126631103850338,10.491274217438248,18.0,3,2,69210.0
11.0,10.668955394675699,7.549609165154532,12.0,3,1,56971.0
8.0,10.645424897265505,7.600902459542082,9.0,3,1,53000.0
12.0,7.600902459542082,10.46310334047155,12.0,3,2,40000.0
12.0,8.517193191416238,8.881836305004146,12.0,3,2,2015.0
12.0,10.534759329377986,10.367221568768269,12.0,3,2,47500.0
16.0,10.416311178964792,11.002099841204238,16.0,3,2,
12.0,10.778956289890028,8.070906088787819,12.0,3,1,53500.0
10.0,9.998797732340453,9.392661928770137,12.0,3,1,44500.0
18.0,9.980448593672257,9.798127036878302,19.0,3,2,47030.0
15.0,9.798127036878302,9.903487552536127,15.0,3,2,40000.0
12.0,10.165851817003619,10.380963196620565,13.0,3,2,68000.0
17.0,10.308952660644293,10.46310334047155,16.0,3,2,86000.0
16.0,10.668955394675699,10.915088464214607,16.0,3,2,107000.0
14.0,10.800575077425847,9.457200449907708,12.0,3,2,38300.0
12.0,10.373491181781864,10.126631103850338,11.0,3,2,40360.0
12.0,8.699514748210191,10.950806546816688,12.0,3,2,72500.0
13.0,9.392661928770137,10.596634733096073,12.0,3,2,52000.0
14.0,9.798127036878302,9.210340371976184,12.0,3,1,51600.0
12.0,10.714417768752456,8.85366542803745,12.0,3,1,45000.0
12.0,9.472704636443673,9.615805480084347,12.0,3,1,14000.0
12.0,10.373491181781864,9.740968623038354,12.0,3,1,52500.0
13.0,10.545341438708522,10.596634733096073,16.0,3,1,332808.0
17.0,10.668955394675699,10.968198289528557,18.0,3,2,122000.0
16.0,12.002474335450016,12.195608082482291,16.0,3,2,332808.0
13.0,9.104979856318357,10.915088464214607,16.0,3,2,61700.0
17.0,10.491274217438248,9.903487552536127,15.0,3,1,25300.0
16.0,6.214608098422191,11.156250521031495,12.0,3,2,70600.0
12.0,10.165851817003619,10.46310334047155,12.0,3,2,
16.0,10.491274217438248,9.903487552536127,14.0,3,1,58000.0
16.0,12.002474335450016,12.195608082482291,18.0,3,1,20000.0
20.0,11.225243392518447,10.308952660644293,20.0,3,1,166000.0
20.0,11.06663836234181,9.615805480084347,20.0,3,1,
15.0,7.600902459542082,11.002099841204238,16.0,3,2,7200.0
18.0,11.097410021008562,10.896739325546411,16.0,3,1,162000.0
12.0,10.778956289890028,6.802394763324311,16.0,3,1,65000.0
12.0,10.373491181781864,11.156250521031495,16.0,3,1,35100.0
12.0,10.51867319162636,10.165851817003619,14.0,3,1,36000.0
12.0,9.655026193237628,10.596634733096073,8.0,3,2,
16.0,9.392661928770137,10.819778284410283,13.0,3,2,84000.0
12.0,10.373491181781864,10.645424897265505,12.0,3,2,24000.0
14.0,10.126631103850338,10.203592144986466,8.0,3,2,76000.0
12.0,9.98506753952855,9.179881164491475,12.0,3,1,35000.0
12.0,10.691944912900398,10.596634733096073,12.0,3,2,82400.0
12.0,10.275051108968611,10.308952660644293,4.0,3,1,78500.0
16.0,11.289781913656018,11.082142548877775,16.0,3,1,183000.0
12.0,10.545341438708522,10.184900011974314,16.0,3,1,42000.0
12.0,10.23878052266729,10.280553186122594,14.0,3,1,29498.0
18.0,8.517193191416238,8.517193191416238,18.0,3,1,109000.0
16.0,6.620073206530356,10.404262840448617,16.0,3,2,60800.0
17.0,10.308952660644293,10.778956289890028,16.0,3,1,
13.0,9.831024380802413,10.630480449879682,13.0,3,2,
14.0,9.798127036878302,10.373491181781864,12.0,3,1,58050.0
15.0,10.308952660644293,10.491274217438248,12.0,3,2,90200.0
12.0,9.546812608597396,7.718685495198466,12.0,3,1,27250.0
12.0,9.798127036878302,10.043249494911286,12.0,3,2,21000.0
19.0,9.798127036878302,10.778956289890028,13.0,3,1,111000.0
12.0,8.517193191416238,10.621327345686446,18.0,3,2,61801.0
18.0,10.043249494911286,10.819778284410283,18.0,3,2,50000.0
12.0,10.373491181781864,10.596634733096073,12.0,3,2,79000.0
12.0,10.165851817003619,10.043249494911286,15.0,3,1,50500.0
12.0,11.512925464970229,10.819778284410283,12.0,3,1,332808.0
12.0,10.325481962595504,10.043249494911286,13.0,3,2,73119.0
14.0,10.043249494911286,9.798127036878302,12.0,3,2,26600.0
12.0,10.714417768752456,9.392661928770137,14.0,3,1,49000.0
12.0,9.680344001221918,9.798127036878302,11.0,3,2,50000.0
13.0,10.308952660644293,8.85366542803745,12.0,3,1,42200.0
20.0,10.968198289528557,11.002099841204238,16.0,3,1,175000.0
13.0,10.275051108968611,10.203592144986466,12.0,3,1,80000.0
19.0,11.461632170582678,11.127262984158243,13.0,3,2,332808.0
14.0,10.4341158035983,11.407564949312402,16.0,3,2,150000.0
13.0,10.221941283654663,10.165851817003619,15.0,1,1,
15.0,10.596634733096073,10.239959789157341,16.0,3,1,95500.0
19.0,10.596634733096073,11.173248097400068,20.0,1,2,140000.0
13.0,10.621327345686446,10.545341438708522,10.0,3,2,96800.0
16.0,11.127262984158243,8.987196820661973,16.0,3,1,130000.0
20.0,11.37366339763672,8.294049640102028,16.0,3,1,103000.0
12.0,9.615805480084347,10.819778284410283,12.0,3,2,
16.0,10.126631103850338,11.03488966402723,16.0,3,2,90000.0
13.0,8.160518247477505,9.903487552536127,12.0,1,2,49700.0
17.0,9.210340371976184,11.097410021008562,16.0,1,2,101000.0
12.0,10.126631103850338,9.210340371976184,12.0,2,1,11200.0
12.0,8.411610428841172,9.779283949076822,13.0,2,2,
10.0,9.95227771670556,10.085809109330082,12.0,3,2,29000.0
13.0,12.002474335450016,9.210340371976184,12.0,3,1,110000.0
13.0,9.740968623038354,8.987196820661973,12.0,3,1,30000.0
16.0,7.600902459542082,9.95227771670556,12.0,3,2,36836.0
18.0,10.308952660644293,10.373491181781864,13.0,3,2,61000.0
10.0,8.725832056527565,10.409762839203301,12.0,3,2,49908.0
16.0,8.987196820661973,11.082142548877775,18.0,3,2,87000.0
19.0,11.002099841204238,11.407564949312402,16.0,3,1,103000.0
14.0,10.239959789157341,10.545341438708522,14.0,3,2,69100.0
16.0,11.154076731490644,11.37366339763672,16.0,3,2,80000.0
17.0,10.526829031352095,12.195608082482291,14.0,3,2,87000.0
12.0,11.082142548877775,9.615805480084347,12.0,3,1,
16.0,9.047821442478408,10.645424897265505,12.0,3,2,78000.0
18.0,11.320553572322773,9.903487552536127,0.0,3,1,128000.0
14.0,11.512925464970229,8.294049640102028,18.0,3,1,332808.0
15.0,10.571316925111784,10.645424897265505,9.0,2,2,45010.0
17.0,8.131530710604252,10.858998997563564,14.0,2,1,74000.0
17.0,10.126631103850338,10.46310334047155,16.0,2,2,69000.0
12.0,10.819778284410283,9.798127036878302,12.0,3,1,60100.0
16.0,8.699514748210191,10.491274217438248,19.0,3,2,99050.0
13.0,10.778956289890028,8.987196820661973,14.0,3,1,69025.0
16.0,9.305650551780507,10.778956289890028,16.0,3,2,79000.0
16.0,10.46310334047155,10.545341438708522,16.0,3,1,87000.0
12.0,9.680344001221918,10.819778284410283,16.0,3,2,47200.0
12.0,9.546812608597396,11.018629143155449,12.0,3,2,142500.0
16.0,11.468973577441046,7.3777589082278725,13.0,3,1,100000.0
12.0,10.714417768752456,11.289781913656018,14.0,3,2,114000.0
12.0,8.006367567650246,9.680344001221918,0.0,3,1,35000.0
14.0,10.915088464214607,10.915088464214607,15.0,3,2,145000.0
13.0,10.714417768752456,10.714417768752456,6.0,3,2,53100.0
18.0,10.896739325546411,11.082142548877775,17.0,3,2,4500.0
13.0,10.989689821127556,9.903487552536127,13.0,3,1,30500.0
17.0,11.156250521031495,10.126631103850338,15.0,3,1,115000.0
13.0,10.268130666124037,10.858998997563564,16.0,3,2,79015.0
16.0,10.87804719253426,11.112447898373103,18.0,1,2,160150.0
8.0,5.298317366548036,5.857933154483459,6.0,1,2,
7.0,10.043249494911286,10.203592144986466,8.0,1,2,47000.0
10.0,9.740968623038354,8.699514748210191,0.0,3,1,27000.0
12.0,10.4341158035983,10.596634733096073,16.0,3,2,
12.0,10.858998997563564,7.824046010856292,12.0,3,1,50000.0
12.0,8.517193191416238,11.082142548877775,12.0,3,2,
14.0,9.903487552536127,10.645424897265505,12.0,3,2,71000.0
12.0,9.903487552536127,9.51044496442652,13.0,3,1,36750.0
13.0,10.545341438708522,10.46310334047155,12.0,3,1,
12.0,8.517193191416238,11.156250521031495,13.0,3,2,12100.0
12.0,7.495541943884256,10.977636369025863,16.0,3,2,85402.0
12.0,11.407564949312402,10.373491181781864,14.0,3,1,110000.0
12.0,9.546812608597396,10.778956289890028,12.0,3,2,72700.0
13.0,8.333270353255308,11.141861783579396,11.0,3,2,70000.0
12.0,11.156250521031495,10.126631103850338,12.0,3,1,101000.0
14.0,10.596634733096073,10.308952660644293,12.0,3,2,77000.0
13.0,10.621327345686446,10.239959789157341,4.0,3,1,66000.0
12.0,9.998797732340453,11.03488966402723,12.0,3,2,
12.0,10.896739325546411,8.85366542803745,14.0,3,2,81000.0
12.0,8.85366542803745,10.896739325546411,12.0,3,2,52600.0
12.0,10.714417768752456,9.546812608597396,2.0,3,1,50900.0
13.0,11.225243392518447,9.798127036878302,13.0,3,1,126000.0
12.0,10.87804719253426,9.51044496442652,12.0,3,1,66000.0
14.0,9.903487552536127,11.289781913656018,12.0,3,2,110000.0
15.0,10.46310334047155,10.239959789157341,17.0,3,1,90000.0
12.0,10.373491181781864,10.950806546816688,12.0,1,2,95800.0
12.0,10.950806546816688,8.006367567650246,12.0,3,1,55880.0
12.0,10.950806546816688,10.958217613387388,0.0,3,2,
16.0,7.937374696163295,10.933106969717286,16.0,3,2,74300.0
12.0,10.404262840448617,9.615805480084347,12.0,3,1,67000.0
12.0,8.294049640102028,10.819778284410283,12.0,3,2,64100.0
12.0,10.404262840448617,10.404262840448617,16.0,3,2,71100.0
12.0,9.615805480084347,10.308952660644293,11.0,3,2,35000.0
18.0,11.289781913656018,9.210340371976184,16.0,3,1,90100.0
18.0,10.308952660644293,9.615805480084347,14.0,3,1,69000.0
12.0,8.796792687674662,10.494768106692502,12.0,3,2,41000.0
12.0,8.517193191416238,11.608235644774552,12.0,3,2,
16.0,10.596634733096073,8.294049640102028,14.0,3,1,54975.0
13.0,7.600902459542082,10.421447665202718,12.0,3,2,44000.0
14.0,11.320553572322773,9.433483923290392,15.0,3,1,102000.0
16.0,11.512925464970229,10.126631103850338,12.0,1,1,
12.0,9.852194258148577,10.596634733096073,14.0,3,2,20000.0
15.0,10.691944912900398,10.308952660644293,4.0,2,2,70451.0
12.0,9.035986984831405,9.647304147143718,12.0,3,2,22000.0
12.0,10.373491181781864,9.798127036878302,12.0,3,1,56025.0
16.0,10.887436932884098,10.545341438708522,16.0,3,2,93500.0
14.0,10.373491181781864,10.308952660644293,14.0,3,2,65200.0
12.0,9.615805480084347,10.819778284410283,12.0,3,2,
12.0,9.472704636443673,10.778956289890028,12.0,3,2,68000.0
12.0,10.308952660644293,9.210340371976184,12.0,3,2,42000.0
17.0,10.858998997563564,10.308952660644293,13.0,3,2,
12.0,9.798127036878302,10.915088464214607,11.0,3,2,63220.0
12.0,10.621327345686446,8.951699168308815,12.0,3,1,61000.0
12.0,10.308952660644293,9.472704636443673,12.0,3,1,
9.0,10.545341438708522,8.517193191416238,12.0,3,1,47015.0
9.0,10.46310334047155,9.998797732340453,12.0,3,1,
10.0,8.987196820661973,10.714417768752456,9.0,3,2,51100.0
12.0,10.308952660644293,10.292145542327912,12.0,3,2,71700.0
12.0,8.536995818712418,10.596634733096073,12.0,3,2,
12.0,10.373491181781864,9.392661928770137,12.0,3,1,48400.0
16.0,11.198214720130528,9.210340371976184,17.0,3,1,118000.0
18.0,10.915088464214607,10.126631103850338,14.0,3,1,166000.0
19.0,10.896739325546411,10.545341438708522,16.0,3,1,72400.0
14.0,10.388995368317829,9.798127036878302,16.0,3,1,34360.0
18.0,3.5263605246161616,8.006367567650246,0.0,3,1,42235.0
12.0,9.95227771670556,9.104979856318357,1.0,3,1,
12.0,9.615805480084347,9.615805480084347,12.0,3,2,
12.0,10.714417768752456,10.308952660644293,17.0,3,1,103600.0
14.0,9.852194258148577,1.791759469228055,6.0,3,2,27050.0
12.0,10.714417768752456,8.070906088787819,12.0,3,1,45000.0
12.0,10.858998997563564,9.903487552536127,12.0,3,1,72100.0
13.0,9.95227771670556,10.858998997563564,12.0,3,2,77050.0
12.0,11.002099841204238,9.472704636443673,16.0,3,1,81725.0
12.0,10.085809109330082,10.491274217438248,12.0,3,2,70100.0
12.0,9.210340371976184,8.699514748210191,12.0,3,1,50600.0
12.0,10.341742483467284,10.308952660644293,12.0,3,2,64000.0
13.0,9.210340371976184,10.645424897265505,12.0,3,2,50500.0
11.0,9.998797732340453,10.46310334047155,13.0,3,1,66020.0
14.0,9.305650551780507,10.341742483467284,12.0,3,2,48000.0
12.0,10.239959789157341,11.082142548877775,16.0,3,2,90000.0
12.0,9.798127036878302,10.239959789157341,5.0,3,1,38000.0
12.0,9.903487552536127,10.736396675471232,12.0,3,2,83000.0
16.0,8.92996487470684,10.919931264360121,18.0,3,2,78400.0
12.0,10.043249494911286,9.615805480084347,15.0,3,1,42050.0
12.0,10.165851817003619,10.126631103850338,14.0,3,1,60559.0
16.0,10.645424897265505,9.210340371976184,15.0,3,1,54000.0
16.0,10.085809109330082,10.308952660644293,16.0,3,2,80000.0
17.0,9.903487552536127,10.239959789157341,17.0,3,1,71250.0
12.0,10.239959789157341,10.165851817003619,13.0,3,1,58000.0
16.0,10.288375733655462,10.173247478478917,19.0,3,2,63026.0
12.0,10.968198289528557,10.545341438708522,12.0,3,1,62000.0
17.0,12.002474335450016,9.740968623038354,12.0,3,1,
15.0,10.118598932153073,10.285342795005159,12.0,3,2,61800.0
12.0,9.615805480084347,9.740968623038354,6.0,3,2,16000.0
12.0,8.783549477153265,10.714417768752456,12.0,3,2,
18.0,9.546812608597396,10.799575577092764,16.0,3,2,85100.0
15.0,11.082142548877775,10.373491181781864,10.0,3,2,80932.0
16.0,10.308952660644293,10.51867319162636,13.0,3,2,54000.0
12.0,9.998797732340453,10.46310334047155,12.0,3,2,
16.0,10.419300717813158,10.868568448579715,12.0,3,2,117400.0
12.0,8.517193191416238,10.596634733096073,20.0,3,2,60000.0
12.0,9.852194258148577,10.126631103850338,12.0,3,2,66500.0
17.0,10.060491301345794,10.757902880692196,14.0,3,2,83300.0
18.0,8.612503371220562,10.819778284410283,18.0,1,1,79000.0
13.0,10.915088464214607,10.596634733096073,12.0,1,1,97500.0
19.0,11.302204433654575,5.521460917862246,17.0,3,1,98000.0
16.0,6.907755278982137,12.195608082482291,19.0,3,2,332808.0
16.0,10.87804719253426,11.156250521031495,16.0,3,1,150000.0
16.0,10.915088464214607,8.630521876723241,14.0,3,1,60050.0
16.0,10.239959789157341,10.46310334047155,16.0,3,2,77000.0
16.0,10.341742483467284,10.778956289890028,16.0,3,2,53500.0
16.0,10.46310334047155,10.896739325546411,16.0,3,2,85000.0
9.0,10.239959789157341,9.574983485564092,12.0,3,1,29000.0
12.0,10.799575577092764,9.798127036878302,12.0,1,1,58120.0
12.0,9.798127036878302,10.645424897265505,12.0,2,2,35000.0
13.0,10.043249494911286,10.596634733096073,12.0,3,2,28100.0
16.0,12.002474335450016,8.006367567650246,13.0,3,1,
12.0,11.49272275765271,10.51867319162636,18.0,3,1,
16.0,10.275051108968611,10.819778284410283,17.0,3,2,89000.0
14.0,10.691944912900398,10.46310334047155,14.0,3,1,75000.0
16.0,11.03488966402723,9.392661928770137,12.0,3,2,8210.0
16.0,10.58739215172914,9.474932921202932,12.0,3,1,53000.0
12.0,9.786953736280177,8.294049640102028,12.0,3,1,27500.0
15.0,8.294049640102028,9.852194258148577,13.0,3,2,25000.0
12.0,7.170119543449628,11.512925464970229,10.0,3,2,86299.0
12.0,9.392661928770137,9.903487552536127,12.0,3,2,47000.0
12.0,9.903487552536127,9.615805480084347,16.0,3,1,35000.0
12.0,10.491274217438248,10.203592144986466,12.0,3,1,56192.0
13.0,10.621327345686446,11.407564949312402,18.0,3,2,140000.0
11.0,10.308952660644293,10.596634733096073,11.0,3,2,74000.0
12.0,9.174713194333032,8.612503371220562,13.0,3,2,18472.0
12.0,7.600902459542082,6.907755278982137,9.0,3,2,11604.0
14.0,9.878169744551839,11.06663836234181,12.0,3,2,83000.0
15.0,10.126631103850338,11.350406535472453,19.0,3,2,147000.0
12.0,10.691944912900398,10.596634733096073,12.0,3,2,87000.0
12.0,10.626193535337618,9.284798282894192,11.0,3,2,58150.0
12.0,10.596634733096073,9.830916859701293,13.0,3,2,77000.0
12.0,9.615805480084347,11.156250521031495,14.0,3,2,89760.0
12.0,10.085809109330082,9.998797732340453,12.0,3,2,22019.0
12.0,9.392661928770137,10.645424897265505,4.0,3,2,
12.0,10.4341158035983,6.966024187106113,4.0,3,1,65068.0
12.0,9.210340371976184,10.491274217438248,11.0,3,2,
12.0,9.721005982940808,9.903487552536127,15.0,3,2,24343.0
12.0,10.419300717813158,10.621327345686446,11.0,3,2,36300.0
18.0,11.002099841204238,10.714417768752456,16.0,3,1,120270.0
14.0,9.594786112860271,7.600902459542082,11.0,3,2,22400.0
12.0,10.404262840448617,9.998797732340453,12.0,3,2,0.0
12.0,9.615805480084347,10.596634733096073,12.0,3,1,43280.0
12.0,10.308952660644293,9.546812608597396,12.0,3,1,55000.0
15.0,10.924138299734526,10.907789161732996,12.0,3,2,145990.0
16.0,9.546812608597396,11.407564949312402,16.0,3,2,
14.0,9.998797732340453,12.195608082482291,12.0,3,2,28000.0
14.0,10.545341438708522,10.596634733096073,13.0,3,2,82200.0
13.0,10.736396675471232,10.404262840448617,18.0,3,1,101000.0
18.0,9.210340371976184,11.082142548877775,20.0,3,2,47000.0
16.0,9.210340371976184,10.308952660644293,18.0,3,2,46000.0
17.0,9.998797732340453,10.4341158035983,18.0,3,2,22000.0
13.0,9.560997243589352,10.535078427396968,12.0,3,2,55000.0
18.0,10.545341438708522,10.46310334047155,17.0,3,1,71400.0
18.0,9.546812608597396,10.596634733096073,20.0,3,2,
16.0,10.373491181781864,10.373491181781864,18.0,3,1,78000.0
14.0,8.834045641167798,11.532728092266408,14.0,3,2,133000.0
15.0,10.491274217438248,10.491274217438248,16.0,3,1,80000.0
16.0,11.002099841204238,11.407564949312402,16.0,3,1,332808.0
16.0,11.512925464970229,10.46310334047155,16.0,3,1,
12.0,9.080231686629162,10.34048362692364,12.0,2,2,34500.0
12.0,10.46310334047155,10.51867319162636,16.0,3,2,39000.0
19.0,11.156250521031495,10.308952660644293,16.0,3,2,138500.0
12.0,10.448714603019452,10.165851817003619,1.0,3,1,60000.0
12.0,9.392661928770137,10.757902880692196,11.0,3,2,
12.0,8.517193191416238,10.085809109330082,12.0,3,2,40000.0
12.0,10.46310334047155,10.341742483467284,12.0,3,2,52300.0
12.0,10.82774645405946,8.85366542803745,12.0,3,1,
20.0,11.26446410567173,8.006367567650246,14.0,3,1,104000.0
19.0,10.491274217438248,10.126631103850338,14.0,3,1,68000.0
20.0,11.512925464970229,11.512925464970229,20.0,3,1,332808.0
14.0,9.680344001221918,12.195608082482291,20.0,3,2,
14.0,10.275051108968611,10.373491181781864,13.0,3,1,35000.0
16.0,10.308952660644293,8.85366542803745,16.0,3,2,50200.0
16.0,11.461632170582678,9.392661928770137,16.0,3,1,140000.0
16.0,10.668955394675699,10.87804719253426,16.0,3,1,115000.0
16.0,10.373491181781864,11.289781913656018,16.0,3,2,
15.0,9.95227771670556,10.645424897265505,16.0,3,2,68300.0
13.0,9.392661928770137,10.003332887505843,13.0,3,2,
16.0,10.239959789157341,10.085809109330082,16.0,3,1,82550.0
17.0,10.950806546816688,10.545341438708522,16.0,3,1,138000.0
16.0,5.521460917862246,10.545341438708522,14.0,3,2,41800.0
18.0,9.615805480084347,10.778956289890028,20.0,3,1,159000.0
16.0,10.668955394675699,10.596634733096073,16.0,3,1,156200.0
12.0,9.392661928770137,12.195608082482291,12.0,3,2,
18.0,10.491274217438248,9.95227771670556,18.0,3,1,48800.0
20.0,12.002474335450016,7.346010209913293,16.0,3,1,182000.0
16.0,10.778956289890028,8.517193191416238,14.0,3,1,67400.0
12.0,6.214608098422191,10.126631103850338,12.0,3,1,
13.0,10.839580911706463,9.259130536145614,14.0,3,1,
13.0,10.736396675471232,11.03488966402723,12.0,3,2,83210.0
18.0,9.903487552536127,10.043249494911286,15.0,3,2,72000.0
18.0,10.373491181781864,11.156250521031495,18.0,3,2,
12.0,10.985292722887856,10.668955394675699,18.0,3,2,115000.0
14.0,10.203592144986466,10.308952660644293,14.0,3,2,108000.0
20.0,10.664153184826896,10.948523240300846,20.0,3,2,122700.0
18.0,10.596634733096073,10.46310334047155,18.0,3,1,55000.0
12.0,10.059208427532903,10.253862694326333,14.0,3,2,53784.0
14.0,10.367221568768269,11.133128103610641,12.0,3,2,107500.0
12.0,9.259130536145614,11.225243392518447,12.0,3,2,18000.0
12.0,9.740968623038354,10.126631103850338,17.0,3,1,59000.0
12.0,11.156250521031495,10.545341438708522,14.0,2,1,104000.0
16.0,10.819778284410283,10.757902880692196,16.0,2,2,52100.0
14.0,9.615805480084347,10.203592144986466,14.0,2,2,
8.0,10.239959789157341,9.615805480084347,8.0,3,1,71000.0
16.0,8.987196820661973,10.596634733096073,18.0,3,2,100000.0
15.0,10.968198289528557,8.779557455883728,12.0,3,1,76500.0
20.0,12.002474335450016,11.184421397998193,18.0,2,1,332808.0
16.0,11.184421397998193,10.714417768752456,16.0,1,1,130000.0
17.0,10.19241884438834,10.819778284410283,16.0,3,2,
19.0,10.915088464214607,9.104979856318357,14.0,3,1,88248.0
17.0,9.02653771890043,10.373491181781864,18.0,3,2,72000.0
12.0,10.239959789157341,9.903487552536127,0.0,3,1,45000.0
19.0,12.002474335450016,10.373491181781864,19.0,3,1,133400.0
12.0,8.517193191416238,10.51867319162636,9.0,3,2,0.0
16.0,11.289781913656018,11.002099841204238,16.0,3,1,129000.0
12.0,8.160518247477505,10.668955394675699,10.0,3,2,6128.0
14.0,9.615805480084347,10.4341158035983,12.0,2,2,25348.0
11.0,6.620073206530356,7.090076835776092,12.0,3,1,57500.0
13.0,8.006367567650246,9.798127036878302,15.0,3,2,34000.0
17.0,7.600902459542082,10.46310334047155,14.0,3,2,16000.0
12.0,10.373491181781864,10.778956289890028,4.0,3,1,87200.0
7.0,9.798127036878302,6.684611727667927,3.0,3,1,
12.0,10.126631103850338,10.203592144986466,12.0,3,1,55000.0
14.0,9.825526011066415,9.903487552536127,12.0,2,2,41000.0
17.0,10.668955394675699,10.532096211958502,19.0,3,2,120000.0
12.0,10.126631103850338,9.798127036878302,8.0,2,2,71000.0
16.0,10.589887018388692,11.082142548877775,16.0,3,2,113500.0
13.0,10.341742483467284,10.915088464214607,14.0,3,2,
9.0,10.858998997563564,10.239959789157341,10.0,3,1,125000.0
16.0,9.615805480084347,11.097410021008562,16.0,3,2,
12.0,9.998797732340453,9.998797732340453,12.0,3,1,29000.0
15.0,10.165851817003619,10.373491181781864,14.0,3,2,65312.0
15.0,9.798127036878302,10.915088464214607,12.0,3,2,59610.0
16.0,8.699514748210191,10.4341158035983,11.0,3,2,
15.0,11.37366339763672,10.373491181781864,17.0,3,1,61000.0
9.0,9.392661928770137,9.472704636443673,12.0,3,1,22550.0
12.0,9.903487552536127,11.156250521031495,2.0,3,2,93396.0
12.0,10.160065879936575,10.373491181781864,7.0,3,2,80007.0
13.0,9.546812608597396,10.46310334047155,14.0,3,2,51000.0
17.0,11.302204433654575,8.517193191416238,16.0,3,1,116000.0
18.0,11.184421397998193,6.214608098422191,16.0,3,1,103000.0
12.0,8.517193191416238,9.546812608597396,12.0,3,2,
12.0,9.903487552536127,9.210340371976184,14.0,3,1,39000.0
13.0,10.085809109330082,10.043249494911286,12.0,3,2,46000.0
12.0,10.545341438708522,10.165851817003619,12.0,3,1,58000.0
17.0,10.422281345951296,10.239959789157341,12.0,3,2,37000.0
12.0,10.778956289890028,10.596634733096073,12.0,3,2,47000.0
13.0,12.002474335450016,9.615805480084347,18.0,3,1,332808.0
12.0,7.600902459542082,10.085809109330082,10.0,3,2,16000.0
12.0,10.819778284410283,10.165851817003619,12.0,3,1,50000.0
12.0,10.308952660644293,9.852194258148577,14.0,3,1,70000.0
18.0,10.225571051705241,10.126631103850338,12.0,3,2,78000.0
18.0,9.392661928770137,10.799575577092764,16.0,3,2,87800.0
12.0,10.525648805362787,9.991498429858842,12.0,3,2,66360.0
9.0,10.239959789157341,9.472704636443673,9.0,3,1,60800.0
14.0,10.545341438708522,9.51044496442652,16.0,3,1,
12.0,9.95227771670556,10.341742483467284,7.0,3,2,29000.0
16.0,9.680344001221918,10.203592144986466,13.0,3,2,59000.0
12.0,9.682591473762397,8.476371196895983,5.0,3,2,
12.0,8.95660873889395,9.433483923290392,8.0,3,2,
10.0,9.392661928770137,7.600902459542082,8.0,3,1,10000.0
9.0,9.798127036878302,10.043249494911286,12.0,3,1,
13.0,10.043249494911286,9.798127036878302,10.0,3,2,43000.0
12.0,10.165851817003619,7.600902459542082,18.0,3,1,84100.0
14.0,9.95227771670556,10.404262840448617,18.0,3,1,60900.0
12.0,8.517193191416238,11.156250521031495,11.0,3,2,88000.0
12.0,9.392661928770137,9.615805480084347,14.0,2,1,14000.0
12.0,9.615805480084347,10.388995368317829,12.0,3,2,49000.0
16.0,10.085809109330082,10.596634733096073,14.0,3,2,70400.0
15.0,9.852194258148577,10.46310334047155,12.0,3,2,44000.0
12.0,9.998797732340453,10.858998997563564,12.0,3,2,83030.0
13.0,10.51867319162636,10.126631103850338,13.0,3,2,50000.0
15.0,6.907755278982137,11.407564949312402,16.0,3,2,
11.0,10.404262840448617,10.126631103850338,11.0,3,1,34775.0
12.0,10.714417768752456,10.085809109330082,9.0,3,1,69000.0
12.0,10.4341158035983,10.085809109330082,12.0,3,2,58400.0
7.0,6.684611727667927,9.392661928770137,7.0,3,2,
12.0,9.035986984831405,9.323669057283185,14.0,2,1,2635.0
16.0,10.085809109330082,9.903487552536127,16.0,3,1,130000.0
14.0,9.680344001221918,9.546812608597396,9.0,2,2,68000.0
11.0,9.852194258148577,10.778956289890028,15.0,3,2,
16.0,9.998797732340453,11.127262984158243,17.0,1,2,98200.0
12.0,9.210340371976184,10.621327345686446,12.0,1,2,
12.0,9.392661928770137,9.210340371976184,12.0,3,2,8898.0
18.0,10.82774645405946,9.487972108574462,18.0,3,1,85200.0
16.0,10.915088464214607,12.195608082482291,0.0,3,2,332808.0
20.0,10.308952660644293,10.308952660644293,20.0,2,2,
16.0,11.429543856031177,9.769956159911606,13.0,2,1,155000.0
12.0,10.203592144986466,8.85366542803745,12.0,3,1,
12.0,9.903487552536127,9.615805480084347,12.0,3,1,12000.0
14.0,10.043249494911286,10.203592144986466,11.0,3,2,44684.0
12.0,7.824046010856292,10.645424897265505,4.0,3,2,4035.0
12.0,10.308952660644293,12.195608082482291,0.0,3,2,332808.0
19.0,7.600902459542082,12.195608082482291,0.0,3,2,332808.0
16.0,10.502324053624832,10.118598932153073,13.0,3,1,26000.0
18.0,10.491274217438248,10.491274217438248,15.0,3,2,92000.0
13.0,7.8632667240095735,10.126631103850338,8.0,3,2,58000.0
14.0,11.156250521031495,8.517193191416238,14.0,3,1,110000.0
17.0,8.294049640102028,9.798127036878302,12.0,3,2,44744.0
12.0,10.341742483467284,10.126631103850338,10.0,3,1,67200.0
12.0,10.411659658836555,10.0491019013411,12.0,3,1,80000.0
12.0,9.680344001221918,8.294049640102028,15.0,1,1,
14.0,10.373491181781864,9.903487552536127,12.0,3,1,62000.0
15.0,8.987196820661973,9.95227771670556,9.0,3,2,
12.0,10.545341438708522,10.596634733096073,12.0,3,2,92500.0
14.0,10.596634733096073,10.126631103850338,10.0,3,2,58000.0
15.0,6.396929655216146,10.373491181781864,16.0,3,2,28980.0
16.0,10.373491181781864,10.596634733096073,14.0,3,2,63000.0
13.0,10.46310334047155,10.645424897265505,16.0,3,1,41000.0
7.0,9.862665558015873,7.313220387090301,6.0,3,2,13400.0
14.0,9.615805480084347,9.903487552536127,13.0,3,2,
12.0,10.165851817003619,9.392661928770137,12.0,1,1,55000.0
15.0,9.615805480084347,10.714417768752456,10.0,2,2,58600.0
16.0,10.915088464214607,10.46310334047155,4.0,2,1,60000.0
9.0,9.472704636443673,10.714417768752456,6.0,1,2,13000.0
12.0,10.934855440251404,8.686429508661536,12.0,3,1,
16.0,10.819778284410283,10.545341438708522,13.0,3,1,
20.0,11.385092093460344,9.392661928770137,19.0,3,1,98000.0
16.0,10.4341158035983,10.043249494911286,12.0,3,2,40100.0
12.0,10.165851817003619,10.4341158035983,12.0,3,2,72000.0
19.0,10.596634733096073,10.839580911706463,18.0,3,1,90500.0
12.0,10.239959789157341,9.998797732340453,12.0,3,1,55000.0
12.0,9.546812608597396,10.858998997563564,14.0,3,2,60006.0
12.0,9.392661928770137,10.46310334047155,2.0,3,2,59000.0
15.0,10.085809109330082,9.615805480084347,10.0,2,1,47600.0
14.0,9.998797732340453,9.95227771670556,0.0,1,2,47500.0
15.0,9.581903928408666,10.789319076925574,20.0,1,2,36400.0
12.0,10.87804719253426,9.615805480084347,13.0,1,1,73000.0
12.0,9.615805480084347,10.596634733096073,11.0,2,2,52000.0
12.0,8.517193191416238,10.819778284410283,12.0,3,2,73800.0
12.0,9.798404776082975,7.640123172695364,13.0,3,1,23000.0
12.0,10.596634733096073,10.043249494911286,12.0,3,1,70000.0
14.0,10.51867319162636,10.203592144986466,16.0,3,1,71000.0
11.0,10.4341158035983,9.798127036878302,12.0,3,1,64500.0
14.0,9.798127036878302,10.126631103850338,10.0,3,2,
13.0,10.691944912900398,10.308952660644293,15.0,3,1,74000.0
14.0,8.006367567650246,11.002099841204238,19.0,3,1,43000.0
16.0,9.615805480084347,9.615805480084347,14.0,3,1,45000.0
16.0,10.714417768752456,10.714417768752456,15.0,3,2,120000.0
12.0,10.373491181781864,7.090076835776092,12.0,3,1,34700.0
14.0,10.51867319162636,10.668955394675699,3.0,3,2,75000.0
12.0,10.4341158035983,9.740968623038354,11.0,3,1,34000.0
12.0,10.621327345686446,10.46310334047155,14.0,3,2,75600.0
18.0,10.978489975565104,11.05089000537367,19.0,3,2,124700.0
12.0,10.645424897265505,10.778956289890028,6.0,3,2,107000.0
14.0,10.085809109330082,11.002099841204238,13.0,3,2,75000.0
13.0,10.203592144986466,8.987196820661973,12.0,3,2,75000.0
13.0,11.018629143155449,10.51867319162636,15.0,3,1,75000.0
16.0,10.317581987342347,7.620705086838262,16.0,3,1,44405.0
15.0,10.819778284410283,11.156250521031495,12.0,3,2,45000.0
12.0,7.919356190660617,7.937374696163295,3.0,3,1,37000.0
12.0,12.002474335450016,9.998797732340453,14.0,3,1,332808.0
13.0,10.645424897265505,11.55214617812351,16.0,3,1,162256.0
12.0,10.126631103850338,10.340451327703663,12.0,3,1,
12.0,10.340451327703663,10.034515814942532,12.0,3,2,42803.0
13.0,10.621327345686446,9.825526011066415,8.0,3,1,46500.0
16.0,10.87804719253426,10.714417768752456,18.0,3,1,111000.0
10.0,10.341742483467284,10.46310334047155,9.0,1,2,
12.0,11.225243392518447,9.104979856318357,5.0,1,1,77200.0
17.0,9.95227771670556,10.165851817003619,14.0,3,2,109960.0
12.0,10.46310334047155,8.294049640102028,12.0,3,1,85000.0
19.0,10.558413520275876,11.352756712817406,18.0,3,2,159500.0
15.0,9.740968623038354,9.740968623038354,14.0,3,1,55100.0
12.0,9.798127036878302,8.85366542803745,15.0,3,1,10000.0
13.0,10.165851817003619,10.645424897265505,11.0,3,2,80000.0
14.0,9.740968623038354,10.239959789157341,13.0,3,2,51668.0
15.0,9.998797732340453,9.998797732340453,2.0,3,2,60000.0
14.0,10.203592144986466,10.46310334047155,14.0,3,2,117000.0
12.0,10.165851817003619,10.491274217438248,14.0,3,2,79000.0
13.0,10.621327345686446,10.985292722887856,16.0,3,1,52000.0
12.0,9.95227771670556,9.998797732340453,12.0,3,2,21050.0
20.0,11.512925464970229,10.085809109330082,17.0,3,1,125000.0
18.0,9.495519314209846,10.491274217438248,16.0,3,2,98000.0
10.0,10.596634733096073,10.404262840448617,12.0,3,2,106344.0
12.0,10.373491181781864,10.596634733096073,9.0,3,2,96000.0
13.0,10.165851817003619,10.126631103850338,12.0,3,1,
14.0,10.545341438708522,10.757902880692196,16.0,3,2,49000.0
14.0,10.474467099121865,10.933106969717286,14.0,3,2,96000.0
14.0,11.289781913656018,9.903487552536127,12.0,3,1,65400.0
14.0,10.341742483467284,10.373491181781864,4.0,1,1,35000.0
15.0,10.203592144986466,10.165851817003619,20.0,3,1,72500.0
12.0,10.373491181781864,9.615805480084347,12.0,3,1,57179.0
16.0,11.04452055708819,10.146433731146518,16.0,3,1,106200.0
16.0,10.126631103850338,11.127262984158243,16.0,1,2,146000.0
13.0,8.411832675758411,10.968198289528557,16.0,3,2,6030.0
14.0,10.51867319162636,9.95227771670556,17.0,3,1,72000.0
12.0,10.596634733096073,10.714417768752456,12.0,3,2,103000.0
15.0,9.392661928770137,9.798127036878302,14.0,3,2,22784.0
12.0,8.517193191416238,9.615805480084347,12.0,1,2,12500.0
12.0,11.472103470449973,8.1886891244442,12.0,3,1,100100.0
12.0,8.160518247477505,11.350406535472453,12.0,3,2,100500.0
16.0,11.06663836234181,9.903487552536127,16.0,3,1,100000.0
16.0,10.968198289528557,10.203592144986466,18.0,3,1,6500.0
13.0,9.472704636443673,10.778956289890028,12.0,3,2,1000.0
12.0,10.373491181781864,10.545341438708522,20.0,3,1,75000.0
12.0,10.858998997563564,9.615805480084347,13.0,3,1,83200.0
16.0,9.392661928770137,10.858998997563564,18.0,2,2,
12.0,10.915088464214607,10.126631103850338,20.0,3,1,0.0
17.0,10.809727948556782,10.91726790568754,9.0,3,2,107000.0
13.0,7.170119543449628,10.51867319162636,17.0,3,2,100.0
12.0,10.545341438708522,7.783224016336037,14.0,3,1,43500.0
13.0,10.165851817003619,9.546812608597396,14.0,3,1,4408.0
12.0,9.615805480084347,11.002099841204238,12.0,3,2,
12.0,9.740968623038354,10.46310334047155,14.0,3,2,0.0
17.0,11.03488966402723,9.903487552536127,14.0,3,2,58500.0
12.0,8.699514748210191,10.799575577092764,11.0,3,2,0.0
12.0,11.350406535472453,10.545341438708522,12.0,3,1,0.0
12.0,10.165851817003619,11.289781913656018,12.0,3,2,0.0
12.0,10.950806546816688,8.294049640102028,6.0,3,1,
14.0,9.95227771670556,12.195608082482291,16.0,3,2,70200.0
17.0,10.714417768752456,8.006367567650246,16.0,3,1,61000.0
20.0,11.429543856031177,10.778956289890028,16.0,3,1,186000.0
16.0,9.615805480084347,10.819778284410283,13.0,3,2,
12.0,11.461632170582678,9.903487552536127,16.0,3,1,125000.0
15.0,9.104979856318357,11.225243392518447,14.0,3,2,82200.0
20.0,11.429543856031177,10.819778284410283,20.0,3,2,100200.0
13.0,11.512925464970229,8.85366542803745,12.0,3,1,101000.0
16.0,9.903487552536127,10.714417768752456,12.0,3,2,70300.0
13.0,10.778956289890028,9.472704636443673,13.0,3,1,80050.0
16.0,10.778956289890028,9.998797732340453,16.0,3,1,83190.0
13.0,11.512925464970229,10.308952660644293,12.0,3,1,50000.0
12.0,10.819778284410283,10.085809109330082,12.0,3,1,93000.0
16.0,10.4341158035983,9.95227771670556,12.0,3,1,65400.0
13.0,9.472704636443673,11.03488966402723,14.0,3,2,91000.0
14.0,10.404262840448617,10.46310334047155,16.0,3,1,66500.0
13.0,10.46310334047155,10.545341438708522,16.0,3,2,79200.0
18.0,9.546812608597396,11.156250521031495,18.0,3,2,75000.0
16.0,12.002474335450016,10.308952660644293,14.0,3,1,115300.0
16.0,9.903487552536127,12.195608082482291,18.0,3,2,332808.0
18.0,10.085809109330082,10.778956289890028,16.0,3,2,80000.0
15.0,9.472704636443673,12.195608082482291,16.0,3,2,332808.0
16.0,11.002099841204238,9.903487552536127,17.0,2,1,71200.0
16.0,10.839580911706463,9.210340371976184,15.0,3,1,63000.0
14.0,12.002474335450016,10.239959789157341,14.0,3,1,332808.0
14.0,10.778956289890028,10.714417768752456,16.0,3,1,117600.0
14.0,10.819778284410283,10.819778284410283,16.0,3,1,
12.0,11.127262984158243,9.798127036878302,16.0,3,1,102500.0
12.0,10.126631103850338,11.314474526246391,13.0,3,2,99000.0
12.0,10.4341158035983,10.42821608147111,14.0,3,1,80000.0
12.0,10.545341438708522,9.740968623038354,12.0,3,1,71000.0
12.0,10.085809109330082,10.126631103850338,16.0,3,1,56000.0
16.0,10.085809109330082,9.615805480084347,16.0,3,2,41000.0
11.0,9.680344001221918,8.517193191416238,12.0,3,1,26204.0
12.0,9.711115659888671,8.294049640102028,13.0,3,1,32000.0
11.0,9.392661928770137,10.203592144986466,11.0,3,2,45764.0
9.0,9.680344001221918,8.987196820661973,13.0,3,1,21000.0
16.0,10.239959789157341,10.691944912900398,16.0,3,1,89000.0
14.0,11.26446410567173,10.308952660644293,12.0,3,1,105.0
12.0,6.396929655216146,10.165851817003619,12.0,3,2,
12.0,9.581903928408666,10.308952660644293,14.0,3,1,
12.0,10.778956289890028,9.305650551780507,12.0,3,1,79000.0
12.0,10.308952660644293,10.596634733096073,17.0,3,1,35000.0
12.0,10.491274217438248,10.373491181781864,15.0,3,2,35000.0
11.0,11.002099841204238,10.968198289528557,12.0,3,1,110000.0
16.0,9.392661928770137,10.165851817003619,9.0,3,2,55000.0
17.0,10.757902880692196,8.517193191416238,20.0,3,1,46700.0
12.0,9.893437216682626,10.907789161732996,12.0,3,2,27600.0
12.0,10.968198289528557,8.699514748210191,12.0,3,1,68100.0
12.0,9.210340371976184,10.819778284410283,12.0,3,2,52100.0
12.0,10.736396675471232,8.699514748210191,12.0,3,1,54000.0
12.0,10.021270588192511,9.517825071724143,12.0,3,2,34050.0
12.0,9.472704636443673,10.126631103850338,11.0,3,2,23000.0
9.0,9.018332049592685,7.8632667240095735,10.0,3,1,16472.0
10.0,7.8632667240095735,9.017968479328726,12.0,3,2,15172.0
12.0,9.740968623038354,10.126631103850338,12.0,3,2,60020.0
12.0,10.51867319162636,10.341742483467284,13.0,3,1,87000.0
12.0,10.46310334047155,8.85366542803745,12.0,3,1,55000.0
14.0,9.782110566369528,8.630700432209832,15.0,3,2,30000.0
16.0,10.778956289890028,3.9512437185814275,13.0,3,2,127500.0
14.0,9.195226734166134,9.104979856318357,12.0,3,2,42000.0
13.0,10.239959789157341,9.998797732340453,11.0,3,2,64027.0
13.0,8.517193191416238,10.165851817003619,12.0,3,2,105060.0
12.0,8.881836305004146,10.799575577092764,12.0,3,2,57835.0
11.0,9.546812608597396,9.615805480084347,14.0,3,2,58100.0
14.0,9.615805480084347,10.257659366256743,12.0,3,1,59400.0
14.0,8.699514748210191,10.968198289528557,5.0,3,2,65000.0
12.0,8.881836305004146,11.082142548877775,12.0,3,2,
12.0,10.126631103850338,10.085809109330082,18.0,3,2,50020.0
16.0,10.085809109330082,10.596634733096073,17.0,3,2,60000.0
16.0,10.203592144986466,10.4341158035983,18.0,3,2,77400.0
12.0,9.798127036878302,9.680344001221918,12.0,3,2,38000.0
17.0,10.404262840448617,10.933106969717286,17.0,3,2,100100.0
16.0,10.819778284410283,9.392661928770137,13.0,3,1,47000.0
16.0,11.03488966402723,9.740968623038354,14.0,3,1,114000.0
16.0,11.407564949312402,8.536995818712418,19.0,3,1,124000.0
12.0,9.740968623038354,9.798127036878302,12.0,3,1,20000.0
12.0,8.699514748210191,10.46310334047155,15.0,3,1,78000.0
17.0,9.392661928770137,10.594357141352015,13.0,3,2,59019.0
14.0,10.373491181781864,10.085809109330082,14.0,3,1,65000.0
14.0,10.714417768752456,9.740968623038354,14.0,3,1,57000.0
12.0,10.896739325546411,10.46310334047155,18.0,3,1,56500.0
14.0,9.95227771670556,10.043249494911286,5.0,3,1,
12.0,8.612503371220562,10.552552220525884,16.0,3,2,49773.0
16.0,11.184421397998193,10.203592144986466,14.0,3,2,44300.0
16.0,10.545341438708522,10.915088464214607,15.0,3,2,81550.0
18.0,11.238488619268468,10.491274217438248,16.0,3,2,44000.0
12.0,9.392661928770137,10.308952660644293,12.0,3,2,11000.0
16.0,10.668955394675699,8.987196820661973,16.0,3,1,66017.0
18.0,10.778956289890028,11.002099841204238,16.0,3,2,128500.0
12.0,9.94270826568941,7.549609165154532,11.0,3,1,25248.0
14.0,9.998797732340453,10.043249494911286,12.0,3,2,55200.0
14.0,10.896739325546411,8.517193191416238,12.0,3,1,60500.0
12.0,8.294049640102028,10.819778284410283,12.0,3,2,
12.0,10.239959789157341,9.95227771670556,14.0,3,1,63000.0
14.0,11.018629143155449,9.798127036878302,14.0,3,1,83000.0
16.0,10.51867319162636,10.126631103850338,12.0,3,1,67100.0
16.0,10.819778284410283,10.126631103850338,15.0,3,1,84000.0
16.0,11.002099841204238,10.126631103850338,14.0,3,1,86000.0
12.0,10.341742483467284,7.600902459542082,12.0,3,1,
12.0,9.9281801651265,9.680344001221918,12.0,3,1,40000.0
12.0,10.46310334047155,10.165851817003619,12.0,3,1,40400.0
12.0,10.896739325546411,8.517193191416238,12.0,3,1,61000.0
12.0,10.203592144986466,9.546812608597396,12.0,3,1,
14.0,10.275051108968611,10.645424897265505,16.0,3,2,84640.0
14.0,9.392661928770137,9.798127036878302,11.0,3,2,68100.0
13.0,9.740968623038354,10.373491181781864,11.0,3,2,47500.0
10.0,9.472704636443673,9.546812608597396,12.0,3,1,45000.0
13.0,9.998797732340453,10.691944912900398,12.0,3,2,
12.0,10.668955394675699,10.373491181781864,17.0,3,2,74450.0
12.0,10.239959789157341,10.373491181781864,15.0,3,1,65000.0
16.0,11.225243392518447,10.51867319162636,12.0,3,2,110000.0
12.0,9.798127036878302,10.308952660644293,12.0,3,2,40000.0
13.0,9.546812608597396,9.740968623038354,9.0,3,2,50000.0
14.0,10.085809109330082,9.903487552536127,12.0,3,2,44000.0
15.0,9.615805480084347,10.491274217438248,12.0,3,2,56000.0
12.0,8.699514748210191,9.798127036878302,10.0,3,2,
7.0,9.595602772766828,9.913437883389296,12.0,3,1,16850.0
8.0,10.043249494911286,9.392661928770137,9.0,3,1,23000.0
16.0,10.311283275982575,9.472704636443673,12.0,3,1,49200.0
14.0,10.126631103850338,10.858998997563564,14.0,3,2,59200.0
16.0,10.46310334047155,10.308952660644293,14.0,3,1,87200.0
12.0,10.46310334047155,10.308952660644293,12.0,3,1,70000.0
12.0,10.968198289528557,10.714417768752456,9.0,3,2,57520.0
12.0,9.740968623038354,10.491274217438248,12.0,3,2,77000.0
12.0,10.126631103850338,10.239959789157341,8.0,3,2,79000.0
13.0,8.85366542803745,9.798127036878302,14.0,3,2,51000.0
12.0,9.852194258148577,10.126631103850338,12.0,3,2,47000.0
16.0,10.46310334047155,8.517193191416238,12.0,3,2,50000.0
14.0,10.275051108968611,10.668955394675699,12.0,3,2,82000.0
13.0,9.852194258148577,9.998797732340453,6.0,3,2,49600.0
12.0,10.778956289890028,10.126631103850338,12.0,3,1,
16.0,10.021270588192511,11.225243392518447,16.0,1,2,102000.0
13.0,9.104979856318357,10.46310334047155,12.0,3,2,11000.0
15.0,10.778956289890028,10.950806546816688,16.0,3,2,70000.0
12.0,10.239959789157341,10.126631103850338,12.0,1,1,53000.0
14.0,10.043249494911286,10.46310334047155,9.0,1,2,52600.0
12.0,10.46310334047155,9.615805480084347,12.0,3,1,38000.0
15.0,10.373491181781864,12.195608082482291,14.0,3,2,91000.0
20.0,12.002474335450016,11.56171562913966,18.0,3,2,
15.0,10.308952660644293,12.195608082482291,20.0,1,2,332808.0
13.0,7.138866999945524,11.002099841204238,14.0,3,2,
18.0,10.714417768752456,10.596634733096073,12.0,3,2,
16.0,10.596634733096073,11.184421397998193,16.0,3,2,127500.0
16.0,10.596634733096073,10.404262840448617,17.0,3,1,53000.0
15.0,10.532096211958502,10.373491181781864,6.0,3,2,53100.0
16.0,10.239959789157341,10.819778284410283,17.0,3,2,92000.0
17.0,11.289781913656018,10.819778284410283,19.0,3,2,
19.0,12.002474335450016,12.195608082482291,16.0,3,2,332808.0
19.0,12.002474335450016,5.857933154483459,20.0,3,1,332808.0
20.0,10.621327345686446,10.736396675471232,16.0,3,1,332808.0
12.0,9.104979856318357,10.799575577092764,13.0,3,2,64500.0
15.0,11.512925464970229,10.819778284410283,14.0,3,1,62000.0
12.0,10.275051108968611,9.472704636443673,16.0,3,1,52300.0
15.0,10.714417768752456,9.852194258148577,1.0,1,2,66040.0
17.0,12.002474335450016,11.127262984158243,17.0,3,2,332808.0
14.0,9.740968623038354,9.680344001221918,13.0,3,1,48000.0
12.0,9.615805480084347,10.4341158035983,14.0,3,2,40000.0
12.0,10.858998997563564,9.798127036878302,11.0,3,1,68000.0
15.0,10.596634733096073,11.082142548877775,17.0,3,2,132000.0
18.0,11.507912923146684,12.195608082482291,20.0,3,1,
14.0,7.24422751560335,7.600902459542082,8.0,3,2,46200.0
18.0,10.819778284410283,11.350406535472453,16.0,3,1,66678.0
13.0,9.472704636443673,9.392661928770137,10.0,3,2,43000.0
12.0,10.645424897265505,8.85366542803745,14.0,3,1,53500.0
17.0,10.532096211958502,10.668955394675699,16.0,3,2,
12.0,10.645424897265505,9.546812608597396,14.0,3,1,
11.0,9.546812608597396,9.305650551780507,8.0,3,1,15000.0
12.0,9.740968623038354,9.740968623038354,12.0,3,2,40000.0
12.0,9.0595174822416,10.545341438708522,11.0,3,2,41000.0
9.0,8.34283980427146,10.025705185260378,11.0,3,2,36420.0
18.0,9.392661928770137,10.239959789157341,12.0,3,2,68800.0
8.0,10.308952660644293,9.546812608597396,12.0,3,1,32000.0
7.0,9.249561085129464,9.392661928770137,11.0,3,2,16000.0
12.0,9.615805480084347,10.203592144986466,12.0,2,2,58000.0
12.0,10.085809109330082,10.46310334047155,12.0,2,2,
20.0,10.470220808240414,10.645424897265505,16.0,3,2,113000.0
20.0,10.085809109330082,10.308952660644293,20.0,3,1,68000.0
18.0,9.210340371976184,11.082142548877775,17.0,3,2,14000.0
12.0,11.156250521031495,11.082142548877775,16.0,3,1,150000.0
16.0,10.596634733096073,10.404262840448617,12.0,3,2,104200.0
14.0,9.852194258148577,10.239959789157341,7.0,3,2,68000.0
12.0,11.002099841204238,9.903487552536127,16.0,3,1,120000.0
16.0,10.150347630467653,10.819778284410283,16.0,3,2,87050.0
12.0,9.95227771670556,8.987196820661973,12.0,3,1,36760.0
12.0,9.998797732340453,10.778956289890028,5.0,3,2,87575.0
14.0,9.546812608597396,11.643953727376633,12.0,3,2,114000.0
12.0,9.798127036878302,10.308952660644293,14.0,3,2,
12.0,10.4341158035983,10.126631103850338,12.0,3,2,38000.0
12.0,8.699514748210191,10.46310334047155,14.0,3,2,53050.0
11.0,9.210340371976184,10.126631103850338,12.0,3,2,15000.0
16.0,9.852194258148577,9.798127036878302,12.0,3,1,38800.0
12.0,9.752664662801545,9.966462351697517,12.0,3,2,24000.0
15.0,9.615805480084347,11.617285480294472,9.0,3,2,18106.0
16.0,10.545341438708522,10.915088464214607,12.0,3,2,75500.0
12.0,10.308952660644293,10.46310334047155,12.0,1,1,80000.0
17.0,10.308952660644293,11.289781913656018,6.0,1,2,93000.0
12.0,10.341742483467284,8.987196820661973,14.0,3,1,38000.0
12.0,10.668955394675699,10.165851817003619,12.0,3,1,81200.0
12.0,10.887436932884098,10.373491181781864,12.0,1,1,63000.0
12.0,9.084436955087027,8.732304571033183,2.0,3,2,10907.0
12.0,11.225243392518447,6.214608098422191,12.0,3,1,65400.0
12.0,10.985292722887856,10.596634733096073,12.0,3,2,118200.0
12.0,10.46310334047155,9.903487552536127,12.0,3,1,
16.0,10.819778284410283,10.714417768752456,19.0,3,1,98000.0
12.0,10.985292722887856,9.798127036878302,12.0,3,1,
18.0,9.740968623038354,9.680344001221918,11.0,3,1,
20.0,11.002099841204238,8.294049640102028,16.0,3,1,64500.0
13.0,10.819778284410283,8.1886891244442,12.0,3,1,55000.0
13.0,9.903487552536127,8.006367567650246,9.0,3,1,51100.0
10.0,10.714417768752456,8.006367567650246,12.0,3,1,62000.0
13.0,10.188666494769791,9.392661928770137,16.0,3,1,28500.0
14.0,9.648595302907339,10.146433731146518,12.0,3,2,47500.0
12.0,10.491274217438248,9.903487552536127,12.0,3,1,32000.0
17.0,11.039716704775545,9.210340371976184,16.0,3,1,82800.0
12.0,5.0106352940962555,11.156250521031495,12.0,1,2,82900.0
12.0,9.718362068409439,9.712387577930592,13.0,3,1,40000.0
17.0,7.003065458786462,10.668955394675699,12.0,3,2,60320.0
10.0,9.035986984831405,9.798127036878302,12.0,3,1,
14.0,10.043249494911286,10.239959789157341,13.0,1,1,60000.0
17.0,10.308952660644293,10.596634733096073,12.0,1,1,82000.0
12.0,10.645424897265505,9.95227771670556,12.0,3,1,56512.0
12.0,10.736396675471232,10.239959789157341,12.0,3,2,40500.0
12.0,10.239959789157341,10.968198289528557,12.0,3,2,72200.0
16.0,11.002099841204238,8.881836305004146,13.0,3,1,81640.0
13.0,10.571316925111784,10.239959789157341,12.0,3,1,
17.0,10.691944912900398,10.4341158035983,16.0,3,2,87000.0
14.0,10.239959789157341,10.691944912900398,17.0,3,1,73840.0
12.0,10.239959789157341,10.46310334047155,12.0,3,2,45000.0
12.0,6.684611727667927,10.56800375029692,16.0,3,2,64500.0
15.0,10.043249494911286,10.03889218954233,15.0,1,2,66619.0
12.0,9.711115659888671,8.612503371220562,14.0,3,2,
14.0,11.362102575235644,10.668955394675699,12.0,3,1,135000.0
16.0,10.786738430332083,10.691944912900398,16.0,3,1,157000.0
12.0,9.998797732340453,10.126631103850338,13.0,3,1,69000.0
12.0,10.085809109330082,9.210340371976184,12.0,3,1,15526.0
12.0,9.852194258148577,9.998797732340453,12.0,3,2,50752.0
13.0,10.596634733096073,10.819778284410283,4.0,3,2,31260.0
12.0,9.955937677537047,10.328755287940472,12.0,3,2,59282.0
13.0,9.546812608597396,10.239959789157341,12.0,3,2,51000.0
12.0,10.373491181781864,10.46310334047155,12.0,1,2,79000.0
12.0,10.085809109330082,10.308952660644293,12.0,3,2,27100.0
14.0,10.51867319162636,10.404262840448617,14.0,3,1,100100.0
12.0,10.596634733096073,10.714417768752456,18.0,3,2,
14.0,10.819778284410283,10.645424897265505,16.0,3,1,145000.0
13.0,10.819778284410283,9.210340371976184,14.0,3,1,53178.0
11.0,9.798127036878302,9.305650551780507,4.0,3,1,67000.0
12.0,5.298317366548036,6.907755278982137,6.0,3,1,14400.0
12.0,10.858998997563564,10.858998997563564,12.0,3,2,51900.0
12.0,10.819778284410283,10.239959789157341,12.0,3,1,82000.0
12.0,9.392661928770137,10.46310334047155,12.0,3,2,37400.0
9.0,10.373491181781864,9.852194258148577,12.0,3,1,34000.0
12.0,10.239959789157341,10.308952660644293,5.0,3,1,69000.0
12.0,8.517193191416238,10.308952660644293,12.0,3,2,43000.0
16.0,10.275051108968611,10.165851817003619,12.0,3,2,65000.0
12.0,10.46310334047155,10.714417768752456,12.0,3,2,80000.0
16.0,9.305650551780507,10.714417768752456,18.0,3,2,72000.0
12.0,10.404262840448617,10.341742483467284,14.0,3,1,70000.0
13.0,10.082470208064567,10.373491181781864,12.0,3,2,67900.0
12.0,10.373491181781864,10.239959789157341,12.0,3,2,
17.0,10.714417768752456,10.46310334047155,11.0,3,2,93600.0
12.0,9.809176873064887,9.852194258148577,6.0,3,2,56000.0
12.0,10.63344870621879,10.341742483467284,7.0,3,2,97300.0
12.0,10.03889218954233,10.126631103850338,12.0,3,1,56000.0
12.0,10.043249494911286,9.903487552536127,15.0,3,1,50000.0
13.0,7.600902459542082,9.546812608597396,6.0,3,2,38456.0
17.0,10.596634733096073,10.571316925111784,2.0,3,2,115100.0
12.0,9.615805480084347,9.392661928770137,12.0,3,1,140000.0
12.0,10.757902880692196,8.517193191416238,15.0,3,1,55000.0
12.0,9.210340371976184,8.987196820661973,14.0,3,1,22000.0
12.0,10.950806546816688,9.104979856318357,12.0,3,1,
19.0,9.392661928770137,12.195608082482291,14.0,3,2,145000.0
16.0,10.203592144986466,11.002099841204238,15.0,3,2,94000.0
12.0,8.160518247477505,10.915088464214607,13.0,3,2,30000.0
13.0,10.085809109330082,8.517193191416238,14.0,3,2,32800.0
12.0,10.203592144986466,10.085809109330082,12.0,3,1,60660.0
16.0,10.4341158035983,11.289781913656018,16.0,3,2,100000.0
19.0,10.203592144986466,10.491274217438248,5.0,3,1,
16.0,10.188666494769791,9.95227771670556,14.0,3,1,30220.0
14.0,10.261161996807944,10.308952660644293,12.0,3,1,50000.0
16.0,11.05089000537367,11.082142548877775,18.0,3,1,129000.0
13.0,7.27931883541462,10.575921691498532,17.0,3,2,36538.0
16.0,11.407564949312402,7.090076835776092,13.0,3,1,100800.0
12.0,10.248636324636237,9.923290179832307,12.0,3,1,44000.0
13.0,9.546812608597396,10.203592144986466,7.0,3,2,
15.0,9.88837391472608,6.396929655216146,12.0,3,1,13000.0
10.0,10.308952660644293,9.472704636443673,12.0,3,1,64600.0
14.0,10.933106969717286,10.126631103850338,14.0,3,1,80000.0
12.0,10.308952660644293,8.006367567650246,16.0,3,1,38600.0
16.0,10.46310334047155,10.239959789157341,14.0,3,1,77000.0
13.0,10.668955394675699,4.605170185988092,14.0,3,2,55000.0
12.0,9.104979856318357,10.165851817003619,14.0,3,2,45500.0
16.0,8.517193191416238,11.002099841204238,16.0,3,2,80200.0
16.0,8.039157390473237,10.239959789157341,20.0,3,2,38000.0
16.0,10.398183794372235,10.545341438708522,13.0,3,2,68012.0
13.0,9.210340371976184,10.275051108968611,12.0,3,2,12550.0
12.0,10.165851817003619,10.341742483467284,12.0,3,1,80881.0
12.0,10.239959789157341,10.239959789157341,16.0,3,1,
16.0,8.070906088787819,10.203592144986466,12.0,3,2,45000.0
16.0,8.699514748210191,11.33857207782545,17.0,3,2,
17.0,10.203592144986466,10.819778284410283,12.0,3,2,78300.0
16.0,10.738589920723442,7.7406644019172415,15.0,3,2,49056.0
18.0,10.308952660644293,9.903487552536127,16.0,3,1,40030.0
17.0,9.711115659888671,10.257659366256743,17.0,3,1,46420.0
12.0,10.085809109330082,9.305650551780507,12.0,3,1,56250.0
12.0,10.714417768752456,10.126631103850338,12.0,3,1,70100.0
16.0,10.085809109330082,10.308952660644293,13.0,3,2,
12.0,9.615805480084347,10.778956289890028,12.0,3,2,102000.0
16.0,10.308952660644293,10.043249494911286,14.0,3,1,70300.0
16.0,10.35287384770222,9.785548254671442,14.0,3,1,59100.0
16.0,10.778956289890028,9.903487552536127,14.0,3,1,75500.0
17.0,10.768484990022733,10.085809109330082,16.0,3,1,
12.0,10.043249494911286,9.998797732340453,11.0,3,2,49000.0
14.0,10.51867319162636,10.203592144986466,11.0,3,2,71000.0
16.0,10.134599273499514,10.085809109330082,14.0,3,1,55000.0
13.0,9.615805480084347,10.085809109330082,16.0,3,1,101000.0
12.0,10.085809109330082,10.110501721920453,12.0,3,1,60000.0
12.0,9.798127036878302,9.392661928770137,12.0,3,2,41000.0
16.0,11.156250521031495,8.867850063029406,12.0,3,1,105000.0
16.0,10.950806546816688,11.407564949312402,16.0,3,2,140500.0
16.0,10.902279505922026,10.668955394675699,16.0,3,1,129000.0
12.0,9.392661928770137,9.51044496442652,12.0,3,1,22000.0
12.0,9.639522006701663,7.783224016336037,10.0,3,1,22200.0
14.0,10.085809109330082,10.51867319162636,14.0,3,2,
8.0,10.085809109330082,7.783224016336037,12.0,3,1,27000.0
12.0,8.85366542803745,10.203592144986466,12.0,3,2,
13.0,10.491274217438248,10.308952660644293,3.0,3,2,69900.0
12.0,9.680344001221918,9.546812608597396,12.0,3,2,38000.0
14.0,10.085809109330082,9.210340371976184,4.0,3,2,41000.0
13.0,5.8664680569332965,9.798127036878302,12.0,2,2,25000.0
12.0,10.085809109330082,10.239959789157341,12.0,3,2,45600.0
16.0,10.46310334047155,10.757902880692196,16.0,3,2,100000.0
12.0,9.798127036878302,10.596634733096073,14.0,3,2,
17.0,10.596634733096073,10.308952660644293,18.0,3,2,81400.0
12.0,8.160518247477505,10.46310334047155,8.0,3,2,4000.0
12.0,10.232791299678729,9.472704636443673,9.0,3,1,45000.0
12.0,9.546812608597396,9.740968623038354,12.0,3,2,38000.0
12.0,10.126631103850338,10.308952660644293,12.0,3,1,40000.0
12.0,10.714417768752456,9.903487552536127,13.0,3,1,72500.0
11.0,10.341742483467284,10.239959789157341,14.0,3,1,26000.0
12.0,9.9281801651265,9.615805480084347,12.0,3,1,34480.0
9.0,9.392661928770137,9.546812608597396,9.0,3,2,42000.0
12.0,10.778956289890028,10.165851817003619,16.0,3,1,
14.0,10.085809109330082,9.581903928408666,12.0,3,1,48000.0
12.0,9.780189336191635,9.663261421240643,12.0,3,2,40400.0
16.0,11.141861783579396,10.341742483467284,14.0,3,1,117000.0
12.0,9.798127036878302,9.95227771670556,10.0,3,2,35050.0
12.0,9.615805480084347,9.825526011066415,13.0,3,2,43000.0
14.0,9.903487552536127,10.505067539570582,14.0,3,2,23000.0
16.0,11.05089000537367,11.082142548877775,17.0,3,1,139300.0
8.0,9.472704636443673,9.472704636443673,9.0,3,1,24000.0
12.0,8.556413904569519,9.878169744551839,16.0,3,2,28050.0
9.0,8.517193191416238,8.294049640102028,0.0,3,1,11000.0
12.0,10.126631103850338,10.596634733096073,10.0,3,2,53632.0
12.0,9.464982590349763,9.546812608597396,10.0,2,2,36000.0
12.0,9.392661928770137,9.392661928770137,12.0,2,1,11050.0
12.0,10.373491181781864,9.210340371976184,12.0,2,1,40100.0
12.0,9.210340371976184,9.472704636443673,12.0,3,1,32000.0
17.0,11.156250521031495,10.165851817003619,14.0,3,1,132800.0
12.0,9.903487552536127,9.680344001221918,11.0,3,1,36000.0
12.0,10.184900011974314,11.134589024250317,14.0,3,2,85776.0
9.0,10.025705185260378,9.72913416539135,12.0,3,1,
12.0,9.680344001221918,11.156250521031495,12.0,3,2,32000.0
13.0,10.596634733096073,11.225243392518447,12.0,3,2,112400.0
12.0,9.472704636443673,10.373491181781864,12.0,3,2,24300.0
12.0,9.680344001221918,11.156250521031495,12.0,3,2,60000.0
14.0,9.903487552536127,10.126631103850338,13.0,3,2,55000.0
12.0,10.4341158035983,9.903487552536127,13.0,3,1,65000.0
12.0,9.210340371976184,10.596634733096073,12.0,3,2,15000.0
12.0,9.210340371976184,10.085809109330082,12.0,3,2,39000.0
12.0,9.740968623038354,9.210340371976184,11.0,3,2,33000.0
12.0,10.308952660644293,10.239959789157341,14.0,3,1,67270.0
12.0,10.126631103850338,10.46310334047155,10.0,3,1,90000.0
9.0,8.294049640102028,8.699514748210191,12.0,3,2,30000.0
16.0,9.998797732340453,10.915088464214607,18.0,3,2,88000.0
17.0,10.683958561267747,10.532096211958502,18.0,3,1,98300.0
14.0,8.85366542803745,10.043249494911286,11.0,3,2,6000.0
18.0,10.545341438708522,10.308952660644293,16.0,3,2,77000.0
20.0,8.648221453822641,11.477298287327077,18.0,3,2,98350.0
16.0,10.858998997563564,10.51867319162636,8.0,3,1,104000.0
12.0,9.740968623038354,10.275051108968611,8.0,3,2,21000.0
12.0,9.615805480084347,9.903487552536127,12.0,3,2,62000.0
13.0,9.680344001221918,9.210340371976184,12.0,2,2,36183.0
12.0,9.546812608597396,9.680344001221918,12.0,2,2,44840.0
12.0,9.998797732340453,10.043249494911286,14.0,2,1,
16.0,10.275051108968611,10.308952660644293,6.0,2,1,70000.0
15.0,10.257659366256743,10.46310334047155,17.0,3,1,83400.0
17.0,10.680516217076775,9.903487552536127,13.0,3,1,70000.0
20.0,11.184421397998193,11.082142548877775,16.0,3,1,156000.0
17.0,10.239959789157341,10.596634733096073,16.0,3,2,84000.0
12.0,10.491274217438248,10.126631103850338,12.0,3,1,50050.0
14.0,8.006367567650246,12.195608082482291,16.0,3,2,150000.0
13.0,9.95227771670556,6.907755278982137,10.0,2,2,69463.0
12.0,9.392661928770137,9.305650551780507,0.0,2,1,27000.0
13.0,9.95227771670556,9.472704636443673,11.0,3,2,69616.0
12.0,10.373491181781864,10.126631103850338,12.0,3,1,52000.0
18.0,11.082142548877775,10.596634733096073,18.0,3,1,70000.0
12.0,10.308952660644293,12.195608082482291,9.0,3,2,
17.0,10.87804719253426,10.275051108968611,14.0,3,1,100000.0
14.0,9.210340371976184,11.002099841204238,16.0,3,2,65000.0
16.0,10.46310334047155,11.532728092266408,16.0,3,2,52000.0
14.0,9.998797732340453,9.740968623038354,14.0,3,1,44500.0
12.0,10.736396675471232,10.4341158035983,18.0,3,1,87200.0
16.0,11.03488966402723,10.645424897265505,16.0,3,1,130000.0
12.0,11.156250521031495,9.903487552536127,13.0,3,1,127000.0
16.0,10.709963418403076,12.195608082482291,18.0,3,2,144000.0
12.0,10.915088464214607,9.210340371976184,6.0,3,1,55000.0
12.0,10.404262840448617,10.491274217438248,10.0,3,2,77000.0
12.0,6.907755278982137,7.824046010856292,10.0,3,2,14196.0
12.0,10.203592144986466,10.126631103850338,12.0,3,1,26770.0
17.0,10.691944912900398,11.512925464970229,12.0,3,2,154400.0
13.0,10.308952660644293,10.308952660644293,13.0,3,1,85800.0
13.0,11.002099841204238,9.798127036878302,12.0,3,1,87000.0
14.0,10.4341158035983,9.546812608597396,13.0,3,1,30000.0
12.0,10.165851817003619,8.699514748210191,12.0,3,1,
12.0,9.903487552536127,10.545341438708522,10.0,3,2,89200.0
14.0,9.95227771670556,9.852194258148577,7.0,3,2,18209.0
14.0,10.213285750552616,10.592400782564011,15.0,3,2,
12.0,10.263955294713556,9.071078304642676,11.0,3,1,38750.0
12.0,9.645364282325891,10.238709007255688,12.0,3,2,54370.0
11.0,9.019179866515024,10.414603134260247,12.0,3,2,38000.0
12.0,10.165851817003619,9.305650551780507,12.0,1,1,46000.0
13.0,10.126631103850338,10.308952660644293,7.0,1,2,55000.0
11.0,10.308952660644293,10.275051108968611,12.0,1,2,47000.0
13.0,10.645424897265505,9.615805480084347,14.0,1,1,72000.0
14.0,10.668955394675699,10.532096211958502,12.0,1,1,47000.0
16.0,10.505067539570582,9.825526011066415,13.0,1,2,70000.0
12.0,10.239959789157341,9.472704636443673,12.0,1,1,44000.0
12.0,10.596634733096073,10.915088464214607,14.0,1,2,91500.0
13.0,10.308952660644293,9.210340371976184,0.0,1,1,73000.0
16.0,10.558413520275876,11.225243392518447,19.0,1,2,
13.0,10.085809109330082,10.915088464214607,13.0,1,2,55000.0
9.0,9.487972108574462,9.680344001221918,12.0,1,1,14000.0
12.0,9.680344001221918,9.680344001221918,12.0,1,2,14000.0
12.0,9.680344001221918,9.740968623038354,12.0,1,1,
16.0,10.839580911706463,11.512925464970229,16.0,1,1,183150.0
14.0,7.600902459542082,9.305650551780507,11.0,1,2,4200.0
12.0,9.692766521220475,10.571316925111784,12.0,1,2,25000.0
13.0,10.896739325546411,10.308952660644293,16.0,1,1,90000.0
12.0,8.476371196895983,8.575462099540212,1.0,1,1,14536.0
14.0,9.392661928770137,9.998797732340453,15.0,1,2,49000.0
12.0,10.645424897265505,10.736396675471232,11.0,1,2,102800.0
15.0,12.002474335450016,11.522875795823397,16.0,1,2,140000.0
12.0,9.607773308387083,9.264828557260252,9.0,1,2,25650.0
12.0,10.085809109330082,8.1886891244442,12.0,1,1,61100.0
15.0,10.778956289890028,10.165851817003619,14.0,1,1,77000.0
15.0,5.703782474656201,10.239959789157341,11.0,1,2,33500.0
14.0,10.46310334047155,11.002099841204238,8.0,1,2,38250.0
18.0,10.165851817003619,10.165851817003619,11.0,1,2,35000.0
14.0,7.24422751560335,10.545341438708522,10.0,1,2,45000.0
12.0,9.798127036878302,10.085809109330082,1.0,1,2,
12.0,10.714417768752456,9.210340371976184,12.0,1,1,64000.0
12.0,7.600902459542082,10.714417768752456,9.0,1,2,58500.0
12.0,8.294049640102028,9.852194258148577,16.0,1,2,35000.0
16.0,10.239959789157341,10.668955394675699,14.0,1,1,
12.0,10.043249494911286,9.546812608597396,0.0,1,1,35000.0
12.0,9.998797732340453,9.798127036878302,12.0,1,1,52150.0
12.0,8.85366542803745,9.95227771670556,13.0,1,2,33900.0
12.0,9.350102314351341,9.210340371976184,12.0,1,1,30000.0
12.0,10.242812858139747,9.210340371976184,12.0,1,1,33000.0
12.0,10.373491181781864,10.239959789157341,12.0,2,1,
12.0,10.203592144986466,10.341742483467284,12.0,2,2,57000.0
4.0,9.615805480084347,10.126631103850338,12.0,1,1,66000.0
14.0,9.546812608597396,11.082142548877775,20.0,2,2,
12.0,10.51867319162636,10.51867319162636,5.0,2,1,
10.0,7.600902459542082,8.006367567650246,12.0,2,2,7364.0
14.0,10.596634733096073,11.156250521031495,0.0,2,2,109000.0
14.0,9.798127036878302,10.596634733096073,12.0,2,2,
11.0,9.903487552536127,10.022958052512294,11.0,2,2,20000.0
12.0,9.239899174217728,9.95227771670556,10.0,2,2,
12.0,9.679030639139388,7.824046010856292,16.0,2,1,55000.0
16.0,10.101026075134943,10.404262840448617,10.0,2,2,29221.0
13.0,9.104979856318357,10.043249494911286,12.0,2,2,32000.0
12.0,9.740968623038354,10.221941283654663,10.0,2,2,38070.0
16.0,10.126631103850338,9.680344001221918,9.0,2,2,40536.0
18.0,10.308952660644293,10.46310334047155,16.0,2,2,40000.0
18.0,10.308952660644293,10.404262840448617,16.0,2,2,82000.0
12.0,8.85366542803745,9.210340371976184,12.0,2,1,
17.0,10.373491181781864,10.819778284410283,16.0,2,1,
14.0,10.4341158035983,10.085809109330082,3.0,2,1,43000.0
13.0,9.998797732340453,10.308952660644293,0.0,2,2,54000.0
12.0,10.46310334047155,10.085809109330082,16.0,2,1,60000.0
12.0,9.825526011066415,9.825526011066415,12.0,2,1,31500.0
12.0,9.825526011066415,9.305650551780507,12.0,2,2,31500.0
16.0,10.645424897265505,11.03488966402723,16.0,2,2,
15.0,10.51867319162636,9.903487552536127,0.0,2,1,
15.0,10.4341158035983,9.680344001221918,14.0,2,1,
14.0,10.308952660644293,9.903487552536127,13.0,2,1,61000.0
16.0,11.33857207782545,8.517193191416238,16.0,2,1,178200.0
15.0,9.437714959818209,9.740968623038354,10.0,2,2,28300.0
12.0,10.929529148369403,10.645424897265505,12.0,2,1,107900.0
12.0,8.85366542803745,10.491274217438248,12.0,2,2,50000.0
14.0,11.156250521031495,10.404262840448617,6.0,2,2,109311.0
15.0,10.203592144986466,10.46310334047155,6.0,2,2,
12.0,9.798127036878302,10.819778284410283,12.0,2,2,60000.0
12.0,10.46310334047155,9.998797732340453,12.0,2,1,
12.0,9.210340371976184,10.203592144986466,6.0,2,1,12000.0
12.0,10.51867319162636,10.491274217438248,15.0,2,2,77000.0
12.0,10.714417768752456,10.714417768752456,10.0,2,2,102700.0
14.0,10.085809109330082,10.819778284410283,6.0,2,2,127840.0
12.0,10.491274217438248,9.472704636443673,16.0,2,1,38000.0
19.0,10.308952660644293,10.373491181781864,0.0,2,2,67100.0
20.0,10.714417768752456,11.55214617812351,20.0,2,1,175000.0
15.0,10.799575577092764,10.668955394675699,12.0,2,2,53000.0
12.0,10.126631103850338,10.126631103850338,12.0,2,1,
14.0,10.373491181781864,8.779557455883728,12.0,2,1,45000.0
16.0,10.46310334047155,10.596634733096073,16.0,2,1,74000.0
14.0,10.308952660644293,9.903487552536127,14.0,2,2,71000.0
14.0,10.46310334047155,9.392661928770137,12.0,2,1,44000.0
12.0,9.210340371976184,9.210340371976184,12.0,2,1,20500.0
16.0,6.907755278982137,11.002099841204238,14.0,2,2,58000.0
13.0,7.495541943884256,8.411832675758411,11.0,2,2,9640.0
16.0,9.472704636443673,10.46310334047155,14.0,2,1,67000.0
19.0,10.165851817003619,10.373491181781864,12.0,2,2,60000.0
17.0,10.203592144986466,10.668955394675699,17.0,2,2,69000.0
18.0,10.596634733096073,10.46310334047155,12.0,2,2,80000.0
14.0,10.341742483467284,10.778956289890028,20.0,2,1,102240.0
13.0,8.85366542803745,10.126631103850338,5.0,2,2,14000.0
15.0,9.546812608597396,11.002099841204238,12.0,2,2,80000.0
16.0,10.87804719253426,6.907755278982137,12.0,2,2,57000.0
12.0,10.239959789157341,9.95227771670556,3.0,2,1,23000.0
12.0,8.294049640102028,9.798127036878302,10.0,2,2,18512.0
13.0,9.52390946537981,10.488409005524973,12.0,2,2,25223.0
13.0,10.51867319162636,10.714417768752456,16.0,2,2,
15.0,10.239959789157341,9.95227771670556,14.0,2,1,62000.0
17.0,10.799575577092764,9.998797732340453,17.0,2,1,103200.0
16.0,10.239959789157341,6.620073206530356,12.0,2,1,32000.0
13.0,10.085809109330082,9.210340371976184,11.0,2,2,34000.0
14.0,9.740968623038354,9.305650551780507,12.0,2,1,26700.0
18.0,10.864751650053014,9.95227771670556,19.0,2,2,92075.0
16.0,10.51867319162636,10.46310334047155,11.0,2,2,54000.0
12.0,9.472704636443673,10.134599273499514,16.0,2,2,
12.0,10.46310334047155,10.491274217438248,12.0,2,2,86000.0
12.0,5.768320995793772,9.798127036878302,12.0,2,2,25000.0
14.0,9.210340371976184,9.615805480084347,14.0,2,1,35000.0
13.0,10.373491181781864,10.373491181781864,13.0,2,2,60000.0
11.0,8.987196820661973,8.987196820661973,8.0,2,2,7200.0
12.0,9.752664662801545,9.893437216682626,10.0,2,2,27000.0
12.0,10.203592144986466,9.680344001221918,12.0,2,1,
12.0,9.798127036878302,10.51867319162636,14.0,2,2,63000.0
12.0,10.404262840448617,10.239959789157341,16.0,2,2,60000.0
11.0,10.043249494911286,9.615805480084347,12.0,2,1,
9.0,9.392661928770137,10.373491181781864,12.0,2,1,52000.0
16.0,9.95227771670556,9.903487552536127,16.0,2,1,23500.0
13.0,10.126631103850338,9.852194258148577,9.0,2,1,23000.0
17.0,10.308952660644293,10.043249494911286,16.0,2,1,45000.0
12.0,7.824046010856292,9.998797732340453,12.0,2,2,40000.0
11.0,9.903487552536127,9.472704636443673,10.0,2,1,45000.0
12.0,10.51867319162636,10.571316925111784,16.0,2,1,78000.0
12.0,10.46310334047155,9.798127036878302,14.0,2,1,43000.0
15.0,8.294049640102028,10.545341438708522,12.0,2,2,22000.0
11.0,9.472704636443673,10.239959789157341,11.0,2,2,51000.0
17.0,9.680344001221918,9.680344001221918,12.0,2,2,39000.0
12.0,10.968198289528557,9.903487552536127,14.0,2,1,38000.0
16.0,10.968198289528557,10.085809109330082,7.0,2,1,86200.0
16.0,10.341742483467284,10.714417768752456,14.0,2,2,87000.0
15.0,10.558413520275876,9.615805480084347,16.0,2,1,53000.0
16.0,10.545341438708522,10.596634733096073,0.0,2,1,63000.0
8.0,10.110501721920453,9.210340371976184,12.0,2,1,28000.0
16.0,10.292145542327912,10.177324218165856,12.0,2,2,66500.0
12.0,9.210340371976184,9.210340371976184,9.0,2,2,17450.0
15.0,9.975808214115753,9.581903928408666,12.0,2,1,
12.0,9.615805480084347,9.392661928770137,12.0,2,1,21000.0
16.0,10.545341438708522,9.104979856318357,10.0,1,2,48600.0
14.0,10.596634733096073,10.126631103850338,14.0,2,2,58010.0
12.0,9.392661928770137,9.472704636443673,6.0,1,2,
12.0,10.51867319162636,9.615805480084347,12.0,1,2,63000.0
16.0,10.165851817003619,11.461632170582678,16.0,1,2,117000.0
16.0,10.239959789157341,10.203592144986466,11.0,1,2,58020.0
16.0,10.714417768752456,11.350406535472453,12.0,1,2,65000.0
13.0,10.645424897265505,9.392661928770137,12.0,1,1,58200.0
19.0,11.002099841204238,10.819778284410283,16.0,2,2,
12.0,9.472704636443673,9.680344001221918,10.0,2,2,32000.0
12.0,10.239959789157341,10.085809109330082,10.0,1,2,68000.0
14.0,9.798127036878302,10.021270588192511,14.0,1,2,70020.0
12.0,10.275051108968611,10.404262840448617,0.0,1,2,68000.0
17.0,10.308952660644293,10.596634733096073,16.0,2,1,88100.0
14.0,10.043249494911286,9.615805480084347,10.0,2,2,3000.0
12.0,9.680344001221918,10.308952660644293,4.0,2,1,72200.0
14.0,10.968198289528557,10.46310334047155,3.0,2,1,
12.0,10.571316925111784,10.275051108968611,0.0,2,1,45000.0
12.0,8.517193191416238,10.714417768752456,13.0,1,2,
12.0,10.491274217438248,9.852194258148577,12.0,1,1,46200.0
14.0,9.104979856318357,11.385092093460344,14.0,1,1,15000.0
13.0,11.082142548877775,9.210340371976184,13.0,1,1,90000.0
13.0,10.146433731146518,9.903487552536127,11.0,1,1,62000.0
16.0,11.170435156023453,11.314474526246391,6.0,1,2,171000.0
17.0,10.419300717813158,11.06663836234181,14.0,1,2,166884.0
19.0,11.156250521031495,11.407564949312402,20.0,1,2,
12.0,10.126631103850338,10.126631103850338,12.0,1,2,32000.0
13.0,10.308952660644293,10.404262840448617,12.0,2,1,60000.0
19.0,10.221941283654663,11.156250521031495,18.0,2,2,
18.0,10.545341438708522,10.46310334047155,14.0,2,1,101000.0
10.0,9.104979856318357,10.308952660644293,11.0,2,2,14920.0
15.0,10.532096211958502,10.736396675471232,12.0,2,2,87500.0
18.0,10.714417768752456,10.714417768752456,19.0,2,1,100600.0
16.0,10.308952660644293,10.203592144986466,15.0,2,2,59500.0
9.0,10.545341438708522,9.680344001221918,12.0,2,1,63000.0
14.0,10.571316925111784,9.210340371976184,18.0,1,2,70800.0
10.0,10.545341438708522,9.94270826568941,16.0,1,1,104000.0
12.0,9.615805480084347,9.615805480084347,8.0,1,2,42000.0
12.0,10.819778284410283,9.472704636443673,11.0,1,1,63300.0
12.0,10.645424897265505,10.545341438708522,13.0,2,1,85000.0
12.0,10.645424897265505,10.308952660644293,5.0,2,1,
13.0,10.705489138008156,9.546812608597396,12.0,2,1,68000.0
12.0,9.740968623038354,9.51044496442652,16.0,2,1,41000.0
12.0,10.165851817003619,10.46310334047155,16.0,1,1,43400.0
16.0,10.915088464214607,10.184900011974314,16.0,2,1,110200.0
16.0,10.839580911706463,10.341742483467284,2.0,2,1,51000.0
12.0,10.757902880692196,10.239959789157341,0.0,1,1,72000.0
12.0,9.159047077588632,12.195608082482291,18.0,1,2,
13.0,11.156250521031495,11.002099841204238,12.0,1,1,83165.0
18.0,11.082142548877775,11.002099841204238,18.0,1,2,145000.0
14.0,10.545341438708522,9.95227771670556,14.0,1,1,
12.0,10.596634733096073,8.006367567650246,13.0,1,1,
12.0,9.472704636443673,9.546812608597396,12.0,2,1,
12.0,9.852194258148577,10.085809109330082,13.0,2,1,
15.0,9.998797732340453,10.085809109330082,15.0,2,1,
18.0,11.225243392518447,10.491274217438248,0.0,2,1,94000.0
16.0,11.05089000537367,10.165851817003619,16.0,2,1,90500.0
9.0,9.903487552536127,10.308952660644293,5.0,1,1,17712.0
12.0,10.545341438708522,10.596634733096073,16.0,1,1,92000.0
0.0,9.998797732340453,9.740968623038354,11.0,1,1,38000.0
16.0,10.46310334047155,10.239959789157341,16.0,1,2,32035.0
12.0,9.740968623038354,10.858998997563564,11.0,1,2,66000.0
16.0,10.46310334047155,10.819778284410283,14.0,2,2,
12.0,10.06475570013225,10.596634733096073,12.0,2,2,32000.0
14.0,10.404262840448617,8.517193191416238,7.0,2,1,36000.0
18.0,11.211820372186306,11.06663836234181,18.0,2,1,156500.0
13.0,10.239959789157341,9.798127036878302,8.0,2,1,56600.0
16.0,10.87804719253426,10.308952660644293,16.0,2,1,160000.0
16.0,10.768484990022733,10.51867319162636,14.0,2,2,84000.0
16.0,11.225243392518447,11.002099841204238,16.0,2,1,0.0
12.0,10.645424897265505,9.392661928770137,14.0,2,1,74000.0
12.0,7.600902459542082,8.630521876723241,6.0,2,1,18000.0
16.0,10.833681189579275,10.491274217438248,18.0,2,1,95400.0
16.0,11.225243392518447,2.302585092994046,19.0,2,1,57800.0
12.0,10.308952660644293,10.596634733096073,12.0,2,1,90000.0
12.0,10.819778284410283,8.987196820661973,12.0,2,1,100000.0
13.0,9.740968623038354,10.126631103850338,14.0,2,2,55000.0
20.0,10.668955394675699,11.225243392518447,15.0,2,2,118186.0
12.0,9.740968623038354,10.126631103850338,4.0,2,2,41000.0
15.0,11.225243392518447,11.289781913656018,14.0,2,1,90000.0
16.0,9.998797732340453,9.392661928770137,12.0,2,1,
13.0,9.95227771670556,10.239959789157341,12.0,2,2,56000.0
3.0,8.85366542803745,10.51867319162636,6.0,1,2,0.0
14.0,10.596634733096073,9.798127036878302,15.0,2,2,61000.0
12.0,9.998797732340453,9.998797732340453,15.0,2,1,35000.0
12.0,8.987196820661973,10.645424897265505,12.0,1,2,49500.0
13.0,9.903487552536127,10.373491181781864,14.0,1,2,61400.0
16.0,10.165851817003619,9.998797732340453,2.0,1,2,61000.0
14.0,11.127262984158243,10.491274217438248,16.0,2,1,88000.0
14.0,10.4341158035983,10.043249494911286,14.0,2,1,60500.0
12.0,9.392661928770137,9.305650551780507,14.0,1,1,27300.0
15.0,9.95227771670556,10.275051108968611,13.0,2,1,26000.0
18.0,10.725467604939041,11.082142548877775,15.0,2,2,133800.0
14.0,9.392661928770137,10.308952660644293,11.0,2,2,11380.0
13.0,9.648595302907339,10.46310334047155,14.0,2,2,
9.0,9.903487552536127,9.852194258148577,10.0,1,1,28000.0
13.0,8.006367567650246,11.082142548877775,16.0,1,2,
13.0,10.126631103850338,10.126631103850338,13.0,2,2,62000.0
12.0,10.308952660644293,9.680344001221918,14.0,2,1,63500.0
19.0,10.545341438708522,8.123854263105914,16.0,1,1,53000.0
19.0,11.05089000537367,10.896739325546411,16.0,2,2,156000.0
17.0,10.887436932884098,10.138559674715612,16.0,2,1,61500.0
20.0,11.082142548877775,9.210340371976184,16.0,2,1,86000.0
14.0,9.852194258148577,9.852194258148577,12.0,2,2,55000.0
12.0,10.404262840448617,9.798127036878302,16.0,2,1,59256.0
16.0,10.085809109330082,11.002099841204238,18.0,2,2,106000.0
15.0,5.966146739123692,10.858998997563564,16.0,2,2,
16.0,10.373491181781864,10.714417768752456,16.0,2,1,80500.0
12.0,10.165851817003619,8.699514748210191,0.0,2,1,33512.0
12.0,10.126631103850338,9.104979856318357,13.0,2,1,185000.0
20.0,10.968198289528557,10.373491181781864,14.0,1,1,99871.0
13.0,10.915088464214607,10.126631103850338,14.0,1,1,85100.0
16.0,10.085809109330082,10.778956289890028,16.0,1,2,60700.0
14.0,10.858998997563564,6.684611727667927,13.0,1,1,71000.0
12.0,10.596634733096073,10.308952660644293,4.0,1,2,40000.0
12.0,10.621327345686446,9.798127036878302,14.0,2,2,60000.0
12.0,9.210340371976184,10.858998997563564,12.0,2,2,600.0
12.0,10.736396675471232,11.141861783579396,7.0,2,2,147000.0
17.0,10.757902880692196,10.308952660644293,16.0,2,1,117000.0
12.0,9.680344001221918,8.987196820661973,12.0,2,1,
13.0,10.545341438708522,9.903487552536127,15.0,1,1,70230.0
12.0,10.404262840448617,8.987196820661973,12.0,1,1,38000.0
13.0,10.203592144986466,10.714417768752456,13.0,2,2,69154.0
12.0,5.68697535633982,10.308952660644293,8.0,2,2,62000.0
16.0,10.950806546816688,8.987196820661973,16.0,2,1,106075.0
12.0,9.546812608597396,9.546812608597396,15.0,2,2,20600.0
12.0,6.684611727667927,9.392661928770137,8.0,2,2,33760.0
15.0,8.961879012677683,10.714417768752456,10.0,2,2,56000.0
11.0,10.203592144986466,9.852194258148577,12.0,2,1,53300.0
12.0,9.615805480084347,10.126631103850338,12.0,2,1,1200.0
12.0,10.308952660644293,10.203592144986466,14.0,2,1,64.0
13.0,9.472704636443673,9.210340371976184,12.0,2,1,28000.0
12.0,9.852194258148577,9.798127036878302,1.0,2,2,50000.0
20.0,10.668955394675699,10.308952660644293,13.0,2,2,87200.0
12.0,10.239959789157341,9.472704636443673,12.0,1,1,38000.0
16.0,10.373491181781864,10.933106969717286,14.0,1,2,126800.0
10.0,6.551080335043404,9.94270826568941,6.0,2,2,25000.0
12.0,9.392661928770137,9.392661928770137,12.0,2,2,
16.0,10.915088464214607,10.126631103850338,16.0,2,1,94200.0
15.0,9.95227771670556,10.46310334047155,14.0,1,1,61000.0
12.0,10.933106969717286,9.615805480084347,4.0,1,1,
20.0,11.289781913656018,11.289781913656018,20.0,1,1,
16.0,11.225243392518447,11.156250521031495,16.0,1,1,162000.0
12.0,10.085809109330082,8.492285555710053,12.0,2,1,
16.0,10.933106969717286,10.596634733096073,15.0,2,1,56000.0
18.0,10.308952660644293,11.002099841204238,6.0,1,2,139000.0
15.0,10.341742483467284,11.082142548877775,12.0,1,2,69000.0
16.0,11.127262984158243,10.545341438708522,16.0,1,1,72750.0
12.0,9.615805480084347,8.517193191416238,12.0,2,1,20000.0
12.0,9.472704636443673,10.668955394675699,11.0,2,2,6000.0
14.0,10.596634733096073,10.545341438708522,13.0,1,2,80150.0
14.0,9.546812608597396,9.680344001221918,12.0,1,1,32000.0
12.0,9.392661928770137,12.195608082482291,5.0,1,2,16200.0
15.0,10.668955394675699,10.46310334047155,14.0,2,2,80503.0
16.0,10.714417768752456,11.461632170582678,19.0,1,2,164400.0
16.0,11.184421397998193,7.090076835776092,17.0,1,1,78000.0
18.0,9.305650551780507,11.225243392518447,18.0,1,2,332808.0
14.0,10.839580911706463,10.308952660644293,8.0,2,2,82000.0
14.0,10.596634733096073,2.70805020110221,16.0,2,1,45000.0
13.0,9.95227771670556,10.165851817003619,12.0,2,1,47000.0
14.0,9.740968623038354,6.802394763324311,13.0,2,2,16000.0
12.0,10.778956289890028,10.404262840448617,4.0,2,1,87200.0
12.0,10.043249494911286,9.998797732340453,12.0,2,1,43000.0
12.0,10.043249494911286,9.852194258148577,12.0,2,1,12000.0
16.0,9.798127036878302,11.03488966402723,9.0,2,2,
12.0,10.043249494911286,8.987196820661973,1.0,2,1,32000.0
12.0,10.203592144986466,10.085809109330082,7.0,2,1,0.0
12.0,9.740968623038354,8.987196820661973,13.0,2,2,
12.0,9.615805480084347,11.289781913656018,16.0,2,1,22000.0
13.0,9.95227771670556,10.239959789157341,12.0,2,2,46000.0
12.0,8.064950891749143,10.645424897265505,10.0,2,2,
14.0,10.933106969717286,8.699514748210191,12.0,2,2,98000.0
18.0,10.210972252284089,10.46310334047155,14.0,2,1,67200.0
16.0,11.002099841204238,10.239959789157341,14.0,2,1,74000.0
12.0,9.525151111816216,9.546812608597396,14.0,2,1,14110.0
14.0,10.043249494911286,10.491274217438248,14.0,1,2,
15.0,10.203592144986466,9.903487552536127,14.0,2,1,42000.0
16.0,9.392661928770137,11.589886506106357,1.0,2,2,119200.0
14.0,4.605170185988092,11.238764896889764,12.0,2,2,95800.0
16.0,10.196157166498947,10.968198289528557,15.0,2,2,46000.0
13.0,10.621327345686446,9.392661928770137,14.0,2,1,57000.0
16.0,10.4341158035983,11.002099841204238,16.0,2,1,
17.0,10.959540226785442,10.799575577092764,16.0,2,1,116000.0
14.0,10.46310334047155,9.104979856318357,13.0,1,1,45700.0
18.0,12.002474335450016,8.85366542803745,16.0,1,1,
18.0,11.156250521031495,10.545341438708522,19.0,1,1,133000.0
14.0,9.903487552536127,8.294049640102028,14.0,1,1,65000.0
16.0,10.819778284410283,7.600902459542082,0.0,2,1,60300.0
16.0,10.757902880692196,10.308952660644293,14.0,2,2,83400.0
18.0,10.668955394675699,11.198214720130528,10.0,2,2,
12.0,10.239959789157341,10.184900011974314,12.0,1,2,76000.0
12.0,10.439980923050696,10.524064040261237,12.0,1,1,44000.0
12.0,9.852194258148577,11.156250521031495,11.0,2,2,
16.0,11.002099841204238,10.126631103850338,14.0,2,1,85000.0
12.0,8.630521876723241,11.002099841204238,12.0,1,2,119200.0
12.0,6.214608098422191,11.225243392518447,8.0,2,2,120000.0
13.0,9.239704980606087,10.165851817003619,16.0,1,2,70480.0
14.0,10.596634733096073,11.002099841204238,12.0,1,2,98000.0
14.0,10.257659366256743,10.341742483467284,9.0,1,2,
12.0,10.757902880692196,10.757902880692196,14.0,1,2,
12.0,9.210340371976184,9.798127036878302,14.0,1,1,
13.0,10.915088464214607,11.225243392518447,18.0,2,1,50000.0
14.0,10.275051108968611,10.714417768752456,7.0,2,2,47250.0
13.0,10.203592144986466,10.373491181781864,12.0,2,2,69000.0
12.0,9.392661928770137,9.392661928770137,5.0,2,2,32000.0
16.0,10.043249494911286,10.085809109330082,16.0,2,1,72000.0
12.0,10.379317923304855,9.360913230455557,12.0,1,1,26223.0
11.0,9.680344001221918,9.472704636443673,11.0,1,2,33560.0
12.0,10.51867319162636,10.308952660644293,11.0,1,1,125000.0
12.0,10.404262840448617,6.396929655216146,12.0,1,1,39000.0
12.0,10.079539496316487,10.085809109330082,12.0,1,2,62000.0
14.0,12.002474335450016,8.699514748210191,1.0,1,2,23000.0
10.0,9.392661928770137,9.615805480084347,12.0,2,1,30000.0
15.0,7.090076835776092,8.517193191416238,16.0,2,1,48775.0
13.0,11.119882876860622,10.645424897265505,12.0,1,1,125500.0
12.0,9.798127036878302,8.987196820661973,12.0,1,1,16320.0
13.0,10.184900011974314,10.46310334047155,7.0,1,2,37000.0
12.0,9.615805480084347,9.903487552536127,13.0,1,2,32000.0
12.0,10.714417768752456,9.998797732340453,10.0,1,1,
14.0,10.858998997563564,7.170119543449628,14.0,1,1,70748.0
12.0,9.472704636443673,10.043249494911286,11.0,1,2,38820.0
12.0,8.824677891164198,9.615805480084347,7.0,1,2,
12.0,10.308952660644293,7.600902459542082,6.0,1,1,28200.0
12.0,10.645424897265505,9.903487552536127,12.0,1,1,69100.0
12.0,10.645424897265505,10.126631103850338,11.0,1,1,77580.0
12.0,9.798127036878302,9.472704636443673,12.0,1,2,38000.0
12.0,8.987196820661973,10.308952660644293,12.0,1,2,48048.0
12.0,9.392661928770137,9.546812608597396,12.0,1,1,18600.0
14.0,9.798127036878302,9.798127036878302,14.0,1,2,31000.0
12.0,9.104979856318357,10.46310334047155,12.0,1,2,45000.0
6.0,10.146433731146518,8.922658299524402,12.0,1,1,31480.0
17.0,10.645424897265505,10.545341438708522,12.0,1,2,85300.0
20.0,10.126631103850338,11.002099841204238,15.0,1,2,110800.0
14.0,9.210340371976184,11.350406535472453,18.0,2,2,162000.0
14.0,12.002474335450016,8.294049640102028,12.0,2,1,112000.0
12.0,10.043249494911286,9.472704636443673,10.0,1,2,37000.0
12.0,9.392661928770137,9.472704636443673,13.0,1,2,32000.0
17.0,10.165851817003619,10.341742483467284,16.0,1,1,57000.0
15.0,9.740968623038354,9.680344001221918,6.0,1,2,37970.0
12.0,10.714417768752456,10.51867319162636,14.0,1,1,
12.0,11.018629143155449,10.46310334047155,12.0,1,2,113511.0
16.0,10.915088464214607,11.512925464970229,16.0,1,2,
16.0,10.596634733096073,11.002099841204238,14.0,2,2,
12.0,9.903487552536127,10.085809109330082,14.0,1,2,40920.0
12.0,10.46310334047155,10.038018445493734,8.0,1,1,35000.0
12.0,10.204480639047581,10.181119289134408,11.0,1,2,53196.0
12.0,10.579564868400478,9.837347750031583,12.0,1,1,
15.0,9.392661928770137,9.740968623038354,15.0,2,2,52286.0
14.0,9.104979856318357,10.491274217438248,10.0,1,2,
13.0,9.852194258148577,10.085809109330082,10.0,1,2,69100.0
16.0,11.451050061252142,10.645424897265505,3.0,2,2,84000.0
13.0,7.649692623711514,10.51867319162636,9.0,2,2,16200.0
14.0,10.308952660644293,10.126631103850338,12.0,1,1,35000.0
17.0,10.468801361586188,11.082142548877775,16.0,2,2,42000.0
4.0,5.703782474656201,10.645424897265505,2.0,1,2,48120.0
13.0,10.491274217438248,8.987196820661973,12.0,1,1,35600.0
6.0,10.165851817003619,7.600902459542082,12.0,1,1,27000.0
14.0,10.341742483467284,8.1886891244442,16.0,1,2,45900.0
10.0,8.987196820661973,10.4341158035983,11.0,1,2,38000.0
10.0,10.126631103850338,10.085809109330082,12.0,1,1,
12.0,9.86386275775286,10.714417768752456,12.0,1,2,69000.0
12.0,10.239959789157341,10.404262840448617,3.0,2,2,77000.0
16.0,11.06663836234181,6.802394763324311,20.0,1,1,332808.0
17.0,10.849337086651827,10.183011437286446,1.0,1,1,137096.0
12.0,10.571316925111784,9.903487552536127,8.0,1,2,86000.0
11.0,10.668955394675699,8.006367567650246,12.0,1,1,68700.0
12.0,10.778956289890028,10.043249494911286,13.0,1,1,77800.0
20.0,10.239959789157341,10.858998997563564,20.0,1,2,86050.0
16.0,10.46310334047155,11.225243392518447,16.0,1,2,145000.0
14.0,10.239959789157341,11.002099841204238,16.0,1,2,109000.0
16.0,10.915088464214607,10.126631103850338,13.0,1,1,70090.0
18.0,10.915088464214607,10.085809109330082,16.0,1,1,92000.0
13.0,10.085809109330082,10.085809109330082,0.0,2,1,
12.0,10.085809109330082,10.203592144986466,13.0,1,1,
12.0,11.198214720130528,10.126631103850338,12.0,1,1,68000.0
12.0,10.308952660644293,10.645424897265505,14.0,1,2,91000.0
4.0,11.26446410567173,10.085809109330082,5.0,1,1,
15.0,10.308952660644293,12.195608082482291,15.0,2,2,332808.0
12.0,10.126631103850338,11.002099841204238,14.0,1,2,106200.0
12.0,9.457200449907708,10.915088464214607,12.0,1,2,66000.0
12.0,9.615805480084347,10.645424897265505,14.0,2,2,96112.0
19.0,10.757902880692196,11.225243392518447,14.0,1,2,130500.0
13.0,10.067857268271947,9.455245415071905,13.0,1,2,31010.0
16.0,10.165851817003619,10.46310334047155,13.0,1,1,65500.0
16.0,11.191341840842766,11.37366339763672,18.0,1,2,332808.0
15.0,10.126631103850338,10.799575577092764,19.0,1,2,107000.0
12.0,10.858998997563564,9.740968623038354,12.0,1,1,107000.0
12.0,9.95227771670556,9.798127036878302,12.0,1,1,30000.0
14.0,10.645424897265505,10.257659366256743,13.0,1,1,60616.0
12.0,10.51867319162636,9.392661928770137,12.0,2,1,45150.0
15.0,9.903487552536127,9.998797732340453,12.0,2,2,7200.0
17.0,10.596634733096073,10.404262840448617,9.0,2,1,99000.0
16.0,10.645424897265505,11.407564949312402,16.0,1,2,135000.0
6.0,9.20029003612268,10.714417768752456,12.0,1,2,0.0
12.0,10.106428396532818,10.268130666124037,5.0,1,2,
12.0,10.596634733096073,11.156250521031495,13.0,1,2,103000.0
12.0,10.404262840448617,9.305650551780507,9.0,1,1,17000.0
14.0,10.819778284410283,9.903487552536127,14.0,1,1,70500.0
12.0,11.289781913656018,10.736396675471232,10.0,1,2,74000.0
12.0,9.798127036878302,9.305650551780507,12.0,1,1,43000.0
12.0,10.680516217076775,9.6614159913364,11.0,1,1,60000.0
13.0,9.6614159913364,10.680516217076775,11.0,1,2,
14.0,9.546812608597396,9.903487552536127,9.0,1,2,44000.0
9.0,8.699514748210191,7.600902459542082,11.0,1,2,
10.0,9.740968623038354,8.881836305004146,6.0,1,1,29000.0
10.0,9.472704636443673,9.104979856318357,6.0,1,2,16244.0
16.0,10.275051108968611,10.341742483467284,3.0,1,1,71000.0
6.0,9.104979856318357,9.104979856318357,12.0,1,2,14000.0
12.0,10.165851817003619,10.239959789157341,11.0,1,1,29000.0
12.0,9.740968623038354,9.472704636443673,6.0,1,1,46000.0
12.0,7.600902459542082,8.006367567650246,5.0,1,2,15895.0
9.0,10.239959789157341,8.699514748210191,10.0,1,1,27560.0
12.0,9.798127036878302,9.798127036878302,12.0,1,2,41000.0
12.0,4.0943445622221,9.615805480084347,13.0,1,2,34000.0
12.0,9.047821442478408,10.915088464214607,12.0,1,2,65000.0
12.0,9.975808214115753,7.7406644019172415,15.0,1,1,38020.0
12.0,8.987196820661973,9.104979856318357,6.0,1,1,25000.0
12.0,9.903487552536127,10.968198289528557,9.0,1,2,105000.0
14.0,10.985292722887856,9.903487552536127,16.0,1,1,114000.0
13.0,9.392661928770137,9.740968623038354,9.0,1,2,16000.0
12.0,10.46310334047155,11.407564949312402,17.0,1,1,97000.0
14.0,10.308952660644293,9.104979856318357,13.0,1,1,47000.0
12.0,10.043249494911286,9.95227771670556,12.0,2,1,42000.0
10.0,9.392661928770137,10.06475570013225,13.0,2,2,46000.0
14.0,10.714417768752456,10.043249494911286,12.0,1,1,90000.0
15.0,10.126631103850338,10.126631103850338,15.0,1,1,62000.0
12.0,9.546812608597396,10.239959789157341,8.0,1,2,28000.0
13.0,8.987196820661973,6.684611727667927,10.0,1,1,21280.0
18.0,9.95227771670556,10.085809109330082,16.0,1,2,69042.0
8.0,8.131530710604252,9.615805480084347,8.0,1,2,41000.0
17.0,10.373491181781864,10.4341158035983,18.0,1,1,70100.0
12.0,8.517193191416238,10.596634733096073,13.0,1,2,44000.0
18.0,7.783224016336037,10.915088464214607,16.0,2,2,102900.0
16.0,10.896739325546411,10.203592144986466,12.0,2,2,90500.0
17.0,7.003065458786462,10.013999775333557,13.0,2,2,
14.0,9.472704636443673,10.308952660644293,12.0,2,2,55000.0
12.0,9.903487552536127,10.714417768752456,12.0,2,1,62000.0
14.0,9.903487552536127,10.308952660644293,13.0,2,2,25000.0
12.0,10.809727948556782,10.691944912900398,16.0,1,1,101020.0
16.0,10.645424897265505,10.308952660644293,4.0,1,1,75914.0
12.0,10.46310334047155,9.903487552536127,8.0,2,2,
16.0,9.903487552536127,9.95227771670556,12.0,2,2,61040.0
17.0,10.985292722887856,10.799575577092764,13.0,2,2,96010.0
12.0,9.615805480084347,7.090076835776092,12.0,2,1,48194.0
12.0,10.51867319162636,9.903487552536127,12.0,2,1,35075.0
14.0,10.308952660644293,10.46310334047155,12.0,2,2,65100.0
14.0,10.239959789157341,9.472704636443673,10.0,2,2,53000.0
12.0,9.472704636443673,10.043249494911286,10.0,2,2,36000.0
12.0,8.987196820661973,9.798127036878302,12.0,2,1,38000.0
12.0,10.126631103850338,9.998797732340453,12.0,2,1,32000.0
12.0,8.006367567650246,10.714417768752456,2.0,2,2,300.0
12.0,9.798127036878302,10.596634733096073,8.0,2,2,20000.0
12.0,10.165851817003619,8.294049640102028,6.0,2,1,49000.0
12.0,9.838949031398556,9.648595302907339,12.0,2,1,
13.0,10.657259354912508,10.203592144986466,12.0,2,1,60000.0
12.0,10.373491181781864,10.491274217438248,12.0,2,1,71000.0
12.0,10.085809109330082,11.082142548877775,12.0,2,2,99000.0
16.0,10.404262840448617,10.275051108968611,16.0,2,1,73000.0
16.0,5.991464547107982,10.596634733096073,12.0,2,2,11000.0
16.0,3.9318256327243257,2.8903717578961645,8.0,2,1,
17.0,10.439980923050696,10.373491181781864,18.0,2,1,80000.0
12.0,9.798127036878302,9.305650551780507,15.0,2,1,35000.0
12.0,9.472704636443673,8.556413904569519,12.0,2,1,36000.0
16.0,12.002474335450016,10.341742483467284,13.0,2,1,332808.0
12.0,9.615805480084347,9.903487552536127,7.0,2,2,54000.0
12.0,10.203592144986466,10.46310334047155,9.0,2,2,58000.0
12.0,9.210340371976184,9.998797732340453,12.0,2,1,34000.0
12.0,9.852194258148577,8.160518247477505,11.0,2,1,17760.0
12.0,8.85366542803745,8.987196820661973,12.0,2,1,23500.0
12.0,9.95227771670556,8.987196820661973,12.0,2,1,34000.0
17.0,9.210340371976184,8.006367567650246,14.0,2,1,
16.0,10.043249494911286,10.668955394675699,14.0,2,2,32400.0
12.0,10.308952660644293,10.46310334047155,12.0,2,2,45000.0
12.0,9.104979856318357,9.798127036878302,15.0,2,2,
16.0,9.798127036878302,9.998797732340453,12.0,2,2,
12.0,9.392661928770137,9.798127036878302,12.0,2,1,64000.0
16.0,9.392661928770137,10.239959789157341,9.0,2,2,118193.0
14.0,9.798127036878302,5.857933154483459,14.0,1,1,36200.0
12.0,10.373491181781864,10.357742824813725,9.0,1,2,38490.0
9.0,9.798127036878302,10.043249494911286,12.0,1,2,48500.0
12.0,9.441452092939569,10.203592144986466,10.0,1,2,42000.0
12.0,6.396929655216146,9.071078304642676,12.0,1,1,17256.0
12.0,10.404262840448617,10.239959789157341,12.0,1,1,59000.0
18.0,10.126631103850338,9.998797732340453,16.0,1,1,36808.0
9.0,10.427624190361792,9.649691476083484,12.0,2,1,59656.0
12.0,8.85366542803745,9.998797732340453,15.0,1,2,38000.0
14.0,10.043249494911286,10.4341158035983,3.0,1,2,34600.0
9.0,10.554509806795402,8.006367567650246,6.0,1,1,52905.0
14.0,8.987196820661973,9.392661928770137,10.0,1,2,26300.0
13.0,9.746833742490752,9.230142999272362,12.0,1,1,24000.0
14.0,9.498072443178005,9.927008747577474,15.0,1,1,38000.0
17.0,10.275051108968611,11.06663836234181,6.0,1,2,93500.0
16.0,10.812894646443958,10.255270550394432,14.0,1,1,66000.0
14.0,10.51867319162636,7.824046010856292,9.0,1,1,40000.0
14.0,9.392661928770137,10.4341158035983,14.0,1,2,12050.0
15.0,9.581903928408666,10.308952660644293,14.0,1,2,21433.0
12.0,9.854192260811251,9.70558524377515,12.0,1,1,47774.0
12.0,9.998797732340453,7.7406644019172415,14.0,1,1,24147.0
15.0,7.824046010856292,10.46310334047155,12.0,1,2,
16.0,9.546812608597396,9.210340371976184,13.0,1,1,29000.0
12.0,10.106428396532818,10.126631103850338,15.0,1,2,46000.0
16.0,9.615805480084347,9.392661928770137,14.0,1,2,48760.0
20.0,10.275051108968611,10.691944912900398,12.0,1,2,97700.0
12.0,9.51044496442652,9.249561085129464,7.0,1,1,16000.0
20.0,10.571316925111784,10.126631103850338,16.0,1,2,66100.0
12.0,8.517193191416238,9.798127036878302,4.0,1,1,26000.0
12.0,9.798127036878302,10.165851817003619,16.0,1,1,58800.0
13.0,10.545341438708522,9.433483923290392,12.0,1,1,58000.0
12.0,10.239959789157341,10.239959789157341,14.0,1,2,57100.0
12.0,9.903487552536127,10.341742483467284,9.0,1,2,64490.0
13.0,10.819778284410283,9.392661928770137,11.0,1,1,78000.0
15.0,10.275051108968611,10.596634733096073,12.0,1,2,
15.0,9.903487552536127,10.043249494911286,12.0,1,2,23000.0
15.0,9.305650551780507,10.545341438708522,12.0,1,2,62300.0
13.0,11.407564949312402,10.308952660644293,15.0,1,1,107000.0
12.0,9.740968623038354,9.798127036878302,13.0,1,2,21000.0
13.0,10.645424897265505,10.373491181781864,7.0,2,2,45000.0
12.0,10.126631103850338,10.239959789157341,14.0,1,1,27000.0
12.0,10.404262840448617,9.998797732340453,12.0,1,1,83000.0
12.0,10.373491181781864,9.680344001221918,5.0,1,2,50000.0
12.0,10.596634733096073,10.308952660644293,12.0,2,1,50000.0
12.0,10.239959789157341,10.46310334047155,12.0,2,1,
12.0,10.915088464214607,10.933106969717286,16.0,2,1,
15.0,10.085809109330082,10.085809109330082,16.0,2,1,
12.0,9.772809228894012,11.002099841204238,9.0,2,2,68000.0
12.0,9.210340371976184,9.798127036878302,12.0,2,1,110000.0
12.0,10.757902880692196,10.596634733096073,15.0,2,1,39000.0
12.0,10.341742483467284,10.596634733096073,12.0,2,1,77500.0
12.0,10.819778284410283,10.126631103850338,12.0,2,1,120000.0
12.0,9.998797732340453,9.998797732340453,12.0,2,2,40848.0
12.0,9.392661928770137,10.46310334047155,12.0,2,2,
12.0,9.903487552536127,10.308952660644293,13.0,2,2,46000.0
12.0,9.998797732340453,9.392661928770137,12.0,2,1,19000.0
8.0,9.210340371976184,9.546812608597396,12.0,2,2,32000.0
12.0,9.472704636443673,9.546812608597396,16.0,2,2,37458.0
12.0,9.341368634382587,8.987196820661973,12.0,2,1,
13.0,10.491274217438248,11.082142548877775,14.0,2,1,81000.0
12.0,9.392661928770137,9.769956159911606,10.0,2,2,
14.0,10.4341158035983,10.085809109330082,12.0,2,1,
12.0,8.987196820661973,9.392661928770137,9.0,2,2,18000.0
14.0,9.615805480084347,9.615805480084347,5.0,2,2,68600.0
9.0,8.85366542803745,9.104979856318357,10.0,2,2,12092.0
13.0,10.596634733096073,9.903487552536127,14.0,2,1,38000.0
12.0,9.210340371976184,9.798127036878302,7.0,2,2,18700.0
16.0,10.043249494911286,9.51044496442652,11.0,2,2,
15.0,10.491274217438248,10.373491181781864,12.0,2,2,117000.0
16.0,8.294049640102028,10.239959789157341,13.0,1,2,52000.0
12.0,9.560997243589352,9.392661928770137,12.0,2,1,20000.0
12.0,10.571316925111784,9.546812608597396,12.0,2,1,52800.0
12.0,10.165851817003619,10.596634733096073,11.0,1,2,60025.0
12.0,9.392661928770137,10.085809109330082,13.0,2,2,59000.0
14.0,10.373491181781864,9.655026193237628,6.0,2,1,
12.0,9.95227771670556,10.645424897265505,2.0,1,2,83620.0
12.0,9.903487552536127,9.95227771670556,12.0,2,1,23000.0
15.0,9.852194258148577,10.275051108968611,4.0,1,2,76640.0
12.0,9.51044496442652,10.085809109330082,9.0,1,2,44400.0
14.0,10.126631103850338,10.043249494911286,11.0,1,2,26000.0
14.0,11.156250521031495,10.714417768752456,13.0,1,2,136200.0
14.0,11.127262984158243,10.373491181781864,10.0,1,1,104000.0
14.0,10.239959789157341,9.210340371976184,12.0,2,1,60000.0
14.0,10.308952660644293,8.85366542803745,0.0,2,1,52000.0
16.0,9.798127036878302,9.903487552536127,14.0,2,1,60000.0
12.0,10.596634733096073,10.596634733096073,16.0,2,1,
13.0,10.4341158035983,10.596634733096073,11.0,2,2,41057.0
12.0,10.308952660644293,10.596634733096073,15.0,2,1,
14.0,9.903487552536127,11.002099841204238,14.0,2,2,73000.0
17.0,10.242171626953942,10.165851817003619,12.0,2,2,32000.0
20.0,10.858998997563564,9.210340371976184,16.0,1,1,50000.0
13.0,9.903487552536127,10.596634733096073,12.0,1,2,56500.0
13.0,11.156250521031495,10.915088464214607,16.0,1,1,176000.0
16.0,11.512925464970229,10.126631103850338,16.0,2,1,
20.0,10.545341438708522,10.714417768752456,16.0,1,1,112100.0
13.0,10.126631103850338,10.819778284410283,14.0,1,2,63200.0
14.0,10.668955394675699,10.714417768752456,16.0,1,2,85000.0
12.0,10.757902880692196,9.998797732340453,12.0,1,1,81000.0
12.0,9.392661928770137,8.987196820661973,9.0,2,1,23000.0
14.0,9.680344001221918,10.373491181781864,12.0,2,2,26000.0
16.0,11.156250521031495,11.156250521031495,7.0,1,2,21500.0
13.0,9.546812608597396,10.545341438708522,15.0,2,2,
16.0,10.778956289890028,10.126631103850338,12.0,2,1,86500.0
18.0,10.596634733096073,9.680344001221918,16.0,1,1,74600.0
16.0,10.691944912900398,10.87804719253426,17.0,2,2,106000.0
16.0,9.615805480084347,10.373491181781864,16.0,2,2,71000.0
16.0,10.545341438708522,9.210340371976184,16.0,1,1,85000.0
15.0,10.404262840448617,10.558413520275876,10.0,2,2,
12.0,9.740968623038354,9.798127036878302,12.0,1,2,35100.0
12.0,9.798127036878302,9.998797732340453,14.0,1,1,56000.0
12.0,10.043249494911286,8.699514748210191,13.0,2,1,
12.0,9.903987427577778,9.903487552536127,4.0,2,2,44000.0
14.0,10.596634733096073,9.998797732340453,11.0,1,2,
12.0,9.546812608597396,9.546812608597396,12.0,1,2,54000.0
12.0,10.668955394675699,10.596634733096073,14.0,1,1,
13.0,10.126631103850338,9.798127036878302,12.0,2,1,
12.0,10.714417768752456,10.668955394675699,18.0,2,1,102000.0
12.0,10.308952660644293,10.275051108968611,12.0,1,2,83000.0
14.0,10.085809109330082,10.126631103850338,16.0,1,2,62500.0
13.0,8.517193191416238,10.46310334047155,10.0,1,2,47000.0
12.0,10.085809109330082,10.404262840448617,14.0,1,2,70100.0
12.0,9.480672806092851,9.969322108457675,7.0,2,2,
12.0,10.714417768752456,9.210340371976184,12.0,1,1,59000.0
12.0,10.308952660644293,8.85366542803745,14.0,2,1,71000.0
14.0,10.165851817003619,9.903487552536127,14.0,2,2,64500.0
12.0,10.308952660644293,10.308952660644293,12.0,1,1,44250.0
12.0,10.778956289890028,8.987196820661973,12.0,1,1,59000.0
13.0,10.933106969717286,10.165851817003619,7.0,1,2,60525.0
16.0,10.4341158035983,9.798127036878302,13.0,2,1,73000.0
16.0,10.203592144986466,10.126631103850338,12.0,2,1,83500.0
20.0,11.33857207782545,10.239959789157341,14.0,2,1,144000.0
15.0,8.160518247477505,10.043249494911286,14.0,2,2,29000.0
16.0,11.082142548877775,10.126631103850338,12.0,2,1,
12.0,9.546812608597396,10.341742483467284,14.0,2,1,28500.0
12.0,10.210972252284089,10.858998997563564,14.0,1,1,84500.0
12.0,11.082142548877775,10.596634733096073,12.0,2,1,45000.0
12.0,10.126631103850338,6.802394763324311,11.0,1,1,
12.0,10.799575577092764,8.699514748210191,11.0,1,1,51100.0
12.0,10.373491181781864,10.308952660644293,4.0,1,1,
13.0,10.085809109330082,10.491274217438248,9.0,1,2,42000.0
13.0,10.736396675471232,9.472704636443673,16.0,1,1,49480.0
13.0,10.239959789157341,10.46310334047155,16.0,1,1,68000.0
12.0,9.680344001221918,10.915088464214607,12.0,1,2,10000.0
12.0,9.104979856318357,10.596634733096073,6.0,1,2,56000.0
9.0,9.472704636443673,8.85366542803745,12.0,1,1,15000.0
11.0,9.291643823040218,9.752315764734389,11.0,1,2,34944.0
12.0,10.308952660644293,9.615805480084347,11.0,1,1,42000.0
12.0,9.998797732340453,10.491274217438248,12.0,1,2,27364.0
13.0,9.615805480084347,10.308952660644293,8.0,1,2,42000.0
14.0,9.740968623038354,10.203592144986466,12.0,1,2,42300.0
15.0,5.940171252720432,10.596634733096073,12.0,1,2,40000.0
12.0,8.987196820661973,9.903487552536127,12.0,1,1,10000.0
13.0,9.210340371976184,9.680344001221918,12.0,1,2,22000.0
12.0,10.896739325546411,10.308952660644293,12.0,1,1,52500.0
14.0,9.615805480084347,12.195608082482291,0.0,1,2,
12.0,9.305650551780507,10.239959789157341,12.0,1,2,25300.0
12.0,10.239959789157341,9.305650551780507,9.0,1,1,40000.0
12.0,10.126631103850338,7.24422751560335,11.0,1,1,45000.0
14.0,9.392661928770137,10.545341438708522,12.0,1,2,62000.0
12.0,9.798127036878302,9.798127036878302,12.0,1,1,76300.0
12.0,8.070906088787819,10.239959789157341,12.0,2,2,0.0
13.0,11.191341840842766,7.358830898342354,14.0,1,1,83700.0
12.0,10.239959789157341,10.203592144986466,6.0,2,2,70000.0
16.0,10.034515814942532,9.773720494477063,12.0,2,1,67000.0
12.0,9.305650551780507,10.46310334047155,6.0,1,2,11000.0
15.0,11.198214720130528,10.341742483467284,12.0,1,1,91400.0
13.0,10.46310334047155,10.714417768752456,12.0,1,2,55000.0
9.0,10.239959789157341,9.546812608597396,12.0,1,1,36300.0
16.0,10.714417768752456,10.308952660644293,16.0,1,1,94000.0
13.0,8.006367567650246,11.542484267211773,15.0,1,2,
13.0,9.95227771670556,10.373491181781864,7.0,1,2,
12.0,10.4341158035983,10.203592144986466,12.0,2,1,64000.0
13.0,10.126631103850338,10.308952660644293,7.0,1,2,65000.0
17.0,10.596634733096073,10.239959789157341,13.0,1,2,84000.0
16.0,10.819778284410283,10.736396675471232,16.0,1,2,74000.0
12.0,10.46310334047155,10.621327345686446,12.0,1,1,68000.0
20.0,10.621327345686446,10.165851817003619,14.0,1,1,84100.0
14.0,10.239959789157341,10.491274217438248,10.0,1,2,88000.0
12.0,10.968198289528557,9.472704636443673,12.0,1,1,123008.0
12.0,9.655026193237628,9.998797732340453,8.0,1,2,0.0
13.0,10.819778284410283,10.46310334047155,12.0,1,1,92000.0
12.0,10.545341438708522,9.933046354777673,11.0,1,1,31600.0
12.0,8.85366542803745,9.903487552536127,12.0,1,2,63000.0
14.0,10.165851817003619,10.165851817003619,12.0,1,2,64320.0
13.0,10.308952660644293,10.203592144986466,12.0,1,2,68100.0
12.0,10.275051108968611,9.472704636443673,12.0,1,1,32000.0
12.0,9.615805480084347,9.680344001221918,12.0,1,2,41800.0
12.0,9.798127036878302,10.308952660644293,4.0,1,2,60000.0
12.0,10.858998997563564,10.308952660644293,12.0,1,1,83000.0
16.0,11.002099841204238,10.043249494911286,15.0,1,1,90000.0
14.0,10.126631103850338,10.308952660644293,14.0,1,2,30000.0
14.0,10.491274217438248,9.546812608597396,16.0,1,1,
12.0,10.491274217438248,9.95227771670556,12.0,1,2,0.0
3.0,10.46310334047155,9.210340371976184,9.0,1,1,
12.0,10.373491181781864,9.305650551780507,12.0,1,2,34960.0
10.0,9.615805480084347,9.615805480084347,11.0,1,1,
12.0,9.472704636443673,10.308952660644293,9.0,1,2,49500.0
3.0,8.517193191416238,9.392661928770137,4.0,1,2,1748.0
12.0,9.615805480084347,9.615805480084347,12.0,1,2,30000.0
12.0,10.404262840448617,9.210340371976184,7.0,1,1,38000.0
10.0,9.998797732340453,10.126631103850338,12.0,1,2,52000.0
12.0,10.778956289890028,10.308952660644293,13.0,1,1,88000.0
8.0,5.717027701406222,9.615805480084347,6.0,1,2,10000.0
8.0,7.600902459542082,7.600902459542082,12.0,1,2,18869.0
6.0,8.699514748210191,9.740968623038354,12.0,1,1,1800.0
12.0,8.699514748210191,8.517193191416238,0.0,1,1,10000.0
14.0,10.357742824813725,8.922658299524402,12.0,1,1,34900.0
15.0,10.46310334047155,10.085809109330082,12.0,2,1,77000.0
12.0,9.392661928770137,9.210340371976184,5.0,2,2,
18.0,10.915088464214607,9.798127036878302,15.0,1,1,85000.0
11.0,10.126631103850338,9.903487552536127,11.0,2,2,56360.0
12.0,9.72913416539135,9.615805480084347,12.0,2,1,35000.0
14.0,7.90100705199242,9.740968623038354,14.0,2,2,35000.0
16.0,9.392661928770137,9.998797732340453,13.0,2,2,53500.0
15.0,10.596634733096073,10.596634733096073,18.0,2,1,84000.0
18.0,10.714417768752456,9.615805480084347,16.0,2,1,67100.0
12.0,9.680344001221918,9.798127036878302,3.0,2,2,22500.0
12.0,10.373491181781864,9.903487552536127,10.0,2,2,40000.0
12.0,10.043249494911286,8.85366542803745,12.0,2,1,13000.0
12.0,9.852194258148577,10.819778284410283,19.0,2,2,72015.0
12.0,10.4341158035983,9.852194258148577,12.0,2,1,65000.0
12.0,10.505067539570582,10.915088464214607,12.0,1,2,85000.0
12.0,9.740968623038354,9.392661928770137,14.0,2,1,24000.0
12.0,8.160518247477505,9.740968623038354,8.0,2,2,25000.0
12.0,9.740968623038354,10.596634733096073,5.0,1,2,70000.0
13.0,10.819778284410283,11.407564949312402,9.0,1,2,148200.0
20.0,10.668955394675699,10.165851817003619,16.0,2,2,99300.0
11.0,10.126631103850338,9.680344001221918,12.0,2,1,49000.0
12.0,9.305650551780507,9.305650551780507,12.0,2,1,65000.0
13.0,9.680344001221918,10.491274217438248,12.0,2,2,64248.0
10.0,9.210340371976184,10.126631103850338,12.0,2,1,30000.0
16.0,8.318742252692399,10.799575577092764,18.0,1,2,
14.0,9.798127036878302,10.308952660644293,12.0,2,2,13000.0
8.0,9.615805480084347,10.203592144986466,14.0,1,1,
12.0,10.001657276308372,10.391146898270279,12.0,1,2,58738.0
20.0,10.308952660644293,9.95227771670556,16.0,1,2,62400.0
15.0,9.680344001221918,10.789319076925574,16.0,1,2,91000.0
12.0,9.852194258148577,9.392661928770137,0.0,1,1,8200.0
7.0,9.433483923290392,9.798127036878302,7.0,1,2,
12.0,10.085809109330082,9.903487552536127,5.0,1,1,30350.0
16.0,9.210340371976184,11.156250521031495,15.0,2,2,108800.0
12.0,9.615805480084347,10.308952660644293,12.0,2,2,20000.0
12.0,9.798127036878302,9.740968623038354,12.0,2,1,40000.0
14.0,10.325481962595504,10.275051108968611,13.0,1,2,66000.0
14.0,10.668955394675699,10.308952660644293,14.0,2,1,90800.0
20.0,10.645424897265505,11.002099841204238,14.0,2,2,113000.0
13.0,10.404262840448617,10.714417768752456,12.0,1,2,67000.0
14.0,9.903487552536127,10.858998997563564,13.0,1,1,76000.0
16.0,9.998797732340453,9.903487552536127,12.0,1,1,57000.0
15.0,10.799575577092764,10.043249494911286,14.0,1,1,
11.0,9.615805480084347,9.305650551780507,12.0,2,1,
19.0,10.596634733096073,10.4341158035983,14.0,2,1,87000.0
12.0,9.903487552536127,9.903487552536127,10.0,1,2,46000.0
12.0,10.819778284410283,9.798127036878302,13.0,1,1,74120.0
13.0,10.239959789157341,9.472704636443673,1.0,2,1,30030.0
11.0,9.903487552536127,10.126631103850338,6.0,1,2,49600.0
13.0,9.680344001221918,8.699514748210191,14.0,1,2,60268.0
14.0,10.465186882674928,8.546557800046141,4.0,1,2,33000.0
17.0,10.46310334047155,9.615805480084347,12.0,1,2,58050.0
15.0,10.819778284410283,9.903487552536127,12.0,2,1,90000.0
13.0,9.472704636443673,8.006367567650246,15.0,2,1,19000.0
12.0,9.903487552536127,10.4341158035983,6.0,1,1,32000.0
15.0,10.668955394675699,10.308952660644293,14.0,1,1,101000.0
13.0,9.998797732340453,10.043249494911286,13.0,1,2,
11.0,10.203592144986466,8.987196820661973,7.0,1,2,6400.0
4.0,9.159047077588632,8.85366542803745,6.0,1,1,26750.0
4.0,9.546812608597396,8.006367567650246,6.0,1,1,13500.0
11.0,9.712992685053011,10.112085832408303,1.0,1,1,21780.0
13.0,10.239959789157341,10.203592144986466,12.0,1,2,65050.0
12.0,8.517193191416238,9.210340371976184,8.0,1,2,4000.0
14.0,10.085809109330082,9.392661928770137,13.0,1,1,
15.0,10.915088464214607,10.915088464214607,13.0,1,2,65000.0
15.0,9.615805480084347,10.915088464214607,18.0,1,2,62000.0
14.0,10.691944912900398,10.126631103850338,14.0,1,1,76600.0
14.0,10.126631103850338,10.668955394675699,14.0,1,2,72650.0
17.0,10.819778284410283,10.373491181781864,18.0,1,1,80500.0
12.0,9.392661928770137,10.043249494911286,12.0,1,2,
9.0,10.308952660644293,10.203592144986466,12.0,2,1,53600.0
13.0,9.798127036878302,10.043249494911286,9.0,2,2,48000.0
13.0,10.896739325546411,10.757902880692196,16.0,2,1,102000.0
13.0,10.043249494911286,10.203592144986466,12.0,2,2,58000.0
13.0,8.699514748210191,9.798127036878302,12.0,1,1,0.0
12.0,10.46310334047155,9.95227771670556,12.0,2,1,60000.0
12.0,7.495541943884256,8.517193191416238,12.0,2,1,34000.0
14.0,10.819778284410283,9.615805480084347,10.0,1,1,51176.0
13.0,10.645424897265505,10.043249494911286,5.0,2,1,
12.0,8.699514748210191,10.043249494911286,16.0,3,1,44000.0
14.0,10.911445472936107,10.22918769217543,12.0,3,1,123000.0
12.0,9.615805480084347,9.615805480084347,12.0,2,1,36000.0
12.0,10.239959789157341,10.858998997563564,12.0,3,2,85800.0
12.0,10.404262840448617,10.275051108968611,14.0,2,1,80892.0
18.0,10.043249494911286,9.903487552536127,12.0,3,1,46350.0
12.0,10.308952660644293,10.596634733096073,12.0,3,1,
13.0,10.308952660644293,10.126631103850338,0.0,3,1,16000.0
14.0,10.778956289890028,8.85366542803745,12.0,3,1,59000.0
12.0,5.991464547107982,8.85366542803745,9.0,1,1,23600.0
14.0,10.491274217438248,10.085809109330082,12.0,2,1,72300.0
19.0,11.074420502783864,10.558413520275876,15.0,2,1,115502.0
12.0,9.903487552536127,8.85366542803745,12.0,2,1,45000.0
12.0,9.798127036878302,9.392661928770137,12.0,3,1,70000.0
12.0,11.082142548877775,9.998797732340453,12.0,3,1,122500.0
12.0,10.404262840448617,9.740968623038354,10.0,3,1,63000.0
12.0,9.433483923290392,10.1226230824528,14.0,2,1,73000.0
12.0,9.305650551780507,10.596634733096073,18.0,2,1,16000.0
12.0,11.156250521031495,9.95227771670556,1.0,2,1,
12.0,10.596634733096073,9.95227771670556,12.0,2,1,60000.0
9.0,10.404262840448617,10.819778284410283,12.0,1,1,
12.0,10.858998997563564,10.714417768752456,12.0,1,1,26033.0
13.0,10.46310334047155,9.392661928770137,12.0,1,1,60000.0
13.0,11.018629143155449,8.699514748210191,12.0,1,1,
12.0,10.239959789157341,10.373491181781864,16.0,2,1,
13.0,10.819778284410283,9.392661928770137,12.0,1,1,65000.0
12.0,10.292145542327912,9.615805480084347,12.0,3,1,60020.0
12.0,11.289781913656018,9.615805480084347,14.0,3,1,92150.0
12.0,9.798127036878302,10.545341438708522,12.0,3,1,60000.0
16.0,10.373491181781864,10.275051108968611,16.0,3,1,82000.0
12.0,9.648595302907339,10.308952660644293,10.0,1,2,48260.0
15.0,10.136581434703507,10.778956289890028,13.0,3,2,106800.0
14.0,11.25909072050183,10.676415868100923,14.0,3,1,2100.0
12.0,10.239959789157341,7.431299675155903,10.0,3,2,60440.0
17.0,10.839580911706463,9.998797732340453,14.0,3,1,86200.0
12.0,10.915088464214607,11.082142548877775,14.0,3,1,122000.0
16.0,8.411832675758411,10.668955394675699,19.0,3,2,108400.0
16.0,9.392661928770137,10.308952660644293,16.0,1,1,96000.0
12.0,10.308952660644293,9.903487552536127,14.0,3,1,75000.0
15.0,10.404262840448617,8.85366542803745,13.0,3,1,8521.0
12.0,10.645424897265505,9.082507000466299,15.0,3,1,73550.0
14.0,10.126631103850338,8.987196820661973,12.0,1,1,38000.0
12.0,10.819778284410283,9.104979856318357,15.0,3,1,78000.0
12.0,9.392661928770137,10.819778284410283,16.0,3,1,95000.0
12.0,9.903487552536127,9.998797732340453,14.0,2,1,55000.0
12.0,10.714417768752456,10.491274217438248,18.0,3,1,95000.0
12.0,10.87804719253426,9.472704636443673,19.0,3,1,147000.0
12.0,10.571316925111784,9.615805480084347,12.0,3,1,
14.0,11.002099841204238,10.4341158035983,12.0,3,1,81800.0
14.0,10.778956289890028,7.783224016336037,14.0,1,1,119000.0
12.0,11.082142548877775,10.46310334047155,16.0,3,1,92000.0
12.0,9.546812608597396,11.082142548877775,12.0,2,2,39600.0
11.0,10.596634733096073,10.596634733096073,17.0,3,1,61280.0
12.0,10.819778284410283,8.006367567650246,12.0,3,1,73000.0
12.0,10.126631103850338,8.987196820661973,10.0,2,1,40000.0
12.0,10.126631103850338,10.373491181781864,12.0,3,2,67000.0
14.0,11.002099841204238,10.736396675471232,14.0,2,2,132100.0
17.0,8.517193191416238,11.461632170582678,19.0,3,2,
16.0,11.512925464970229,10.757902880692196,18.0,3,1,
16.0,10.507803519389457,10.645424897265505,19.0,3,2,144689.0
13.0,8.006367567650246,9.392661928770137,12.0,3,2,2340.0
12.0,10.571316925111784,10.799575577092764,14.0,1,2,55180.0
10.0,9.210340371976184,10.819778284410283,12.0,3,2,63800.0
16.0,11.184421397998193,8.699514748210191,13.0,3,1,104000.0
12.0,8.699514748210191,10.668955394675699,12.0,3,2,23100.0
12.0,10.596634733096073,9.210340371976184,14.0,3,1,
12.0,11.156250521031495,10.308952660644293,2.0,3,2,100200.0
13.0,10.747207591575448,9.998797732340453,13.0,3,1,89700.0
12.0,10.341742483467284,10.373491181781864,3.0,3,2,79000.0
12.0,8.987196820661973,9.852194258148577,8.0,3,2,33000.0
13.0,7.696212639346407,9.798127036878302,12.0,3,2,40500.0
15.0,8.922658299524402,11.03488966402723,16.0,3,2,38700.0
10.0,8.006367567650246,9.903487552536127,8.0,3,2,7500.0
12.0,10.714417768752456,10.308952660644293,12.0,3,1,57000.0
16.0,10.46310334047155,10.46310334047155,13.0,3,2,86000.0
13.0,10.126631103850338,10.4341158035983,15.0,2,1,80000.0
14.0,10.373491181781864,11.05089000537367,19.0,1,2,105000.0
16.0,10.858998997563564,10.896739325546411,4.0,2,2,115030.0
16.0,10.203592144986466,10.714417768752456,15.0,2,2,
13.0,10.545341438708522,8.961879012677683,13.0,3,1,108000.0
12.0,10.373491181781864,11.225243392518447,0.0,3,2,
12.0,10.985292722887856,10.985292722887856,16.0,1,1,70000.0
9.0,9.769956159911606,9.546812608597396,12.0,1,2,23000.0
12.0,9.903487552536127,10.126631103850338,12.0,1,1,40000.0
16.0,10.308952660644293,10.596634733096073,12.0,3,2,
16.0,10.933106969717286,10.858998997563564,16.0,3,2,133000.0
14.0,10.043249494911286,10.757902880692196,12.0,3,2,75400.0
16.0,9.011889433252344,11.55214617812351,12.0,3,2,151000.0
14.0,9.472704636443673,8.699514748210191,12.0,3,1,34901.0
14.0,10.46310334047155,11.002099841204238,12.0,3,2,124200.0
12.0,10.46310334047155,9.104979856318357,14.0,3,1,37816.0
12.0,9.615805480084347,9.615805480084347,13.0,3,1,69000.0
16.0,10.308952660644293,11.002099841204238,18.0,3,2,
12.0,8.006367567650246,8.824677891164198,5.0,1,1,
14.0,7.583247524303362,10.280518891981744,12.0,3,2,
12.0,8.714895850248494,9.341631757657359,12.0,3,1,
17.0,10.491274217438248,9.392661928770137,12.0,3,1,32010.0
14.0,10.858998997563564,10.778956289890028,18.0,2,1,56700.0
19.0,11.251560700835821,11.407564949312402,20.0,3,1,90250.0
13.0,8.648221453822641,9.852194258148577,8.0,3,2,37600.0
10.0,9.392661928770137,8.411832675758411,0.0,1,1,50934.0
15.0,10.308952660644293,10.126631103850338,12.0,3,2,63000.0
12.0,10.749355820113736,8.294049640102028,12.0,3,1,
13.0,7.003065458786462,10.308952660644293,15.0,3,2,63000.0
13.0,9.95227771670556,10.545341438708522,16.0,3,1,31200.0
12.0,10.502324053624832,9.998797732340453,12.0,3,1,66290.0
18.0,6.214608098422191,9.903487552536127,14.0,2,2,72000.0
12.0,10.668955394675699,6.214608098422191,16.0,3,1,64000.0
17.0,8.85366542803745,11.112447898373103,18.0,3,2,101030.0
16.0,11.407564949312402,12.195608082482291,20.0,3,1,
16.0,11.002099841204238,12.195608082482291,16.0,1,2,332808.0
13.0,10.858998997563564,10.085809109330082,12.0,3,1,77105.0
12.0,10.87804719253426,8.85366542803745,12.0,3,1,68000.0
12.0,9.392661928770137,10.757902880692196,17.0,3,2,61000.0
19.0,10.799575577092764,11.018629143155449,16.0,3,2,134000.0
12.0,7.313220387090301,10.4341158035983,12.0,3,2,
12.0,11.082142548877775,10.819778284410283,8.0,2,1,121500.0
12.0,10.596634733096073,10.819778284410283,4.0,2,2,
20.0,10.043249494911286,9.711115659888671,15.0,2,1,
12.0,9.305650551780507,6.684611727667927,6.0,3,1,29237.0
12.0,10.404262840448617,9.546812608597396,12.0,3,1,36560.0
12.0,10.203592144986466,10.308952660644293,15.0,1,1,108000.0
12.0,9.903487552536127,10.373491181781864,11.0,3,2,58200.0
12.0,9.525151111816216,9.305650551780507,7.0,3,2,18000.0
12.0,10.694215061434937,10.532096211958502,14.0,3,2,60000.0
13.0,8.612503371220562,11.002099841204238,16.0,3,2,
15.0,7.085064293952548,9.78239278915807,14.0,3,2,68.0
20.0,11.225243392518447,10.341742483467284,18.0,1,1,103500.0
18.0,10.596634733096073,10.126631103850338,8.0,3,2,
18.0,11.184421397998193,10.858998997563564,18.0,3,1,
12.0,10.239959789157341,10.085809109330082,12.0,3,1,64000.0
18.0,10.46310334047155,9.210340371976184,17.0,3,1,58222.0
12.0,10.21464198117305,10.645424897265505,12.0,3,2,79750.0
16.0,10.858998997563564,10.46310334047155,12.0,3,1,60000.0
11.0,9.903487552536127,10.46310334047155,11.0,3,2,55000.0
12.0,10.563594879017874,10.491274217438248,16.0,3,2,80200.0
17.0,11.082142548877775,10.308952660644293,14.0,3,1,96500.0
12.0,9.392661928770137,10.707728780601661,12.0,3,2,56500.0
12.0,9.210340371976184,9.998797732340453,12.0,3,2,37000.0
16.0,11.407564949312402,11.225243392518447,16.0,3,2,332808.0
13.0,10.203592144986466,10.126631103850338,12.0,3,2,53000.0
12.0,10.571316925111784,9.392661928770137,14.0,3,1,44000.0
12.0,8.476371196895983,10.768484990022733,16.0,3,2,63580.0
12.0,6.173786103901937,9.546812608597396,10.0,3,1,678.0
20.0,10.239959789157341,10.778956289890028,16.0,3,1,97100.0
16.0,9.998797732340453,10.126631103850338,16.0,3,2,47000.0
14.0,9.415401415739627,10.138875830266775,12.0,3,2,14000.0
12.0,9.425451751593128,9.95227771670556,12.0,3,2,
15.0,10.491274217438248,10.621327345686446,12.0,2,2,35000.0
16.0,10.404262840448617,10.46310334047155,16.0,3,2,79000.0
15.0,11.289781913656018,8.006367567650246,14.0,3,1,
12.0,11.002099841204238,11.082142548877775,12.0,3,2,20000.0
13.0,9.093806555720231,9.903487552536127,12.0,3,2,42992.0
12.0,9.680344001221918,10.4341158035983,11.0,1,2,
19.0,11.27720313144916,12.195608082482291,19.0,3,2,332808.0
20.0,12.002474335450016,10.819778284410283,16.0,3,1,332808.0
10.0,10.404262840448617,10.341742483467284,16.0,3,1,30000.0
17.0,10.621327345686446,10.126631103850338,16.0,3,1,90000.0
16.0,10.46310334047155,10.596634733096073,16.0,3,1,96000.0
15.0,9.798127036878302,10.621327345686446,17.0,3,2,68200.0
12.0,9.998797732340453,10.819778284410283,12.0,3,2,67000.0
12.0,10.308952660644293,10.308952660644293,12.0,3,1,89100.0
12.0,8.517193191416238,11.082142548877775,14.0,3,2,69000.0
12.0,10.819778284410283,6.626717749249025,13.0,3,1,50584.0
12.0,10.482793916672314,9.615805480084347,12.0,3,1,53005.0
12.0,8.006367567650246,9.903487552536127,12.0,3,1,8000.0
12.0,9.680344001221918,9.680344001221918,13.0,3,1,46260.0
12.0,9.769956159911606,10.165851817003619,12.0,3,2,50200.0
13.0,8.922658299524402,10.545341438708522,15.0,3,2,29620.0
20.0,10.532096211958502,10.085809109330082,18.0,3,1,38600.0
12.0,10.308952660644293,9.615805480084347,5.0,3,1,46600.0
9.0,9.433483923290392,7.170119543449628,10.0,3,1,27000.0
16.0,10.043249494911286,10.308952660644293,12.0,3,2,66000.0
12.0,10.46310334047155,9.740968623038354,12.0,3,1,57000.0
12.0,7.937374696163295,10.596634733096073,12.0,3,2,84000.0
15.0,8.517193191416238,10.21464198117305,14.0,3,2,
12.0,10.596634733096073,10.46310334047155,11.0,3,2,85800.0
14.0,10.545341438708522,9.546812608597396,15.0,1,2,28000.0
18.0,9.546812608597396,10.341742483467284,6.0,3,2,
12.0,10.691944912900398,9.104979856318357,12.0,3,1,45000.0
20.0,10.126631103850338,9.95227771670556,14.0,3,1,81525.0
16.0,11.002099841204238,10.165851817003619,16.0,1,1,
15.0,8.517193191416238,10.404262840448617,19.0,3,2,40513.0
12.0,10.126631103850338,9.798127036878302,13.0,3,1,23131.0
12.0,8.294049640102028,10.308952660644293,5.0,3,2,10000.0
16.0,10.203592144986466,9.680344001221918,16.0,3,1,70000.0
12.0,9.798127036878302,10.596634733096073,12.0,3,2,45800.0
8.0,10.819778284410283,9.680344001221918,12.0,3,1,72000.0
12.0,9.680344001221918,10.596634733096073,8.0,3,2,66000.0
12.0,9.95227771670556,9.998797732340453,20.0,3,2,24500.0
12.0,9.903487552536127,10.46310334047155,12.0,2,2,59000.0
12.0,12.002474335450016,9.047821442478408,0.0,2,1,
10.0,9.615805480084347,9.903487552536127,6.0,3,2,34000.0
12.0,9.740968623038354,10.545341438708522,12.0,3,2,39200.0
12.0,10.085809109330082,6.396929655216146,0.0,3,1,42000.0
13.0,10.819778284410283,8.85366542803745,13.0,1,1,52000.0
11.0,10.933106969717286,10.165851817003619,12.0,1,1,76000.0
12.0,11.385092093460344,10.165851817003619,13.0,1,1,90000.0
16.0,11.225243392518447,10.596634733096073,0.0,2,2,75500.0
12.0,10.373491181781864,10.126631103850338,12.0,2,1,
13.0,10.085809109330082,10.46310334047155,14.0,2,2,
16.0,11.082142548877775,10.645424897265505,18.0,2,1,130000.0
14.0,9.615805480084347,9.903487552536127,12.0,1,1,38.0
16.0,9.903487552536127,9.798127036878302,12.0,1,1,48000.0
15.0,10.799575577092764,10.46310334047155,8.0,1,2,107000.0
14.0,10.87804719253426,9.903487552536127,14.0,1,1,69500.0
16.0,9.998797732340453,10.819778284410283,14.0,2,1,
12.0,9.546812608597396,6.907755278982137,12.0,2,2,15000.0
12.0,7.600902459542082,10.210972252284089,14.0,2,1,64000.0
10.0,10.46310334047155,10.126631103850338,10.0,1,1,85000.0
18.0,12.002474335450016,8.006367567650246,12.0,1,1,147200.0
17.0,10.341742483467284,9.472704636443673,14.0,2,2,50000.0
12.0,9.798127036878302,7.772331575169614,10.0,2,2,51720.0
16.0,9.615805480084347,9.680344001221918,9.0,2,1,
12.0,8.987196820661973,9.104979856318357,0.0,2,2,14000.0
12.0,9.546812608597396,9.392661928770137,12.0,2,2,32000.0
16.0,12.002474335450016,10.085809109330082,16.0,2,1,182600.0
18.0,10.558413520275876,10.621327345686446,14.0,1,2,95000.0
11.0,10.46310334047155,10.126631103850338,12.0,2,2,17440.0
15.0,9.392661928770137,9.615805480084347,16.0,2,1,23000.0
14.0,10.448714603019452,7.438383530044307,13.0,2,2,38000.0
12.0,11.184421397998193,10.819778284410283,14.0,1,1,40964.0
13.0,10.714417768752456,9.259130536145614,14.0,3,1,73200.0
14.0,9.903487552536127,10.596634733096073,4.0,1,2,67000.0
