A,Y,W,Z,A2,W2,X_age,X_educ,X_fsize,X_marr
6765.0,0.0,0,0,0,1,47,8,2,0
28452.0,1015.0,0,0,0,1,36,16,1,0
3300.0,-2000.0,0,0,0,0,37,12,6,0
52590.0,15000.0,0,0,0,1,58,16,2,1
21804.0,0.0,0,0,0,1,32,11,1,0
34680.0,27800.0,1,0,0,1,34,16,1,0
21600.0,2913.0,1,0,0,1,28,12,3,1
4686.0,-650.0,0,0,0,1,54,11,3,0
65820.0,37279.0,1,0,0,1,43,14,2,1
37260.0,1900.0,0,0,0,1,32,18,3,1
15306.0,783.0,0,0,0,1,52,12,3,1
58413.0,-10000.0,0,0,0,0,30,18,4,1
21630.0,-740.0,0,0,0,1,63,15,2,0
30600.0,0.0,0,0,0,0,38,18,1,1
33414.0,-4700.0,0,0,0,0,32,13,4,1
14580.0,-1000.0,0,0,0,0,29,12,3,0
57477.0,-16901.0,0,0,0,1,40,17,4,1
46008.0,2000.0,0,0,0,1,30,10,4,1
3825.0,0.0,0,0,0,0,44,12,1,0
5220.0,0.0,0,0,0,0,57,18,1,0
9120.0,-800.0,0,0,0,1,42,10,5,0
69693.0,52900.0,1,0,0,1,41,16,4,1
52110.0,-9940.0,0,0,0,0,39,16,1,0
30000.0,0.0,0,0,0,1,53,12,3,1
26826.0,2000.0,0,0,0,1,64,12,1,0
10524.0,0.0,0,0,0,0,37,14,3,0
33228.0,0.0,0,0,0,0,62,12,2,1
60528.0,-2238.0,0,0,0,1,55,12,2,1
13512.0,-2797.0,0,0,0,1,39,12,3,1
44640.0,97664.0,1,0,0,1,58,12,1,0
14280.0,-500.0,0,0,0,0,43,4,4,1
28134.0,-4700.0,0,0,0,0,37,13,3,1
14931.0,249.0,0,0,0,1,31,16,1,0
26535.0,400.0,0,0,0,0,25,14,2,1
48360.0,-3000.0,0,0,0,1,39,13,4,1
31635.0,5000.0,0,0,0,1,41,13,2,0
40041.0,24654.0,0,0,0,1,52,14,3,0
22410.0,-5000.0,0,0,0,0,43,12,1,0
27072.0,700.0,0,0,0,0,37,9,5,1
21420.0,0.0,0,0,0,1,47,13,1,0
34410.0,3550.0,0,0,0,1,57,15,3,1
23700.0,-3900.0,0,0,0,1,36,12,4,1
19950.0,-7350.0,0,0,0,0,30,14,3,1
23274.0,-2450.0,0,0,0,0,29,12,3,0
20019.0,41800.0,1,0,0,1,54,13,3,1
1200.0,-200.0,0,0,0,0,47,15,2,0
85980.0,16597.0,1,0,0,1,51,18,2,1
26472.0,4883.0,0,0,0,1,44,12,4,1
37911.0,8300.0,0,0,0,1,61,12,5,1
15822.0,-550.0,0,0,0,1,30,15,4,1
77913.0,11730.0,0,0,0,1,48,14,2,1
159696.0,90550.0,1,0,0,1,39,16,2,1
25200.0,-5500.0,0,0,0,0,36,12,4,0
23046.0,9918.0,1,0,0,1,39,14,1,0
15450.0,-120.0,0,0,0,1,26,12,3,0
25920.0,2050.0,0,0,0,0,37,18,1,0
13839.0,-3900.0,0,0,0,1,37,16,1,0
10164.0,-1002.0,0,0,0,1,32,12,5,0
27624.0,-3600.0,0,0,0,1,30,12,1,0
41217.0,-12465.0,0,0,0,1,50,7,4,1
35565.0,-6994.0,0,0,0,0,45,12,3,0
57000.0,-10275.0,0,0,0,1,30,14,2,1
54852.0,5000.0,0,0,0,1,41,12,5,1
25002.0,-19840.0,0,0,0,0,31,12,4,1
46398.0,1384.0,0,0,0,1,30,16,4,1
18000.0,0.0,1,0,0,1,46,14,2,0
33576.0,20700.0,0,0,0,1,38,10,4,1
3150.0,2250.0,0,0,0,0,25,16,1,0
64203.0,59498.0,0,0,0,0,46,12,5,1
16194.0,10.0,0,0,0,1,29,12,3,0
14400.0,1400.0,0,0,0,1,58,4,5,1
41622.0,10600.0,1,0,0,1,46,11,5,1
60384.0,-1068.0,0,0,0,1,42,12,4,1
46122.0,41302.0,0,0,0,1,63,13,2,1
41757.0,10055.0,1,0,0,1,34,12,4,1
58320.0,-100.0,0,0,0,1,40,12,3,1
38244.0,-5100.0,0,0,0,0,35,16,3,1
14292.0,-550.0,0,0,0,1,43,12,3,1
24231.0,-1400.0,0,0,0,1,37,13,4,1
25314.0,800.0,0,0,0,0,32,12,1,0
4917.0,-1847.0,0,0,0,0,54,11,1,0
12051.0,-50.0,0,0,0,0,30,18,1,0
30780.0,3000.0,0,0,0,1,53,8,4,1
61500.0,62800.0,1,0,0,1,57,13,3,1
49200.0,-9100.0,0,0,0,1,29,17,2,1
11730.0,0.0,0,0,0,0,49,4,6,1
63396.0,24999.0,0,0,0,1,49,16,3,1
7329.0,10.0,0,0,0,0,34,16,1,0
17952.0,0.0,0,0,0,0,26,15,1,0
18942.0,0.0,0,0,0,0,37,14,4,0
27480.0,-5000.0,0,0,0,1,25,12,3,1
6885.0,20.0,0,0,0,1,57,12,2,0
17370.0,200.0,0,0,0,0,28,12,1,0
37593.0,0.0,0,0,0,0,32,16,4,1
16575.0,-1345.0,0,0,0,0,63,11,2,1
29766.0,-3250.0,0,0,0,1,27,14,2,1
77124.0,11700.0,1,0,0,1,38,17,1,0
2307.0,3720.0,0,0,0,1,60,10,2,0
29922.0,-1600.0,0,0,0,1,28,11,6,1
80550.0,26600.0,1,0,0,1,38,18,2,1
32460.0,2700.0,0,0,0,1,44,14,2,1
39420.0,49.0,0,0,0,1,38,14,4,1
18000.0,0.0,0,0,0,1,42,1,1,0
19278.0,15599.0,1,0,0,0,61,8,1,0
19956.0,2905.0,0,0,0,1,51,12,3,1
7182.0,15970.0,0,0,0,1,37,18,1,0
47193.0,-86500.0,0,0,0,0,57,12,2,1
13200.0,-4200.0,0,0,0,0,27,12,2,0
14892.0,-2415.0,0,0,0,0,38,12,5,1
13500.0,0.0,0,0,0,0,29,12,2,0
72099.0,44.0,0,0,0,1,46,16,2,1
93648.0,90930.0,1,0,0,0,36,18,2,1
48690.0,4700.0,1,0,0,1,56,12,3,1
9009.0,-712.0,0,0,0,0,30,6,4,1
36213.0,-635.0,0,0,0,0,29,9,6,1
10200.0,0.0,0,0,0,0,26,14,1,0
43716.0,-2200.0,0,0,0,0,34,12,3,1
9078.0,-5055.0,0,0,0,1,59,6,2,1
13479.0,5399.0,1,0,0,0,31,12,3,1
31569.0,-2100.0,0,0,0,1,29,17,4,1
17874.0,600.0,0,0,0,1,49,12,2,0
43005.0,7299.0,1,0,0,1,31,12,2,1
33885.0,15100.0,0,0,0,1,33,16,2,1
10260.0,0.0,0,0,0,0,40,12,1,0
23721.0,31791.0,1,0,0,1,53,13,1,0
23118.0,-400.0,0,0,0,0,30,16,1,0
25305.0,-12000.0,0,0,0,1,32,12,3,1
49206.0,499.0,0,0,0,1,47,16,4,1
30075.0,4500.0,0,0,0,1,33,6,3,1
35058.0,-10525.0,0,0,0,0,30,16,2,1
15330.0,-170.0,0,0,0,0,43,10,5,1
22080.0,0.0,0,0,0,0,26,12,3,0
65400.0,1000.0,0,0,0,0,44,16,4,1
11454.0,-9764.0,0,0,0,1,43,12,5,1
30300.0,17075.0,0,0,0,1,35,18,2,0
29238.0,2010.0,0,0,0,1,48,10,4,1
10428.0,600.0,0,0,0,1,42,12,3,0
84111.0,41549.0,1,0,0,1,39,18,1,0
70035.0,26564.0,0,0,0,0,45,10,2,0
10560.0,0.0,0,0,0,0,40,12,2,0
40500.0,44763.0,1,0,0,1,62,11,3,1
31869.0,1600.0,1,0,0,0,36,16,1,0
21306.0,10029.0,0,0,0,1,30,16,2,0
74178.0,29715.0,0,0,0,1,35,14,4,1
47769.0,4144.0,0,0,0,1,44,12,6,1
12024.0,-18500.0,0,0,0,1,56,12,2,0
2640.0,0.0,0,0,0,0,35,9,4,0
22395.0,-1564.0,0,0,0,1,49,12,5,1
50484.0,385000.0,1,0,0,1,43,12,3,0
42576.0,-4000.0,0,0,0,0,45,16,1,0
10443.0,0.0,0,0,0,0,38,12,4,0
19224.0,1800.0,0,0,0,0,32,14,1,0
34455.0,1500.0,1,0,0,1,32,13,3,1
33453.0,-21070.0,0,0,0,1,27,16,3,1
21234.0,12500.0,1,0,0,1,44,15,1,0
21930.0,6000.0,0,0,0,0,32,14,1,0
45165.0,-5000.0,0,0,0,1,48,12,3,1
20760.0,-300.0,0,0,0,1,39,12,2,1
27150.0,-3900.0,0,0,0,0,31,12,3,0
16116.0,850.0,0,0,0,0,26,13,3,1
31536.0,-595.0,0,0,0,1,31,12,4,1
37461.0,12877.0,0,0,0,1,31,12,4,1
110181.0,60300.0,1,0,0,0,38,12,5,1
24123.0,30.0,0,0,0,0,35,14,3,0
28782.0,-15565.0,0,0,0,1,35,13,5,1
36666.0,1500.0,0,0,0,1,42,18,3,1
72975.0,300.0,0,0,0,1,44,10,3,1
49656.0,-5250.0,0,0,0,0,48,12,3,1
36267.0,-10491.0,0,0,0,1,36,15,4,1
55374.0,1300.0,1,0,0,1,35,12,3,1
22833.0,0.0,0,0,0,0,28,12,3,0
69120.0,-2000.0,0,0,0,0,37,16,3,1
24465.0,1000.0,0,0,0,0,34,11,3,1
80862.0,454.0,0,0,0,1,46,17,5,1
33420.0,209.0,0,0,0,0,30,12,4,1
7440.0,1460.0,0,0,0,1,54,8,1,0
15141.0,-9600.0,0,0,0,1,47,12,2,1
20667.0,4572.0,1,0,0,0,34,12,4,1
30870.0,25699.0,0,0,0,1,52,13,3,1
16860.0,2924.0,0,0,0,0,27,12,1,0
16080.0,0.0,0,0,0,0,43,14,1,0
52998.0,26000.0,0,0,0,1,40,18,1,0
16830.0,740.0,0,0,0,0,28,13,1,0
37320.0,4000.0,0,0,0,1,63,8,2,1
53133.0,1799.0,0,0,0,0,54,18,3,1
28998.0,100.0,0,0,0,0,35,12,3,0
7740.0,4500.0,0,0,0,1,59,7,2,1
13755.0,-300.0,0,0,0,0,33,12,3,0
42315.0,200.0,0,0,0,1,30,14,2,1
20490.0,200.0,0,0,0,1,58,12,4,1
21177.0,-397.0,0,0,0,0,35,12,4,0
21735.0,0.0,0,0,0,0,35,12,4,1
12600.0,-9550.0,0,0,0,1,42,12,1,0
45519.0,130812.0,1,0,0,1,59,12,2,1
26958.0,49.0,0,0,0,0,48,13,3,1
50970.0,4600.0,0,0,0,1,32,15,2,1
39612.0,50.0,0,0,0,1,43,12,2,1
24012.0,-1951.0,0,0,0,0,31,13,2,1
28059.0,-2854.0,1,0,0,0,54,16,5,1
16200.0,0.0,0,0,0,0,27,12,1,0
14850.0,1800.0,0,0,0,1,45,12,2,0
20976.0,41499.0,0,0,0,1,58,13,1,0
16902.0,-3386.0,0,0,0,0,29,1,7,1
11877.0,-400.0,0,0,0,0,63,12,3,0
11103.0,-6397.0,0,0,0,0,43,14,4,0
39051.0,-1700.0,0,0,0,0,29,16,1,0
19968.0,-500.0,0,0,0,1,51,18,2,0
42744.0,-225.0,0,0,0,0,44,13,2,1
78396.0,8400.0,1,0,0,1,38,16,4,1
34803.0,-11635.0,0,0,0,1,37,11,5,1
10446.0,2750.0,0,0,0,1,44,12,5,1
34755.0,67600.0,0,0,0,1,44,1,4,1
15174.0,31.0,0,0,0,1,29,12,4,0
20421.0,-165.0,0,0,0,0,37,13,1,0
55110.0,28999.0,1,0,0,1,42,12,4,1
28050.0,500.0,0,0,0,1,38,12,4,1
12120.0,50.0,0,0,0,1,40,12,4,0
28080.0,0.0,0,0,0,1,31,12,3,1
42555.0,-101436.0,0,0,0,0,31,13,3,1
37509.0,3399.0,0,0,0,0,31,16,1,0
9042.0,0.0,0,0,0,0,35,12,1,0
57180.0,4210.0,0,0,0,1,42,18,4,1
11604.0,131.0,0,0,0,1,39,18,3,1
23400.0,-1804.0,0,0,0,0,27,5,3,1
20622.0,259.0,0,0,0,1,62,16,1,0
10836.0,599.0,0,0,0,1,27,14,3,0
12816.0,1490.0,0,0,0,1,38,10,4,1
43830.0,3450.0,1,0,0,1,33,15,3,1
22986.0,2225.0,1,0,0,1,60,12,2,1
37794.0,3000.0,1,0,0,0,60,13,2,1
4890.0,100.0,0,0,0,1,52,10,1,0
19545.0,294.0,0,0,0,1,61,12,3,1
19860.0,700.0,0,0,0,0,31,14,1,0
13206.0,52000.0,1,0,0,1,61,12,4,0
23250.0,89900.0,1,0,0,1,49,12,1,0
60615.0,1258.0,1,0,0,1,34,14,4,1
23529.0,4000.0,0,0,0,0,31,16,1,0
37704.0,3800.0,0,0,0,1,29,12,3,1
24612.0,8199.0,0,0,0,1,33,6,5,0
38550.0,-13600.0,1,0,0,0,33,14,3,1
128700.0,195000.0,1,0,0,1,44,17,4,1
12816.0,-450.0,0,0,0,0,31,12,4,0
37800.0,0.0,0,0,0,1,47,14,2,0
17880.0,-7451.0,0,0,0,0,40,12,3,0
19641.0,-7920.0,0,0,0,1,41,12,3,0
5103.0,0.0,0,0,0,0,36,12,2,0
12756.0,30.0,0,0,0,0,29,12,1,0
4845.0,0.0,0,0,0,0,33,12,3,0
31830.0,12192.0,1,0,0,1,27,15,3,1
23430.0,99.0,0,0,0,0,42,13,5,0
42114.0,900.0,0,0,0,0,36,15,6,1
11100.0,5000.0,0,0,0,0,32,1,5,1
5280.0,0.0,0,0,0,1,26,12,1,0
37569.0,-6301.0,0,0,0,0,39,12,4,1
43239.0,24900.0,1,0,0,1,45,12,1,0
71184.0,59061.0,1,0,0,1,63,12,2,1
59544.0,-350.0,0,0,0,1,31,16,4,1
4200.0,0.0,0,0,0,0,30,11,6,0
7668.0,0.0,0,0,0,1,46,8,2,0
7872.0,0.0,0,0,0,0,55,11,2,0
31896.0,-2100.0,0,0,0,1,38,15,5,1
14439.0,0.0,0,0,0,0,25,9,3,1
19713.0,3899.0,0,0,0,0,34,12,3,1
31254.0,28000.0,0,0,0,1,41,18,1,0
63525.0,62300.0,1,0,0,0,35,18,1,0
31800.0,-6600.0,0,0,0,1,43,12,3,0
24996.0,-451.0,0,0,0,1,60,10,4,1
36450.0,0.0,0,0,0,1,51,12,3,1
21072.0,2600.0,0,0,0,0,60,15,2,1
18012.0,200.0,0,0,0,1,49,12,2,0
12240.0,-600.0,0,0,0,0,42,12,3,1
31386.0,734.0,0,0,0,1,53,12,3,1
21645.0,-4850.0,0,0,0,0,34,14,2,0
17724.0,-633.0,0,0,0,1,56,13,3,1
37482.0,14800.0,1,0,0,1,53,12,3,1
27639.0,-3300.0,0,0,0,1,58,10,2,1
30720.0,360.0,0,0,0,1,26,16,1,0
18438.0,2549.0,0,0,0,0,38,11,6,1
19125.0,-800.0,0,0,0,0,38,12,7,1
13704.0,12000.0,1,0,0,1,35,12,6,1
34185.0,749.0,0,0,0,1,53,12,1,0
51660.0,-40300.0,0,0,0,1,28,18,1,0
1920.0,0.0,0,0,0,0,35,12,4,1
20424.0,-3650.0,0,0,0,1,37,11,4,1
21600.0,-400.0,0,0,0,0,34,13,3,1
56118.0,4700.0,1,0,0,1,36,16,1,0
20148.0,-425.0,0,0,0,0,28,12,5,1
16806.0,-1150.0,0,0,0,1,44,12,3,1
13317.0,-1093.0,0,0,0,1,31,15,4,1
20475.0,-100.0,0,0,0,0,31,17,1,1
8730.0,-3000.0,0,0,0,1,51,12,2,1
19500.0,-150.0,0,0,0,0,28,12,1,0
27858.0,-16000.0,0,0,0,1,54,6,4,1
41694.0,-1700.0,0,0,0,1,36,14,2,1
8850.0,0.0,0,0,0,0,40,12,1,0
7650.0,0.0,0,0,0,0,29,12,1,0
51450.0,7499.0,0,0,0,1,25,12,2,0
10542.0,-57200.0,0,0,0,1,47,12,2,1
15300.0,0.0,0,0,0,0,49,15,1,0
102171.0,86500.0,1,0,0,1,35,18,4,1
45231.0,-5100.0,0,0,0,1,40,13,3,0
13152.0,-2674.0,0,0,0,1,30,10,3,0
27813.0,37316.0,1,0,0,1,38,11,3,1
39123.0,6048.0,0,0,0,1,49,12,3,1
36150.0,-2200.0,0,0,0,1,32,12,4,1
39219.0,110.0,0,0,0,1,52,12,2,1
10800.0,-300.0,0,0,0,1,55,12,3,0
20235.0,20649.0,1,0,0,1,58,10,2,1
62703.0,-13300.0,0,0,0,1,38,12,5,1
23490.0,310.0,0,0,0,1,43,14,1,0
15888.0,-150.0,0,0,0,1,27,12,2,0
33729.0,-9001.0,0,0,0,0,25,18,1,0
55845.0,1875.0,0,0,0,1,29,12,2,1
19209.0,-650.0,0,0,0,1,40,15,2,0
23976.0,656.0,0,0,0,1,59,14,2,1
57156.0,-32887.0,0,0,0,1,35,12,4,1
13743.0,0.0,0,0,0,0,43,12,1,0
7470.0,-11900.0,0,0,0,0,39,12,1,0
77940.0,2550.0,0,0,0,1,36,15,4,1
16200.0,-69300.0,0,0,0,1,46,12,5,1
10404.0,3700.0,0,0,0,1,26,9,1,0
27240.0,0.0,0,0,0,0,54,16,5,0
35742.0,250.0,0,0,0,1,56,12,3,1
28272.0,3660.0,0,0,0,1,63,8,4,1
58272.0,39000.0,0,0,0,1,62,11,1,0
14307.0,-1246.0,0,0,0,0,42,12,6,1
66018.0,215750.0,0,0,0,1,41,16,3,0
6750.0,-40650.0,1,0,0,0,38,14,2,0
27000.0,130.0,0,0,0,1,42,13,1,0
21801.0,11800.0,1,0,0,1,55,12,3,0
36495.0,8000.0,0,0,0,0,45,12,3,0
172092.0,469400.0,1,0,0,1,61,12,2,1
6498.0,1599.0,0,0,0,0,64,13,1,0
24549.0,1225.0,0,0,0,0,35,14,1,0
82251.0,1006499.0,0,0,0,1,40,18,5,1
53796.0,-1000.0,0,0,0,0,32,17,5,1
7650.0,-148.0,0,0,0,1,60,6,1,0
38817.0,-3500.0,0,0,0,1,42,12,2,1
19284.0,2398.0,0,0,0,0,31,14,1,0
18675.0,-3500.0,0,0,0,1,41,14,2,0
91230.0,20840.0,1,0,0,1,48,12,3,1
21816.0,-1600.0,0,0,0,0,53,10,1,0
44799.0,97333.0,1,0,0,0,63,12,2,1
48060.0,4200.0,1,0,0,1,28,15,4,1
76077.0,43399.0,1,0,0,1,55,12,3,1
49845.0,5692.0,1,0,0,1,33,18,2,1
27708.0,4000.0,1,0,0,0,31,13,3,1
14670.0,25.0,0,0,0,0,29,12,1,0
34299.0,-334.0,0,0,0,1,43,18,2,0
4584.0,11658.0,1,0,0,1,38,12,3,0
19170.0,0.0,0,0,0,0,28,14,4,1
45762.0,16069.0,1,0,0,1,39,17,4,1
21435.0,18000.0,1,0,0,1,52,12,1,0
39312.0,250.0,0,0,0,1,57,16,1,0
19035.0,6807.0,0,0,0,1,32,12,4,1
6639.0,975.0,1,0,0,1,42,12,1,0
17004.0,-4960.0,0,0,0,0,27,13,3,0
118401.0,184500.0,1,0,0,1,36,16,4,1
68220.0,20600.0,1,0,0,1,61,12,2,1
16290.0,1500.0,0,0,0,0,33,12,1,0
29481.0,-2650.0,0,0,0,1,38,14,5,1
15144.0,10499.0,1,0,0,0,35,15,4,1
22050.0,9645.0,0,0,0,0,33,14,2,0
9600.0,5021.0,0,0,0,1,54,12,3,1
22362.0,1200.0,0,0,0,0,30,13,1,0
14241.0,-9000.0,0,0,0,0,40,14,5,0
39192.0,1940.0,1,0,0,1,53,10,2,1
37869.0,-9700.0,0,0,0,1,56,11,3,1
44388.0,-1840.0,0,0,0,1,33,12,5,1
52770.0,93521.0,1,0,0,1,54,14,5,1
21450.0,1000.0,0,0,0,1,35,12,5,1
9270.0,-160.0,0,0,0,0,36,12,4,0
28830.0,-1200.0,0,0,0,0,25,13,1,0
3636.0,0.0,0,0,0,0,61,9,1,0
22200.0,2399.0,0,0,0,1,50,12,1,0
39546.0,65897.0,1,0,0,1,56,12,1,0
37146.0,-3690.0,0,0,0,1,43,18,2,0
32559.0,42800.0,1,0,0,1,53,12,3,1
15372.0,1200.0,0,0,0,0,29,12,1,0
14484.0,-6569.0,0,0,0,1,25,11,4,1
57624.0,300.0,0,0,0,1,36,12,1,0
17793.0,15600.0,0,0,0,0,25,18,1,0
48168.0,4000.0,0,0,0,1,49,12,1,0
74970.0,1600.0,0,0,0,1,27,12,5,1
43605.0,33926.0,1,0,0,1,59,12,3,1
2400.0,0.0,0,0,0,0,45,12,3,1
28926.0,21550.0,1,0,0,1,61,16,5,1
31800.0,-250.0,0,0,0,0,41,12,1,0
31350.0,8550.0,1,0,0,0,59,12,1,0
43320.0,7500.0,0,0,0,1,60,12,4,1
52041.0,-6600.0,0,0,0,1,32,16,1,1
53514.0,-299750.0,0,0,0,1,42,10,4,1
16860.0,0.0,0,0,0,1,42,8,1,0
6006.0,0.0,0,0,0,0,28,10,2,0
33513.0,-5100.0,0,0,0,0,31,11,7,1
35325.0,4249.0,0,0,0,1,26,12,2,0
22440.0,-2225.0,0,0,0,1,60,12,2,1
13896.0,125.0,0,0,0,1,43,12,2,0
20583.0,-4300.0,0,0,0,0,43,16,4,0
39351.0,35900.0,1,0,0,0,33,18,1,0
12090.0,400.0,0,0,0,0,58,12,2,0
24804.0,46800.0,1,0,0,1,58,12,2,0
21630.0,635.0,1,0,0,0,25,16,1,0
28530.0,-8388.0,1,0,0,1,28,12,3,1
48336.0,4200.0,0,0,0,1,41,17,2,0
12588.0,0.0,0,0,0,0,31,12,6,1
30162.0,1200.0,0,0,0,0,27,8,5,1
19809.0,6200.0,0,0,0,0,49,12,3,0
14787.0,-2200.0,0,0,0,0,30,16,3,0
20430.0,500.0,0,0,0,0,49,13,1,0
11082.0,45.0,0,0,0,0,38,17,4,0
28284.0,26200.0,0,0,0,1,59,12,2,1
30315.0,-8500.0,0,0,0,1,31,13,4,1
35700.0,300.0,0,0,0,0,42,12,2,0
45270.0,1700.0,0,0,0,1,45,11,4,1
23412.0,100.0,0,0,0,1,48,12,6,1
12291.0,25.0,0,0,0,0,34,12,1,0
39432.0,-8000.0,0,0,0,1,47,12,5,1
49992.0,-2752.0,0,0,0,1,61,12,2,1
58122.0,-7100.0,0,0,0,0,31,16,2,1
25092.0,0.0,0,0,0,1,61,12,4,0
43203.0,86030.0,1,0,0,1,40,12,4,1
19200.0,0.0,0,0,0,0,32,14,1,0
29700.0,16699.0,0,0,0,0,26,16,1,1
104343.0,-14551.0,0,0,0,0,36,18,3,1
19764.0,1000.0,0,0,0,1,63,12,6,0
3840.0,-3570.0,0,0,0,1,49,14,2,1
81075.0,57500.0,1,0,0,1,35,14,3,1
33078.0,-300.0,0,0,0,0,39,16,1,0
65010.0,-16700.0,0,0,0,0,35,14,4,1
30639.0,1100.0,0,0,0,1,60,13,3,1
50937.0,3000.0,0,0,0,1,42,14,5,1
108258.0,28000.0,1,0,0,1,53,16,3,1
73110.0,7700.0,1,0,0,1,52,16,2,1
17127.0,-3605.0,0,0,0,1,31,12,2,1
79053.0,93501.0,1,0,0,1,48,12,2,1
17700.0,-400.0,0,0,0,1,38,12,1,0
12240.0,0.0,0,0,0,0,33,10,6,1
11118.0,16549.0,0,0,0,0,26,13,3,0
124932.0,120000.0,1,0,0,1,40,17,4,1
28209.0,82200.0,1,0,0,0,25,16,1,0
86820.0,48800.0,1,0,0,0,26,18,1,0
9612.0,0.0,0,0,0,0,49,12,2,0
8400.0,25.0,0,0,0,0,34,13,3,1
28146.0,-3300.0,0,0,0,1,31,12,5,1
8130.0,-7000.0,0,0,0,0,38,12,5,0
22722.0,300.0,0,0,0,0,30,16,1,0
7044.0,100.0,0,0,0,0,25,5,4,1
69555.0,-15141.0,0,0,0,1,49,18,4,1
13866.0,2258.0,0,0,0,0,32,12,2,0
5400.0,-150.0,0,0,0,1,54,12,2,0
35580.0,5649.0,1,0,0,1,45,12,3,1
21630.0,-1.0,0,0,0,0,35,11,5,0
17820.0,900.0,0,0,0,1,36,12,4,1
28980.0,20000.0,0,0,0,0,32,16,1,0
54900.0,137000.0,1,0,0,1,39,18,3,1
92277.0,21000.0,0,0,0,1,35,12,4,1
128550.0,346749.0,1,0,0,1,57,16,2,1
19050.0,1800.0,0,0,0,1,52,12,4,1
46053.0,-3000.0,0,0,0,1,34,12,4,1
19464.0,17000.0,0,0,0,1,35,12,4,0
36522.0,28057.0,1,0,0,1,39,14,2,1
25560.0,16500.0,0,0,0,0,31,16,3,1
29265.0,5500.0,0,0,0,1,39,10,3,1
15300.0,-1000.0,0,0,0,0,27,12,1,0
38100.0,10000.0,1,0,0,0,36,16,1,0
47109.0,21050.0,0,0,0,1,37,13,3,1
36000.0,0.0,0,0,0,0,32,18,5,1
32100.0,23700.0,1,0,0,1,39,16,1,0
49209.0,-151.0,0,0,0,0,40,12,1,0
20400.0,-3000.0,0,0,0,1,41,11,3,1
13896.0,0.0,0,0,0,0,40,8,7,1
8400.0,-400.0,0,0,0,0,30,12,2,0
101946.0,9199.0,0,0,0,1,49,12,6,1
13212.0,0.0,0,0,0,1,39,12,5,0
13821.0,50.0,0,0,0,1,36,14,2,0
43350.0,79700.0,1,0,0,1,57,12,2,1
51798.0,41999.0,0,0,0,1,38,14,2,0
19254.0,1000.0,0,0,0,1,29,14,3,0
9990.0,0.0,0,0,0,0,53,12,1,0
41712.0,46500.0,0,0,0,1,33,12,4,1
21450.0,-3100.0,0,0,0,1,28,14,3,1
67098.0,34112.0,1,0,0,1,57,18,1,0
19056.0,-200.0,0,0,0,0,31,12,5,1
44508.0,-4199.0,0,0,0,0,27,12,3,1
8406.0,200.0,0,0,0,1,38,13,3,1
10506.0,0.0,0,0,0,0,28,4,5,1
16527.0,2700.0,0,0,0,0,31,12,1,0
33780.0,-6501.0,0,0,0,1,47,13,5,1
103164.0,126098.0,1,0,0,1,52,18,6,1
67746.0,-5901.0,0,0,0,1,52,18,3,1
115584.0,-409000.0,0,0,0,1,40,14,2,1
20460.0,-4900.0,0,0,0,0,28,12,1,0
29700.0,1200.0,0,0,0,1,32,12,3,0
16092.0,2999.0,0,0,0,1,56,8,4,1
25371.0,-11950.0,0,0,0,1,43,12,1,0
35487.0,-2900.0,0,0,0,1,51,16,1,0
64791.0,-3970.0,0,0,0,0,45,14,4,1
25134.0,-1915.0,0,0,0,1,60,12,5,1
44616.0,0.0,0,0,0,1,54,11,3,1
29250.0,-12900.0,0,0,0,1,34,18,1,0
27840.0,0.0,0,0,0,0,40,12,2,0
3246.0,0.0,0,0,0,1,36,4,3,0
36153.0,-1334.0,0,0,0,1,31,14,5,1
38400.0,76850.0,1,0,0,1,50,12,2,1
14655.0,0.0,0,0,0,0,27,12,3,0
19200.0,5.0,0,0,0,0,33,13,1,0
77010.0,26000.0,1,0,0,1,36,16,4,1
80550.0,32000.0,1,0,0,0,45,13,3,1
56787.0,7900.0,0,0,0,1,34,16,3,1
85380.0,-30240.0,0,0,0,0,25,1,4,1
19986.0,-300.0,0,0,0,1,58,11,3,1
57975.0,-3900.0,0,0,0,1,26,16,1,0
28965.0,-800.0,0,0,0,1,27,12,5,1
9090.0,-1214.0,0,0,0,0,33,5,4,1
58974.0,2700.0,1,0,0,1,40,16,5,1
29622.0,10399.0,1,0,0,1,40,12,2,0
10200.0,0.0,0,0,0,0,48,13,1,0
23166.0,-5400.0,0,0,0,1,55,12,3,1
39207.0,2499.0,0,0,0,1,45,15,3,0
8190.0,-10500.0,0,0,0,1,57,12,2,1
31800.0,3600.0,0,0,0,1,31,16,4,1
32040.0,300.0,0,0,0,0,27,12,4,1
23562.0,3955.0,0,0,0,0,31,12,1,0
26553.0,-1340.0,0,0,0,1,37,12,2,0
56940.0,2499.0,1,0,0,1,56,18,1,0
28845.0,700.0,0,0,0,0,27,12,2,0
20403.0,-6920.0,0,0,0,0,37,6,1,0
23832.0,70335.0,0,0,0,1,54,13,3,1
20418.0,-959.0,0,0,0,0,31,12,4,1
10980.0,5020.0,0,0,0,1,43,12,3,0
20430.0,500.0,0,0,0,1,45,12,4,0
28800.0,0.0,0,0,0,1,46,12,2,0
42738.0,1024.0,0,0,0,1,26,15,3,1
11091.0,19.0,0,0,0,0,34,10,4,0
79023.0,87996.0,1,0,0,1,49,18,4,1
44376.0,11400.0,0,0,0,1,28,15,4,1
76860.0,-11000.0,0,0,0,1,49,15,6,1
15300.0,875.0,0,0,0,1,34,11,1,0
19089.0,20.0,0,0,0,1,58,12,3,0
8160.0,0.0,0,0,0,0,26,12,4,1
103356.0,60400.0,1,0,0,1,43,18,3,1
14280.0,-1260.0,0,0,0,1,33,10,5,1
38997.0,5424.0,1,0,0,1,46,12,3,1
22338.0,892.0,0,0,0,0,26,14,1,0
24630.0,-3800.0,0,0,0,0,25,15,1,0
51900.0,800.0,0,0,0,1,35,12,4,1
17508.0,41699.0,1,0,0,0,61,14,1,0
30954.0,9500.0,1,0,0,1,55,12,2,1
18900.0,9150.0,0,0,0,0,43,12,3,0
56550.0,12821.0,1,0,0,1,42,16,4,1
28122.0,305.0,0,0,0,1,32,12,4,0
56589.0,-11650.0,1,0,0,1,43,12,4,1
13794.0,0.0,0,0,0,0,28,12,4,1
74718.0,59100.0,1,0,0,1,57,12,3,1
23772.0,11937.0,1,0,0,1,47,18,4,1
55356.0,31498.0,1,0,0,1,59,9,4,1
34191.0,13199.0,1,0,0,1,53,12,4,1
51165.0,12849.0,0,0,0,1,36,14,4,1
35340.0,30799.0,0,0,0,1,53,12,3,1
56574.0,18613.0,1,0,0,1,34,17,4,1
242124.0,1324445.0,1,0,0,1,59,12,2,1
34764.0,3000.0,0,0,0,0,63,10,2,1
26520.0,3738.0,0,0,0,1,54,12,1,0
62130.0,-2000.0,0,0,0,1,39,18,5,1
43260.0,8900.0,0,0,0,1,36,8,8,1
30963.0,4449.0,0,0,0,1,33,12,5,1
35610.0,7200.0,0,0,0,1,46,18,2,1
26550.0,-17100.0,0,0,0,1,35,12,2,0
26100.0,42680.0,1,0,0,1,46,14,3,0
83886.0,6000.0,1,0,0,1,43,14,5,1
32442.0,25049.0,1,0,0,1,37,16,1,0
55791.0,5968.0,0,0,0,1,42,15,4,1
8070.0,6200.0,1,0,0,0,26,15,2,0
36060.0,31649.0,1,0,0,1,40,13,1,1
44700.0,-1140.0,0,0,0,0,33,18,5,1
9792.0,0.0,0,0,0,0,37,10,2,0
18366.0,75.0,0,0,0,1,43,12,4,1
21675.0,4500.0,0,0,0,0,28,12,2,0
26400.0,0.0,0,0,0,1,27,14,4,1
2649.0,0.0,0,0,0,0,27,12,3,1
9081.0,59.0,0,0,0,0,34,12,2,0
34500.0,0.0,0,0,0,0,31,12,1,0
28035.0,275.0,0,0,0,0,26,12,3,0
41436.0,8459.0,0,0,0,1,27,14,4,1
47421.0,19249.0,0,0,0,0,35,10,4,1
21600.0,1322.0,1,0,0,0,32,12,2,0
21102.0,4199.0,0,0,0,1,64,12,2,1
30249.0,-12918.0,0,0,0,1,29,12,3,1
39594.0,4000.0,0,0,0,0,36,12,1,0
14763.0,-5007.0,0,0,0,1,31,14,4,1
23370.0,-8250.0,0,0,0,0,40,12,5,1
26460.0,-2975.0,0,0,0,1,35,12,1,0
35418.0,-5750.0,0,0,0,1,57,13,5,1
4590.0,0.0,0,0,0,0,55,10,4,0
20400.0,-1000.0,0,0,0,0,36,13,4,0
37062.0,-8676.0,0,0,0,1,40,18,6,1
13260.0,0.0,0,0,0,0,28,12,2,0
23469.0,1800.0,0,0,0,1,41,14,3,0
34818.0,52615.0,1,0,0,1,31,17,4,1
53226.0,-1200.0,0,0,0,1,51,13,8,1
29160.0,4245.0,0,0,0,1,36,17,3,0
49200.0,172600.0,1,0,0,1,39,18,1,0
16800.0,-1984.0,0,0,0,1,40,10,2,0
29694.0,78599.0,1,0,0,1,62,12,2,1
65124.0,15000.0,0,0,0,1,55,13,2,1
55365.0,-7670.0,0,0,0,0,27,14,3,1
31338.0,1000.0,0,0,0,1,31,13,4,1
49428.0,25500.0,1,0,0,1,57,16,1,0
9738.0,-2451.0,0,0,0,0,55,12,1,0
10713.0,-400.0,0,0,0,0,49,11,2,0
12927.0,17398.0,1,0,0,1,46,12,4,1
16848.0,100.0,0,0,0,0,40,8,4,1
26202.0,99.0,0,0,0,0,54,12,1,0
35709.0,14700.0,1,0,0,1,46,17,2,1
24510.0,-725.0,0,0,0,0,30,12,2,1
30780.0,-4900.0,0,0,0,1,39,12,4,0
16524.0,10749.0,0,0,0,1,62,8,4,0
11220.0,0.0,0,0,0,0,30,3,3,0
43476.0,-50.0,0,0,0,1,31,9,4,1
14520.0,1999.0,0,0,0,0,33,12,1,0
22800.0,1300.0,0,0,0,1,30,10,5,1
84621.0,5800.0,0,0,0,1,33,18,4,1
23154.0,-1691.0,1,0,0,1,26,14,2,0
19677.0,0.0,0,0,0,0,45,10,4,1
24000.0,-700.0,0,0,0,1,32,15,3,1
87708.0,-9900.0,0,0,0,1,50,12,2,1
8535.0,-200.0,0,0,0,0,49,10,1,0
20100.0,153.0,0,0,0,0,37,12,1,0
33600.0,1200.0,0,0,0,1,41,18,5,1
24510.0,500.0,0,0,0,0,29,12,4,1
12036.0,-80.0,0,0,0,1,31,6,6,1
43002.0,100000.0,1,0,0,1,64,14,2,1
60702.0,8700.0,0,0,0,1,36,12,4,1
18642.0,750.0,0,0,0,0,31,6,4,1
12240.0,-2500.0,1,0,0,1,32,13,2,0
21747.0,9750.0,0,0,0,0,59,12,4,1
25107.0,3949.0,0,0,0,1,47,13,2,1
12165.0,-366.0,0,0,0,1,48,6,5,1
33651.0,-10946.0,0,0,0,1,64,12,1,0
18729.0,0.0,0,0,0,1,50,12,3,0
52854.0,76840.0,1,0,0,1,61,13,2,1
49509.0,27196.0,0,0,0,1,57,18,1,0
37245.0,64.0,0,0,0,1,29,13,4,1
14382.0,1569.0,0,0,0,0,39,15,3,0
41808.0,-1320.0,0,0,0,1,27,14,2,1
52182.0,28300.0,1,0,0,1,41,16,4,1
27486.0,-768.0,0,0,0,1,33,10,4,1
27876.0,3338.0,1,0,0,1,34,14,5,1
13440.0,0.0,0,0,0,1,42,13,4,0
15300.0,0.0,0,0,0,0,30,12,3,0
108054.0,1500.0,1,0,0,1,38,16,5,1
30015.0,-2850.0,0,0,0,0,27,16,1,0
31875.0,-2900.0,0,0,0,0,30,12,1,0
27570.0,1000.0,0,0,0,0,32,13,3,1
22956.0,-12276.0,0,0,0,1,39,12,4,1
10797.0,0.0,0,0,0,0,57,11,2,0
13005.0,0.0,0,0,0,0,44,12,1,0
39975.0,40199.0,1,0,0,1,55,12,2,1
6435.0,-1800.0,0,0,0,1,47,6,7,1
34608.0,1950.0,1,0,0,1,46,18,3,1
70755.0,40900.0,1,0,0,1,45,17,2,1
12960.0,0.0,0,0,0,1,32,12,3,1
41118.0,54303.0,1,0,0,1,60,15,1,0
56133.0,-3175.0,0,0,0,1,43,14,4,1
11205.0,-4000.0,0,0,0,1,39,14,5,0
7113.0,0.0,0,0,0,0,48,16,1,0
15894.0,14583.0,1,0,0,1,60,12,2,1
12963.0,5.0,0,0,0,1,35,12,1,0
20430.0,1609.0,1,0,0,0,59,6,1,0
33822.0,21300.0,1,0,0,1,45,14,3,0
61581.0,61366.0,1,0,0,1,44,15,4,1
39201.0,21149.0,1,0,0,1,40,12,1,0
59652.0,-1062.0,1,0,0,1,29,16,3,1
8400.0,-1300.0,0,0,0,0,47,12,3,0
28032.0,-8750.0,0,0,0,0,34,12,1,0
29850.0,1149.0,0,0,0,0,34,16,2,1
14511.0,600.0,1,0,0,1,43,12,5,0
27156.0,-400.0,0,0,0,1,48,12,2,0
82524.0,32648.0,1,0,0,1,41,12,2,1
9690.0,0.0,0,0,0,1,62,8,1,0
22614.0,18450.0,0,0,0,1,53,16,1,0
15504.0,0.0,0,0,0,0,39,12,5,0
33630.0,2750.0,0,0,0,1,29,1,4,1
10200.0,50.0,0,0,0,0,28,12,1,0
24681.0,2500.0,1,0,0,1,40,16,4,1
9801.0,0.0,0,0,0,0,26,12,3,0
39660.0,3000.0,0,0,0,1,26,18,2,1
17859.0,-200.0,0,0,0,1,28,13,3,0
21585.0,-3400.0,0,0,0,1,32,12,2,1
40224.0,-800.0,0,0,0,0,52,10,3,1
34488.0,1140.0,0,0,0,1,36,11,5,1
33681.0,3500.0,1,0,0,1,55,12,5,1
12000.0,0.0,0,0,0,0,29,18,1,0
42876.0,931000.0,1,0,0,1,63,17,1,0
17379.0,5000.0,1,0,0,1,36,10,3,0
30780.0,39574.0,1,0,0,1,60,13,5,1
39630.0,225.0,0,0,0,0,41,13,3,1
5820.0,0.0,0,0,0,0,25,12,4,1
16056.0,-331.0,0,0,0,1,27,11,4,1
26700.0,-5177.0,0,0,0,0,45,12,2,0
48120.0,-4000.0,0,0,0,0,28,14,3,1
22119.0,4500.0,1,0,0,1,59,14,1,0
22350.0,2180.0,0,0,0,0,35,16,1,0
137160.0,5004.0,1,0,0,1,51,16,3,1
18042.0,-10300.0,1,0,0,1,30,12,5,1
19020.0,13000.0,1,0,0,1,41,13,4,1
21381.0,-389.0,0,0,0,1,37,12,1,0
27918.0,-6395.0,0,0,0,0,25,16,1,0
93336.0,100000.0,0,0,0,1,55,18,4,1
17172.0,-3416.0,0,0,0,1,42,10,1,0
21606.0,15800.0,1,0,0,1,35,13,2,1
34785.0,-4900.0,0,0,0,0,42,12,4,1
20517.0,150.0,0,0,0,1,39,12,2,1
20988.0,1022.0,0,0,0,1,46,13,1,1
10212.0,-18051.0,0,0,0,1,36,14,4,1
34938.0,-801.0,0,0,0,0,32,14,4,1
9360.0,0.0,0,0,0,0,46,12,1,0
25356.0,-655.0,0,0,0,1,33,1,4,1
18798.0,-234.0,0,0,0,1,28,12,1,1
76872.0,6900.0,0,0,0,1,45,18,4,1
25227.0,-625.0,0,0,0,1,57,12,4,1
14496.0,-5900.0,0,0,0,1,53,15,2,0
9180.0,-700.0,0,0,0,1,44,14,4,0
12675.0,32568.0,0,0,0,1,49,12,3,0
22854.0,-5141.0,0,0,0,0,26,12,3,1
16800.0,50.0,0,0,0,0,29,11,3,0
20529.0,-550.0,0,0,0,0,43,12,1,0
26964.0,11999.0,0,0,0,0,46,12,1,0
55344.0,73499.0,0,0,0,1,44,15,4,1
27030.0,-1800.0,0,0,0,0,28,16,1,0
7470.0,0.0,0,0,0,0,42,4,3,0
12384.0,2084.0,0,0,0,1,38,13,4,1
135405.0,1089619.0,1,0,0,1,38,17,3,1
21012.0,800.0,0,0,0,0,35,12,1,0
15594.0,1580.0,0,0,0,1,40,16,2,0
52806.0,69870.0,1,0,0,1,61,12,3,1
83499.0,8798.0,1,0,0,1,44,17,3,0
67128.0,89500.0,1,0,0,1,40,14,2,1
5391.0,1019.0,0,0,0,1,60,10,1,0
19797.0,-2750.0,0,0,0,0,29,13,2,1
48582.0,16800.0,0,0,0,1,61,12,2,1
31674.0,-2650.0,0,0,0,0,45,14,1,0
55314.0,72964.0,0,0,0,0,59,14,1,0
14058.0,80000.0,0,0,0,1,45,14,3,0
26166.0,-750.0,0,0,0,0,43,15,1,0
19365.0,0.0,0,0,0,0,38,10,3,0
44751.0,4249.0,0,0,0,1,43,18,5,1
22500.0,-980.0,0,0,0,0,40,15,1,0
18144.0,-57.0,0,0,0,1,28,10,5,1
42699.0,33725.0,1,0,0,1,33,16,3,1
4632.0,0.0,0,0,0,0,49,12,7,0
44925.0,-1800.0,0,0,0,0,58,12,2,1
14430.0,-1500.0,0,0,0,0,27,16,2,1
7977.0,384.0,0,0,0,1,29,12,4,0
30000.0,-1400.0,0,0,0,0,35,12,6,1
18468.0,494.0,0,0,0,0,38,13,4,1
85080.0,57500.0,1,0,0,1,64,14,2,1
58878.0,57000.0,0,0,0,1,29,1,3,1
8988.0,200.0,0,0,0,1,34,14,6,0
21969.0,3000.0,0,0,0,0,51,14,1,0
53382.0,22999.0,1,0,0,1,58,18,4,1
46401.0,-996.0,0,0,0,1,32,12,3,1
45300.0,3599.0,0,0,0,1,27,12,2,1
16947.0,100.0,0,0,0,0,58,12,1,0
20103.0,-4823.0,0,0,0,0,35,16,5,1
23640.0,55000.0,1,0,0,1,55,11,2,1
10674.0,210.0,0,0,0,0,49,15,1,0
102744.0,170000.0,1,0,0,1,62,13,3,1
40641.0,20685.0,1,0,0,1,48,12,1,0
17832.0,63.0,0,0,0,1,27,13,4,1
24024.0,-130.0,0,0,0,0,33,16,1,0
36393.0,300.0,0,0,0,0,27,12,3,1
23850.0,6799.0,1,0,0,0,57,13,1,0
25164.0,866860.0,0,0,0,1,63,14,2,0
11610.0,50.0,0,0,0,1,44,12,1,0
14424.0,-2040.0,0,0,0,1,46,8,4,1
20469.0,749.0,0,0,0,0,42,12,2,0
18900.0,0.0,0,0,0,0,49,11,1,0
76404.0,11750.0,1,0,0,1,50,13,3,1
32232.0,14098.0,0,0,0,1,50,18,1,0
18090.0,-300.0,0,0,0,0,41,8,2,1
21387.0,2700.0,0,0,0,0,34,18,1,0
18006.0,-835.0,0,0,0,0,26,14,4,0
37740.0,-5427.0,0,0,0,1,44,12,3,1
14400.0,200.0,0,0,0,0,28,5,2,0
13818.0,-400.0,0,0,0,0,26,14,1,0
22500.0,999.0,0,0,0,0,37,12,1,0
43968.0,17299.0,0,0,0,0,57,14,2,1
9858.0,-5530.0,0,0,0,0,44,15,1,0
25188.0,-6401.0,0,0,0,0,44,13,2,0
7152.0,-250.0,0,0,0,0,32,10,3,0
15246.0,22705.0,0,0,0,1,37,12,3,1
46176.0,82460.0,1,0,0,1,43,15,3,1
2166.0,0.0,0,0,0,0,43,10,1,0
18564.0,-2100.0,0,0,0,1,48,14,2,0
6000.0,-2800.0,0,0,0,0,48,14,1,0
23091.0,500.0,0,0,0,0,35,16,3,0
22956.0,10299.0,0,0,0,0,44,6,2,0
38196.0,20399.0,0,0,0,1,31,16,2,1
45531.0,10560.0,1,0,0,1,46,12,3,1
12858.0,0.0,0,0,0,0,44,11,2,1
3156.0,0.0,0,0,0,0,53,12,1,0
18390.0,15199.0,1,0,0,1,44,12,2,1
20229.0,-3000.0,0,0,0,1,31,12,4,1
31800.0,-1335.0,0,0,0,0,28,12,4,1
44595.0,24500.0,1,0,0,1,36,14,2,1
17505.0,0.0,0,0,0,0,44,10,2,0
71757.0,17700.0,0,0,0,1,55,18,4,1
69120.0,0.0,0,0,0,0,40,14,7,1
5400.0,4999.0,0,0,0,0,43,13,3,1
19248.0,0.0,0,0,0,0,25,12,1,0
56430.0,-5000.0,0,0,0,0,38,12,3,1
44169.0,3025.0,0,0,0,1,30,12,2,1
7134.0,-250.0,0,0,0,1,55,10,5,1
43485.0,1500.0,0,0,0,1,28,16,1,0
62352.0,-1380.0,1,0,0,1,32,17,1,0
18696.0,0.0,0,0,0,1,53,11,6,0
52182.0,59549.0,0,0,0,1,44,12,5,1
17424.0,-36.0,0,0,0,1,52,12,3,1
27330.0,-2600.0,0,0,0,0,50,14,4,1
35280.0,-2280.0,0,0,0,1,42,12,3,1
15186.0,-5192.0,1,0,0,1,36,9,4,1
39900.0,0.0,0,0,0,0,34,13,5,1
41994.0,63022.0,1,0,0,1,37,12,4,1
53205.0,-4470.0,0,0,0,1,42,6,5,1
8640.0,-2000.0,0,0,0,0,27,12,1,0
18360.0,50.0,0,0,0,1,30,13,3,0
9720.0,-1203.0,0,0,0,0,51,3,6,1
87660.0,33249.0,1,0,0,1,49,14,2,1
41496.0,0.0,0,0,0,1,38,12,1,0
32436.0,-545.0,0,0,0,1,56,8,2,1
36720.0,4000.0,0,0,0,1,44,12,4,0
21876.0,-11660.0,0,0,0,1,61,12,2,1
47160.0,16055.0,0,0,0,1,31,12,2,1
30342.0,10100.0,1,0,0,0,26,15,1,0
12093.0,30000.0,1,0,0,1,31,14,1,0
17472.0,5000.0,0,0,0,0,35,12,3,1
42396.0,22349.0,1,0,0,1,60,14,3,1
17850.0,50.0,0,0,0,1,29,3,7,1
48000.0,-19600.0,0,0,0,0,46,13,4,1
7284.0,-2380.0,0,0,0,0,32,12,4,1
24000.0,-11980.0,0,0,0,1,40,16,4,1
20712.0,-2948.0,0,0,0,1,32,14,4,1
9816.0,10050.0,1,0,0,1,54,12,1,0
16830.0,0.0,0,0,0,1,53,11,1,0
36873.0,-4900.0,0,0,0,1,29,12,2,1
14025.0,193048.0,1,0,0,0,38,16,3,1
39600.0,-3000.0,0,0,0,0,27,18,1,0
11424.0,500.0,0,0,0,1,61,11,1,0
12750.0,0.0,0,0,0,0,28,12,3,0
10992.0,269.0,0,0,0,1,49,12,2,0
37830.0,-112.0,0,0,0,1,52,12,2,1
88200.0,18299.0,1,0,0,1,38,14,3,1
50409.0,17149.0,1,0,0,0,54,18,1,0
37380.0,2900.0,0,0,0,0,35,12,4,1
15600.0,-1000.0,0,0,0,0,36,5,5,1
17349.0,-550.0,0,0,0,0,30,18,1,0
10173.0,8199.0,1,0,0,0,44,18,1,0
24309.0,100.0,0,0,0,0,26,12,3,1
22974.0,25437.0,0,0,0,1,62,12,2,1
19812.0,-3651.0,0,0,0,1,31,12,6,1
39681.0,16500.0,1,0,0,1,59,12,3,1
20985.0,-6200.0,0,0,0,1,38,10,5,1
50037.0,2130.0,0,0,0,1,42,13,4,1
24516.0,-440.0,0,0,0,0,33,11,5,1
22410.0,-1000.0,0,0,0,0,44,13,3,0
104460.0,39411.0,1,0,0,1,44,18,4,1
30600.0,1035.0,0,0,0,1,46,13,3,0
82656.0,47749.0,1,0,0,1,36,14,4,1
44019.0,-7000.0,1,0,0,1,45,16,5,1
31254.0,60400.0,1,0,0,1,64,12,4,0
19170.0,7499.0,0,0,0,1,54,12,4,0
107172.0,156100.0,0,0,0,1,38,14,4,1
33954.0,-7955.0,0,0,0,1,34,14,5,1
27006.0,9875.0,1,0,0,1,47,14,2,0
14178.0,-100.0,0,0,0,0,25,12,2,0
6900.0,-11179.0,0,0,0,0,46,6,1,0
11115.0,-108.0,0,0,0,0,52,6,1,0
63294.0,-18600.0,0,0,0,1,39,14,5,1
25440.0,4077.0,0,0,0,1,30,12,3,0
46278.0,10000.0,0,0,0,0,35,12,4,1
38520.0,-7800.0,0,0,0,1,34,14,2,1
17040.0,700.0,1,0,0,0,31,15,3,1
36510.0,-1235.0,0,0,0,1,43,15,7,1
28650.0,15000.0,1,0,0,1,40,12,4,1
43146.0,300.0,0,0,0,1,43,14,7,1
18753.0,0.0,0,0,0,0,30,12,1,0
28059.0,350.0,0,0,0,0,25,14,1,0
15315.0,-351.0,0,0,0,0,28,16,1,0
31830.0,0.0,0,0,0,1,37,12,5,1
12234.0,100.0,0,0,0,0,31,13,3,1
104346.0,66499.0,0,0,0,0,57,18,2,0
81162.0,57996.0,1,0,0,1,46,18,4,1
28860.0,3100.0,0,0,0,0,27,16,2,0
9894.0,-2025.0,0,0,0,1,62,8,3,0
23004.0,-45000.0,0,0,0,0,30,12,1,0
48423.0,8225.0,1,0,0,1,31,13,2,1
20568.0,1200.0,0,0,0,0,29,18,1,0
55074.0,37240.0,0,0,0,1,46,13,6,1
13317.0,15801.0,0,0,0,1,62,11,1,0
18660.0,2999.0,0,0,0,1,41,6,5,1
70275.0,-2157.0,0,0,0,1,41,14,4,1
29676.0,5000.0,0,0,0,1,27,14,1,0
13440.0,111.0,0,0,0,1,30,16,3,0
24942.0,4799.0,0,0,0,0,26,13,4,0
100026.0,500.0,0,0,0,0,28,8,2,0
46332.0,-1050.0,0,0,0,0,28,9,4,1
28890.0,-9500.0,0,0,0,1,32,16,5,1
4164.0,-200.0,0,0,0,0,26,14,2,0
25500.0,-3400.0,0,0,0,1,43,14,1,0
12930.0,0.0,0,0,0,0,27,16,1,0
23190.0,7699.0,0,0,0,1,44,13,4,1
19215.0,100.0,0,0,0,0,41,14,3,0
7650.0,-20850.0,0,0,0,0,31,18,1,0
17649.0,1960.0,0,0,0,0,31,16,1,0
7497.0,26.0,0,0,0,0,42,5,4,1
23028.0,28949.0,0,0,0,1,45,16,2,0
76050.0,7000.0,0,0,0,1,33,15,4,1
22650.0,2500.0,0,0,0,1,43,12,5,1
58260.0,5600.0,0,0,0,1,26,12,3,1
84378.0,43198.0,0,0,0,0,47,13,3,1
23568.0,31799.0,1,0,0,1,60,11,3,0
4800.0,0.0,0,0,0,0,46,12,2,0
26700.0,0.0,0,0,0,0,35,12,3,1
34620.0,15300.0,0,0,0,1,29,16,4,1
12504.0,1700.0,0,0,0,0,41,12,4,0
24159.0,-4152.0,0,0,0,1,35,12,4,1
19227.0,3000.0,0,0,0,0,38,15,3,0
34101.0,-150.0,0,0,0,0,37,18,1,0
16236.0,-1062.0,0,0,0,1,29,14,3,0
8415.0,0.0,0,0,0,0,30,12,2,0
31956.0,-1900.0,0,0,0,0,25,13,1,0
25872.0,349.0,0,0,0,1,43,12,5,1
31278.0,-1900.0,0,0,0,1,50,12,5,1
55359.0,-15100.0,0,0,0,0,30,15,2,1
10800.0,-5763.0,0,0,0,0,29,12,2,1
58578.0,2694.0,0,0,0,1,39,16,2,1
17706.0,3399.0,0,0,0,0,43,16,3,0
18090.0,-701.0,0,0,0,1,27,7,5,1
33777.0,42400.0,1,0,0,1,57,12,3,1
47358.0,20800.0,1,0,0,1,43,13,4,1
43374.0,399.0,0,0,0,0,29,14,1,0
49806.0,110103.0,1,0,0,0,37,18,1,0
12300.0,999.0,0,0,0,0,55,3,4,1
29526.0,18449.0,1,0,0,1,44,12,4,0
77628.0,7492.0,0,0,0,1,35,13,2,1
34986.0,-2500.0,0,0,0,0,36,11,6,1
25800.0,13500.0,1,0,0,1,37,14,1,0
16959.0,-500.0,0,0,0,0,43,6,7,1
4044.0,0.0,0,0,0,1,28,12,5,1
25626.0,0.0,0,0,0,0,38,6,4,1
36300.0,59225.0,1,0,0,0,55,14,1,0
24627.0,549.0,0,0,0,0,30,18,2,0
62250.0,-3000.0,0,0,0,1,46,17,2,0
10890.0,-4910.0,0,0,0,0,64,12,1,0
37146.0,200.0,0,0,0,1,33,14,4,1
90300.0,24500.0,1,0,0,1,45,16,4,1
50649.0,-12001.0,0,0,0,1,25,12,2,1
28050.0,-400.0,0,0,0,0,34,12,1,0
94476.0,2672.0,1,0,0,1,43,16,3,0
63150.0,299.0,0,0,0,1,39,12,4,1
4725.0,0.0,0,0,0,0,27,10,5,1
108135.0,2248.0,0,0,0,0,31,12,4,1
20526.0,550.0,0,0,0,1,31,12,3,1
25500.0,75.0,0,0,0,0,30,12,2,0
45135.0,201500.0,0,0,0,1,61,12,3,1
34773.0,17315.0,1,0,0,0,29,16,4,1
21063.0,-600.0,0,0,0,1,35,12,5,1
21000.0,0.0,0,0,0,0,36,14,1,0
14040.0,294.0,0,0,0,0,47,12,1,0
15480.0,13000.0,0,0,0,1,41,7,4,1
16860.0,4900.0,0,0,0,1,26,14,1,0
19290.0,-5201.0,0,0,0,1,27,12,3,1
10584.0,-1145.0,0,0,0,0,52,12,3,1
7338.0,-235.0,0,0,0,0,62,16,1,0
17571.0,0.0,0,0,0,0,37,12,4,1
17688.0,0.0,0,0,0,1,50,9,3,1
10920.0,-1483.0,0,0,0,0,36,12,4,0
35310.0,-2050.0,0,0,0,0,27,14,2,1
38454.0,-750.0,0,0,0,0,39,12,3,1
35166.0,47280.0,0,0,0,1,41,12,1,0
46815.0,3800.0,1,0,0,0,41,12,3,1
6000.0,-3250.0,0,0,0,1,35,13,2,1
59256.0,29000.0,1,0,0,0,48,17,2,0
47802.0,2500.0,0,0,0,1,47,6,6,1
15780.0,499.0,0,0,0,1,45,10,2,0
16920.0,-2950.0,0,0,0,1,49,12,3,1
14244.0,120000.0,1,0,0,1,60,12,1,0
11100.0,-216.0,0,0,0,0,47,12,4,1
9474.0,-6590.0,0,0,0,1,44,12,5,1
23457.0,0.0,0,0,0,1,61,9,3,1
25761.0,1499.0,0,0,0,1,41,17,1,0
36225.0,-1200.0,0,0,0,1,34,12,4,1
56322.0,-3701.0,0,0,0,0,27,12,8,1
2427.0,9.0,0,0,0,1,48,8,3,1
33984.0,-2700.0,0,0,0,0,28,12,1,0
33840.0,-1600.0,0,0,0,0,45,12,1,0
58407.0,6125.0,1,0,0,1,47,12,4,1
28500.0,24100.0,1,0,0,1,61,13,2,1
16194.0,77.0,0,0,0,0,35,15,1,0
60180.0,33300.0,1,0,0,1,47,13,2,1
46767.0,2000.0,1,0,0,1,37,13,4,1
37458.0,76678.0,0,0,0,1,49,12,2,0
19998.0,59879.0,1,0,0,1,45,18,2,0
27561.0,840.0,0,0,0,1,50,12,4,1
13440.0,0.0,0,0,0,0,42,14,4,0
4350.0,2600.0,1,0,0,1,34,14,1,0
36012.0,-10400.0,0,0,0,1,32,12,8,1
7146.0,0.0,0,0,0,0,32,10,2,0
47754.0,-1855.0,0,0,0,1,34,12,4,1
27045.0,850.0,0,0,0,0,41,15,1,0
44589.0,34999.0,1,0,0,1,57,12,8,1
30000.0,1500.0,1,0,0,0,54,14,1,0
47064.0,55600.0,0,0,0,1,59,12,3,1
51510.0,171450.0,1,0,0,1,41,16,4,1
16320.0,-583.0,0,0,0,0,32,11,3,1
54324.0,22700.0,0,0,0,1,37,12,3,1
80025.0,-700.0,0,0,0,1,38,16,4,1
59256.0,-3332.0,0,0,0,1,49,13,2,1
18960.0,0.0,0,0,0,0,46,8,1,0
24000.0,-19173.0,0,0,0,1,31,12,1,0
3600.0,0.0,0,0,0,1,25,8,5,1
52215.0,-13968.0,0,0,0,0,50,14,5,1
89118.0,-315701.0,0,0,0,0,35,16,3,1
11460.0,3325.0,0,0,0,1,43,12,1,0
35109.0,-5320.0,0,0,0,1,37,12,4,1
43080.0,-8950.0,0,0,0,1,35,12,4,1
54963.0,-10843.0,0,0,0,1,42,14,4,1
18888.0,2000.0,0,0,0,0,62,12,1,0
24840.0,540.0,0,0,0,1,27,12,4,1
35730.0,90531.0,1,0,0,1,64,12,2,1
49956.0,24200.0,1,0,0,1,41,18,4,1
47376.0,4206.0,0,0,0,1,27,16,2,1
36771.0,2499.0,0,0,0,0,31,14,1,0
17781.0,-570.0,0,0,0,1,38,13,4,1
22680.0,200.0,0,0,0,0,25,12,1,0
29424.0,-101.0,0,0,0,0,29,18,2,1
17604.0,-1400.0,0,0,0,0,31,12,1,0
23856.0,-273.0,0,0,0,1,46,8,3,1
4635.0,100.0,0,0,0,1,61,14,2,0
46140.0,25650.0,1,0,0,1,33,12,5,1
2700.0,0.0,0,0,0,1,47,9,1,0
15984.0,12889.0,1,0,0,1,59,14,4,1
71748.0,95000.0,1,0,0,1,56,12,3,1
13110.0,4999.0,0,0,0,1,53,12,3,0
69696.0,-750.0,0,0,0,1,35,18,5,1
34737.0,144749.0,0,0,0,1,61,12,2,1
35031.0,16749.0,1,0,0,1,51,12,1,0
21315.0,3500.0,1,0,0,1,40,13,2,0
31440.0,18600.0,1,0,0,1,33,16,2,1
20928.0,0.0,0,0,0,0,41,10,1,0
45294.0,116499.0,1,0,0,1,57,12,3,1
36840.0,318.0,0,0,0,0,42,16,4,1
11040.0,0.0,0,0,0,0,38,12,4,0
23748.0,-1550.0,0,0,0,0,31,16,1,0
30663.0,-8252.0,0,0,0,1,47,17,2,0
54585.0,23949.0,1,0,0,1,46,16,4,1
12576.0,270.0,0,0,0,1,64,11,2,1
24000.0,0.0,0,0,0,1,30,16,1,0
59958.0,-7000.0,0,0,0,1,32,12,4,1
46113.0,-7299.0,0,0,0,1,44,12,5,1
13440.0,3000.0,0,0,0,0,58,12,3,0
11250.0,-1200.0,0,0,0,0,36,14,1,0
29478.0,-1494.0,0,0,0,0,30,13,5,1
25155.0,-1900.0,0,0,0,1,39,12,3,1
52815.0,-400.0,0,0,0,0,34,18,1,0
83616.0,44500.0,1,0,0,0,42,12,1,0
35118.0,8499.0,1,0,0,1,34,15,7,1
21609.0,-600.0,0,0,0,1,46,11,4,0
36210.0,2100.0,0,0,0,1,47,12,3,1
15615.0,8.0,0,0,0,0,27,12,2,0
117651.0,115500.0,1,0,0,1,38,17,4,1
27792.0,1000.0,0,0,0,0,35,14,5,1
9366.0,100.0,0,0,0,0,26,14,1,0
4338.0,0.0,0,0,0,1,51,13,3,0
30636.0,-2422.0,0,0,0,1,50,12,2,0
45453.0,-2847.0,0,0,0,0,42,15,4,1
35805.0,150.0,0,0,0,0,38,15,4,0
11340.0,0.0,0,0,0,0,33,14,4,0
23394.0,-4888.0,0,0,0,1,56,12,2,0
13140.0,3000.0,0,0,0,0,32,12,2,0
59010.0,13425.0,0,0,0,1,64,15,2,1
45963.0,33200.0,1,0,0,1,36,13,3,1
14412.0,200.0,0,0,0,1,47,9,6,1
54060.0,50.0,0,0,0,0,29,14,3,1
33051.0,-6551.0,0,0,0,1,59,10,3,1
22482.0,-1440.0,0,0,0,0,37,14,1,0
50064.0,2900.0,0,0,0,1,39,13,3,1
18639.0,2500.0,0,0,0,0,30,12,2,0
54600.0,49700.0,1,0,0,1,52,12,4,0
40950.0,25200.0,0,0,0,0,30,18,1,0
55554.0,-2000.0,0,0,0,1,31,14,5,1
44070.0,12000.0,0,0,0,0,25,12,5,1
63204.0,96354.0,1,0,0,0,40,18,1,0
50304.0,-7524.0,0,0,0,0,37,13,4,1
33210.0,900.0,0,0,0,1,30,12,1,0
12960.0,0.0,0,0,0,0,28,12,1,0
22800.0,-980.0,0,0,0,1,39,15,3,0
35739.0,16.0,0,0,0,1,37,17,2,1
32388.0,300.0,0,0,0,1,52,12,2,1
21210.0,2000.0,0,0,0,0,36,16,1,0
22737.0,5700.0,0,0,0,1,47,15,2,0
24576.0,-9940.0,0,0,0,0,39,12,3,0
12036.0,200.0,0,0,0,1,56,10,3,0
23388.0,0.0,0,0,0,0,28,11,1,0
16731.0,949.0,0,0,0,0,33,12,1,0
20445.0,849.0,0,0,0,0,31,14,3,0
18015.0,2000.0,0,0,0,0,31,10,1,0
24879.0,-3665.0,0,0,0,1,38,12,5,1
38868.0,12000.0,1,0,0,1,40,11,4,1
29856.0,-6298.0,0,0,0,1,56,12,1,0
29100.0,-1100.0,0,0,0,1,36,16,4,1
42300.0,0.0,0,0,0,1,63,14,1,0
25800.0,10010.0,0,0,0,0,28,16,1,0
27840.0,300.0,0,0,0,1,43,16,3,0
116262.0,3200.0,0,0,0,0,42,18,4,1
51300.0,17900.0,1,0,0,1,35,15,5,1
18360.0,300.0,0,0,0,0,43,12,4,1
46956.0,71399.0,1,0,0,1,59,11,1,0
19587.0,4950.0,0,0,0,0,28,13,1,0
63858.0,-3700.0,0,0,0,1,31,12,5,1
106956.0,135573.0,1,0,0,1,53,16,3,1
26028.0,11800.0,0,0,0,0,31,12,5,1
24108.0,2500.0,0,0,0,1,61,12,4,1
19932.0,12000.0,0,0,0,1,30,12,1,0
4740.0,250.0,0,0,0,0,43,11,3,0
15459.0,15100.0,0,0,0,1,34,15,3,0
36945.0,550.0,0,0,0,0,32,14,4,1
29976.0,-4815.0,0,0,0,1,36,12,3,1
58080.0,72907.0,0,0,0,1,30,18,4,1
7680.0,50199.0,0,0,0,1,38,12,1,0
18294.0,425.0,0,0,0,0,32,12,2,0
51606.0,182749.0,1,0,0,1,55,16,3,1
49452.0,6540.0,0,0,0,1,53,12,2,1
20766.0,20400.0,1,0,0,1,61,12,4,1
29670.0,2900.0,0,0,0,0,29,16,3,1
22953.0,-1151.0,0,0,0,1,58,11,1,0
34680.0,0.0,0,0,0,0,32,14,3,1
32526.0,-1950.0,0,0,0,1,51,12,3,1
58446.0,-3900.0,0,0,0,0,27,16,2,1
96909.0,1900.0,0,0,0,1,53,12,4,1
63255.0,8700.0,0,0,0,1,44,17,5,1
18834.0,40.0,0,0,0,0,33,12,6,1
11736.0,-3861.0,0,0,0,0,58,8,3,0
60480.0,600.0,0,0,0,1,44,12,2,1
17256.0,1269.0,0,0,0,1,64,10,2,1
34452.0,7210.0,0,0,0,1,32,13,3,1
50850.0,-3496.0,0,0,0,1,35,13,4,1
48030.0,15098.0,1,0,0,1,50,14,4,1
58599.0,-5390.0,0,0,0,1,43,12,5,1
42150.0,18500.0,1,0,0,1,30,16,1,0
13449.0,5800.0,0,0,0,1,38,12,2,1
28296.0,1098.0,0,0,0,1,48,15,2,1
62886.0,22058.0,0,0,0,1,30,15,2,1
10695.0,-3270.0,0,0,0,1,31,10,5,1
25194.0,310.0,0,0,0,0,40,13,3,0
38490.0,8500.0,1,0,0,1,32,13,4,1
46743.0,96422.0,1,0,0,1,48,17,1,0
53520.0,200.0,0,0,0,0,34,13,3,1
35169.0,34999.0,1,0,0,1,55,14,2,1
21975.0,-5400.0,0,0,0,0,40,13,1,0
30300.0,14100.0,1,0,0,1,49,16,3,0
38940.0,36500.0,1,0,0,1,61,12,3,1
23052.0,-1050.0,0,0,0,1,61,12,2,0
55326.0,25450.0,1,0,0,0,55,18,1,0
48069.0,31379.0,1,0,0,1,43,18,4,1
24660.0,37000.0,1,0,0,1,59,12,2,0
22506.0,-6850.0,1,0,0,1,45,12,4,1
17475.0,-7400.0,0,0,0,0,35,13,1,0
51981.0,17496.0,0,0,0,1,58,15,5,1
43356.0,11733.0,0,0,0,1,57,16,2,0
43050.0,6350.0,0,0,0,1,35,14,2,0
27033.0,19.0,0,0,0,1,45,12,4,1
48300.0,4650.0,0,0,0,1,33,14,4,1
100086.0,-41101.0,1,0,0,0,52,14,2,1
25245.0,0.0,0,0,0,0,43,10,1,0
31968.0,0.0,0,0,0,1,45,18,1,0
12630.0,750.0,0,0,0,0,46,12,1,0
21267.0,3550.0,0,0,0,0,28,12,1,0
2541.0,40260.0,1,0,0,1,31,12,3,1
15642.0,-275.0,0,0,0,1,41,12,2,0
102009.0,85500.0,1,0,0,1,34,18,1,0
99159.0,11500.0,1,0,0,0,37,16,1,0
32928.0,1680.0,0,0,0,0,38,16,2,0
28080.0,-4100.0,0,0,0,1,26,14,4,1
23391.0,140.0,1,0,0,0,46,12,2,1
23937.0,-2200.0,0,0,0,1,38,14,3,0
24945.0,-3490.0,0,0,0,1,42,12,3,1
33300.0,-1701.0,0,0,0,1,39,12,4,1
5085.0,0.0,0,0,0,0,35,12,4,0
2736.0,499.0,0,0,0,0,31,12,1,0
17817.0,1700.0,0,0,0,1,42,9,1,0
47040.0,41649.0,0,0,0,1,60,12,4,1
39528.0,-15718.0,1,0,0,0,55,10,2,1
28809.0,-11425.0,0,0,0,0,27,14,3,1
21621.0,-29.0,0,0,0,1,39,15,2,0
16647.0,-2480.0,0,0,0,1,34,12,4,0
13776.0,13497.0,0,0,0,1,59,7,1,0
35670.0,500.0,0,0,0,1,40,6,8,1
15708.0,-5400.0,0,0,0,1,33,12,2,0
22302.0,1000.0,0,0,0,0,58,12,2,1
24441.0,2000.0,0,0,0,0,36,14,2,0
24993.0,0.0,0,0,0,0,33,14,1,0
74670.0,72057.0,1,0,0,1,47,12,3,1
42264.0,4100.0,0,0,0,1,41,14,3,1
11730.0,1000.0,0,0,0,1,34,9,2,0
20970.0,11983.0,0,0,0,1,62,15,1,0
25500.0,-88.0,0,0,0,0,43,4,5,1
16818.0,-4800.0,0,0,0,1,47,14,8,0
13452.0,2500.0,1,0,0,0,32,12,1,0
11025.0,-34382.0,0,0,0,1,27,12,3,1
26733.0,11535.0,0,0,0,0,64,13,2,1
44247.0,934.0,0,0,0,1,41,16,5,1
13584.0,0.0,0,0,0,0,34,13,1,0
29280.0,5583.0,0,0,0,0,43,12,4,1
29820.0,14400.0,0,0,0,1,51,12,2,1
22434.0,66000.0,1,0,0,1,53,14,2,0
23382.0,-700.0,0,0,0,0,28,16,1,0
8868.0,-1640.0,0,0,0,0,31,12,4,0
45432.0,104766.0,1,0,0,1,62,12,3,1
65505.0,8649.0,0,0,0,1,36,17,4,1
12576.0,1748.0,0,0,0,0,48,12,2,1
3603.0,4.0,0,0,0,0,31,16,1,0
27540.0,20283.0,0,0,0,1,63,12,2,1
24225.0,-1900.0,0,0,0,0,42,14,2,0
43020.0,10000.0,1,0,0,1,58,13,4,1
31221.0,-3670.0,0,0,0,0,41,18,2,0
54504.0,-22913.0,0,0,0,0,48,12,3,1
18750.0,0.0,0,0,0,0,32,9,3,0
109125.0,104698.0,0,0,0,1,44,18,4,1
9303.0,-5626.0,0,0,0,0,38,14,3,0
33855.0,-4240.0,0,0,0,0,38,12,4,1
14850.0,14500.0,0,0,0,1,29,12,2,0
9150.0,150.0,0,0,0,1,58,13,1,0
11196.0,1000.0,0,0,0,0,33,12,3,0
12240.0,618.0,0,0,0,1,34,12,1,0
9354.0,397.0,0,0,0,0,35,7,6,1
19302.0,-500.0,0,0,0,1,50,12,6,1
19500.0,65000.0,1,0,0,0,48,18,1,0
46485.0,-4600.0,0,0,0,1,47,12,4,1
30075.0,4232.0,1,0,0,1,47,12,3,1
34263.0,-7290.0,0,0,0,0,32,12,3,1
24060.0,1500.0,0,0,0,1,33,12,1,0
21609.0,-20930.0,0,0,0,0,32,16,5,1
15456.0,0.0,0,0,0,0,25,6,1,0
13110.0,-2815.0,0,0,0,1,26,13,1,0
10947.0,-4200.0,0,0,0,1,64,13,2,1
44982.0,5400.0,0,0,0,1,30,18,1,0
60225.0,-15800.0,0,0,0,1,37,16,1,0
27888.0,-425.0,0,0,0,0,32,6,6,1
14247.0,0.0,0,0,0,0,58,14,4,1
41490.0,4787.0,0,0,0,1,49,12,2,1
21780.0,3610.0,0,0,0,1,30,13,1,1
24060.0,-557.0,0,0,0,0,36,12,5,1
6204.0,-1229.0,0,0,0,0,34,12,4,0
29025.0,-4100.0,0,0,0,0,31,13,1,0
15444.0,600.0,0,0,0,0,27,12,7,1
28629.0,2500.0,0,0,0,0,32,15,1,0
39948.0,-9362.0,0,0,0,1,30,13,3,1
64332.0,42196.0,0,0,0,1,56,12,5,1
30396.0,-1450.0,0,0,0,1,38,12,3,0
28440.0,11100.0,0,0,0,0,29,13,1,0
38505.0,-10200.0,0,0,0,1,39,18,1,0
11652.0,0.0,0,0,0,0,25,12,3,0
16488.0,-1422.0,0,0,0,1,27,11,6,1
9849.0,-246.0,0,0,0,0,29,12,1,0
9690.0,-995.0,0,0,0,1,32,10,2,0
19203.0,-3900.0,0,0,0,0,26,15,1,1
76338.0,5000.0,0,0,0,1,47,13,4,1
29220.0,-7001.0,0,0,0,0,36,14,4,1
38949.0,599.0,0,0,0,1,60,12,2,1
14877.0,-30500.0,0,0,0,1,31,12,5,1
14538.0,50370.0,0,0,0,1,55,12,1,0
54300.0,2500.0,0,0,0,1,27,18,1,0
32430.0,450.0,0,0,0,1,30,12,4,1
105783.0,42000.0,1,0,0,1,59,12,2,1
32628.0,87449.0,1,0,0,0,52,16,1,0
22188.0,-300.0,0,0,0,1,55,11,5,1
16650.0,2499.0,0,0,0,0,59,12,2,0
45510.0,4000.0,1,0,0,1,43,18,4,1
25254.0,7798.0,0,0,0,0,45,6,6,1
43440.0,8599.0,0,0,0,0,36,16,4,1
28380.0,11100.0,0,0,0,1,34,12,4,1
19443.0,-600.0,0,0,0,0,30,16,1,0
26985.0,-9700.0,0,0,0,1,34,13,2,0
22617.0,-1550.0,0,0,0,1,41,12,4,1
73017.0,46447.0,1,0,0,1,48,18,3,1
16116.0,0.0,0,0,0,0,30,12,4,1
68214.0,8215.0,1,0,0,1,28,14,3,1
37680.0,0.0,0,0,0,0,28,12,3,1
100692.0,56500.0,0,0,0,1,39,16,6,1
25200.0,2610.0,0,0,0,0,43,15,1,0
51663.0,-12251.0,0,0,0,0,43,12,3,1
15450.0,5800.0,0,0,0,1,51,8,2,1
16788.0,-6400.0,0,0,0,1,37,12,4,1
14646.0,-2350.0,0,0,0,0,36,11,2,0
29400.0,27960.0,1,0,0,1,53,12,2,1
82575.0,31169.0,0,0,0,1,36,16,6,1
17280.0,0.0,0,0,0,0,25,6,4,1
17988.0,-12500.0,0,0,0,1,47,11,5,1
79500.0,8513.0,0,0,0,1,33,16,4,1
44670.0,5741.0,0,0,0,0,29,14,4,1
57612.0,515.0,0,0,0,1,28,16,2,1
4518.0,500.0,0,0,0,0,26,16,1,0
19440.0,0.0,0,0,0,0,30,14,3,0
42330.0,8599.0,0,0,0,0,31,12,4,1
24792.0,-1150.0,0,0,0,0,29,13,2,0
26388.0,866.0,0,0,0,0,26,13,4,1
21000.0,32000.0,0,0,0,1,37,17,2,0
24840.0,200.0,0,0,0,0,39,12,2,0
39465.0,-4751.0,0,0,0,0,32,14,5,1
14460.0,1000.0,0,0,0,0,28,16,3,0
21150.0,-1950.0,0,0,0,1,32,14,2,1
21600.0,-500.0,0,0,0,0,52,17,1,0
27174.0,-93000.0,0,0,0,1,59,14,3,1
92700.0,224500.0,1,0,0,1,44,16,1,0
71703.0,225000.0,1,0,0,1,38,16,1,0
40245.0,2078.0,0,0,0,1,42,12,6,1
17694.0,0.0,0,0,0,0,38,12,1,0
12837.0,0.0,0,0,0,1,33,13,2,0
37425.0,6200.0,0,0,0,1,25,12,2,1
12240.0,-1910.0,0,0,0,1,42,12,4,0
7920.0,30.0,0,0,0,1,56,12,1,0
45420.0,34000.0,0,0,0,0,39,13,1,0
26400.0,83400.0,1,0,0,0,52,12,3,1
36369.0,-2550.0,0,0,0,0,46,13,3,1
58878.0,-665.0,0,0,0,1,33,12,6,1
73650.0,2000.0,0,0,0,1,48,17,4,1
7200.0,-960.0,0,0,0,1,39,12,5,1
38028.0,1000.0,0,0,0,1,64,9,2,1
13650.0,0.0,0,0,0,0,39,12,3,0
51615.0,-3200.0,0,0,0,0,31,18,4,1
30435.0,15349.0,0,0,0,1,47,8,7,1
37416.0,-16725.0,0,0,0,0,48,16,3,1
58149.0,-932.0,0,0,0,0,33,12,3,1
26400.0,80000.0,0,0,0,1,60,16,2,0
17214.0,0.0,0,0,0,0,44,14,1,0
20340.0,-1267.0,0,0,0,1,38,14,4,1
29076.0,-3050.0,0,0,0,1,42,12,3,1
37398.0,18449.0,1,0,0,1,31,16,3,1
36075.0,-600.0,0,0,0,1,42,12,5,1
22800.0,6.0,0,0,0,1,40,11,5,1
15801.0,-50.0,0,0,0,1,60,12,2,1
21822.0,5299.0,0,0,0,1,58,12,1,0
19254.0,-1100.0,0,0,0,0,28,12,1,0
64500.0,5900.0,0,0,0,1,47,15,3,1
23970.0,-5000.0,0,0,0,1,30,13,4,1
25191.0,-19950.0,0,0,0,1,34,18,1,0
17580.0,0.0,0,0,0,1,37,10,5,0
11394.0,-26.0,0,0,0,1,62,14,1,0
22941.0,0.0,0,0,0,1,42,12,4,0
25200.0,-1350.0,0,0,0,0,27,13,1,0
11940.0,0.0,0,0,0,0,27,12,4,1
34731.0,100.0,0,0,0,1,45,12,3,1
5133.0,310.0,0,0,0,0,38,15,1,1
48300.0,48950.0,1,0,0,0,43,18,1,0
15720.0,0.0,0,0,0,0,37,10,4,0
9642.0,300.0,0,0,0,0,64,10,1,0
11520.0,-4625.0,0,0,0,0,58,11,3,0
7776.0,-26000.0,0,0,0,1,60,8,1,0
51654.0,29338.0,1,0,0,1,47,13,4,1
56082.0,9800.0,0,0,0,0,28,17,2,1
16215.0,-400.0,0,0,0,1,32,8,8,1
27696.0,-23.0,0,0,0,1,42,12,2,1
20691.0,-700.0,0,0,0,0,51,12,3,1
64050.0,22500.0,1,0,0,1,61,12,2,1
28527.0,-5000.0,0,0,0,1,36,15,3,1
15195.0,-348.0,0,0,0,0,32,14,1,0
9759.0,-2883.0,0,0,0,1,38,5,7,1
12444.0,-500.0,0,0,0,0,36,8,4,1
54492.0,-1690.0,0,0,0,1,44,15,2,1
54738.0,5673.0,0,0,0,1,45,13,4,1
9561.0,-2264.0,0,0,0,0,41,13,3,0
15360.0,-2100.0,0,0,0,0,31,11,1,0
10044.0,300.0,0,0,0,0,41,8,6,1
24060.0,500.0,0,0,0,0,32,12,4,1
29301.0,13500.0,0,0,0,1,56,16,2,0
7929.0,500.0,0,0,0,0,27,18,1,1
25923.0,3750.0,0,0,0,1,49,14,1,0
14493.0,-4414.0,1,0,0,0,51,9,2,0
13818.0,49999.0,0,0,0,1,52,16,1,0
12240.0,0.0,0,0,0,1,35,11,1,0
67320.0,16550.0,1,0,0,1,36,12,4,1
17238.0,-2905.0,0,0,0,1,31,1,3,0
9000.0,-2085.0,0,0,0,1,40,13,6,1
42510.0,3700.0,0,0,0,1,29,14,2,1
15990.0,-1345.0,0,0,0,1,31,14,3,0
25500.0,-1300.0,0,0,0,1,62,9,3,1
68457.0,11946.0,1,0,0,1,45,16,5,1
21660.0,1450.0,0,0,0,0,29,12,4,1
45288.0,-11566.0,0,0,0,0,34,14,2,1
48000.0,0.0,0,0,0,0,41,18,1,0
41655.0,2350.0,1,0,0,1,48,10,3,1
20418.0,70.0,0,0,0,0,26,10,1,0
29868.0,6.0,0,0,0,0,37,11,3,1
47457.0,-9123.0,0,0,0,1,43,13,4,1
19770.0,33000.0,0,0,0,1,54,12,3,0
10098.0,-500.0,0,0,0,1,38,12,2,0
71928.0,230097.0,1,0,0,1,48,16,4,1
15300.0,-18294.0,0,0,0,0,33,16,1,0
54411.0,13800.0,1,0,0,1,32,13,4,1
25770.0,7501.0,0,0,0,0,39,17,2,1
24000.0,200.0,0,0,0,1,51,12,2,1
46791.0,1370.0,0,0,0,1,49,12,2,1
18264.0,-11000.0,0,0,0,1,51,14,2,0
76230.0,136000.0,1,0,0,1,57,18,1,0
71259.0,8000.0,0,0,0,1,28,16,2,1
37539.0,26499.0,1,0,0,1,55,15,1,0
52035.0,65805.0,1,0,0,1,38,15,4,1
42672.0,27150.0,0,0,0,1,40,12,4,1
17136.0,15.0,0,0,0,0,34,14,3,0
36894.0,12300.0,0,0,0,1,33,16,4,1
16620.0,1200.0,1,0,0,1,62,12,1,0
92775.0,14900.0,0,0,0,1,42,16,5,1
19563.0,-5400.0,0,0,0,0,43,16,1,0
69552.0,26000.0,0,0,0,1,45,18,4,1
2025.0,-3600.0,0,0,0,0,26,16,1,0
60594.0,-2172.0,0,0,0,1,39,16,4,1
16875.0,10300.0,0,0,0,1,40,12,4,1
65457.0,50192.0,1,0,0,1,63,18,1,0
30480.0,-3980.0,1,0,0,1,36,16,1,0
68244.0,-2800.0,0,0,0,1,45,17,4,1
19236.0,-3000.0,0,0,0,0,37,14,1,0
4056.0,0.0,0,0,0,0,27,10,3,0
40854.0,25618.0,1,0,0,1,59,12,2,1
8622.0,-3300.0,0,0,0,0,36,16,1,0
73710.0,131350.0,1,0,0,1,43,18,2,1
16686.0,-1400.0,0,0,0,0,34,10,4,1
33291.0,455.0,1,0,0,0,52,16,3,1
59901.0,13500.0,1,0,0,1,27,15,2,1
27732.0,0.0,0,0,0,1,54,11,2,1
16797.0,8300.0,0,0,0,1,44,13,4,1
25332.0,-3975.0,0,0,0,1,46,12,2,0
7779.0,68.0,0,0,0,0,28,13,1,0
109608.0,-9000.0,0,0,0,1,33,18,4,1
92790.0,264100.0,1,0,0,1,56,14,2,1
10800.0,0.0,0,0,0,0,39,12,2,0
46239.0,-14750.0,0,0,0,1,33,18,3,1
7011.0,0.0,0,0,0,0,62,9,1,0
18582.0,3500.0,0,0,0,0,35,12,1,0
77730.0,125599.0,1,0,0,1,44,12,4,1
30957.0,-2342.0,0,0,0,0,25,14,2,1
11352.0,25.0,0,0,0,0,28,12,1,0
36300.0,9499.0,0,0,0,0,29,16,1,0
20193.0,5748.0,0,0,0,1,51,13,2,1
14070.0,-200.0,0,0,0,1,43,4,4,1
85515.0,66691.0,0,0,0,1,49,18,2,1
21138.0,-108.0,0,0,0,1,64,12,2,1
39000.0,0.0,0,0,0,0,27,12,4,0
9402.0,-30000.0,0,0,0,1,26,12,2,1
89175.0,-200.0,0,0,0,1,43,18,3,1
80796.0,23750.0,1,0,0,1,63,12,2,1
53760.0,2600.0,0,0,0,1,34,14,5,0
44559.0,63800.0,0,0,0,0,29,12,2,1
11340.0,0.0,0,0,0,0,31,12,1,0
30000.0,-5490.0,0,0,0,0,42,18,3,0
59523.0,2049.0,0,0,0,1,40,14,3,1
12171.0,2132.0,1,0,0,1,64,12,1,0
1200.0,-20157.0,0,0,0,0,44,17,1,0
4890.0,4999.0,0,0,0,0,32,10,1,0
13464.0,400.0,0,0,0,0,27,12,2,0
93129.0,4500.0,0,0,0,1,35,16,4,1
68076.0,12000.0,0,0,0,1,62,16,5,1
9600.0,0.0,0,0,0,0,48,9,2,1
7869.0,-479.0,0,0,0,0,28,11,1,0
11490.0,-8800.0,0,0,0,1,56,12,2,1
26514.0,0.0,0,0,0,0,29,15,2,1
33360.0,-4980.0,0,0,0,1,38,12,5,1
53562.0,13493.0,0,0,0,0,34,17,1,0
4140.0,0.0,0,0,0,1,57,4,3,0
11550.0,0.0,0,0,0,0,30,14,2,0
28875.0,28649.0,0,0,0,1,60,12,3,0
50400.0,-611.0,0,0,0,0,26,16,3,1
14994.0,0.0,0,0,0,0,53,2,1,0
44424.0,-3801.0,0,0,0,0,30,12,2,1
24372.0,0.0,0,0,0,0,26,13,1,0
28830.0,6899.0,1,0,0,0,26,12,1,0
49434.0,-200.0,0,0,0,0,31,16,2,1
107922.0,161626.0,1,0,0,1,48,15,4,1
57291.0,18000.0,1,0,0,1,51,14,2,1
61744.0,5719.0,1,0,0,1,42,12,3,1
16320.0,0.0,0,0,0,0,50,12,6,1
19446.0,-1600.0,0,0,0,1,37,11,4,1
32850.0,3000.0,0,0,0,0,43,12,4,1
20340.0,10150.0,1,0,0,1,49,14,2,0
20910.0,79966.0,1,0,0,1,47,12,4,1
16500.0,0.0,0,0,0,0,51,12,5,1
53337.0,5800.0,0,0,0,1,29,18,2,1
56514.0,55798.0,1,0,0,1,52,18,2,0
39954.0,-9200.0,0,0,0,0,40,16,3,1
10080.0,0.0,0,0,0,0,29,12,2,0
38946.0,33700.0,1,0,0,1,47,12,4,1
36000.0,-3060.0,0,0,0,1,25,11,4,1
11775.0,0.0,0,0,0,0,64,7,3,1
29106.0,2800.0,1,0,0,1,34,16,4,1
50550.0,-2890.0,0,0,0,0,38,12,6,1
95706.0,-4537.0,1,0,0,0,41,16,5,1
32010.0,-1305.0,0,0,0,1,33,13,4,1
8382.0,-100.0,0,0,0,1,61,12,2,1
43044.0,-895.0,0,0,0,1,43,11,7,1
11898.0,3000.0,0,0,0,1,33,12,2,0
23370.0,955.0,0,0,0,0,29,14,1,0
35847.0,24300.0,1,0,0,1,51,12,1,0
26370.0,-3601.0,0,0,0,1,36,14,6,1
26985.0,3199.0,0,0,0,1,42,14,4,1
35520.0,-12797.0,0,0,0,1,41,12,3,1
33138.0,1849.0,0,0,0,0,42,14,1,0
42777.0,0.0,0,0,0,0,39,7,2,1
27696.0,231759.0,1,0,0,0,57,13,1,0
46800.0,11500.0,1,0,0,1,44,18,3,1
24615.0,-11400.0,0,0,0,1,40,12,4,1
45102.0,3749.0,0,0,0,1,51,13,2,1
10200.0,0.0,0,0,0,1,42,9,1,0
12933.0,988.0,0,0,0,1,27,12,2,0
30540.0,2500.0,0,0,0,1,37,14,3,1
19125.0,0.0,0,0,0,0,39,13,4,0
77334.0,95999.0,1,0,0,1,34,12,3,1
15810.0,-3200.0,0,0,0,0,60,12,3,1
16500.0,250.0,0,0,0,1,30,9,1,0
14466.0,-1501.0,0,0,0,1,61,9,2,1
19263.0,-200.0,0,0,0,1,39,13,3,0
8247.0,-200.0,0,0,0,0,30,5,4,0
56646.0,21299.0,0,0,0,1,49,12,2,1
90234.0,45060.0,1,0,0,1,54,14,2,1
40326.0,-2965.0,0,0,0,1,48,11,4,1
17844.0,0.0,0,0,0,0,43,8,3,0
29880.0,6000.0,0,0,0,1,28,12,3,1
26034.0,800.0,0,0,0,0,62,10,6,1
55152.0,28700.0,1,0,0,1,36,12,4,1
41697.0,10450.0,0,0,0,1,52,12,2,1
99330.0,17407.0,1,0,0,1,38,18,3,1
0.0,0.0,0,0,0,0,60,7,1,0
20910.0,-800.0,0,0,0,1,53,12,5,1
12633.0,-256.0,0,0,0,1,37,12,4,0
27720.0,5.0,0,0,0,0,44,13,5,1
31830.0,3200.0,0,0,0,1,48,14,1,0
26865.0,-1945.0,0,0,0,1,29,12,4,1
15840.0,-10600.0,0,0,0,0,30,18,2,1
6075.0,-2100.0,0,0,0,1,46,10,4,1
47904.0,-7195.0,0,0,0,0,31,12,3,1
31500.0,0.0,0,0,0,1,38,13,3,0
21402.0,3800.0,0,0,0,0,36,12,1,0
15420.0,1999.0,0,0,0,0,29,14,1,0
14400.0,56388.0,0,0,0,1,48,12,4,1
22140.0,-10030.0,0,0,0,0,32,13,3,1
18000.0,800.0,1,0,0,0,27,18,1,0
51327.0,29820.0,1,0,0,1,45,18,2,1
16800.0,50.0,1,0,0,0,30,16,2,0
1530.0,0.0,0,0,0,0,29,11,1,0
20661.0,105070.0,1,0,0,1,53,12,5,0
12522.0,-2350.0,0,0,0,0,39,12,5,1
45252.0,-6013.0,0,0,0,0,28,15,4,1
55311.0,-13092.0,0,0,0,0,26,18,2,1
22140.0,1690.0,0,0,0,0,35,12,3,0
16266.0,-3244.0,0,0,0,0,25,13,2,1
71598.0,-1750.0,0,0,0,1,27,15,2,1
27375.0,-1200.0,0,0,0,1,41,12,4,1
14172.0,0.0,0,0,0,0,25,14,1,0
60960.0,111200.0,1,0,0,1,47,11,2,1
5106.0,-700.0,0,0,0,1,47,12,1,0
28035.0,100.0,0,0,0,1,41,12,3,1
84900.0,214300.0,1,0,0,1,43,18,3,1
7650.0,-2030.0,0,0,0,0,30,15,2,0
7638.0,15.0,0,0,0,0,46,13,4,0
24192.0,-701.0,0,0,0,1,28,16,2,0
19215.0,300.0,0,0,0,0,29,12,1,0
10176.0,0.0,0,0,0,1,32,11,5,1
65028.0,47700.0,1,0,0,1,62,12,2,1
25710.0,4200.0,0,0,0,1,55,13,1,0
9408.0,0.0,0,0,0,0,28,9,5,0
32646.0,-9300.0,0,0,0,1,41,12,2,0
37992.0,-12600.0,0,0,0,1,59,12,7,1
29946.0,150.0,0,0,0,1,37,18,4,1
28143.0,200.0,0,0,0,1,38,12,4,1
28800.0,-3350.0,0,0,0,0,36,18,1,0
47292.0,58500.0,0,0,0,1,47,16,1,0
25308.0,-1400.0,1,0,0,1,29,12,4,1
8700.0,0.0,0,0,0,0,39,16,3,0
11400.0,-300.0,0,0,0,1,43,12,4,0
31098.0,20299.0,0,0,0,1,55,13,1,0
22752.0,-6700.0,0,0,0,1,40,12,4,0
44610.0,-4015.0,0,0,0,0,40,12,6,1
30000.0,169199.0,1,0,0,1,59,12,2,1
36675.0,5509.0,0,0,0,1,27,12,3,1
15774.0,800.0,0,0,0,0,28,12,1,0
58143.0,7765.0,1,0,0,1,37,14,2,1
10350.0,-100.0,0,0,0,0,31,12,2,0
7110.0,0.0,0,0,0,0,38,12,2,0
44874.0,12000.0,0,0,0,0,38,12,1,0
49263.0,32299.0,0,0,0,1,48,12,4,1
10200.0,0.0,0,0,0,1,30,14,4,1
50025.0,-6400.0,0,0,0,1,45,12,2,1
56913.0,35883.0,1,0,0,1,39,16,3,1
47499.0,70600.0,1,0,0,1,39,18,1,0
24675.0,34271.0,1,0,0,1,64,12,4,1
22959.0,1500.0,0,0,0,1,31,12,4,1
61398.0,-1240.0,0,0,0,1,40,14,4,1
12975.0,150.0,0,0,0,1,59,12,4,0
36744.0,5092.0,1,0,0,1,29,12,1,0
11451.0,0.0,0,0,0,0,31,10,4,0
31350.0,4199.0,1,0,0,1,29,13,2,1
13428.0,7179.0,0,0,0,0,28,12,2,1
27786.0,20348.0,0,0,0,1,45,12,3,1
199041.0,1305500.0,1,0,0,1,59,16,3,1
15300.0,3000.0,1,0,0,0,44,9,2,1
41790.0,145720.0,1,0,0,1,63,13,2,1
28599.0,4498.0,0,0,0,1,32,12,1,0
9843.0,4800.0,0,0,0,1,55,7,1,0
11910.0,-2501.0,0,0,0,1,52,12,1,0
49701.0,97000.0,1,0,0,0,59,12,1,0
49656.0,350.0,0,0,0,1,44,13,6,1
33000.0,-12400.0,0,0,0,1,37,12,2,0
38844.0,398.0,0,0,0,0,41,12,4,1
26496.0,-250.0,0,0,0,0,32,16,1,1
28356.0,1999.0,0,0,0,0,30,12,4,1
33381.0,-1600.0,0,0,0,0,29,12,1,0
34437.0,-2645.0,0,0,0,1,48,13,3,1
14928.0,-50.0,0,0,0,1,42,12,4,0
26118.0,800.0,0,0,0,1,52,11,3,1
17055.0,1500.0,0,0,0,0,36,13,2,0
28908.0,26000.0,1,0,0,1,64,18,1,0
63303.0,-11200.0,1,0,0,1,31,12,4,1
54960.0,90349.0,0,0,0,1,35,12,4,1
20400.0,-5700.0,0,0,0,0,26,12,1,0
51984.0,1300.0,0,0,0,1,28,14,2,1
25809.0,10650.0,1,0,0,0,30,14,3,1
60108.0,4999.0,0,0,0,0,34,18,2,1
52200.0,9499.0,0,0,0,0,29,16,2,1
24051.0,8000.0,0,0,0,0,28,12,4,1
21462.0,-301.0,0,0,0,1,54,6,2,1
31440.0,-9840.0,0,0,0,1,28,12,4,1
15912.0,-444.0,0,0,0,0,31,12,3,0
17412.0,0.0,0,0,0,0,39,12,3,0
240.0,-16000.0,0,0,0,0,41,12,1,0
24564.0,-1170.0,0,0,0,0,27,16,1,0
17244.0,35000.0,1,0,0,1,53,15,3,1
30630.0,-3200.0,0,0,0,0,32,10,4,1
19245.0,59262.0,1,0,0,1,58,12,1,0
35340.0,-451.0,0,0,0,1,45,12,3,0
37167.0,5000.0,0,0,0,0,35,16,2,1
24000.0,-900.0,0,0,0,0,32,12,5,1
8160.0,-1450.0,0,0,0,0,56,12,1,0
17040.0,-1200.0,0,0,0,0,52,14,1,0
23661.0,4100.0,0,0,0,0,33,16,1,0
3780.0,4447.0,1,0,0,0,53,4,1,0
40584.0,9606.0,1,0,0,0,27,16,1,0
19044.0,20.0,0,0,0,0,40,12,4,0
22698.0,-2300.0,0,0,0,0,34,14,3,0
30255.0,4250.0,1,0,0,0,26,18,1,0
1035.0,0.0,0,0,0,0,41,16,1,0
20067.0,29000.0,0,0,0,1,58,17,3,0
17100.0,800.0,0,0,0,0,28,12,3,0
22092.0,41710.0,0,0,0,1,47,14,3,0
33750.0,-3000.0,0,0,0,0,25,16,1,0
44460.0,-46700.0,0,0,0,0,32,14,4,1
19284.0,-2300.0,0,0,0,0,36,12,5,1
13500.0,0.0,0,0,0,0,51,12,2,0
41925.0,-11600.0,0,0,0,0,33,14,3,1
23310.0,-350.0,0,0,0,1,62,12,1,0
20916.0,900.0,0,0,0,0,28,12,1,0
32628.0,208842.0,1,0,0,1,37,16,3,1
29529.0,-980.0,0,0,0,0,56,12,4,1
35331.0,11140.0,0,0,0,1,32,15,1,0
27600.0,999.0,0,0,0,1,31,12,4,1
15291.0,20262.0,0,0,0,0,27,14,1,0
18402.0,2999.0,0,0,0,1,60,8,5,0
11250.0,499.0,0,0,0,1,38,6,4,1
21090.0,100.0,0,0,0,1,52,14,4,1
6312.0,0.0,0,0,0,0,60,1,1,0
14670.0,-14500.0,0,0,0,0,26,12,2,1
52647.0,2318.0,1,0,0,1,40,13,3,1
25380.0,22999.0,1,0,0,1,64,10,1,0
36993.0,-900.0,1,0,0,0,34,16,1,0
19131.0,500.0,0,0,0,1,28,13,3,1
10200.0,200.0,0,0,0,0,41,12,2,0
8928.0,-40.0,0,0,0,0,27,12,3,0
59229.0,-8752.0,0,0,0,1,38,12,5,1
59331.0,-9400.0,0,0,0,1,27,12,2,1
22110.0,-3400.0,0,0,0,1,35,14,4,1
6801.0,75.0,0,0,0,0,42,12,3,0
17106.0,1000.0,0,0,0,1,40,12,2,1
19701.0,-3036.0,0,0,0,1,28,6,4,1
18075.0,4638.0,1,0,0,1,27,13,3,0
46998.0,-3500.0,0,0,0,1,32,8,7,1
11721.0,-68850.0,0,0,0,1,31,18,1,0
29898.0,-10250.0,0,0,0,0,49,12,5,1
38679.0,79757.0,1,0,0,1,55,12,1,0
19260.0,999.0,0,0,0,1,35,12,4,1
7824.0,-13551.0,0,0,0,0,41,14,1,0
23892.0,-875.0,0,0,0,0,43,12,6,1
44376.0,24999.0,0,0,0,1,48,12,1,0
19644.0,-14901.0,0,0,0,0,30,12,2,0
23970.0,0.0,0,0,0,0,28,15,4,1
26772.0,-8300.0,0,0,0,1,36,15,1,0
33219.0,7600.0,0,0,0,1,58,12,4,1
33084.0,999.0,0,0,0,1,59,12,2,1
34248.0,47199.0,0,0,0,1,55,17,2,0
95592.0,29000.0,1,0,0,1,36,17,4,1
12114.0,7300.0,1,0,0,0,25,16,1,0
17427.0,-825.0,0,0,0,1,30,13,2,1
90000.0,34420.0,1,0,0,1,42,18,5,1
29475.0,1700.0,0,0,0,1,42,18,5,0
56664.0,-1275.0,0,0,0,0,25,15,2,0
17088.0,0.0,0,0,0,0,48,6,3,0
41130.0,110.0,0,0,0,1,28,14,2,1
14580.0,3000.0,0,0,0,0,32,12,2,1
21420.0,-1245.0,0,0,0,0,52,11,5,1
10422.0,0.0,0,0,0,0,59,12,6,1
25326.0,400.0,0,0,0,0,33,10,4,1
20460.0,0.0,0,0,0,1,27,12,3,1
33804.0,5217.0,1,0,0,1,32,12,5,1
40800.0,-3000.0,0,0,0,0,32,12,1,0
12750.0,-53640.0,0,0,0,0,43,16,6,1
12915.0,2149.0,0,0,0,1,40,12,4,0
16122.0,-1855.0,0,0,0,1,34,13,3,1
16200.0,-2600.0,1,0,0,0,39,13,4,1
40194.0,8300.0,1,0,0,0,40,12,3,1
22047.0,249.0,0,0,0,1,52,12,4,1
54966.0,1400.0,0,0,0,1,33,18,3,1
16290.0,2863.0,0,0,0,0,56,12,1,0
62808.0,-2800.0,0,0,0,1,33,16,3,1
66603.0,-1800.0,0,0,0,1,52,12,3,1
14310.0,450.0,0,0,0,0,54,10,2,1
19680.0,80.0,0,0,0,0,48,12,4,1
22263.0,4310.0,1,0,0,0,50,13,2,0
7041.0,0.0,0,0,0,0,47,12,2,0
43116.0,23699.0,0,0,0,1,31,14,1,0
4875.0,13000.0,0,0,0,0,57,12,1,0
102996.0,8000.0,0,0,0,1,29,12,4,1
17853.0,-735.0,0,0,0,0,25,10,3,0
44853.0,-3530.0,0,0,0,1,31,16,4,1
13404.0,8999.0,1,0,0,1,58,11,1,0
23244.0,400.0,0,0,0,1,60,12,1,0
31587.0,22998.0,0,0,0,1,54,10,2,1
33843.0,0.0,0,0,0,0,35,10,2,0
7596.0,350.0,0,0,0,0,45,13,3,0
67575.0,72450.0,1,0,0,0,29,18,2,1
21216.0,-1480.0,0,0,0,0,35,14,10,1
32676.0,9000.0,0,0,0,1,40,18,3,0
34920.0,18200.0,0,0,0,1,53,12,2,1
9933.0,8699.0,0,0,0,1,35,12,2,1
67602.0,6049.0,1,0,0,1,44,16,7,1
33759.0,-2051.0,0,0,0,1,35,13,3,1
12930.0,3000.0,0,0,0,0,38,10,5,1
14895.0,-100.0,0,0,0,0,25,14,1,0
17280.0,0.0,0,0,0,0,46,12,6,0
12294.0,39499.0,1,0,0,1,63,16,2,1
22074.0,-1701.0,0,0,0,1,54,12,2,0
22893.0,41499.0,1,0,0,0,61,18,1,0
16845.0,300.0,0,0,0,1,34,11,1,0
51591.0,5298.0,0,0,0,0,48,16,5,1
40830.0,-4390.0,0,0,0,1,27,14,3,1
34680.0,2600.0,1,0,0,0,61,16,1,0
15600.0,-13375.0,0,0,0,0,39,13,4,1
48300.0,13500.0,1,0,0,1,44,16,3,1
25020.0,84000.0,1,0,0,0,62,12,2,0
13497.0,49.0,0,0,0,1,64,10,4,0
11592.0,-3000.0,0,0,0,1,46,12,3,0
27345.0,409.0,0,0,0,1,34,10,5,1
32022.0,449.0,0,0,0,0,35,14,3,1
29364.0,-9100.0,0,0,0,0,30,18,1,0
17076.0,-2000.0,0,0,0,1,45,10,3,1
61857.0,65330.0,1,0,0,1,42,14,5,1
8574.0,-7075.0,0,0,0,0,36,16,1,0
9864.0,0.0,0,0,0,0,48,12,1,0
18348.0,300.0,0,0,0,1,50,6,4,0
34131.0,1208.0,0,0,0,1,46,15,7,1
43425.0,3749.0,1,0,0,1,60,11,4,1
57870.0,2000.0,0,0,0,1,29,13,4,1
33849.0,-1500.0,0,0,0,0,28,13,1,0
18819.0,-1000.0,0,0,0,0,31,14,1,0
65661.0,133249.0,1,0,0,1,54,12,4,1
34647.0,4999.0,0,0,0,0,35,15,1,0
22791.0,700.0,0,0,0,0,52,6,4,1
47043.0,22300.0,0,0,0,1,38,16,5,1
22416.0,112000.0,1,0,0,0,44,18,1,0
24660.0,24100.0,1,0,0,1,40,17,2,0
13260.0,0.0,0,0,0,1,41,13,2,0
18360.0,750.0,0,0,0,0,26,15,1,0
8880.0,-3413.0,0,0,0,0,45,6,3,1
40665.0,2000.0,0,0,0,1,54,12,2,1
27120.0,0.0,0,0,0,1,25,12,4,1
38124.0,45900.0,1,0,0,1,64,11,2,1
21945.0,6000.0,0,0,0,1,39,16,1,0
66450.0,73000.0,1,0,0,1,48,12,2,1
35283.0,13409.0,0,0,0,1,35,12,5,1
16200.0,500.0,0,0,0,0,41,12,1,0
39957.0,-2736.0,0,0,0,0,30,16,4,1
46632.0,20300.0,0,0,0,1,50,12,2,1
16560.0,-29050.0,0,0,0,0,48,18,2,0
24600.0,1999.0,0,0,0,0,30,7,1,0
15300.0,0.0,0,0,0,1,38,17,1,0
20565.0,0.0,0,0,0,1,31,15,3,0
30720.0,3446.0,0,0,0,0,47,15,2,0
17481.0,0.0,0,0,0,1,30,6,5,1
39648.0,8250.0,1,0,0,1,62,17,2,1
24711.0,-21950.0,0,0,0,1,33,16,1,0
35061.0,22000.0,0,0,0,0,41,12,3,1
30240.0,920.0,0,0,0,1,45,14,3,0
7962.0,0.0,0,0,0,0,31,12,2,0
21390.0,35699.0,1,0,0,1,55,18,2,0
10590.0,-7773.0,0,0,0,1,47,12,3,0
6090.0,-720.0,0,0,0,0,33,12,4,1
57585.0,1594.0,0,0,0,0,30,18,3,1
46506.0,7799.0,0,0,0,0,25,14,2,1
13851.0,15.0,0,0,0,0,42,8,4,0
39000.0,4499.0,0,0,0,1,37,12,2,0
34680.0,1600.0,0,0,0,1,40,15,5,1
16590.0,-11601.0,0,0,0,0,33,12,5,1
69936.0,-2195.0,0,0,0,1,31,16,4,1
12720.0,0.0,0,0,0,0,32,8,3,1
55200.0,999.0,0,0,0,1,31,16,3,1
27930.0,-900.0,0,0,0,0,30,6,3,1
39468.0,98.0,0,0,0,1,37,12,3,1
84495.0,12898.0,0,0,0,1,41,18,6,1
12207.0,-843.0,0,0,0,0,32,12,1,0
15384.0,-800.0,0,0,0,1,42,13,7,1
27036.0,-540.0,0,0,0,1,31,12,4,1
70650.0,25000.0,1,0,0,1,40,15,4,1
45360.0,-4500.0,0,0,0,0,28,18,1,0
29661.0,1770.0,1,0,0,0,27,16,1,0
6900.0,0.0,0,0,0,0,33,10,2,0
19200.0,-9400.0,0,0,0,0,31,12,3,0
36975.0,-3000.0,0,0,0,0,58,12,4,1
62520.0,-500.0,0,0,0,0,29,16,2,1
44400.0,8897.0,1,0,0,1,36,13,5,1
25992.0,28499.0,1,0,0,1,61,16,4,0
36984.0,-8000.0,1,0,0,1,39,18,1,0
11460.0,-1490.0,0,0,0,0,26,9,4,1
57657.0,97500.0,1,0,0,1,41,3,3,1
30669.0,-500.0,1,0,0,0,32,13,1,0
75876.0,93800.0,1,0,0,1,54,14,2,1
51492.0,64653.0,1,0,0,0,42,17,1,0
44472.0,-3495.0,0,0,0,1,29,12,4,1
20574.0,0.0,0,0,0,0,52,9,1,0
33948.0,40450.0,1,0,0,0,31,16,1,0
16560.0,-14160.0,0,0,0,0,31,12,2,1
32265.0,6325.0,0,0,0,1,35,12,4,1
26415.0,180.0,0,0,0,0,44,14,2,0
32130.0,199.0,0,0,0,1,42,17,4,1
16608.0,0.0,0,0,0,0,30,12,2,0
27975.0,20949.0,0,0,0,1,26,12,3,1
35700.0,-6355.0,0,0,0,0,25,16,1,0
97998.0,-15000.0,0,0,0,0,26,18,1,0
19347.0,0.0,0,0,0,0,33,13,3,1
28800.0,-1500.0,0,0,0,1,42,12,4,1
38874.0,35000.0,0,0,0,0,27,17,1,0
26925.0,-2400.0,0,0,0,0,39,12,5,1
55350.0,1350.0,0,0,0,0,38,16,4,1
36300.0,9300.0,0,0,0,0,28,16,1,0
25272.0,400.0,0,0,0,1,41,12,3,0
41637.0,4700.0,0,0,0,0,33,12,2,1
7668.0,0.0,0,0,0,0,42,6,3,1
52350.0,-6415.0,0,0,0,0,31,14,4,1
36120.0,500.0,1,0,0,1,46,14,1,0
19203.0,699.0,0,0,0,1,59,12,2,1
17448.0,0.0,0,0,0,0,58,8,1,0
12144.0,28020.0,0,0,0,0,34,14,1,0
17901.0,0.0,0,0,0,0,31,9,3,0
25338.0,500.0,0,0,0,0,32,13,5,1
29355.0,0.0,0,0,0,0,29,12,5,1
33090.0,17396.0,1,0,0,1,61,12,2,1
28728.0,154.0,0,0,0,0,25,9,4,1
36600.0,10999.0,0,0,0,0,25,16,1,0
27546.0,-5500.0,0,0,0,0,28,16,1,0
12240.0,-3650.0,0,0,0,0,50,12,2,0
7200.0,0.0,0,0,0,0,48,12,3,1
13800.0,600.0,0,0,0,0,47,12,1,0
32295.0,652.0,0,0,0,1,31,13,4,1
47772.0,2300.0,0,0,0,1,37,12,3,1
29616.0,5100.0,1,0,0,0,30,16,3,1
32073.0,86.0,0,0,0,0,36,12,4,1
20148.0,0.0,0,0,0,0,39,12,2,0
15000.0,-453.0,0,0,0,1,33,12,7,1
82977.0,1348.0,0,0,0,1,56,17,2,1
19362.0,-975.0,0,0,0,1,34,12,5,1
12264.0,400.0,0,0,0,0,33,6,5,1
10200.0,0.0,0,0,0,0,30,12,1,0
59940.0,88868.0,1,0,0,1,61,10,2,1
24384.0,-30910.0,0,0,0,0,29,16,2,1
20058.0,-2800.0,0,0,0,1,38,12,3,0
28800.0,-9500.0,0,0,0,0,27,12,1,0
46740.0,6435.0,0,0,0,0,44,18,1,0
16560.0,200.0,0,0,0,0,31,13,1,0
8607.0,0.0,0,0,0,0,58,10,2,0
26880.0,99350.0,0,0,0,1,62,12,3,1
49428.0,-1800.0,0,0,0,1,33,16,4,1
4872.0,0.0,0,0,0,1,39,18,2,0
13203.0,-3000.0,0,0,0,1,42,13,1,0
20697.0,371.0,0,0,0,0,43,12,4,1
37350.0,11500.0,0,0,0,1,26,16,1,0
7674.0,0.0,0,0,0,0,64,2,1,0
17340.0,350.0,0,0,0,1,29,12,1,0
91692.0,47000.0,0,0,0,1,56,12,2,1
121722.0,70010.0,0,0,0,1,61,16,2,1
54723.0,4950.0,1,0,0,1,43,16,3,1
15330.0,499.0,0,0,0,0,30,15,2,0
12513.0,-4900.0,0,0,0,0,48,16,1,0
18288.0,-1100.0,0,0,0,1,54,9,2,0
24048.0,12940.0,1,0,0,1,36,16,1,0
40926.0,-2801.0,0,0,0,1,53,12,3,1
33012.0,199.0,0,0,0,0,35,14,3,0
65865.0,89410.0,1,0,0,1,51,12,2,1
12642.0,900.0,0,0,0,1,64,10,2,0
35100.0,1000.0,0,0,0,0,61,12,5,0
67422.0,-10500.0,0,0,0,0,32,12,4,1
25899.0,-2881.0,0,0,0,1,29,18,1,0
35334.0,71000.0,1,0,0,1,47,12,1,0
21900.0,-3400.0,0,0,0,0,27,14,1,0
17253.0,19650.0,0,0,0,0,61,12,1,0
64560.0,50025.0,0,0,0,0,29,16,2,1
24300.0,8460.0,0,0,0,1,26,12,1,0
10200.0,5.0,0,0,0,0,31,12,1,0
11844.0,0.0,0,0,0,0,35,11,2,0
31209.0,-1450.0,0,0,0,1,63,12,5,1
35550.0,-1822.0,0,0,0,1,30,12,4,1
136914.0,58121.0,0,0,0,1,51,12,2,1
41775.0,9499.0,1,0,0,1,50,12,1,0
30186.0,200.0,0,0,0,1,32,12,2,1
21411.0,12079.0,0,0,0,1,44,12,2,1
26808.0,300.0,0,0,0,1,62,17,2,1
50817.0,-6380.0,0,0,0,1,40,12,5,1
916.0,6999.0,0,0,0,1,40,12,1,0
44625.0,0.0,0,0,0,0,34,12,1,0
22443.0,754.0,1,0,0,1,35,12,5,1
48705.0,3049.0,0,0,0,1,37,18,3,0
55500.0,55000.0,1,0,0,1,63,15,2,1
10941.0,1749.0,0,0,0,1,27,12,1,0
14304.0,300.0,0,0,0,0,34,12,1,0
9096.0,-62.0,0,0,0,0,31,12,2,0
40473.0,-8700.0,0,0,0,1,31,12,4,1
13950.0,0.0,0,0,0,0,49,13,6,0
18306.0,0.0,0,0,0,0,41,13,2,0
12882.0,-4300.0,0,0,0,1,53,12,2,0
20820.0,-136.0,0,0,0,0,38,16,5,1
17010.0,4150.0,0,0,0,1,47,10,3,1
30417.0,7360.0,1,0,0,1,42,16,4,1
33366.0,12599.0,0,0,0,1,43,12,1,0
14997.0,36.0,0,0,0,0,32,12,12,1
63225.0,226048.0,1,0,0,1,51,16,3,0
15906.0,100.0,0,0,0,1,26,12,4,0
33120.0,-14000.0,0,0,0,0,35,10,4,1
20172.0,950.0,0,0,0,1,54,17,2,1
34323.0,3630.0,0,0,0,0,34,13,2,0
22683.0,0.0,0,0,0,0,25,16,1,0
49830.0,-1201.0,0,0,0,1,51,12,2,1
7650.0,-600.0,0,0,0,0,60,3,2,0
18813.0,-780.0,0,0,0,0,31,14,3,1
45951.0,0.0,0,0,0,0,33,12,4,1
46422.0,2998.0,0,0,0,0,36,13,3,1
32784.0,-799.0,0,0,0,0,30,13,2,1
35295.0,349.0,0,0,0,1,39,14,3,0
92160.0,-4000.0,0,0,0,0,57,12,2,1
14760.0,3500.0,0,0,0,1,53,12,3,1
21216.0,-3100.0,0,0,0,0,43,10,7,1
37677.0,2237.0,0,0,0,1,45,15,3,0
9345.0,-1504.0,1,0,0,1,41,16,1,0
21372.0,5599.0,0,0,0,1,64,12,3,1
15981.0,649.0,0,0,0,1,26,12,4,0
22692.0,199.0,0,0,0,0,44,12,1,0
36468.0,300.0,0,0,0,1,42,15,5,0
19680.0,-14958.0,0,0,0,1,25,11,4,1
21228.0,20.0,0,0,0,0,33,12,4,1
53010.0,22100.0,1,0,0,1,35,18,2,0
22011.0,-1900.0,0,0,0,1,31,9,7,1
13185.0,799.0,0,0,0,0,37,12,2,0
15045.0,-612.0,0,0,0,0,28,13,3,0
43230.0,-300.0,0,0,0,1,39,12,3,1
10803.0,20.0,0,0,0,0,30,11,1,0
16917.0,0.0,0,0,0,0,35,12,6,0
20400.0,0.0,0,0,0,0,25,12,1,0
17805.0,-2500.0,0,0,0,1,62,12,3,1
10500.0,-1468.0,0,0,0,0,25,14,3,0
37200.0,80400.0,0,0,0,0,42,12,3,1
18750.0,11100.0,1,0,0,1,36,15,1,0
39582.0,5419.0,0,0,0,1,46,18,2,0
11640.0,0.0,0,0,0,0,46,8,3,0
38925.0,30050.0,1,0,0,1,46,13,4,1
20526.0,2800.0,0,0,0,0,62,8,3,1
10560.0,-226.0,0,0,0,1,43,11,3,0
45729.0,47348.0,1,0,0,1,49,12,4,1
21600.0,-800.0,0,0,0,0,28,12,4,1
61680.0,115500.0,1,0,0,1,62,12,2,1
29430.0,500.0,0,0,0,0,37,12,1,0
20592.0,-1690.0,0,0,0,0,41,14,3,0
13074.0,-84151.0,0,0,0,1,58,11,1,0
7470.0,20999.0,1,0,0,1,51,12,1,0
73785.0,13209.0,1,0,0,1,46,12,4,1
86790.0,1400.0,0,0,0,0,27,12,4,1
19200.0,-1400.0,0,0,0,0,48,16,5,0
32316.0,-295.0,0,0,0,0,36,12,5,1
11964.0,0.0,0,0,0,0,34,12,1,0
21420.0,2400.0,0,0,0,1,40,12,1,0
58938.0,12899.0,1,0,0,1,42,16,3,1
28089.0,800.0,0,0,0,0,31,12,1,0
45810.0,-2700.0,0,0,0,1,30,16,1,0
21288.0,-6831.0,0,0,0,0,44,12,3,0
35034.0,-12970.0,0,0,0,1,44,14,4,1
35700.0,-1300.0,0,0,0,1,37,12,5,1
11232.0,-65.0,0,0,0,0,26,15,2,0
17418.0,200.0,0,0,0,1,63,9,2,1
29421.0,384.0,0,0,0,0,28,14,2,1
51552.0,-1796.0,0,0,0,1,44,12,4,1
21216.0,100.0,0,0,0,0,26,16,1,0
42288.0,87600.0,1,0,0,1,60,12,1,0
6312.0,-2785.0,0,0,0,0,32,11,1,0
43233.0,-700.0,0,0,0,1,35,12,4,1
25068.0,-2065.0,0,0,0,0,43,14,4,0
30192.0,500.0,0,0,0,1,33,16,1,0
12240.0,-1300.0,0,0,0,0,26,4,6,1
35340.0,2899.0,0,0,0,1,52,11,2,1
34908.0,9055.0,1,0,0,0,39,12,3,1
16269.0,1300.0,0,0,0,0,50,11,5,1
3420.0,0.0,0,0,0,0,43,9,2,0
31470.0,-750.0,1,0,0,1,31,13,2,1
32106.0,8750.0,1,0,0,1,43,12,2,0
8670.0,0.0,0,0,0,0,33,13,2,1
47922.0,-4800.0,0,0,0,1,35,12,4,1
20226.0,2295.0,0,0,0,1,54,12,3,1
10788.0,-180.0,0,0,0,0,59,10,1,0
98784.0,7234.0,0,0,0,1,54,12,3,1
7788.0,-600.0,0,0,0,0,29,12,3,0
12636.0,-1538.0,0,0,0,1,28,14,2,0
41883.0,5900.0,1,0,0,1,42,16,1,0
144534.0,219699.0,1,0,0,1,59,18,2,1
26262.0,1180.0,0,0,0,1,51,12,4,1
33864.0,0.0,0,0,0,1,27,15,1,0
19791.0,1000.0,0,0,0,0,36,11,1,0
12375.0,-600.0,0,0,0,0,26,11,4,1
28050.0,-2200.0,0,0,0,0,37,13,6,1
77919.0,1600.0,0,0,0,1,39,17,6,1
42744.0,29200.0,1,0,0,1,61,12,3,1
77235.0,2150.0,0,0,0,1,46,12,5,1
20970.0,550.0,0,0,0,0,48,10,4,0
30936.0,-929.0,0,0,0,1,40,13,4,0
6450.0,14813.0,0,0,0,1,64,11,3,0
17244.0,0.0,0,0,0,1,35,15,6,1
34800.0,700.0,0,0,0,0,34,10,3,1
50388.0,12400.0,0,0,0,1,31,15,2,1
45426.0,-9000.0,0,0,0,0,37,15,4,1
53091.0,0.0,0,0,0,1,40,12,3,1
24063.0,-51.0,0,0,0,1,51,13,2,0
56598.0,11900.0,0,0,0,1,55,17,4,1
9900.0,0.0,0,0,0,0,29,1,3,0
4080.0,0.0,0,0,0,0,55,14,2,0
30255.0,-1500.0,0,0,0,0,34,14,4,0
20250.0,-100.0,0,0,0,0,33,12,1,0
47934.0,8399.0,1,0,0,1,42,17,4,1
25812.0,-2450.0,0,0,0,0,36,16,3,1
12690.0,29000.0,1,0,0,0,29,18,1,0
56529.0,-11700.0,0,0,0,1,37,12,2,1
19635.0,0.0,0,0,0,1,39,12,5,1
25200.0,-7996.0,0,0,0,0,51,14,2,1
53700.0,13349.0,0,0,0,0,33,12,4,1
15006.0,-750.0,0,0,0,1,56,12,3,0
29190.0,-17900.0,0,0,0,1,40,17,5,0
10032.0,400.0,0,0,0,0,61,12,1,0
50250.0,16199.0,0,0,0,1,39,18,4,0
28344.0,-1400.0,0,0,0,0,52,12,2,0
73902.0,14299.0,0,0,0,1,44,16,4,1
30165.0,-101.0,0,0,0,0,56,10,3,1
17490.0,0.0,0,0,0,1,46,6,3,1
57645.0,49800.0,0,0,0,0,43,18,2,0
12324.0,0.0,0,0,0,1,37,11,9,0
44331.0,14399.0,0,0,0,1,61,14,3,1
25527.0,-5500.0,0,0,0,0,27,13,4,1
35190.0,-1100.0,0,0,0,0,40,12,9,1
61830.0,9000.0,0,0,0,1,48,12,3,1
4779.0,0.0,0,0,0,1,64,10,6,0
32082.0,-1400.0,0,0,0,0,31,16,1,0
33906.0,300.0,0,0,0,0,28,18,2,1
58578.0,-6001.0,1,0,0,1,45,13,2,1
16341.0,-2600.0,0,0,0,1,39,12,2,0
12114.0,0.0,0,0,0,1,35,12,3,0
39366.0,549.0,0,0,0,1,39,1,2,1
28203.0,-1851.0,0,0,0,1,33,12,4,1
21690.0,1340.0,0,0,0,1,27,15,1,0
25437.0,-62.0,0,0,0,1,30,12,1,0
6480.0,0.0,0,0,0,0,63,6,1,0
14790.0,-117200.0,0,0,0,0,39,6,5,1
13320.0,0.0,0,0,0,0,25,11,2,0
13011.0,779.0,0,0,0,1,39,12,1,0
36648.0,-775.0,0,0,0,1,51,11,3,1
15018.0,100.0,0,0,0,0,37,12,3,0
26535.0,0.0,0,0,0,0,32,14,4,1
59400.0,52150.0,0,0,0,1,41,12,1,0
10200.0,0.0,0,0,0,0,40,12,3,0
30195.0,1200.0,0,0,0,0,27,12,3,1
21879.0,-4400.0,0,0,0,0,25,16,1,0
12723.0,-220.0,0,0,0,0,56,10,3,0
36648.0,-9400.0,0,0,0,1,38,12,4,1
840.0,0.0,0,0,0,0,29,12,1,0
21582.0,-3290.0,0,0,0,0,28,16,1,0
14040.0,-200.0,0,0,0,0,34,12,1,0
33792.0,450.0,0,0,0,1,47,17,6,1
29526.0,-134.0,0,0,0,0,30,14,4,1
6168.0,0.0,0,0,0,0,26,14,4,1
13740.0,0.0,0,0,0,0,50,12,1,0
54063.0,2175.0,0,0,0,1,49,12,4,1
49164.0,-2000.0,0,0,0,1,50,14,4,1
36699.0,-5800.0,0,0,0,1,36,18,3,0
37965.0,1482.0,0,0,0,0,35,17,1,0
22236.0,-2475.0,0,0,0,0,30,12,2,1
40740.0,3600.0,1,0,0,1,42,12,5,1
34920.0,10000.0,0,0,0,0,61,12,2,1
16077.0,-11351.0,0,0,0,1,35,12,4,1
22440.0,-9680.0,0,0,0,1,28,16,1,0
15315.0,-700.0,1,0,0,0,26,12,1,0
19659.0,149.0,0,0,0,1,32,11,5,1
9903.0,28200.0,0,0,0,1,52,12,1,0
30333.0,59.0,0,0,0,1,43,14,3,0
29172.0,-2100.0,0,0,0,0,32,12,5,1
35241.0,1099.0,0,0,0,1,59,8,2,1
16800.0,-1125.0,0,0,0,0,25,16,1,0
17400.0,34000.0,1,0,0,1,54,16,1,0
48420.0,29000.0,0,0,0,1,31,14,2,1
4320.0,-50.0,0,0,0,1,59,12,6,1
25356.0,-3550.0,0,0,0,1,60,4,1,0
7644.0,0.0,0,0,0,1,55,11,2,0
40290.0,-4500.0,0,0,0,0,59,13,2,1
31944.0,-6000.0,0,0,0,1,49,13,2,0
16260.0,1700.0,0,0,0,1,47,10,2,0
13740.0,7300.0,0,0,0,0,38,18,3,0
20496.0,600.0,0,0,0,0,51,12,1,0
95955.0,-7201.0,0,0,0,1,38,16,3,1
5712.0,-2000.0,0,0,0,0,25,18,1,0
24114.0,-250.0,0,0,0,0,33,9,3,1
10146.0,-1691.0,0,0,0,1,63,12,2,1
13500.0,2840.0,0,0,0,1,53,10,2,1
41490.0,1499.0,0,0,0,0,34,13,1,0
32316.0,83.0,0,0,0,0,43,10,4,1
92064.0,130200.0,1,0,0,1,48,16,5,1
18750.0,0.0,0,0,0,0,35,12,7,1
21396.0,77098.0,0,0,0,1,49,12,6,1
100941.0,100000.0,1,0,0,1,59,12,2,1
20310.0,2151.0,1,0,0,0,36,16,4,1
20718.0,299.0,0,0,0,1,52,9,1,0
7542.0,28.0,0,0,0,1,43,12,3,0
16980.0,14948.0,1,0,0,1,47,14,1,0
37155.0,3483.0,1,0,0,1,49,12,5,1
31089.0,0.0,0,0,0,0,27,13,4,1
41139.0,-150.0,0,0,0,0,43,18,1,0
26280.0,13200.0,0,0,0,0,51,16,1,0
9240.0,-1500.0,0,0,0,1,28,12,4,1
18696.0,6499.0,0,0,0,1,37,17,3,1
21807.0,0.0,0,0,0,0,29,12,1,0
52530.0,3174.0,0,0,0,1,28,18,3,0
33375.0,-11800.0,0,0,0,1,46,12,3,1
13128.0,-21.0,0,0,0,0,35,12,4,0
16326.0,-6900.0,0,0,0,1,43,14,4,0
15300.0,330.0,0,0,0,0,31,12,3,1
11238.0,-6300.0,0,0,0,1,33,16,1,0
49200.0,25000.0,0,0,0,0,30,13,2,1
43680.0,21700.0,1,0,0,1,51,16,1,0
18429.0,-3197.0,0,0,0,1,37,12,3,0
15336.0,6000.0,0,0,0,1,35,14,5,0
6606.0,-2500.0,0,0,0,0,27,12,1,0
19920.0,-3000.0,0,0,0,1,50,12,5,1
37920.0,7300.0,0,0,0,1,37,14,3,1
32220.0,-7000.0,0,0,0,0,42,9,1,0
45900.0,-2050.0,0,0,0,1,54,12,4,1
3204.0,-234.0,0,0,0,0,28,12,1,0
30240.0,-2400.0,0,0,0,1,41,14,1,0
89514.0,43099.0,1,0,0,1,57,16,3,1
26664.0,38010.0,0,0,0,1,61,12,3,1
59208.0,-7100.0,0,0,0,1,43,12,4,1
22572.0,-1450.0,0,0,0,0,31,14,2,0
41280.0,1473.0,0,0,0,1,35,13,4,1
16020.0,-788.0,0,0,0,1,31,13,2,0
20724.0,1999.0,0,0,0,0,26,12,1,0
26856.0,22850.0,0,0,0,1,41,12,3,1
37500.0,-4600.0,0,0,0,0,26,17,1,0
24819.0,600.0,0,0,0,1,56,12,3,1
19950.0,9000.0,1,0,0,1,54,12,1,0
36090.0,-6400.0,0,0,0,1,26,12,2,1
38550.0,225.0,0,0,0,0,35,16,2,1
20100.0,0.0,0,0,0,0,27,1,3,0
3180.0,999.0,0,0,0,0,41,12,3,0
4320.0,0.0,0,0,0,1,26,13,1,0
52206.0,-23990.0,0,0,0,1,48,12,7,1
31443.0,-850.0,0,0,0,0,35,12,4,1
47937.0,599.0,0,0,0,1,39,12,4,1
17850.0,0.0,0,0,0,0,39,4,6,1
23004.0,100.0,0,0,0,1,59,16,4,1
14559.0,-3450.0,0,0,0,0,36,12,3,1
48402.0,232600.0,1,0,0,1,40,16,4,1
132057.0,39800.0,1,0,0,0,40,16,4,1
16302.0,-1190.0,0,0,0,0,25,13,6,1
19380.0,345.0,0,0,0,1,25,12,3,1
69960.0,-900.0,0,0,0,1,62,16,9,1
31668.0,635.0,0,0,0,0,28,12,5,1
8841.0,-5000.0,0,0,0,1,32,6,4,1
5775.0,0.0,0,0,0,0,33,6,1,0
3825.0,600.0,0,0,0,0,60,11,1,0
44034.0,-10650.0,0,0,0,0,26,15,2,1
121836.0,82650.0,1,0,0,1,53,12,3,1
9720.0,0.0,0,0,0,1,58,8,4,1
55740.0,3599.0,0,0,0,0,42,13,5,1
32064.0,-1400.0,0,0,0,0,32,12,1,0
33075.0,-2675.0,0,0,0,1,29,14,3,1
35493.0,-2320.0,0,0,0,0,26,12,4,1
23268.0,2280.0,0,0,0,0,30,12,3,1
14292.0,0.0,0,0,0,0,50,11,3,1
96147.0,110500.0,1,0,0,1,56,13,3,1
13566.0,1500.0,0,0,0,0,39,12,2,0
25251.0,99.0,0,0,0,1,50,11,4,1
11424.0,1000.0,0,0,0,0,43,16,1,0
33510.0,75299.0,0,0,0,1,58,12,2,1
13350.0,-4600.0,0,0,0,1,47,12,4,1
6876.0,5200.0,0,0,0,0,59,12,1,0
120750.0,51250.0,1,0,0,1,40,18,5,1
13218.0,45.0,0,0,0,1,62,10,2,0
12750.0,0.0,0,0,0,0,46,6,4,1
43500.0,30999.0,1,0,0,1,42,14,4,1
18378.0,-1120.0,0,0,0,0,30,12,4,1
50700.0,4500.0,0,0,0,1,53,16,5,1
10800.0,-350.0,0,0,0,0,29,11,3,0
32832.0,-14900.0,0,0,0,0,40,14,1,0
23136.0,64599.0,1,0,0,1,64,12,2,1
8553.0,0.0,0,0,0,0,32,11,3,0
53925.0,35015.0,0,0,0,0,38,18,1,0
8760.0,599.0,0,0,0,1,41,12,3,0
14400.0,36950.0,0,0,0,1,37,16,2,0
55539.0,9370.0,1,0,0,1,57,12,2,1
51117.0,10000.0,0,0,0,1,28,18,2,1
19131.0,-16270.0,0,0,0,0,25,14,1,0
19386.0,99.0,0,0,0,0,30,14,2,0
43050.0,24352.0,1,0,0,0,25,18,1,0
10350.0,0.0,0,0,0,0,39,12,4,0
21603.0,-11551.0,0,0,0,0,39,12,3,0
5160.0,0.0,0,0,0,0,33,12,1,0
16500.0,0.0,0,0,0,0,63,12,3,1
46356.0,-1820.0,0,0,0,1,46,18,3,0
21492.0,82395.0,1,0,0,1,52,12,2,0
15432.0,2200.0,0,0,0,0,41,16,1,0
12915.0,-1329.0,0,0,0,0,38,12,3,0
14970.0,2099.0,0,0,0,1,49,12,4,1
33408.0,2085.0,0,0,0,1,46,15,1,0
7500.0,2949.0,0,0,0,0,29,12,1,0
16284.0,1500.0,0,0,0,0,49,10,1,0
17700.0,44999.0,1,0,0,1,51,12,2,0
29700.0,-2308.0,0,0,0,1,40,16,4,1
17400.0,29700.0,0,0,0,1,45,10,3,1
58923.0,25699.0,1,0,0,1,28,16,2,1
28503.0,999.0,0,0,0,1,42,12,2,1
96060.0,-1500.0,0,0,0,0,46,12,1,0
5235.0,0.0,0,0,0,0,37,12,3,0
30192.0,2000.0,0,0,0,0,64,16,2,1
22980.0,-29980.0,0,0,0,0,49,16,2,0
75036.0,-1530.0,1,0,0,1,42,13,5,1
28260.0,91230.0,1,0,0,0,56,16,1,0
18195.0,-791.0,0,0,0,1,47,12,10,1
7461.0,0.0,0,0,0,0,40,12,6,0
46791.0,1000.0,0,0,0,1,41,18,3,1
26610.0,4415.0,0,0,0,0,41,16,4,1
54066.0,-915.0,0,0,0,1,39,17,5,1
43089.0,-4100.0,0,0,0,1,39,18,4,1
14781.0,49.0,0,0,0,0,25,12,2,0
51060.0,7999.0,1,0,0,1,37,15,1,0
14529.0,0.0,0,0,0,0,32,12,4,0
44400.0,-50.0,0,0,0,1,52,16,2,1
28254.0,-495.0,0,0,0,0,25,12,3,1
65040.0,34890.0,1,0,0,1,45,14,2,1
24600.0,800.0,0,0,0,1,42,12,1,0
33726.0,-11501.0,0,0,0,1,46,6,4,1
55680.0,1163.0,0,0,0,1,32,12,5,1
65373.0,16700.0,0,0,0,1,64,16,2,1
63300.0,290.0,1,0,0,0,45,12,2,1
16203.0,0.0,0,0,0,0,29,12,4,1
34353.0,-2275.0,1,0,0,1,41,17,2,0
48078.0,4500.0,1,0,0,1,34,18,1,0
27942.0,16700.0,0,0,0,1,59,12,2,1
25284.0,5330.0,1,0,0,0,27,16,1,0
17865.0,-1350.0,0,0,0,0,46,12,3,1
23787.0,14984.0,0,0,0,1,26,14,3,1
13110.0,0.0,0,0,0,0,30,11,3,0
60030.0,-3300.0,0,0,0,1,39,15,5,1
57675.0,281.0,0,0,0,1,45,18,4,1
18399.0,0.0,0,0,0,0,30,13,2,0
50016.0,51740.0,1,0,0,1,38,18,3,1
68850.0,7455.0,0,0,0,1,40,15,2,1
21036.0,400.0,0,0,0,1,30,12,3,1
44613.0,3328.0,0,0,0,1,30,16,4,1
10929.0,182.0,0,0,0,0,32,12,1,0
42690.0,99.0,0,0,0,1,49,12,4,1
30834.0,-4596.0,0,0,0,0,25,14,3,0
13290.0,499.0,0,0,0,1,60,7,1,0
17640.0,0.0,0,0,0,0,35,15,4,0
66528.0,99789.0,1,0,0,1,61,12,2,1
26400.0,14699.0,0,0,0,0,25,9,1,0
18054.0,250.0,0,0,0,0,36,9,6,1
20505.0,1120.0,0,0,0,0,44,12,1,0
40800.0,0.0,0,0,0,1,36,12,5,1
62745.0,500.0,0,0,0,1,40,11,7,1
48351.0,-351.0,0,0,0,0,36,12,4,1
17145.0,125.0,0,0,0,0,31,14,1,0
12084.0,0.0,0,0,0,0,26,12,2,0
54210.0,38400.0,1,0,0,1,41,16,3,1
36474.0,1100.0,0,0,0,1,34,16,1,0
100329.0,66700.0,0,0,0,1,58,15,3,1
29700.0,0.0,0,0,0,0,34,6,9,1
10836.0,0.0,0,0,0,1,42,14,3,0
71535.0,360413.0,1,0,0,1,63,18,2,1
31896.0,-3888.0,0,0,0,0,41,12,5,1
51489.0,-5000.0,0,0,0,1,58,18,2,1
31857.0,-2901.0,0,0,0,1,46,18,3,1
28980.0,14850.0,0,0,0,0,39,9,4,1
32856.0,350.0,0,0,0,0,59,12,2,1
19734.0,-1300.0,0,0,0,1,49,9,7,1
9945.0,68.0,0,0,0,0,42,12,1,0
47340.0,-10430.0,0,0,0,1,27,12,2,0
8694.0,0.0,0,0,0,1,47,8,1,0
20724.0,-7900.0,0,0,0,0,63,12,4,1
52494.0,39100.0,1,0,0,1,33,14,4,1
15600.0,0.0,0,0,0,0,36,14,3,0
14541.0,2000.0,0,0,0,0,60,8,3,1
36060.0,16400.0,1,0,0,1,44,18,4,1
12015.0,-1742.0,0,0,0,0,40,18,1,0
39150.0,12499.0,0,0,0,1,54,16,1,0
17310.0,575.0,0,0,0,0,25,12,1,0
22830.0,2573.0,0,0,0,0,26,13,1,0
15330.0,-350.0,0,0,0,0,26,13,1,0
47265.0,7299.0,0,0,0,0,42,18,1,0
27741.0,1853.0,0,0,0,1,36,18,1,0
16560.0,5.0,0,0,0,0,31,12,1,0
39081.0,43411.0,1,0,0,1,61,10,2,1
19380.0,-1600.0,0,0,0,0,34,12,1,0
40620.0,0.0,0,0,0,0,40,16,5,1
18975.0,-300.0,0,0,0,1,49,12,2,0
8292.0,145.0,0,0,0,0,28,13,1,0
10356.0,1540.0,0,0,0,0,31,12,4,1
23508.0,172.0,0,0,0,1,32,12,4,1
35616.0,42499.0,1,0,0,1,42,18,1,0
12240.0,0.0,0,0,0,0,55,11,1,0
80613.0,54000.0,1,0,0,1,38,18,4,1
20508.0,6800.0,0,0,0,0,25,13,3,1
10215.0,499.0,0,0,0,0,49,5,4,0
59340.0,140600.0,1,0,0,1,40,16,4,1
9180.0,0.0,0,0,0,0,57,12,1,0
5610.0,0.0,0,0,0,0,50,14,1,0
63972.0,136100.0,1,0,0,1,55,15,2,1
13491.0,-306.0,0,0,0,1,49,12,1,0
21240.0,50.0,0,0,0,1,52,14,3,0
34074.0,-500.0,0,0,0,1,48,8,5,1
17097.0,-1500.0,0,0,0,0,39,11,1,0
32451.0,249.0,0,0,0,0,32,4,6,1
24300.0,0.0,0,0,0,0,33,12,3,1
65334.0,10175.0,0,0,0,1,31,12,4,1
56883.0,81700.0,1,0,0,1,51,13,2,0
30831.0,5399.0,0,0,0,1,48,12,4,1
30633.0,0.0,0,0,0,0,29,12,2,0
19848.0,0.0,0,0,0,0,45,12,5,1
37452.0,12500.0,0,0,0,1,61,12,3,1
55266.0,43320.0,1,0,0,0,53,14,3,1
45150.0,-7000.0,1,0,0,1,30,18,1,0
38085.0,25347.0,0,0,0,1,38,14,4,1
14664.0,0.0,0,0,0,0,32,14,2,0
28476.0,27000.0,1,0,0,1,58,12,1,0
17280.0,499.0,0,0,0,0,29,16,1,0
53841.0,1399.0,0,0,0,0,31,12,2,1
49080.0,45700.0,1,0,0,1,54,10,2,1
38151.0,-470.0,0,0,0,1,31,12,2,0
39720.0,4999.0,0,0,0,1,48,12,4,1
25980.0,-11600.0,0,0,0,0,26,10,5,1
12093.0,-1370.0,0,0,0,0,27,14,1,0
23265.0,999.0,0,0,0,0,31,13,1,0
41100.0,4999.0,0,0,0,0,49,16,1,1
29160.0,4000.0,0,0,0,1,36,12,6,1
34302.0,2724.0,1,0,0,0,51,18,2,0
40620.0,1450.0,0,0,0,1,40,11,4,1
14190.0,16175.0,0,0,0,1,60,12,2,1
17604.0,10569.0,1,0,0,0,64,12,1,0
13362.0,0.0,0,0,0,1,57,6,1,0
30996.0,7650.0,0,0,0,1,37,16,4,1
3690.0,0.0,0,0,0,1,46,6,5,1
12048.0,-4800.0,0,0,0,1,54,14,2,0
8316.0,-928.0,0,0,0,1,36,11,3,0
26784.0,-1900.0,0,0,0,1,29,13,5,1
33006.0,-300.0,0,0,0,1,33,15,3,1
52008.0,2999.0,0,0,0,1,53,12,2,1
16092.0,-5650.0,0,0,0,1,49,11,3,1
44526.0,-1630.0,0,0,0,1,42,18,6,1
33885.0,62899.0,1,0,0,1,60,7,2,1
73620.0,157350.0,1,0,0,1,46,16,3,1
24510.0,-1450.0,0,0,0,0,25,12,4,1
44760.0,18000.0,0,0,0,1,41,18,4,1
30000.0,-23500.0,0,0,0,0,30,18,1,1
35100.0,250.0,0,0,0,0,29,12,1,0
25281.0,-3969.0,0,0,0,0,42,12,5,1
45336.0,39189.0,1,0,0,0,38,17,1,0
25536.0,0.0,0,0,0,0,40,12,3,0
41298.0,-17039.0,0,0,0,1,39,13,4,1
13080.0,-376.0,0,0,0,0,38,15,1,0
10272.0,-20.0,0,0,0,0,30,12,1,0
21690.0,-1755.0,0,0,0,1,30,12,5,1
30420.0,-9868.0,0,0,0,0,50,16,2,1
25134.0,1586.0,0,0,0,0,37,16,2,1
41232.0,34149.0,1,0,0,1,42,16,4,1
11262.0,67.0,0,0,0,0,44,8,4,1
9774.0,1000.0,0,0,0,0,32,14,1,0
27261.0,-19733.0,0,0,0,0,32,12,8,1
19200.0,9000.0,1,0,0,0,53,15,2,0
19176.0,-30.0,0,0,0,1,48,12,4,1
25035.0,1300.0,0,0,0,1,40,12,5,1
30675.0,57800.0,1,0,0,0,57,18,1,0
13290.0,-600.0,0,0,0,1,40,13,3,0
13737.0,13569.0,0,0,0,1,64,11,1,0
26316.0,-300.0,0,0,0,1,47,12,5,1
60870.0,-6000.0,0,0,0,1,30,12,4,1
29445.0,-830.0,0,0,0,1,37,12,4,1
21972.0,-4700.0,0,0,0,0,33,12,2,0
79545.0,87897.0,1,0,0,1,59,18,2,1
3600.0,-950.0,0,0,0,0,57,9,8,1
89100.0,-14000.0,0,0,0,1,49,18,4,1
1950.0,-3000.0,1,0,0,0,39,14,3,1
36996.0,1549.0,0,0,0,1,54,13,5,1
20418.0,199.0,0,0,0,0,48,8,2,1
14100.0,0.0,0,0,0,0,49,14,2,0
58653.0,109000.0,1,0,0,1,54,15,3,0
27735.0,899.0,0,0,0,1,40,12,4,1
27486.0,-609.0,1,0,0,0,29,10,6,1
15000.0,-200.0,0,0,0,0,27,12,1,0
33288.0,10747.0,0,0,0,1,43,12,2,1
46800.0,800.0,0,0,0,0,52,13,4,1
66573.0,74800.0,1,0,0,1,51,16,4,1
47001.0,-7970.0,0,0,0,0,33,16,2,1
25005.0,-1829.0,0,0,0,1,60,12,3,1
14328.0,-2430.0,0,0,0,1,48,12,3,1
22410.0,29700.0,1,0,0,0,34,17,1,0
17643.0,-1200.0,0,0,0,0,28,12,1,0
27675.0,0.0,0,0,0,0,37,12,1,0
8916.0,400.0,0,0,0,1,48,14,1,0
36150.0,1414.0,0,0,0,1,38,14,5,1
25998.0,-540.0,1,0,0,1,34,14,3,0
27960.0,-2010.0,0,0,0,1,26,12,3,1
19680.0,-2000.0,0,0,0,1,43,12,1,0
11460.0,-8000.0,0,0,0,1,31,12,3,1
43293.0,1900.0,0,0,0,0,30,12,2,1
22161.0,-1000.0,0,0,0,0,33,15,2,0
16425.0,2000.0,0,0,0,0,37,13,1,0
11481.0,400.0,0,0,0,0,28,14,1,0
8670.0,-465.0,0,0,0,0,35,12,3,0
57600.0,13200.0,1,0,0,1,47,8,2,1
41658.0,1499.0,0,0,0,0,49,16,1,0
38400.0,626.0,0,0,0,1,28,12,2,1
42009.0,17000.0,1,0,0,1,39,18,1,0
45030.0,-8101.0,0,0,0,1,36,16,5,1
35772.0,15434.0,1,0,0,1,56,13,2,1
27840.0,2300.0,0,0,0,1,30,16,1,0
54963.0,53699.0,0,0,0,1,55,12,2,1
3888.0,-600.0,0,0,0,1,60,12,2,1
7200.0,1000.0,0,0,0,0,53,12,1,0
31008.0,15500.0,1,0,0,1,54,14,2,1
31158.0,0.0,0,0,0,1,38,12,4,1
43350.0,-30.0,0,0,0,1,42,15,5,1
42459.0,48599.0,0,0,0,1,37,12,5,1
46815.0,30902.0,1,0,0,1,44,17,3,0
8166.0,-1622.0,0,0,0,1,53,8,1,0
8814.0,-1150.0,0,0,0,0,27,12,2,0
47520.0,52000.0,1,0,0,1,53,12,4,1
25611.0,16350.0,0,0,0,1,63,9,2,1
13314.0,-300.0,0,0,0,0,37,12,2,0
10890.0,0.0,0,0,0,0,45,12,2,0
37980.0,4200.0,1,0,0,1,54,6,8,1
32880.0,-1000.0,0,0,0,0,27,12,3,1
30837.0,-2400.0,0,0,0,0,36,12,3,1
21306.0,2100.0,0,0,0,1,32,14,1,0
17430.0,-600.0,0,0,0,0,30,12,1,0
68169.0,40999.0,1,0,0,1,32,18,4,1
23562.0,1152.0,0,0,0,1,61,15,1,0
33171.0,325.0,0,0,0,0,34,12,3,1
15276.0,0.0,0,0,0,0,29,12,1,0
20151.0,300.0,0,0,0,1,62,5,2,1
37440.0,-611.0,0,0,0,1,41,12,3,1
32205.0,2056.0,0,0,0,1,40,15,2,1
15936.0,39000.0,1,0,0,1,45,12,2,0
11733.0,49.0,0,0,0,0,25,12,2,1
38226.0,0.0,0,0,0,0,26,12,6,1
15120.0,59748.0,0,0,0,1,41,12,6,1
39000.0,-3230.0,0,0,0,0,29,16,1,0
10260.0,-1001.0,0,0,0,1,40,16,6,0
25209.0,150.0,0,0,0,0,29,2,5,1
33726.0,-6235.0,0,0,0,1,42,14,3,1
30363.0,50.0,0,0,0,0,28,16,2,1
13482.0,-2250.0,0,0,0,0,27,12,3,1
9480.0,7529.0,1,0,0,1,38,8,1,0
19650.0,0.0,0,0,0,0,40,9,1,0
14025.0,-2150.0,0,0,0,1,48,14,2,0
15840.0,500.0,0,0,0,0,31,13,5,1
26148.0,3400.0,1,0,0,0,41,12,3,0
79041.0,0.0,0,0,0,0,44,16,1,0
36489.0,104500.0,0,0,0,1,42,18,3,1
7680.0,200.0,0,0,0,0,46,6,5,1
16278.0,0.0,0,0,0,0,25,12,3,0
35346.0,25900.0,1,0,0,1,46,18,1,0
98907.0,90294.0,1,0,0,1,54,16,2,1
49125.0,29200.0,1,0,0,1,28,17,3,1
13956.0,-2600.0,0,0,0,1,46,12,3,0
4944.0,2600.0,0,0,0,0,25,18,1,0
12636.0,-150.0,0,0,0,1,36,16,7,1
12792.0,0.0,0,0,0,1,60,9,1,0
50634.0,4100.0,1,0,0,0,40,14,3,1
3765.0,-21751.0,0,0,0,0,28,16,3,0
27006.0,10.0,0,0,0,0,34,12,1,0
6411.0,-400.0,0,0,0,0,36,13,2,0
8256.0,0.0,0,0,0,0,25,9,5,0
10500.0,500.0,0,0,0,0,28,12,1,0
23223.0,0.0,0,0,0,0,31,12,4,1
36654.0,-3146.0,0,0,0,1,38,11,4,1
8700.0,0.0,0,0,0,1,53,12,3,0
36633.0,7751.0,1,0,0,1,63,11,6,1
25680.0,12800.0,0,0,0,0,31,12,3,1
15708.0,0.0,0,0,0,1,28,10,2,1
23037.0,3870.0,1,0,0,0,35,17,1,0
56409.0,36741.0,1,0,0,1,34,14,5,1
15696.0,13099.0,0,0,0,1,64,9,3,1
38766.0,62399.0,1,0,0,1,56,12,2,1
60300.0,27400.0,1,0,0,1,50,12,2,1
10830.0,80.0,0,0,0,0,41,6,5,1
32106.0,1400.0,0,0,0,0,27,13,4,1
28800.0,-8675.0,0,0,0,0,25,16,2,1
5694.0,0.0,0,0,0,0,26,12,4,1
16326.0,-7495.0,0,0,0,1,42,15,4,1
22464.0,1681.0,1,0,0,1,29,16,2,0
52860.0,3000.0,0,0,0,0,27,12,1,0
25668.0,-1031.0,0,0,0,0,29,12,3,1
46605.0,1746.0,0,0,0,1,40,12,5,1
77316.0,178915.0,0,0,0,1,36,14,6,1
29700.0,18300.0,0,0,0,1,62,12,2,1
15810.0,0.0,0,0,0,0,25,12,1,0
28740.0,2999.0,0,0,0,1,39,14,2,0
40917.0,-43434.0,0,0,0,0,60,13,3,1
5250.0,-2975.0,0,0,0,1,31,8,4,1
7197.0,-1240.0,0,0,0,0,36,12,4,0
15690.0,-40.0,0,0,0,1,35,12,3,0
20700.0,4701.0,0,0,0,1,52,12,1,0
21975.0,7000.0,0,0,0,0,26,16,2,1
32805.0,-3200.0,0,0,0,0,38,12,4,1
83652.0,78300.0,1,0,0,1,32,12,4,1
40710.0,-2500.0,1,0,0,1,56,12,1,0
54765.0,-10900.0,0,0,0,1,38,14,4,1
36051.0,-2482.0,0,0,0,0,33,15,5,1
22776.0,-2400.0,0,0,0,1,38,12,4,1
6792.0,300.0,0,0,0,0,44,1,3,1
30021.0,-20509.0,0,0,0,1,39,11,4,1
29814.0,-2900.0,0,0,0,0,49,14,1,0
23850.0,-12007.0,0,0,0,0,27,14,3,1
35277.0,6000.0,0,0,0,0,60,12,3,1
21630.0,-1000.0,0,0,0,1,40,12,1,0
25215.0,-2200.0,0,0,0,1,35,12,2,1
28200.0,0.0,0,0,0,1,47,12,4,1
19101.0,0.0,0,0,0,0,42,9,5,1
17829.0,2000.0,0,0,0,1,45,12,2,1
13974.0,5700.0,1,0,0,1,59,7,3,0
19767.0,57.0,0,0,0,0,33,13,3,1
49170.0,15630.0,1,0,0,1,58,14,2,1
44598.0,-1400.0,0,0,0,1,31,12,3,1
70671.0,-355.0,0,0,0,1,41,14,4,1
32856.0,63400.0,1,0,0,1,53,17,1,0
16140.0,-310.0,0,0,0,0,39,12,5,1
41316.0,3500.0,0,0,0,1,42,14,4,1
24849.0,-4331.0,0,0,0,1,38,14,7,1
24600.0,-2500.0,0,0,0,1,28,12,3,0
24012.0,-9456.0,0,0,0,1,41,15,3,0
4668.0,4.0,0,0,0,0,32,12,5,1
105300.0,93300.0,1,0,0,1,45,14,2,1
18090.0,1100.0,0,0,0,0,41,14,2,1
12555.0,8000.0,0,0,0,0,57,12,1,0
7440.0,-16586.0,0,0,0,0,52,18,1,0
12828.0,0.0,0,0,0,1,43,11,5,0
82200.0,2000.0,0,0,0,1,41,12,4,1
40770.0,0.0,0,0,0,0,61,12,2,1
18903.0,-700.0,0,0,0,1,35,12,5,1
11808.0,0.0,0,0,0,0,39,5,5,1
23640.0,23820.0,1,0,0,0,48,15,1,0
25860.0,10500.0,0,0,0,1,26,16,1,0
32826.0,4922.0,1,0,0,1,52,14,6,1
23100.0,17000.0,0,0,0,1,49,18,1,0
26622.0,-800.0,0,0,0,1,53,10,3,1
26190.0,-700.0,0,0,0,1,42,12,4,1
28524.0,-1100.0,0,0,0,0,45,12,3,0
15723.0,0.0,0,0,0,1,60,7,1,0
34503.0,-7700.0,0,0,0,1,28,14,3,1
50550.0,18800.0,0,0,0,1,43,18,1,0
25866.0,0.0,0,0,0,0,36,16,3,0
24090.0,-3100.0,0,0,0,1,48,8,3,1
18990.0,-1451.0,0,0,0,1,39,18,1,0
27930.0,-2550.0,0,0,0,1,38,13,4,1
8670.0,0.0,0,0,0,0,31,12,4,1
53955.0,-7000.0,0,0,0,1,52,12,4,1
39045.0,-5901.0,0,0,0,0,28,12,2,1
29841.0,53712.0,1,0,0,1,62,18,1,0
25500.0,-700.0,0,0,0,0,27,14,1,0
8031.0,0.0,0,0,0,0,40,12,2,0
29940.0,-3250.0,0,0,0,1,32,12,6,1
30030.0,18700.0,1,0,0,1,51,12,3,0
25944.0,-1060.0,0,0,0,0,41,13,5,1
6060.0,-550.0,0,0,0,1,50,12,1,0
10008.0,-495.0,0,0,0,0,31,12,4,0
11856.0,6807.0,0,0,0,0,46,13,1,0
25500.0,-295.0,0,0,0,1,32,10,3,1
15150.0,-4450.0,0,0,0,1,55,9,4,1
45003.0,6548.0,0,0,0,1,51,12,4,1
32241.0,-15550.0,0,0,0,1,54,10,5,1
33657.0,4399.0,0,0,0,1,55,12,2,1
76650.0,1010.0,0,0,0,1,29,16,2,1
16980.0,600.0,0,0,0,0,60,12,4,1
42930.0,-18880.0,0,0,0,1,35,16,3,1
15300.0,-2450.0,0,0,0,1,30,6,4,1
37833.0,1150.0,0,0,0,0,26,14,3,1
68760.0,79400.0,0,0,0,0,55,9,2,1
25200.0,-8880.0,0,0,0,1,57,12,1,0
28875.0,36400.0,1,0,0,1,45,12,2,0
49356.0,3300.0,1,0,0,1,41,17,4,1
16521.0,-5400.0,0,0,0,1,42,13,1,0
22305.0,964.0,0,0,0,0,26,12,4,1
19590.0,99.0,0,0,0,1,41,12,1,0
40572.0,100.0,0,0,0,0,35,8,1,0
45219.0,5795.0,0,0,0,0,27,18,1,0
24996.0,599.0,0,0,0,1,46,14,2,0
34539.0,200.0,0,0,0,1,44,12,7,1
16335.0,800.0,1,0,0,0,49,14,2,0
14400.0,-1950.0,0,0,0,1,63,15,4,0
8085.0,-5996.0,0,0,0,0,31,12,4,1
62703.0,-13551.0,0,0,0,1,34,13,4,1
34923.0,-5350.0,0,0,0,0,29,12,1,0
19848.0,-400.0,0,0,0,1,42,10,4,1
11523.0,-142.0,0,0,0,1,53,12,3,1
8280.0,-2600.0,0,0,0,0,30,12,3,1
12750.0,-627.0,0,0,0,0,36,10,3,1
15054.0,-150.0,0,0,0,1,45,12,4,0
38343.0,10000.0,0,0,0,1,42,12,4,1
56160.0,1295.0,0,0,0,0,36,14,3,0
13506.0,-800.0,0,0,0,0,25,11,2,0
37920.0,6000.0,0,0,0,1,40,15,3,0
30828.0,-8800.0,0,0,0,1,33,12,5,1
21891.0,0.0,0,0,0,1,52,8,2,0
13749.0,400.0,0,0,0,0,33,12,1,0
23055.0,16199.0,1,0,0,1,44,18,1,0
20436.0,-200.0,0,0,0,0,31,12,4,1
43086.0,154825.0,0,0,0,1,46,18,3,0
25803.0,-100.0,0,0,0,1,31,13,5,1
10206.0,-1011.0,0,0,0,1,25,13,3,1
42024.0,-33900.0,0,0,0,0,43,16,2,1
24864.0,0.0,0,0,0,1,41,12,5,1
39165.0,13449.0,1,0,0,1,51,18,3,1
65550.0,-4500.0,0,0,0,1,54,16,3,1
9693.0,-55.0,0,0,0,0,44,12,4,0
13386.0,-3200.0,0,0,0,1,33,13,5,0
19371.0,-1552.0,0,0,0,0,54,12,3,1
56334.0,-3875.0,0,0,0,1,41,17,3,1
23463.0,-4811.0,0,0,0,0,43,16,1,0
74955.0,-20050.0,0,0,0,1,43,14,4,1
31527.0,1746.0,0,0,0,1,44,16,4,1
17340.0,-2000.0,0,0,0,0,62,12,1,0
95961.0,5050.0,1,0,0,0,32,17,2,1
72375.0,-360.0,0,0,0,1,34,12,4,1
74649.0,-8005.0,0,0,0,1,39,18,4,1
26412.0,6107.0,1,0,0,1,52,12,2,1
52320.0,-1600.0,0,0,0,1,26,16,2,1
61692.0,-2400.0,1,0,0,1,54,12,3,1
6741.0,-5700.0,0,0,0,1,41,15,2,0
30543.0,47384.0,0,0,0,0,48,16,1,0
24000.0,0.0,0,0,0,0,40,12,1,0
10509.0,0.0,0,0,0,0,51,8,2,1
17544.0,-50.0,0,0,0,1,60,12,2,0
30300.0,4000.0,1,0,0,0,27,12,4,1
49551.0,10150.0,1,0,0,1,45,12,3,1
34881.0,48486.0,1,0,0,1,64,8,2,1
21645.0,3050.0,1,0,0,1,40,12,2,0
19890.0,-6000.0,0,0,0,1,34,9,4,1
7884.0,600.0,0,0,0,0,30,8,2,0
35757.0,-762.0,0,0,0,0,33,14,1,0
7320.0,-15047.0,0,0,0,0,31,16,2,0
18468.0,-500.0,0,0,0,0,55,9,1,0
10500.0,0.0,0,0,0,0,43,8,5,1
23667.0,3788.0,1,0,0,0,43,12,1,0
25650.0,2400.0,0,0,0,0,30,12,1,0
36636.0,19513.0,1,0,0,1,54,11,3,1
12960.0,999.0,0,0,0,0,44,10,8,1
91500.0,23800.0,0,0,0,0,30,18,1,0
10200.0,0.0,0,0,0,1,41,10,4,0
8937.0,0.0,0,0,0,1,42,11,8,0
28629.0,0.0,0,0,0,1,30,12,3,1
5865.0,-3998.0,0,0,0,0,34,16,4,0
68229.0,-19450.0,0,0,0,1,28,18,1,0
61830.0,-8700.0,0,0,0,1,45,13,3,1
46071.0,-4400.0,0,0,0,1,45,12,4,1
48000.0,12800.0,1,0,0,0,52,12,3,1
25500.0,-14850.0,0,0,0,1,46,12,6,1
37800.0,22499.0,0,0,0,1,53,12,2,0
21129.0,0.0,0,0,0,0,31,11,7,1
162597.0,250999.0,1,0,0,1,50,18,4,1
25416.0,0.0,0,0,0,0,39,8,6,1
1275.0,-3288.0,0,0,0,0,26,16,1,0
92097.0,35000.0,0,0,0,1,34,18,4,1
21843.0,12618.0,0,0,0,1,59,11,2,0
85926.0,53258.0,1,0,0,1,37,15,3,1
35751.0,-2090.0,0,0,0,0,32,14,4,1
19965.0,-6600.0,1,0,0,0,50,13,1,0
24996.0,-24800.0,0,0,0,0,47,18,1,0
27168.0,-11760.0,0,0,0,1,43,7,6,1
30942.0,-4456.0,0,0,0,1,37,18,3,0
23394.0,-7450.0,0,0,0,1,57,9,1,0
49002.0,-29001.0,0,0,0,1,61,12,5,1
20400.0,-5646.0,0,0,0,1,29,14,4,1
31440.0,-1000.0,0,0,0,0,33,16,1,0
35478.0,-6127.0,0,0,0,1,41,7,2,1
10200.0,0.0,0,0,0,0,55,10,1,0
13890.0,-2801.0,0,0,0,0,29,15,2,0
39288.0,22499.0,1,0,0,1,60,10,2,1
4950.0,-1100.0,0,0,0,1,53,10,2,1
47295.0,5290.0,1,0,0,1,52,13,2,1
11628.0,5000.0,0,0,0,1,35,17,3,0
29400.0,29000.0,0,0,0,1,30,12,1,0
22680.0,-2200.0,0,0,0,0,29,12,6,1
41175.0,-1751.0,0,0,0,0,32,12,2,1
8889.0,500.0,0,0,0,1,25,12,1,0
94776.0,110000.0,0,0,0,1,45,18,1,0
50280.0,-8900.0,0,0,0,1,37,13,4,1
27150.0,-18700.0,0,0,0,0,47,14,3,0
36900.0,21600.0,0,0,0,1,58,12,2,1
6096.0,19600.0,0,0,0,1,27,12,1,0
32430.0,1500.0,0,0,0,0,28,12,3,1
8394.0,0.0,0,0,0,0,40,16,1,0
49509.0,17517.0,0,0,0,1,42,18,3,0
18117.0,10220.0,1,0,0,1,49,12,1,0
7830.0,0.0,0,0,0,1,60,12,1,0
27792.0,449.0,1,0,0,1,43,12,3,1
62610.0,7997.0,1,0,0,1,39,18,3,1
32349.0,-19706.0,0,0,0,0,48,11,4,1
100596.0,92800.0,0,0,0,1,52,18,2,0
34443.0,-1490.0,0,0,0,1,30,12,4,1
27000.0,54997.0,1,0,0,0,55,10,2,1
47070.0,2499.0,0,0,0,1,28,12,2,1
20592.0,-15500.0,0,0,0,1,48,15,2,1
12243.0,299.0,0,0,0,0,36,12,2,0
84993.0,6973.0,0,0,0,1,44,14,3,1
9369.0,-3610.0,0,0,0,0,31,12,3,0
45990.0,26749.0,1,0,0,1,55,6,5,1
110952.0,345603.0,1,0,0,1,52,12,5,1
56094.0,1499.0,0,0,0,1,46,12,2,1
31296.0,1200.0,0,0,0,1,50,12,3,1
30045.0,-5900.0,1,0,0,1,52,12,4,1
31938.0,343.0,0,0,0,1,38,12,4,1
16740.0,420.0,0,0,0,0,41,11,2,0
28812.0,2200.0,1,0,0,1,48,16,2,0
22722.0,30849.0,1,0,0,1,31,18,2,1
44775.0,-26280.0,0,0,0,0,34,16,4,1
4458.0,800.0,0,0,0,0,36,12,3,1
13770.0,0.0,0,0,0,1,53,3,3,1
47250.0,-600.0,0,0,0,1,44,14,1,0
18738.0,12500.0,1,0,0,1,64,11,2,1
15321.0,0.0,0,0,0,0,38,12,1,0
27720.0,-870.0,0,0,0,1,31,13,2,1
20448.0,849.0,0,0,0,0,25,13,1,0
39234.0,-1154.0,0,0,0,0,33,14,4,1
39525.0,-7200.0,0,0,0,1,47,16,3,0
1188.0,10325.0,1,0,0,0,56,8,1,0
45090.0,-4300.0,0,0,0,1,28,12,2,1
19413.0,-4095.0,0,0,0,1,41,12,4,0
47322.0,2526.0,0,0,0,1,25,16,2,1
30432.0,76000.0,1,0,0,0,64,13,2,1
26430.0,-2050.0,0,0,0,0,26,14,2,1
44952.0,11654.0,0,0,0,0,29,13,4,1
56388.0,-2400.0,0,0,0,1,46,18,5,1
24126.0,0.0,0,0,0,0,46,12,8,1
14676.0,1351.0,1,0,0,1,57,12,2,1
33225.0,1600.0,1,0,0,0,41,18,1,0
26580.0,7600.0,0,0,0,1,43,12,3,0
38670.0,950.0,0,0,0,1,27,12,4,1
38697.0,11599.0,0,0,0,0,37,16,1,0
35700.0,1247.0,0,0,0,1,44,13,4,1
57609.0,255.0,0,0,0,1,38,12,4,1
16380.0,-1500.0,0,0,0,0,28,14,3,0
20676.0,-250.0,0,0,0,0,37,14,3,1
108300.0,16500.0,1,0,0,1,33,16,4,1
19680.0,-9000.0,0,0,0,0,28,12,2,1
28515.0,43599.0,0,0,0,1,42,12,6,1
62730.0,6368.0,1,0,0,1,31,16,3,1
12588.0,2000.0,0,0,0,1,41,13,2,0
56103.0,-7751.0,1,0,0,1,55,12,5,1
32442.0,13697.0,0,0,0,0,33,12,3,1
21630.0,1020.0,0,0,0,0,31,12,1,0
99567.0,62950.0,1,0,0,1,40,18,4,1
24426.0,1800.0,0,0,0,1,45,12,1,0
37650.0,19550.0,1,0,0,1,29,16,2,1
44400.0,-5800.0,0,0,0,1,38,16,1,0
14703.0,-1925.0,0,0,0,1,56,10,1,0
28317.0,4035.0,0,0,0,1,53,11,2,1
23445.0,9600.0,1,0,0,1,59,12,2,1
6948.0,6075.0,1,0,0,1,62,13,1,0
15684.0,-5380.0,0,0,0,0,34,16,1,0
69375.0,2900.0,0,0,0,0,42,16,1,0
39210.0,21000.0,1,0,0,0,34,17,2,0
76428.0,230500.0,1,0,0,1,45,18,2,1
25548.0,1400.0,0,0,0,1,63,12,4,0
17253.0,95.0,0,0,0,1,34,12,2,1
42900.0,33649.0,1,0,0,1,53,12,1,0
3555.0,25550.0,1,0,0,1,60,14,2,1
26349.0,1152.0,0,0,0,1,48,6,3,1
16287.0,160.0,0,0,0,1,41,6,7,1
13818.0,300.0,0,0,0,1,34,12,3,1
24807.0,11350.0,0,0,0,1,32,13,4,1
35688.0,-7575.0,0,0,0,0,40,12,4,1
24645.0,-888.0,0,0,0,1,40,12,5,1
8250.0,-6900.0,0,0,0,0,25,14,1,0
13632.0,400.0,0,0,0,0,41,12,2,0
13980.0,-80.0,0,0,0,0,30,12,3,0
24666.0,-5551.0,0,0,0,1,32,13,3,0
23601.0,0.0,0,0,0,0,33,10,4,0
15135.0,249.0,0,0,0,0,55,14,1,0
30660.0,300.0,0,0,0,0,50,12,3,1
11820.0,100.0,0,0,0,0,30,12,3,0
65220.0,185500.0,1,0,0,1,51,18,3,1
74862.0,6971.0,1,0,0,1,32,18,3,1
51360.0,12000.0,1,0,0,1,35,16,1,0
17970.0,2000.0,0,0,0,1,29,12,3,1
21459.0,-2681.0,0,0,0,1,39,14,2,0
37236.0,130.0,1,0,0,1,25,13,3,1
10200.0,0.0,0,0,0,0,64,8,2,0
44316.0,4500.0,0,0,0,1,37,13,2,1
32565.0,11109.0,0,0,0,1,48,12,1,0
34950.0,500.0,0,0,0,1,41,16,3,0
77781.0,35499.0,1,0,0,1,27,18,2,1
12780.0,-800.0,0,0,0,1,55,8,3,1
39393.0,38177.0,1,0,0,1,60,11,2,1
44241.0,-920.0,0,0,0,1,31,12,3,0
19956.0,2029.0,0,0,0,0,53,16,1,0
50544.0,54253.0,1,0,0,1,52,18,2,0
59580.0,17600.0,1,0,0,1,37,12,3,1
55377.0,4256.0,1,0,0,1,38,12,4,1
19170.0,-6900.0,0,0,0,1,41,16,1,0
17646.0,-399.0,0,0,0,0,25,12,3,1
17445.0,-7000.0,0,0,0,1,34,12,4,1
9240.0,20200.0,1,0,0,1,27,16,1,0
61521.0,12250.0,1,0,0,1,46,12,5,0
101886.0,90500.0,1,0,0,1,38,16,2,0
31692.0,13828.0,1,0,0,1,62,8,2,1
10800.0,0.0,0,0,0,0,54,12,1,0
13377.0,-2350.0,0,0,0,0,25,12,1,0
61476.0,175999.0,1,0,0,1,63,16,2,1
7440.0,-16200.0,0,0,0,0,26,13,4,1
6000.0,0.0,0,0,0,0,46,14,2,0
26316.0,0.0,0,0,0,1,54,12,1,0
50916.0,2117.0,1,0,0,1,57,14,2,1
73362.0,-17300.0,0,0,0,1,42,14,5,1
29205.0,268.0,0,0,0,0,34,12,6,1
48558.0,-2462.0,0,0,0,0,28,12,4,1
6774.0,-500.0,0,0,0,0,40,10,3,0
16509.0,174999.0,1,0,0,1,52,18,1,0
25608.0,1800.0,0,0,0,0,49,3,1,0
27600.0,-10500.0,0,0,0,0,36,15,4,0
22440.0,-2140.0,0,0,0,0,29,12,3,1
169404.0,34418.0,1,0,0,1,32,17,2,1
37368.0,-8000.0,0,0,0,1,40,12,6,1
92253.0,0.0,1,0,0,0,38,18,3,0
85569.0,29648.0,1,0,0,0,30,16,2,1
2205.0,-300.0,0,0,0,0,46,12,6,0
37371.0,-3647.0,0,0,0,0,25,16,1,0
23940.0,350.0,0,0,0,1,29,11,3,1
57786.0,-8538.0,0,0,0,0,31,18,2,1
12018.0,300.0,0,0,0,0,46,11,1,0
15612.0,650.0,0,0,0,1,38,16,3,0
26664.0,5855.0,0,0,0,1,59,12,1,0
47520.0,12899.0,1,0,0,1,46,15,4,1
23208.0,-24500.0,0,0,0,0,55,12,3,1
21978.0,100.0,0,0,0,1,38,12,1,0
6471.0,0.0,0,0,0,0,30,14,4,0
41856.0,7000.0,0,0,0,0,25,12,3,1
26880.0,-16431.0,0,0,0,0,33,17,3,1
9705.0,0.0,0,0,0,0,59,1,1,0
18162.0,3129.0,0,0,0,1,25,13,1,0
15390.0,2725.0,0,0,0,0,25,17,1,0
48615.0,450.0,0,0,0,0,35,12,4,1
17700.0,0.0,0,0,0,0,28,10,1,0
18402.0,-20.0,0,0,0,1,56,12,4,1
60150.0,300.0,0,0,0,1,49,14,3,1
37257.0,1400.0,0,0,0,1,25,18,2,1
32589.0,1300.0,0,0,0,1,31,12,4,1
10857.0,1046.0,0,0,0,1,27,12,1,0
35247.0,22227.0,1,0,0,0,38,12,1,0
29430.0,-19425.0,0,0,0,0,34,16,2,0
55986.0,13400.0,0,0,0,1,34,13,6,1
12150.0,0.0,0,0,0,0,40,12,1,0
26295.0,2199.0,0,0,0,1,53,18,1,0
49329.0,-6705.0,0,0,0,1,32,16,2,1
5868.0,-2425.0,0,0,0,0,33,15,3,0
29097.0,-1900.0,0,0,0,1,55,12,2,1
74970.0,7999.0,0,0,0,1,47,12,4,1
23718.0,14299.0,1,0,0,0,32,16,1,0
97044.0,184100.0,1,0,0,1,61,16,2,1
40800.0,2600.0,0,0,0,1,30,11,2,1
14130.0,1850.0,0,0,0,0,37,18,1,0
18255.0,-2400.0,0,0,0,1,54,12,3,0
53700.0,-8501.0,0,0,0,0,32,16,4,1
12369.0,0.0,0,0,0,0,27,12,2,0
22824.0,59000.0,1,0,0,1,50,12,1,0
41007.0,-1889.0,0,0,0,1,48,12,2,1
34002.0,-21498.0,1,0,0,0,45,12,3,1
11832.0,-400.0,0,0,0,0,28,12,1,0
42060.0,18600.0,1,0,0,1,41,16,4,1
18090.0,5499.0,1,0,0,0,64,9,1,0
8088.0,0.0,0,0,0,0,28,12,3,0
62700.0,600.0,0,0,0,0,32,13,2,0
29013.0,114900.0,1,0,0,1,63,12,2,1
9228.0,7.0,0,0,0,0,32,12,1,0
14460.0,1339.0,0,0,0,1,52,1,3,1
61722.0,-2480.0,0,0,0,1,32,13,3,1
43560.0,2750.0,0,0,0,1,32,13,4,1
26973.0,2100.0,0,0,0,1,32,12,5,1
17430.0,-300.0,0,0,0,0,61,12,4,0
61953.0,17700.0,0,0,0,1,41,14,4,1
35475.0,-4050.0,0,0,0,0,40,18,3,0
6663.0,95.0,0,0,0,0,26,12,4,0
11220.0,0.0,0,0,0,0,25,6,4,1
10200.0,0.0,0,0,0,1,29,12,3,0
20559.0,2900.0,0,0,0,0,30,14,3,0
9948.0,0.0,0,0,0,0,42,3,5,0
26550.0,60015.0,0,0,0,1,37,15,2,1
16149.0,1800.0,0,0,0,1,60,12,2,0
36000.0,-10700.0,0,0,0,0,35,18,1,0
58959.0,110100.0,1,0,0,0,51,14,1,0
110760.0,334576.0,1,0,0,1,49,18,4,1
7020.0,-6550.0,0,0,0,0,28,18,1,0
43230.0,1400.0,0,0,0,0,28,12,1,0
6375.0,0.0,0,0,0,0,29,16,2,1
42951.0,6834.0,0,0,0,1,47,6,3,1
52350.0,11700.0,1,0,0,1,40,12,2,1
20460.0,100.0,0,0,0,0,26,12,4,0
8745.0,1249.0,0,0,0,1,58,8,6,1
26010.0,-500.0,0,0,0,1,52,12,1,0
16200.0,0.0,0,0,0,0,61,10,2,1
9630.0,0.0,0,0,0,1,40,12,5,0
18576.0,-2200.0,0,0,0,1,35,11,5,1
23535.0,137800.0,1,0,0,0,62,16,1,0
41112.0,99.0,0,0,0,1,30,12,2,1
19770.0,-7000.0,0,0,0,1,28,12,4,1
17652.0,-1030.0,0,0,0,1,46,12,4,1
101949.0,32500.0,1,0,0,1,53,12,3,1
14640.0,955.0,1,0,0,1,40,12,2,0
28050.0,11000.0,1,0,0,1,61,16,2,1
43281.0,1368.0,1,0,0,0,29,12,3,1
25020.0,100.0,0,0,0,0,36,15,1,0
38319.0,90.0,0,0,0,0,31,12,3,1
10245.0,300.0,0,0,0,0,38,7,3,1
29640.0,994.0,0,0,0,1,38,13,4,1
34680.0,-57000.0,0,0,0,1,45,10,4,1
12954.0,0.0,0,0,0,1,27,12,5,1
9600.0,300.0,0,0,0,0,32,11,2,0
35889.0,591.0,0,0,0,1,37,14,4,1
41064.0,14899.0,1,0,0,1,63,12,3,1
56253.0,133.0,0,0,0,0,49,12,3,1
50424.0,20399.0,1,0,0,1,35,13,4,1
24090.0,1299.0,0,0,0,0,43,12,1,0
24168.0,-9795.0,0,0,0,0,26,13,1,0
43590.0,5500.0,1,0,0,1,51,17,2,0
19434.0,-400.0,0,0,0,0,56,14,5,1
33921.0,39400.0,1,0,0,1,59,12,2,1
36933.0,-5004.0,0,0,0,1,49,16,4,1
16938.0,6215.0,0,0,0,1,25,12,3,1
25122.0,1205.0,0,0,0,0,30,12,4,1
9180.0,0.0,0,0,0,1,54,6,5,1
43209.0,200.0,0,0,0,1,38,14,3,1
12960.0,0.0,0,0,0,0,40,10,1,0
13338.0,0.0,0,0,0,0,39,12,6,0
17850.0,0.0,0,0,0,1,47,7,6,1
46983.0,12115.0,0,0,0,1,47,12,4,1
79650.0,42600.0,1,0,0,1,42,12,3,1
22050.0,47900.0,1,0,0,1,58,8,1,0
19374.0,34000.0,1,0,0,1,64,12,2,1
29427.0,1600.0,0,0,0,1,28,16,6,1
19416.0,4500.0,0,0,0,0,38,12,2,0
51408.0,14999.0,0,0,0,1,34,12,2,1
39978.0,28000.0,1,0,0,0,53,15,1,0
20400.0,0.0,0,0,0,0,36,8,5,1
37971.0,37173.0,1,0,0,1,51,15,2,1
9960.0,0.0,0,0,0,0,45,12,4,1
21369.0,-113.0,0,0,0,1,36,12,2,0
28560.0,2760.0,1,0,0,1,32,18,4,1
70590.0,3699.0,0,0,0,1,48,18,4,1
3207.0,-10391.0,0,0,0,0,30,17,1,0
33360.0,-3995.0,0,0,0,1,36,12,4,1
27270.0,-3264.0,0,0,0,1,25,12,3,1
4653.0,0.0,0,0,0,0,35,11,5,0
11250.0,0.0,0,0,0,0,43,11,5,0
49500.0,-3000.0,0,0,0,1,34,16,3,0
22335.0,8050.0,1,0,0,1,41,13,3,0
12648.0,100.0,0,0,0,0,44,12,2,1
15822.0,11400.0,0,0,0,0,26,17,2,1
14580.0,-248.0,0,0,0,0,41,12,3,0
32025.0,40800.0,1,0,0,0,42,14,1,0
48786.0,7500.0,1,0,0,1,34,13,4,1
34794.0,249.0,0,0,0,0,41,16,1,0
59400.0,47000.0,0,0,0,1,39,12,3,1
8400.0,0.0,0,0,0,0,27,12,3,0
39606.0,80.0,0,0,0,0,29,14,2,1
28872.0,-5700.0,0,0,0,1,32,12,5,1
16812.0,0.0,0,0,0,1,49,12,4,1
19380.0,0.0,0,0,0,0,25,12,1,0
19770.0,74350.0,0,0,0,1,36,12,1,0
10710.0,100.0,0,0,0,0,37,10,1,0
28740.0,-1200.0,0,0,0,0,27,18,1,0
11040.0,200.0,0,0,0,0,37,13,4,1
29700.0,-250.0,0,0,0,1,56,12,3,1
19980.0,20.0,0,0,0,1,30,9,5,1
16374.0,-1218.0,0,0,0,1,46,6,6,1
44790.0,2950.0,0,0,0,1,41,12,2,1
29304.0,1849.0,0,0,0,1,53,12,2,1
15966.0,0.0,0,0,0,0,30,12,1,0
10200.0,-1200.0,0,0,0,0,25,15,1,0
63750.0,223075.0,1,0,0,0,30,16,1,0
45594.0,220.0,0,0,0,0,43,9,7,1
70290.0,-14500.0,0,0,0,1,35,12,4,1
27021.0,34397.0,0,0,0,1,56,18,1,0
42813.0,12205.0,0,0,0,1,42,18,4,1
41514.0,3500.0,0,0,0,1,37,12,4,1
20490.0,1815.0,0,0,0,1,29,12,1,0
5265.0,100.0,0,0,0,1,39,14,1,0
67005.0,-12300.0,0,0,0,1,36,14,5,1
17352.0,11955.0,1,0,0,0,34,13,1,0
13065.0,19249.0,1,0,0,0,58,14,1,0
18549.0,19000.0,0,0,0,1,63,3,2,1
25395.0,700.0,0,0,0,1,25,15,1,0
17079.0,13050.0,0,0,0,0,29,14,1,0
66111.0,8420.0,0,0,0,1,42,17,4,1
22248.0,-10550.0,0,0,0,1,44,6,8,1
26952.0,-1050.0,0,0,0,1,36,13,4,1
16320.0,0.0,0,0,0,0,61,11,2,1
42948.0,-7953.0,0,0,0,1,59,12,2,1
51150.0,26500.0,1,0,0,1,47,18,1,0
45471.0,32700.0,1,0,0,1,60,16,2,0
57924.0,0.0,0,0,0,0,47,12,4,1
47733.0,1780.0,0,0,0,1,36,14,2,1
17400.0,-10100.0,0,0,0,0,35,16,1,0
23484.0,15108.0,1,0,0,1,55,12,2,1
13332.0,-700.0,0,0,0,1,59,10,2,1
17850.0,0.0,0,0,0,0,25,12,1,0
70830.0,-2000.0,0,0,0,1,46,12,4,1
16536.0,100.0,0,0,0,1,63,9,3,1
64875.0,-5700.0,0,0,0,1,27,16,4,1
6843.0,0.0,0,0,0,0,59,12,2,0
40110.0,2660.0,0,0,0,0,27,12,2,1
56346.0,-7700.0,0,0,0,1,37,14,4,1
19644.0,500.0,0,0,0,0,29,12,4,0
5652.0,-928.0,0,0,0,0,47,8,1,0
17625.0,1800.0,1,0,0,0,52,11,1,0
38283.0,47374.0,1,0,0,1,59,12,3,1
33915.0,968999.0,1,0,0,1,58,1,2,1
44205.0,27500.0,0,0,0,0,44,12,4,1
48000.0,-17550.0,0,0,0,0,45,14,4,1
29424.0,7899.0,0,0,0,0,60,14,1,0
69009.0,6900.0,1,0,0,1,37,16,4,1
13275.0,-5490.0,0,0,0,1,30,12,1,0
69720.0,-11900.0,0,0,0,0,32,15,3,1
24432.0,200.0,0,0,0,1,60,15,2,1
46791.0,110000.0,1,0,0,0,39,16,4,1
15840.0,300.0,0,0,0,1,45,11,2,1
23808.0,-10914.0,0,0,0,1,59,9,2,1
95460.0,29880.0,0,0,0,1,49,17,5,1
19236.0,2000.0,0,0,0,0,62,8,1,0
16578.0,0.0,0,0,0,0,49,7,1,0
16128.0,-193.0,0,0,0,0,31,12,2,0
7023.0,13.0,0,0,0,0,39,8,5,0
23460.0,40.0,0,0,0,0,51,12,3,1
18027.0,-850.0,0,0,0,0,35,15,1,0
28797.0,1207.0,0,0,0,1,56,12,2,1
12555.0,-10250.0,0,0,0,0,25,16,2,0
26760.0,19900.0,1,0,0,1,54,14,3,1
13200.0,600.0,0,0,0,1,52,12,4,0
35643.0,-2000.0,0,0,0,0,29,12,5,1
43272.0,-11495.0,0,0,0,0,32,12,3,1
41172.0,-100.0,0,0,0,1,62,10,5,1
8082.0,50513.0,1,0,0,1,51,12,2,1
37569.0,-3300.0,0,0,0,1,57,12,4,1
27303.0,7.0,0,0,0,0,33,12,3,1
41292.0,-6450.0,0,0,0,1,31,12,4,1
23586.0,165.0,0,0,0,1,28,12,4,1
25785.0,-450.0,0,0,0,1,59,12,2,1
10800.0,500.0,0,0,0,0,48,9,2,0
30804.0,-1600.0,0,0,0,0,35,16,1,0
18825.0,3600.0,0,0,0,1,58,13,2,0
24486.0,-2300.0,0,0,0,1,41,6,4,1
42618.0,20600.0,1,0,0,1,45,18,5,1
25650.0,-5475.0,0,0,0,1,60,13,2,1
1560.0,0.0,0,0,0,0,35,6,4,1
81840.0,81698.0,1,0,0,1,55,16,2,1
33243.0,-200.0,0,0,0,1,50,9,2,1
43902.0,-400.0,0,0,0,1,63,9,2,1
55770.0,-30590.0,1,0,0,0,35,16,3,1
20121.0,11289.0,0,0,0,1,46,12,2,1
20436.0,57.0,0,0,0,1,31,10,4,1
53835.0,62550.0,0,0,0,1,37,12,4,1
12870.0,2800.0,0,0,0,1,31,12,1,0
31476.0,-9700.0,0,0,0,0,29,15,2,1
18450.0,950.0,0,0,0,1,29,16,3,1
25308.0,100.0,0,0,0,0,31,12,2,1
23952.0,9635.0,1,0,0,1,56,15,2,1
13773.0,49.0,0,0,0,0,52,10,3,0
7989.0,-600.0,0,0,0,1,55,11,2,0
34830.0,-17275.0,0,0,0,0,26,18,1,0
109392.0,38200.0,0,0,0,1,39,18,5,1
15330.0,499.0,0,0,0,1,47,9,2,0
62700.0,24612.0,1,0,0,1,60,16,3,1
11703.0,-476.0,0,0,0,0,30,12,1,0
28293.0,95.0,0,0,0,0,28,14,3,1
29028.0,225.0,0,0,0,1,38,17,1,0
21891.0,300.0,0,0,0,1,29,13,1,0
10185.0,-4925.0,0,0,0,0,36,12,5,1
39138.0,-1609.0,1,0,0,1,42,12,3,1
53697.0,33900.0,1,0,0,1,44,18,3,1
15618.0,-1100.0,0,0,0,0,33,16,1,0
63360.0,48528.0,1,0,0,1,58,13,2,1
46890.0,21625.0,0,0,0,0,27,14,3,1
15462.0,300.0,1,0,0,0,25,11,2,1
46080.0,0.0,0,0,0,1,41,16,5,1
14340.0,2130.0,0,0,0,0,36,12,1,1
16845.0,11675.0,1,0,0,1,62,12,1,0
945.0,0.0,0,0,0,1,52,8,2,0
24900.0,102710.0,1,0,0,1,54,12,3,0
16608.0,-2990.0,0,0,0,0,31,16,1,0
85092.0,12726.0,0,0,0,1,38,13,4,1
52884.0,11000.0,1,0,0,1,42,18,4,1
29283.0,2015.0,0,0,0,1,28,12,4,1
36930.0,3200.0,0,0,0,1,46,13,1,0
8460.0,23499.0,1,0,0,1,55,16,1,1
15009.0,13749.0,0,0,0,1,62,12,2,0
23250.0,615.0,0,0,0,0,25,12,1,0
21306.0,-4116.0,0,0,0,1,35,12,3,1
12834.0,-9732.0,0,0,0,0,32,10,6,1
27972.0,-75.0,0,0,0,1,55,10,1,0
32880.0,-10001.0,0,0,0,1,48,18,2,0
20580.0,2999.0,0,0,0,1,63,4,2,1
15387.0,0.0,0,0,0,0,62,12,3,1
46746.0,899.0,0,0,0,0,51,12,3,1
23520.0,-800.0,0,0,0,1,35,12,5,1
13029.0,15042.0,0,0,0,0,31,18,1,0
50817.0,4600.0,1,0,0,1,38,14,3,1
31200.0,-3467.0,0,0,0,0,46,12,2,0
18069.0,2030.0,0,0,0,1,47,12,3,0
18525.0,0.0,0,0,0,0,31,11,3,0
26736.0,500.0,0,0,0,1,26,12,4,1
52089.0,11700.0,0,0,0,1,41,16,4,1
24033.0,229.0,0,0,0,0,35,13,2,0
15558.0,0.0,0,0,0,0,34,17,1,0
60654.0,86000.0,1,0,0,1,45,10,2,1
24084.0,-1200.0,0,0,0,1,40,5,6,1
28575.0,-380.0,0,0,0,1,33,12,2,1
41934.0,21991.0,1,0,0,1,59,12,2,1
18000.0,-4000.0,0,0,0,0,26,18,1,0
93612.0,-3200.0,0,0,0,1,41,18,5,1
26340.0,200.0,0,0,0,1,45,13,5,1
36000.0,99.0,0,0,0,1,43,12,3,1
13116.0,500.0,0,0,0,0,31,14,7,1
15384.0,100.0,0,0,0,0,38,13,1,0
14460.0,1000.0,0,0,0,0,36,12,4,1
26796.0,-1431.0,0,0,0,0,25,10,6,1
17679.0,-550.0,0,0,0,0,31,14,3,0
27429.0,-964.0,0,0,0,0,48,12,2,1
28332.0,0.0,0,0,0,0,40,12,2,0
17373.0,-2861.0,0,0,0,0,29,17,3,1
18810.0,26200.0,1,0,0,1,27,16,2,1
24336.0,-300.0,0,0,0,1,42,12,4,1
12912.0,-1650.0,0,0,0,1,52,8,4,1
37980.0,97000.0,1,0,0,1,61,13,2,0
38880.0,-17700.0,0,0,0,1,61,13,2,0
58896.0,0.0,0,0,0,0,59,18,1,0
20703.0,2491.0,0,0,0,1,54,11,2,0
12168.0,500.0,0,0,0,0,34,12,1,0
8058.0,-5000.0,0,0,0,0,29,14,2,0
24057.0,1000.0,0,0,0,1,63,8,3,1
14760.0,20800.0,0,0,0,0,31,12,2,1
25533.0,75000.0,0,0,0,0,47,11,2,0
37644.0,-6656.0,0,0,0,1,44,14,3,1
7050.0,-12600.0,0,0,0,0,43,9,4,1
25455.0,-2596.0,0,0,0,1,37,12,4,1
969.0,85.0,0,0,0,0,44,18,2,0
41610.0,3880.0,0,0,0,1,28,14,4,1
35178.0,2699.0,1,0,0,1,39,14,5,1
19815.0,-3800.0,0,0,0,0,51,15,1,0
10710.0,0.0,0,0,0,0,35,12,1,0
15450.0,3999.0,0,0,0,1,59,12,1,0
27486.0,40300.0,1,0,0,0,35,14,2,1
16560.0,-800.0,0,0,0,0,30,12,4,1
46506.0,3200.0,0,0,0,1,25,11,3,0
19329.0,10976.0,0,0,0,0,40,13,1,0
29250.0,3800.0,0,0,0,1,56,12,2,1
19467.0,700.0,0,0,0,0,37,16,3,1
8160.0,0.0,0,0,0,0,51,9,5,1
8586.0,-1000.0,0,0,0,0,45,12,1,0
30402.0,-3850.0,0,0,0,1,48,12,4,1
21630.0,-1501.0,0,0,0,1,61,15,3,0
62580.0,126500.0,1,0,0,1,51,16,2,1
26418.0,-11312.0,0,0,0,0,29,16,1,0
1419.0,-30000.0,0,0,0,1,27,10,5,1
72582.0,13100.0,1,0,0,1,33,14,4,1
28149.0,-84700.0,0,0,0,0,29,13,4,1
2970.0,200.0,0,0,0,0,28,15,1,0
6240.0,-2000.0,0,0,0,0,51,10,3,0
38400.0,6500.0,0,0,0,1,40,12,4,1
46839.0,109200.0,1,0,0,1,54,16,2,0
45351.0,-1393.0,0,0,0,0,28,12,2,1
12240.0,-3500.0,0,0,0,0,50,14,2,0
3579.0,4300.0,1,0,0,1,42,16,2,0
14283.0,28.0,0,0,0,0,40,12,1,0
151572.0,74000.0,1,0,0,1,48,18,3,1
60426.0,41445.0,1,0,0,1,50,13,2,1
24060.0,2600.0,0,0,0,1,30,13,6,1
22950.0,-3800.0,0,0,0,0,27,12,2,1
34455.0,-9100.0,0,0,0,1,46,12,4,1
15393.0,-22491.0,0,0,0,1,64,10,3,1
8208.0,100.0,0,0,0,1,52,10,1,0
10200.0,100.0,0,0,0,1,46,9,2,0
18600.0,-600.0,0,0,0,1,45,2,6,1
20715.0,2010.0,1,0,0,1,46,9,4,0
13770.0,-3500.0,0,0,0,1,46,12,4,1
6783.0,-2350.0,0,0,0,1,40,9,1,0
71700.0,10900.0,0,0,0,1,35,16,3,1
35997.0,200.0,0,0,0,1,36,16,4,1
40800.0,525.0,0,0,0,1,39,14,1,0
59346.0,2000.0,0,0,0,1,54,11,2,1
1920.0,0.0,0,0,0,0,34,15,2,0
21840.0,-2500.0,0,0,0,1,57,14,3,0
12492.0,3600.0,0,0,0,0,64,14,1,0
16896.0,-14.0,0,0,0,0,35,12,3,0
29730.0,4101.0,0,0,0,1,29,14,3,1
28329.0,26530.0,1,0,0,1,54,16,2,0
5943.0,0.0,0,0,0,1,27,7,1,0
22995.0,-1900.0,0,0,0,0,52,12,1,0
12630.0,500.0,0,0,0,0,37,12,3,0
10098.0,299.0,0,0,0,0,47,12,2,0
7182.0,-7300.0,0,0,0,0,50,9,5,1
6753.0,-243.0,0,0,0,1,63,4,2,1
110820.0,30000.0,1,0,0,1,43,12,5,1
17328.0,0.0,0,0,0,0,33,12,5,0
10998.0,19046.0,1,0,0,1,41,13,1,0
126576.0,-130090.0,1,0,0,1,59,12,3,1
30552.0,12923.0,0,0,0,1,33,16,4,1
22134.0,-994.0,0,0,0,0,28,13,1,0
48585.0,1778.0,0,0,0,1,49,12,3,1
38760.0,-500.0,0,0,0,1,47,10,3,1
11667.0,-10002.0,0,0,0,0,32,12,1,0
22743.0,599.0,0,0,0,1,36,14,5,1
16386.0,-1200.0,0,0,0,0,31,12,3,1
50910.0,-4500.0,0,0,0,1,35,12,4,1
44748.0,38149.0,0,0,0,1,29,16,2,1
7200.0,450.0,0,0,0,0,52,6,3,1
9120.0,-700.0,0,0,0,1,29,12,4,1
9000.0,-569.0,0,0,0,0,39,12,1,0
12006.0,-25037.0,0,0,0,0,29,12,1,0
8739.0,46298.0,1,0,0,1,61,10,2,1
18678.0,27.0,0,0,0,1,63,12,3,1
25500.0,-500.0,0,0,0,1,33,12,5,1
25737.0,600.0,1,0,0,1,26,10,4,1
28869.0,-1450.0,0,0,0,1,34,13,4,1
53379.0,55023.0,1,0,0,1,64,16,4,1
134490.0,6200.0,1,0,0,1,49,18,5,1
19152.0,2000.0,0,0,0,1,42,18,2,0
73680.0,4150.0,0,0,0,1,33,18,2,1
31635.0,249.0,0,0,0,1,44,12,1,0
14415.0,850.0,0,0,0,1,59,5,2,1
55818.0,4876.0,0,0,0,1,46,12,4,1
33126.0,-2375.0,0,0,0,1,42,12,3,0
30240.0,-1000.0,0,0,0,1,48,12,2,1
29415.0,10974.0,1,0,0,1,59,12,8,1
74856.0,55300.0,0,0,0,1,57,18,2,1
31014.0,55499.0,1,0,0,1,55,16,2,1
30690.0,31889.0,1,0,0,1,39,12,5,1
17544.0,-1080.0,0,0,0,0,36,12,1,0
57828.0,30814.0,0,0,0,1,35,12,2,1
15390.0,10.0,0,0,0,0,34,10,1,0
25380.0,200.0,0,0,0,1,54,12,2,0
14421.0,-4870.0,0,0,0,1,49,11,5,1
7938.0,3000.0,0,0,0,0,46,12,2,0
24396.0,14178.0,0,0,0,0,32,6,4,1
24534.0,5150.0,0,0,0,0,25,14,3,1
44640.0,27349.0,0,0,0,1,27,16,3,1
26052.0,-100.0,0,0,0,1,37,11,8,1
58305.0,32399.0,0,0,0,1,42,12,5,1
23100.0,47998.0,0,0,0,1,62,12,2,1
12243.0,54.0,0,0,0,0,29,12,1,0
18744.0,-6450.0,0,0,0,1,34,12,6,1
79323.0,95299.0,1,0,0,1,59,18,2,1
22656.0,0.0,0,0,0,1,55,16,4,0
70368.0,4600.0,0,0,0,1,48,12,3,1
106086.0,-5900.0,1,0,0,1,44,15,4,1
6564.0,0.0,0,0,0,0,48,12,10,0
15840.0,1000.0,0,0,0,0,32,12,1,0
16968.0,69200.0,1,0,0,1,49,12,1,0
115506.0,39600.0,0,0,0,1,44,18,5,1
21240.0,-300.0,0,0,0,0,31,12,4,1
8826.0,-7156.0,0,0,0,1,27,13,1,0
29781.0,21395.0,1,0,0,1,54,12,6,1
53400.0,17750.0,1,0,0,0,30,12,3,1
44016.0,27800.0,1,0,0,1,43,13,1,0
30294.0,-3447.0,0,0,0,1,63,11,3,1
54360.0,21417.0,1,0,0,1,55,16,2,1
16014.0,4999.0,1,0,0,1,61,11,6,0
26652.0,-2700.0,0,0,0,1,61,12,2,1
7275.0,2325.0,0,0,0,1,30,16,1,0
10497.0,0.0,0,0,0,0,27,12,4,1
36639.0,-11000.0,0,0,0,1,30,12,4,1
48858.0,2000.0,0,0,0,1,46,8,4,1
40161.0,3400.0,0,0,0,1,34,12,4,1
8268.0,1264.0,0,0,0,1,37,12,1,0
40896.0,4258.0,0,0,0,1,40,10,5,1
17880.0,500.0,0,0,0,1,57,9,1,0
50364.0,43848.0,1,0,0,1,40,12,4,1
27.0,3450.0,0,0,0,1,50,16,3,1
61362.0,32600.0,1,0,0,1,38,18,5,1
15669.0,149.0,0,0,0,0,28,12,5,1
48000.0,2000.0,0,0,0,1,41,13,3,1
57345.0,115190.0,1,0,0,1,62,15,2,1
38721.0,47359.0,0,0,0,1,49,12,2,1
24000.0,200.0,0,0,0,1,53,12,2,1
23268.0,611.0,0,0,0,0,35,12,2,0
13428.0,0.0,0,0,0,0,45,15,1,0
24795.0,-300.0,0,0,0,0,40,13,3,0
42036.0,4200.0,0,0,0,1,38,16,5,1
71310.0,-2800.0,0,0,0,1,35,16,4,1
21675.0,100.0,0,0,0,0,29,13,1,0
17616.0,20418.0,1,0,0,1,51,12,3,1
51432.0,-1694.0,0,0,0,1,38,14,3,0
14310.0,600.0,0,0,0,0,26,18,1,0
48288.0,3300.0,0,0,0,0,28,16,1,0
7143.0,4000.0,0,0,0,0,39,8,6,1
13707.0,-3070.0,0,0,0,1,34,15,3,0
86760.0,46669.0,1,0,0,0,34,13,4,1
27852.0,100.0,0,0,0,0,38,9,4,1
36702.0,7399.0,0,0,0,1,34,10,4,1
23904.0,29100.0,0,0,0,0,35,12,3,1
20643.0,8850.0,0,0,0,0,56,12,4,1
17070.0,21199.0,1,0,0,1,58,12,4,1
34839.0,2647.0,1,0,0,0,36,18,1,0
41436.0,1200.0,0,0,0,1,29,12,3,1
20670.0,499.0,0,0,0,0,29,14,1,0
11475.0,0.0,0,0,0,1,64,8,1,0
45750.0,-12946.0,0,0,0,1,27,12,2,1
26700.0,46000.0,0,0,0,1,39,13,4,1
56868.0,2500.0,0,0,0,0,35,13,2,1
24540.0,-8900.0,0,0,0,1,30,13,4,1
15330.0,-201.0,0,0,0,0,27,14,1,0
49650.0,26900.0,1,0,0,1,37,16,5,1
22149.0,400.0,0,0,0,1,32,13,1,0
29499.0,122555.0,1,0,0,1,59,13,3,1
88422.0,4620.0,1,0,0,1,53,17,5,1
43146.0,-7800.0,0,0,0,0,28,14,4,1
52200.0,15000.0,0,0,0,0,32,16,4,1
27129.0,-3000.0,0,0,0,1,35,12,2,0
66897.0,0.0,0,0,0,1,32,16,3,1
23706.0,59300.0,1,0,0,1,58,12,2,1
99810.0,89448.0,0,0,0,1,50,12,5,1
15300.0,-523.0,0,0,0,1,31,12,4,0
24642.0,22600.0,0,0,0,1,36,16,4,1
18030.0,499.0,0,0,0,0,26,14,1,0
15654.0,3200.0,0,0,0,0,45,12,4,0
37323.0,-9650.0,0,0,0,1,29,16,3,1
27546.0,60840.0,1,0,0,1,39,12,1,0
47178.0,-5190.0,0,0,0,1,45,14,4,1
48651.0,800.0,0,0,0,1,38,18,2,0
24936.0,-4340.0,0,0,0,1,29,12,4,1
30720.0,3599.0,1,0,0,1,36,15,3,1
21276.0,-800.0,0,0,0,1,29,13,2,0
27606.0,-6950.0,0,0,0,0,25,14,3,1
6408.0,0.0,0,0,0,1,41,4,3,1
15660.0,50.0,0,0,0,0,29,12,2,0
15615.0,-580.0,0,0,0,0,36,12,1,0
10056.0,0.0,0,0,0,1,34,3,7,1
9846.0,300.0,0,0,0,0,62,6,7,0
34974.0,1049.0,0,0,0,0,48,12,4,1
24174.0,-3400.0,0,0,0,0,44,14,1,0
14679.0,-375.0,0,0,0,0,37,14,4,1
7437.0,523.0,0,0,0,1,60,12,2,0
30498.0,-576.0,0,0,0,0,50,13,1,0
33720.0,-2552.0,0,0,0,1,30,12,2,1
40200.0,-5310.0,0,0,0,1,43,12,5,1
74568.0,19940.0,0,0,0,1,33,18,2,1
14079.0,350.0,0,0,0,0,25,12,1,0
27630.0,-2200.0,0,0,0,1,25,13,1,0
27492.0,16600.0,1,0,0,1,25,12,5,1
35754.0,-8200.0,0,0,0,1,54,12,3,1
32205.0,33569.0,1,0,0,1,44,16,5,1
21306.0,10000.0,0,0,0,1,26,12,3,1
23877.0,55175.0,1,0,0,0,38,12,2,1
10887.0,1500.0,0,0,0,0,63,13,2,0
13728.0,-4108.0,0,0,0,1,44,12,5,1
26022.0,31999.0,0,0,0,1,46,13,2,0
27225.0,0.0,0,0,0,1,31,12,1,0
23358.0,100.0,0,0,0,1,54,13,4,0
22812.0,-5950.0,0,0,0,0,45,12,5,1
26751.0,-6200.0,0,0,0,0,30,10,4,1
97722.0,-10600.0,0,0,0,1,39,12,6,1
78750.0,7500.0,0,0,0,1,63,18,4,1
33996.0,3499.0,0,0,0,1,37,16,1,0
19068.0,-7304.0,0,0,0,1,43,12,3,0
12255.0,200.0,0,0,0,0,31,12,1,0
15315.0,250.0,0,0,0,0,42,12,4,0
27246.0,-8195.0,0,0,0,0,28,14,4,1
9063.0,0.0,0,0,0,0,35,11,7,0
33240.0,122800.0,0,0,0,1,45,17,4,1
36042.0,4325.0,0,0,0,0,25,16,2,1
23109.0,17600.0,1,0,0,1,60,13,2,1
81558.0,9206.0,1,0,0,1,43,18,2,1
33360.0,20000.0,0,0,0,1,25,13,7,0
22152.0,-5000.0,0,0,0,0,36,14,5,1
26880.0,600.0,0,0,0,1,52,8,2,1
45225.0,18300.0,1,0,0,1,54,12,1,0
34470.0,-2000.0,0,0,0,1,55,12,4,1
23466.0,1600.0,0,0,0,1,36,12,5,1
27000.0,-750.0,0,0,0,1,30,16,1,0
24960.0,0.0,0,0,0,0,32,13,4,1
10035.0,-435.0,0,0,0,0,45,12,1,0
9150.0,-10397.0,0,0,0,0,33,10,9,1
22254.0,749.0,0,0,0,0,40,17,1,0
95634.0,157075.0,1,0,0,1,54,16,2,1
21030.0,11000.0,1,0,0,0,27,16,1,0
9069.0,-650.0,0,0,0,1,32,13,4,0
8700.0,0.0,0,0,0,0,39,10,2,0
19080.0,0.0,0,0,0,1,64,12,3,1
2400.0,0.0,0,0,0,0,35,12,1,0
23100.0,12500.0,1,0,0,0,32,16,1,0
97752.0,30999.0,1,0,0,1,35,15,3,1
9966.0,0.0,0,0,0,0,48,12,2,0
23703.0,-16747.0,0,0,0,1,39,12,5,1
21921.0,45500.0,0,0,0,1,59,11,2,1
22818.0,-8149.0,0,0,0,1,33,12,4,1
16575.0,850.0,0,0,0,1,32,12,3,0
30324.0,-1500.0,0,0,0,1,31,12,4,1
41190.0,-5150.0,0,0,0,1,48,18,3,1
81510.0,2800.0,1,0,0,1,36,14,5,1
38148.0,205.0,0,0,0,0,45,11,1,0
52995.0,8249.0,1,0,0,0,37,12,4,1
21180.0,-4400.0,0,0,0,1,31,12,3,0
42600.0,-2720.0,0,0,0,1,34,12,4,1
31431.0,9500.0,1,0,0,1,47,12,3,0
14040.0,100.0,0,0,0,0,46,12,3,1
9396.0,0.0,0,0,0,0,33,12,2,0
55476.0,62500.0,1,0,0,1,60,12,2,0
20880.0,-96.0,0,0,0,0,34,12,3,1
26109.0,20302.0,0,0,0,1,64,12,1,0
12660.0,634.0,0,0,0,0,26,12,1,0
24144.0,230.0,0,0,0,0,35,14,4,1
7569.0,53.0,0,0,0,1,43,9,3,0
44856.0,3500.0,0,0,0,1,35,14,5,1
7800.0,0.0,0,0,0,0,57,6,1,0
28650.0,61999.0,1,0,0,1,61,12,2,0
54204.0,32900.0,0,0,0,1,40,18,3,1
79317.0,76550.0,1,0,0,1,45,12,3,1
41514.0,2746.0,0,0,0,0,52,18,1,0
17988.0,10199.0,0,0,0,1,57,11,3,1
61560.0,9000.0,1,0,0,1,45,16,4,1
30063.0,33800.0,1,0,0,1,49,14,1,0
32385.0,-2700.0,0,0,0,0,37,10,4,1
25050.0,0.0,0,0,0,1,43,16,3,0
31803.0,30048.0,0,0,0,1,52,9,3,1
19497.0,-1479.0,0,0,0,0,38,11,2,1
25500.0,0.0,0,0,0,0,56,6,2,1
34755.0,138849.0,1,0,0,1,58,12,2,1
61665.0,6940.0,1,0,0,1,48,12,3,1
37200.0,-7750.0,0,0,0,0,25,16,1,0
44361.0,2259.0,0,0,0,1,48,14,6,1
75012.0,-88000.0,1,0,0,1,53,15,2,1
13500.0,-5500.0,0,0,0,0,28,12,1,0
31956.0,-4325.0,0,0,0,0,38,12,3,0
49284.0,-2875.0,0,0,0,1,28,14,4,1
25710.0,100.0,0,0,0,1,42,11,4,1
47403.0,-301.0,0,0,0,0,46,16,3,0
30606.0,-900.0,0,0,0,1,29,12,2,1
70992.0,71828.0,1,0,0,1,58,12,2,1
6678.0,-574.0,0,0,0,0,32,13,3,0
10767.0,55.0,0,0,0,0,34,10,2,1
10161.0,-150.0,0,0,0,0,25,15,1,0
22230.0,2999.0,1,0,0,1,48,9,6,1
42375.0,1513.0,0,0,0,1,57,13,2,1
12885.0,300.0,0,0,0,1,61,8,2,0
40530.0,19698.0,0,0,0,1,56,18,2,0
21840.0,-3200.0,0,0,0,1,29,9,4,1
16215.0,50.0,0,0,0,1,26,13,3,1
32457.0,18300.0,1,0,0,1,40,17,1,0
21675.0,2300.0,1,0,0,1,57,12,4,1
6030.0,-1100.0,0,0,0,0,27,14,3,0
6120.0,0.0,0,0,0,0,38,9,3,0
18759.0,9200.0,0,0,0,1,61,12,1,0
41232.0,7199.0,0,0,0,0,28,12,2,1
10200.0,-2500.0,0,0,0,0,33,12,10,1
60000.0,-3700.0,0,0,0,1,49,14,5,1
37776.0,21000.0,0,0,0,1,43,12,4,1
79713.0,2000.0,0,0,0,0,33,18,1,0
32592.0,-2100.0,0,0,0,1,57,13,4,1
12264.0,0.0,0,0,0,0,32,11,2,0
44475.0,749.0,0,0,0,1,37,12,2,1
12666.0,0.0,0,0,0,0,37,12,3,1
26394.0,0.0,0,0,0,0,30,12,1,0
6984.0,0.0,0,0,0,0,28,12,3,0
13590.0,0.0,0,0,0,0,32,8,4,0
50154.0,10899.0,1,0,0,1,44,16,1,0
18696.0,-2800.0,0,0,0,0,40,12,2,0
35370.0,7699.0,1,0,0,0,59,12,1,0
35157.0,5849.0,0,0,0,1,40,12,4,1
16749.0,1725.0,0,0,0,1,35,13,3,1
25953.0,-320.0,0,0,0,0,27,6,4,1
17460.0,900.0,0,0,0,0,35,14,1,0
18060.0,1000.0,0,0,0,0,25,10,5,1
27093.0,-1607.0,0,0,0,1,30,13,4,1
15645.0,3399.0,1,0,0,1,36,16,1,0
11505.0,112.0,0,0,0,0,29,15,1,0
9000.0,-8000.0,0,0,0,0,29,12,5,1
48135.0,-11000.0,0,0,0,0,44,18,1,0
22500.0,7549.0,1,0,0,0,55,12,1,0
33672.0,1700.0,0,0,0,0,26,14,1,0
22137.0,160.0,0,0,0,0,50,12,1,0
6480.0,0.0,0,0,0,0,34,12,3,0
75162.0,27299.0,1,0,0,1,51,13,2,1
40602.0,13798.0,0,0,0,1,38,18,4,1
14280.0,0.0,0,0,0,0,28,6,1,0
29232.0,3300.0,1,0,0,1,39,18,1,0
31179.0,18000.0,1,0,0,1,41,11,4,1
26610.0,-5800.0,0,0,0,0,25,16,1,0
17280.0,-2803.0,0,0,0,0,26,12,6,1
38886.0,-6599.0,0,0,0,1,46,10,2,1
40647.0,440.0,0,0,0,1,37,12,5,1
14994.0,-420.0,0,0,0,0,63,12,2,1
71340.0,26000.0,1,0,0,1,35,14,2,1
17850.0,0.0,0,0,0,0,26,12,1,0
24300.0,-300.0,0,0,0,0,25,7,3,1
23850.0,-7131.0,0,0,0,1,38,9,4,1
28017.0,66808.0,1,0,0,1,64,12,2,1
19800.0,2999.0,0,0,0,0,33,6,4,1
16500.0,23000.0,0,0,0,1,57,13,2,1
26055.0,749.0,0,0,0,1,48,11,7,1
78519.0,75550.0,1,0,0,1,33,17,2,1
59253.0,10948.0,0,0,0,1,30,14,2,1
27108.0,-600.0,0,0,0,1,28,16,1,0
70443.0,3000.0,1,0,0,0,26,16,2,1
15558.0,14000.0,0,0,0,0,63,12,1,0
40074.0,-900.0,0,0,0,0,29,13,2,1
24048.0,-1455.0,0,0,0,1,34,11,7,1
10200.0,0.0,0,0,0,0,27,7,2,1
26382.0,-1030.0,0,0,0,1,38,12,4,1
54288.0,-9505.0,0,0,0,1,33,12,4,1
24000.0,5634.0,0,0,0,1,36,12,5,1
43020.0,4799.0,0,0,0,1,38,12,5,1
34836.0,-3001.0,0,0,0,1,35,14,5,1
14550.0,-6500.0,0,0,0,0,28,16,1,0
27000.0,-3300.0,0,0,0,1,46,10,3,1
16242.0,35.0,1,0,0,0,25,10,4,0
45948.0,44000.0,1,0,0,1,30,17,2,1
118599.0,-5989.0,0,0,0,1,36,14,4,1
14196.0,5049.0,0,0,0,0,46,16,1,0
25758.0,345.0,0,0,0,1,44,11,3,1
4296.0,0.0,0,0,0,0,34,11,2,0
28419.0,8248.0,1,0,0,1,52,12,3,1
88200.0,103200.0,1,0,0,0,39,14,1,0
35439.0,869.0,0,0,0,1,40,13,3,1
26445.0,829.0,0,0,0,1,39,14,4,1
17340.0,-1300.0,0,0,0,1,58,1,1,0
83301.0,88900.0,1,0,0,1,61,18,2,1
27060.0,1499.0,0,0,0,0,51,12,4,1
39627.0,5949.0,1,0,0,1,31,12,5,1
57795.0,-1021.0,0,0,0,1,41,18,4,1
14343.0,150.0,0,0,0,1,53,11,2,0
24015.0,600.0,0,0,0,1,47,12,5,1
29964.0,-15051.0,0,0,0,1,48,12,5,1
38400.0,64000.0,1,0,0,1,34,16,3,1
45687.0,7926.0,1,0,0,0,29,16,2,1
42969.0,2359.0,0,0,0,0,36,11,4,1
83925.0,4000.0,0,0,0,0,37,12,1,0
45549.0,11000.0,1,0,0,1,43,18,1,0
33096.0,25204.0,1,0,0,1,62,9,2,1
49200.0,108700.0,0,0,0,1,46,16,1,0
13200.0,4100.0,1,0,0,1,49,10,4,1
5106.0,-940.0,0,0,0,0,34,12,3,0
17520.0,1000.0,0,0,0,1,27,12,4,1
37662.0,-2382.0,0,0,0,0,37,12,11,1
25920.0,1500.0,0,0,0,1,49,10,1,0
13179.0,10981.0,1,0,0,1,43,12,4,1
17010.0,-3094.0,0,0,0,0,27,13,4,0
22473.0,-1751.0,0,0,0,0,43,14,1,0
39105.0,22137.0,1,0,0,1,39,16,2,1
22362.0,-6890.0,0,0,0,1,29,13,3,1
38613.0,5800.0,0,0,0,0,55,10,4,1
9660.0,13300.0,1,0,0,0,49,18,1,0
22572.0,-3100.0,0,0,0,0,41,18,3,0
36030.0,499.0,0,0,0,1,33,14,1,0
45408.0,4700.0,0,0,0,1,31,12,3,1
16680.0,-2625.0,0,0,0,0,31,16,1,0
20577.0,1700.0,0,0,0,0,38,12,5,1
44934.0,7347.0,1,0,0,1,44,18,3,0
17214.0,-1200.0,0,0,0,0,33,12,1,0
26142.0,24059.0,1,0,0,0,54,18,1,0
55230.0,8675.0,1,0,0,1,44,16,3,1
46140.0,4400.0,1,0,0,1,39,16,2,1
60600.0,4999.0,0,0,0,1,41,12,5,1
24606.0,-2900.0,0,0,0,1,33,12,2,1
9600.0,17000.0,1,0,0,0,35,12,3,0
11763.0,-400.0,0,0,0,1,37,12,4,1
19890.0,0.0,0,0,0,0,33,10,1,0
25224.0,-3800.0,0,0,0,1,32,12,4,1
4860.0,2825.0,0,0,0,0,30,15,1,0
21792.0,-7000.0,0,0,0,0,43,12,1,0
52047.0,-28430.0,0,0,0,1,29,1,2,1
24108.0,1399.0,1,0,0,0,32,18,1,0
35550.0,30899.0,1,0,0,1,60,11,2,1
50328.0,7000.0,1,0,0,1,45,14,2,0
14700.0,-3500.0,0,0,0,1,43,12,2,0
27675.0,-643.0,0,0,0,1,44,14,2,0
19212.0,-2780.0,0,0,0,0,38,17,1,0
24300.0,50.0,0,0,0,1,45,18,1,0
104802.0,106000.0,1,0,0,1,51,14,2,1
42900.0,79499.0,1,0,0,1,40,14,2,0
55890.0,11400.0,1,0,0,1,25,14,2,1
88413.0,24109.0,0,0,0,1,47,12,3,1
18516.0,-1500.0,0,0,0,0,29,18,1,0
18903.0,20.0,0,0,0,0,25,12,1,0
21366.0,-750.0,0,0,0,1,59,12,1,0
18015.0,-10200.0,0,0,0,0,26,16,1,0
4680.0,5650.0,0,0,0,0,57,18,1,0
37584.0,-800.0,0,0,0,1,41,12,4,1
32256.0,7768.0,0,0,0,0,31,12,3,1
49758.0,30600.0,1,0,0,0,41,12,3,1
32409.0,-4550.0,0,0,0,1,45,12,4,1
24030.0,-4000.0,0,0,0,1,31,13,2,0
47838.0,8377.0,0,0,0,1,29,14,2,1
40323.0,-675.0,0,0,0,0,25,12,3,1
28974.0,17212.0,0,0,0,1,31,17,3,0
16500.0,0.0,0,0,0,0,58,18,1,0
16830.0,300.0,0,0,0,0,57,16,2,0
11850.0,0.0,0,0,0,0,34,12,3,1
8520.0,1300.0,0,0,0,1,55,5,5,1
15003.0,465.0,0,0,0,0,37,14,1,0
30429.0,13239.0,0,0,0,1,62,13,2,1
48000.0,-100.0,0,0,0,1,40,12,5,1
46080.0,2000.0,0,0,0,1,30,9,4,1
24840.0,392.0,0,0,0,0,32,7,3,1
25917.0,-1700.0,0,0,0,0,30,12,3,0
34320.0,52500.0,1,0,0,1,55,12,3,1
19239.0,-1195.0,0,0,0,1,30,12,6,1
27012.0,-730.0,0,0,0,1,41,16,4,1
21528.0,-721.0,0,0,0,0,27,10,2,1
18150.0,0.0,0,0,0,0,25,9,5,1
25926.0,24292.0,0,0,0,1,47,12,3,1
31848.0,-4220.0,0,0,0,1,39,15,4,1
3840.0,-2200.0,0,0,0,0,29,6,5,1
25254.0,9687.0,1,0,0,1,31,12,1,0
13182.0,-2373.0,0,0,0,1,32,12,4,1
32976.0,699.0,0,0,0,0,40,18,1,0
31575.0,54700.0,0,0,0,1,58,12,2,1
72039.0,-5365.0,0,0,0,1,42,16,3,0
1950.0,0.0,0,0,0,1,59,12,1,0
40209.0,1965.0,0,0,0,0,27,14,1,0
45549.0,23309.0,0,0,0,1,60,12,2,1
23562.0,26800.0,0,0,0,0,41,17,1,0
48900.0,-2450.0,0,0,0,0,27,12,3,1
70557.0,39354.0,1,0,0,1,61,12,2,1
32640.0,55.0,0,0,0,0,26,12,1,0
38241.0,55568.0,0,0,0,0,40,14,1,0
30264.0,52399.0,1,0,0,0,58,17,3,1
42528.0,46249.0,0,0,0,1,61,12,2,1
13170.0,31000.0,1,0,0,1,59,12,1,0
28830.0,1704.0,0,0,0,1,64,18,1,0
33636.0,86999.0,1,0,0,1,61,12,2,1
23532.0,29600.0,1,0,0,0,62,12,3,1
27720.0,100.0,0,0,0,1,37,16,5,1
9180.0,-550.0,0,0,0,0,58,11,2,0
18450.0,-2300.0,0,0,0,1,50,14,1,0
7650.0,-1861.0,0,0,0,0,41,12,1,0
31200.0,-1102.0,0,0,0,1,37,12,3,1
28551.0,2648.0,1,0,0,1,41,12,4,1
7182.0,0.0,0,0,0,0,44,5,5,0
23100.0,4500.0,0,0,0,0,29,16,1,0
20280.0,-700.0,0,0,0,1,36,10,5,1
32520.0,2001.0,0,0,0,1,54,12,2,1
63432.0,23397.0,1,0,0,1,26,12,2,1
33288.0,4140.0,0,0,0,0,46,13,2,1
11631.0,0.0,0,0,0,0,27,11,5,1
16320.0,-1000.0,0,0,0,0,34,14,1,0
17652.0,1200.0,0,0,0,1,38,12,3,0
22500.0,-900.0,0,0,0,1,51,10,4,1
60705.0,75000.0,0,0,0,1,55,16,2,1
11340.0,0.0,0,0,0,0,38,12,2,0
56046.0,15350.0,0,0,0,1,42,16,2,1
19725.0,8800.0,1,0,0,1,59,13,5,0
10050.0,100.0,0,0,0,0,27,12,2,0
32460.0,71.0,0,0,0,1,55,12,2,1
32856.0,10000.0,0,0,0,1,39,18,4,1
72672.0,17899.0,0,0,0,1,52,12,3,1
50529.0,12800.0,1,0,0,1,31,16,2,1
35832.0,2830.0,0,0,0,1,32,18,4,1
25560.0,-1714.0,0,0,0,1,40,18,1,0
33450.0,-8500.0,0,0,0,0,28,16,1,0
55716.0,9200.0,0,0,0,0,39,17,1,0
10800.0,0.0,0,0,0,0,38,12,4,0
51972.0,3344.0,1,0,0,1,47,13,4,1
30015.0,-850.0,0,0,0,0,28,12,6,1
73686.0,88999.0,1,0,0,1,58,12,3,1
24348.0,1200.0,0,0,0,1,26,13,2,1
21600.0,3000.0,0,0,0,0,56,6,4,1
22551.0,8.0,0,0,0,1,60,1,5,1
2700.0,0.0,0,0,0,0,26,11,4,1
12240.0,0.0,0,0,0,0,40,12,1,0
74589.0,3098.0,0,0,0,1,62,16,3,1
19800.0,-2400.0,0,0,0,1,49,16,1,0
60378.0,1910.0,0,0,0,1,30,14,2,1
23160.0,30299.0,1,0,0,1,55,12,4,0
95433.0,92129.0,1,0,0,1,47,16,5,1
11913.0,-5226.0,0,0,0,0,48,9,1,0
27060.0,23200.0,0,0,0,0,33,16,1,0
42858.0,11900.0,0,0,0,1,59,12,3,1
4869.0,-251.0,0,0,0,0,28,14,1,0
12633.0,317.0,0,0,0,0,30,15,4,0
21600.0,0.0,0,0,0,0,29,12,1,0
9354.0,-4577.0,0,0,0,0,48,16,3,0
12747.0,6240.0,0,0,0,0,28,14,1,0
32490.0,11934.0,0,0,0,1,45,12,5,1
8316.0,0.0,0,0,0,0,47,10,2,0
100620.0,45400.0,1,0,0,1,57,16,3,1
24705.0,3000.0,0,0,0,0,35,18,4,1
37533.0,5000.0,0,0,0,1,34,11,2,1
30927.0,-12750.0,0,0,0,0,32,16,1,0
16395.0,2000.0,0,0,0,0,34,16,4,1
40224.0,30570.0,0,0,0,1,35,16,4,1
15771.0,0.0,0,0,0,0,37,14,1,1
18456.0,2600.0,1,0,0,0,50,14,1,0
13020.0,0.0,0,0,0,1,59,9,6,1
20400.0,-1300.0,0,0,0,0,40,12,4,1
10401.0,-5396.0,0,0,0,0,27,15,1,0
27621.0,39966.0,0,0,0,1,56,12,2,1
21300.0,4600.0,0,0,0,1,42,14,5,1
31959.0,-9300.0,0,0,0,0,59,12,1,0
33696.0,2186.0,0,0,0,1,40,13,4,1
68712.0,5073.0,1,0,0,0,39,16,4,1
12000.0,0.0,0,0,0,1,41,9,5,1
70650.0,10600.0,1,0,0,1,39,12,2,1
45810.0,1700.0,1,0,0,1,41,14,4,1
37800.0,-12425.0,0,0,0,1,30,12,5,1
9876.0,2680.0,0,0,0,1,45,14,4,1
14673.0,0.0,0,0,0,1,42,6,6,1
47019.0,129120.0,0,0,0,1,49,18,3,0
38130.0,300.0,0,0,0,0,30,14,4,1
16845.0,749.0,0,0,0,0,35,11,1,0
5268.0,400.0,0,0,0,0,26,14,2,0
58959.0,17900.0,0,0,0,1,58,12,2,1
21657.0,428.0,0,0,0,1,64,8,2,1
32064.0,-4500.0,0,0,0,1,49,16,3,1
15609.0,1860.0,0,0,0,0,26,15,1,0
30000.0,-400.0,0,0,0,0,30,14,2,1
41448.0,54849.0,1,0,0,1,63,11,2,1
38148.0,3672.0,1,0,0,1,30,12,4,1
9180.0,-800.0,0,0,0,1,48,12,2,0
5748.0,0.0,0,0,0,0,53,12,1,0
14400.0,400.0,0,0,0,0,25,17,5,1
20400.0,0.0,0,0,0,0,39,14,3,0
129996.0,81500.0,1,0,0,1,61,16,2,1
7560.0,-2600.0,0,0,0,0,39,16,2,0
22404.0,2444.0,0,0,0,0,28,14,1,0
33480.0,-8750.0,0,0,0,0,42,16,2,0
39882.0,-3001.0,0,0,0,1,29,16,4,1
13800.0,8000.0,1,0,0,0,25,16,1,0
16029.0,15.0,0,0,0,0,31,13,1,0
47850.0,5100.0,1,0,0,1,37,12,3,1
14520.0,500.0,0,0,0,0,40,13,1,0
5232.0,-7055.0,0,0,0,0,31,17,1,0
15930.0,-870.0,0,0,0,1,55,9,1,0
59736.0,-2600.0,0,0,0,1,46,12,3,1
32679.0,0.0,0,0,0,1,37,13,4,1
25350.0,500.0,0,0,0,1,46,18,1,0
47040.0,8400.0,0,0,0,0,35,18,4,1
20004.0,3300.0,0,0,0,0,25,16,1,0
57753.0,15204.0,1,0,0,1,33,12,4,1
35820.0,6300.0,0,0,0,0,26,13,1,0
61245.0,82949.0,1,0,0,1,63,12,3,1
7200.0,-8000.0,0,0,0,0,41,12,1,0
27888.0,3335.0,1,0,0,1,51,13,5,1
53460.0,-3800.0,0,0,0,1,36,16,3,1
28350.0,-1900.0,0,0,0,0,42,12,5,1
50553.0,60201.0,1,0,0,1,54,16,2,1
27033.0,-8651.0,0,0,0,1,55,12,1,0
36600.0,4299.0,0,0,0,0,55,14,2,1
20220.0,-2490.0,0,0,0,0,40,12,1,0
51528.0,21900.0,0,0,0,1,63,12,2,1
35550.0,108498.0,1,0,0,1,62,12,2,1
24939.0,-2150.0,0,0,0,0,50,12,6,0
14586.0,200.0,0,0,0,0,39,16,2,0
15099.0,1800.0,0,0,0,0,27,6,5,1
42480.0,1179.0,0,0,0,1,50,2,2,1
6879.0,100.0,0,0,0,0,38,12,1,0
29262.0,8200.0,1,0,0,1,45,12,1,0
26400.0,850.0,0,0,0,0,36,13,2,0
10800.0,0.0,0,0,0,0,43,12,5,1
21150.0,2499.0,0,0,0,1,55,16,5,1
27180.0,6672.0,0,0,0,1,57,14,2,0
36420.0,4999.0,0,0,0,1,56,18,1,0
31911.0,0.0,0,0,0,0,37,18,1,0
14310.0,400.0,0,0,0,1,56,12,6,0
7824.0,0.0,0,0,0,1,59,11,4,0
20199.0,7450.0,0,0,0,1,34,15,4,1
14877.0,2150.0,0,0,0,0,28,16,2,1
37089.0,8600.0,0,0,0,1,31,16,3,1
6240.0,0.0,0,0,0,1,36,7,4,0
104778.0,24000.0,1,0,0,1,43,12,3,1
59685.0,-11100.0,0,0,0,1,40,14,3,1
61863.0,15050.0,1,0,0,0,39,16,6,1
9798.0,15000.0,1,0,0,1,41,16,1,0
8589.0,2.0,0,0,0,0,31,12,4,1
18900.0,-500.0,0,0,0,1,44,12,4,1
28647.0,0.0,0,0,0,0,35,14,3,0
41985.0,420.0,0,0,0,1,27,13,2,1
16506.0,0.0,0,0,0,0,36,11,5,1
5436.0,-360.0,0,0,0,1,44,12,2,0
6252.0,50.0,0,0,0,0,60,12,2,1
16200.0,-13947.0,0,0,0,0,51,9,7,1
17100.0,-1250.0,0,0,0,0,33,15,3,0
16590.0,-1551.0,0,0,0,1,52,12,2,0
48300.0,5000.0,0,0,0,1,36,13,4,1
34035.0,88750.0,1,0,0,1,54,16,1,0
14400.0,-4000.0,0,0,0,1,46,11,4,1
4815.0,0.0,0,0,0,0,34,12,1,0
64158.0,102676.0,1,0,0,1,53,12,3,1
45039.0,-704.0,0,0,0,1,33,12,5,1
32649.0,6749.0,1,0,0,1,47,14,3,1
11628.0,-3000.0,0,0,0,0,57,12,1,0
25614.0,700.0,0,0,0,0,29,18,1,0
10296.0,2740.0,0,0,0,1,55,9,2,0
23046.0,399.0,0,0,0,0,43,14,1,0
27978.0,10200.0,1,0,0,1,46,16,3,0
105330.0,398600.0,1,0,0,1,49,16,2,1
15540.0,727.0,0,0,0,1,47,14,2,1
7665.0,250.0,0,0,0,0,39,17,3,0
28200.0,-2400.0,0,0,0,0,27,13,2,1
42084.0,53698.0,0,0,0,1,42,16,1,0
12624.0,0.0,0,0,0,0,35,6,5,1
13320.0,1699.0,0,0,0,1,31,12,4,1
15360.0,-3490.0,0,0,0,1,50,12,3,0
25008.0,500.0,0,0,0,0,57,3,3,1
68898.0,2399.0,0,0,0,1,29,12,4,1
10221.0,-510.0,0,0,0,0,26,9,7,1
7980.0,24019.0,0,0,0,1,50,16,4,1
32514.0,7700.0,1,0,0,1,33,18,4,1
7317.0,-775.0,0,0,0,0,36,18,1,1
30438.0,4010.0,1,0,0,1,37,10,3,1
47391.0,-2000.0,0,0,0,1,32,13,3,1
36603.0,-7100.0,0,0,0,1,42,12,4,1
43875.0,12200.0,0,0,0,1,34,14,3,0
19200.0,100.0,0,0,0,0,33,17,1,0
39102.0,9998.0,0,0,0,1,49,12,3,1
86403.0,4570.0,0,0,0,1,45,12,3,1
47823.0,3299.0,1,0,0,1,33,18,1,0
33432.0,-6900.0,0,0,0,0,63,12,7,1
41616.0,10.0,0,0,0,1,40,12,2,0
2661.0,23997.0,0,0,0,0,38,18,1,0
64821.0,-16700.0,0,0,0,1,34,12,3,1
13506.0,1799.0,0,0,0,0,25,12,1,0
21813.0,-2710.0,0,0,0,0,25,14,4,1
27489.0,-22663.0,0,0,0,1,43,12,5,1
79281.0,60300.0,0,0,0,0,43,17,1,0
34755.0,-1800.0,0,0,0,1,53,12,3,1
40164.0,-2250.0,0,0,0,1,35,14,4,1
22623.0,-437.0,0,0,0,1,28,16,1,0
32184.0,4500.0,0,0,0,1,46,16,3,0
26223.0,2200.0,0,0,0,0,29,13,2,0
46926.0,32097.0,1,0,0,1,59,12,2,1
14481.0,477.0,0,0,0,0,41,13,4,0
11475.0,0.0,0,0,0,0,33,12,1,0
16200.0,-300.0,0,0,0,0,37,14,1,0
36564.0,-3995.0,0,0,0,1,37,12,4,1
13479.0,-600.0,0,0,0,0,51,13,1,0
44232.0,-1500.0,1,0,0,1,28,15,3,1
56691.0,9699.0,1,0,0,1,27,18,2,1
24792.0,-1600.0,0,0,0,0,36,12,6,1
52206.0,8849.0,1,0,0,1,50,11,3,1
25542.0,199.0,0,0,0,0,41,8,4,0
20979.0,26255.0,1,0,0,1,56,12,2,1
21678.0,499.0,0,0,0,1,56,13,1,0
15993.0,5098.0,1,0,0,1,63,12,2,1
31659.0,-605.0,0,0,0,0,50,12,3,1
48042.0,-8540.0,0,0,0,0,27,18,2,1
19374.0,-4900.0,0,0,0,0,29,14,3,0
48033.0,32055.0,1,0,0,1,61,18,2,0
43896.0,24999.0,0,0,0,0,46,17,3,1
25683.0,100.0,0,0,0,1,38,13,3,0
87150.0,15325.0,1,0,0,1,46,15,2,1
39642.0,-11745.0,0,0,0,0,28,18,3,1
15366.0,700.0,0,0,0,1,64,11,1,0
27381.0,9850.0,1,0,0,0,43,14,2,0
16608.0,-700.0,0,0,0,1,42,12,2,0
29232.0,-1310.0,0,0,0,0,46,14,1,0
41805.0,16075.0,0,0,0,1,38,14,4,1
42828.0,-4995.0,0,0,0,1,29,14,2,1
27276.0,5800.0,0,0,0,1,48,16,4,1
14430.0,-60.0,0,0,0,0,40,12,4,1
7680.0,350.0,0,0,0,0,25,16,1,0
35409.0,900.0,1,0,0,1,52,6,2,1
32979.0,-2800.0,0,0,0,0,25,16,1,0
12360.0,0.0,0,0,0,0,33,11,3,0
57915.0,3067.0,0,0,0,1,45,14,3,1
12900.0,-2000.0,0,0,0,0,37,12,3,0
19200.0,0.0,0,0,0,0,25,12,1,0
18204.0,25398.0,1,0,0,1,61,12,1,0
83016.0,1500.0,0,0,0,1,28,14,3,1
45420.0,1150.0,0,0,0,0,31,16,1,0
47676.0,-2450.0,0,0,0,0,31,14,3,1
32856.0,15800.0,0,0,0,1,32,13,2,0
88083.0,10199.0,1,0,0,1,53,15,3,1
33225.0,16975.0,0,0,0,1,33,16,5,1
35016.0,68100.0,1,0,0,1,53,14,2,0
31995.0,2150.0,0,0,0,0,37,15,5,1
39837.0,-93.0,0,0,0,1,38,12,4,1
14970.0,108000.0,1,0,0,1,56,12,2,1
21720.0,23850.0,0,0,0,0,30,14,2,1
35859.0,40411.0,1,0,0,1,60,16,2,0
13800.0,-19565.0,0,0,0,0,32,18,1,0
37641.0,710.0,0,0,0,1,26,12,3,1
11625.0,4410.0,0,0,0,0,26,13,1,0
35739.0,-3500.0,0,0,0,0,31,12,3,0
21450.0,2880.0,1,0,0,1,46,12,3,0
17700.0,-2060.0,0,0,0,0,30,12,1,0
33477.0,8549.0,1,0,0,0,56,12,4,1
40404.0,25648.0,0,0,0,1,37,14,5,1
21450.0,-1228.0,0,0,0,1,31,14,5,1
45810.0,3000.0,0,0,0,1,33,12,4,1
24546.0,2000.0,0,0,0,0,37,12,3,0
36072.0,72225.0,1,0,0,1,63,13,3,1
18696.0,0.0,0,0,0,0,59,12,1,0
24900.0,255.0,0,0,0,1,26,18,2,0
25266.0,-7000.0,0,0,0,0,36,12,1,0
49725.0,-996.0,0,0,0,1,29,15,4,1
57630.0,51925.0,1,0,0,1,36,16,6,1
40902.0,20000.0,1,0,0,1,54,12,2,0
46050.0,-12500.0,0,0,0,0,27,14,2,1
25200.0,0.0,0,0,0,0,55,16,1,0
12300.0,2000.0,0,0,0,0,38,7,7,1
45654.0,6757.0,0,0,0,1,27,12,3,1
31206.0,-5575.0,0,0,0,1,38,12,3,1
13689.0,-2279.0,0,0,0,1,41,12,2,0
4980.0,150.0,0,0,0,0,25,16,1,0
18444.0,12994.0,1,0,0,0,55,12,1,0
29100.0,0.0,0,0,0,0,47,18,1,0
27885.0,53100.0,1,0,0,1,63,12,3,1
55500.0,72999.0,0,0,0,1,55,16,3,1
37053.0,-2293.0,0,0,0,1,29,12,4,1
15000.0,0.0,0,0,0,0,51,12,1,0
26520.0,0.0,0,0,0,0,41,7,4,0
17967.0,32648.0,0,0,0,0,61,14,2,0
9384.0,0.0,0,0,0,0,38,12,1,0
11790.0,-3450.0,0,0,0,1,61,12,3,1
6600.0,0.0,0,0,0,0,36,9,1,0
47691.0,4750.0,1,0,0,1,49,12,3,1
10860.0,21999.0,0,0,0,1,33,13,4,1
29838.0,-2047.0,0,0,0,1,38,16,4,1
66288.0,119688.0,1,0,0,1,59,12,2,1
11220.0,0.0,0,0,0,0,31,12,1,0
31356.0,-6980.0,0,0,0,1,41,12,4,1
29130.0,219759.0,0,0,0,1,61,13,1,0
17919.0,2500.0,0,0,0,0,62,12,2,0
35625.0,-8000.0,0,0,0,1,34,12,5,1
55788.0,13949.0,0,0,0,1,35,18,1,0
20580.0,50.0,0,0,0,1,54,14,4,1
26319.0,-3798.0,0,0,0,0,35,12,3,1
14829.0,432.0,0,0,0,1,43,12,3,0
12336.0,1599.0,0,0,0,1,47,12,2,0
79536.0,15500.0,0,0,0,1,40,18,5,1
18633.0,8616.0,1,0,0,0,35,12,2,0
19458.0,2728.0,0,0,0,0,25,12,2,1
45960.0,40000.0,0,0,0,0,30,18,2,1
55281.0,11500.0,0,0,0,1,43,13,4,1
50397.0,-4751.0,0,0,0,1,45,13,2,1
24600.0,0.0,0,0,0,1,42,10,7,1
28908.0,93300.0,1,0,0,1,50,13,3,1
23238.0,-497.0,0,0,0,1,32,12,3,1
5568.0,200.0,1,0,0,0,48,12,3,0
141315.0,11347.0,0,0,0,0,48,18,2,1
12816.0,-2796.0,0,0,0,0,31,10,7,1
14877.0,250.0,0,0,0,0,33,12,1,0
43173.0,-4475.0,0,0,0,1,29,16,4,1
30660.0,5000.0,0,0,0,0,48,16,3,1
41919.0,2700.0,0,0,0,1,58,10,2,1
27000.0,47500.0,0,0,0,1,48,16,5,1
53565.0,-2571.0,0,0,0,1,39,12,3,1
16692.0,9130.0,1,0,0,1,39,12,2,1
15465.0,145001.0,1,0,0,1,58,12,2,1
48021.0,-1601.0,0,0,0,1,38,12,5,1
26823.0,49.0,0,0,0,0,63,11,1,0
22689.0,-9988.0,0,0,0,0,40,14,8,0
19380.0,0.0,0,0,0,0,30,10,1,0
19392.0,-400.0,0,0,0,0,43,16,1,0
33600.0,-9000.0,0,0,0,1,39,16,2,1
16029.0,-2800.0,0,0,0,1,62,8,5,1
41715.0,6350.0,1,0,0,1,33,18,4,1
7923.0,1820.0,0,0,0,1,54,11,1,0
68439.0,24350.0,0,0,0,0,29,16,3,1
40860.0,500.0,0,0,0,0,31,18,2,1
132492.0,62529.0,1,0,0,1,46,16,4,1
57021.0,-16000.0,0,0,0,0,34,14,3,1
18204.0,875.0,0,0,0,1,59,14,1,0
30198.0,789.0,0,0,0,1,34,12,5,1
18423.0,0.0,0,0,0,0,42,8,4,1
28440.0,4900.0,0,0,0,1,58,15,2,1
39651.0,1499.0,0,0,0,1,48,12,2,0
18240.0,0.0,0,0,0,0,37,10,3,0
58569.0,54350.0,1,0,0,0,43,16,2,1
24621.0,3684.0,0,0,0,0,26,12,5,1
14280.0,0.0,0,0,0,1,57,11,2,0
72105.0,15200.0,0,0,0,1,42,14,4,1
39780.0,1000.0,0,0,0,1,32,16,3,1
72075.0,13099.0,1,0,0,1,45,18,1,0
35100.0,0.0,0,0,0,0,46,15,3,1
11094.0,-300.0,0,0,0,1,51,12,3,1
49800.0,109500.0,1,0,0,1,35,16,1,0
17706.0,1709.0,0,0,0,0,27,12,1,0
17364.0,349.0,0,0,0,0,38,12,2,0
40587.0,258.0,0,0,0,1,31,12,6,1
28893.0,8350.0,0,0,0,0,52,12,3,1
26850.0,3900.0,1,0,0,0,28,17,2,1
41925.0,-1000.0,0,0,0,0,27,16,2,1
22560.0,9950.0,0,0,0,0,33,18,1,0
14760.0,-2000.0,0,0,0,0,27,13,5,0
32115.0,144399.0,1,0,0,1,55,12,2,0
15636.0,12499.0,0,0,0,1,56,9,2,0
2325.0,0.0,0,0,0,0,41,12,4,1
18918.0,7229.0,1,0,0,1,46,12,2,1
22500.0,750.0,0,0,0,0,32,6,2,0
25527.0,1500.0,0,0,0,1,44,14,1,0
24900.0,9999.0,0,0,0,1,47,12,2,1
121404.0,88000.0,0,0,0,0,40,14,3,1
9612.0,-83.0,0,0,0,0,27,17,1,0
65259.0,17529.0,1,0,0,1,31,18,2,1
13098.0,6149.0,1,0,0,0,41,14,1,0
10008.0,0.0,0,0,0,0,27,12,1,0
16350.0,0.0,0,0,0,1,51,12,3,0
65949.0,37499.0,1,0,0,1,38,15,2,1
20817.0,-4940.0,0,0,0,0,38,18,1,0
74592.0,197150.0,1,0,0,1,41,15,3,1
44403.0,42632.0,0,0,0,1,62,10,2,1
24912.0,1500.0,1,0,0,1,30,14,1,0
9600.0,0.0,0,0,0,0,34,12,3,0
38616.0,699.0,0,0,0,0,27,14,1,0
11901.0,257.0,0,0,0,1,46,6,7,1
40104.0,-2961.0,0,0,0,1,32,12,4,1
30405.0,-950.0,0,0,0,1,37,12,4,0
15759.0,-5265.0,0,0,0,1,39,12,2,0
15876.0,-400.0,0,0,0,1,41,12,1,0
45012.0,29550.0,1,0,0,1,41,18,1,0
16338.0,-6000.0,0,0,0,0,42,12,4,0
124860.0,-3801.0,0,0,0,1,46,16,2,0
19350.0,96997.0,1,0,0,1,62,12,2,1
31785.0,-2300.0,0,0,0,0,30,12,3,1
27414.0,4029.0,1,0,0,1,47,12,2,1
42987.0,-270.0,1,0,0,1,32,16,3,0
20616.0,18973.0,0,0,0,1,37,16,5,1
24645.0,-1425.0,0,0,0,1,45,11,5,1
19890.0,-7500.0,0,0,0,0,34,12,1,0
17904.0,0.0,0,0,0,0,47,12,5,1
55620.0,-3395.0,0,0,0,1,31,12,4,1
10248.0,0.0,0,0,0,0,27,13,6,1
13773.0,-4000.0,0,0,0,0,39,16,1,0
16800.0,23000.0,0,0,0,1,51,16,1,0
10386.0,-3000.0,0,0,0,1,40,12,3,0
23538.0,100.0,0,0,0,0,40,14,1,0
48660.0,20799.0,1,0,0,1,50,12,3,0
17946.0,-2701.0,0,0,0,0,38,12,1,0
25908.0,54624.0,0,0,0,1,43,13,3,0
12744.0,0.0,0,0,0,0,53,8,1,0
30750.0,-3250.0,0,0,0,1,29,15,2,1
43212.0,130.0,1,0,0,1,52,18,1,0
71646.0,12350.0,1,0,0,1,58,14,2,1
20400.0,0.0,0,0,0,0,30,13,3,0
14460.0,5999.0,1,0,0,0,31,16,2,0
20325.0,19199.0,0,0,0,1,54,12,2,0
64050.0,3500.0,0,0,0,1,43,15,5,1
51354.0,-2800.0,0,0,0,0,38,13,4,0
12852.0,-3200.0,0,0,0,0,56,5,2,1
38610.0,-5600.0,0,0,0,1,52,12,2,0
21168.0,4272.0,0,0,0,1,43,11,2,1
95184.0,128350.0,1,0,0,1,45,16,5,1
16320.0,-70.0,0,0,0,1,33,12,3,0
36093.0,42935.0,0,0,0,1,42,12,4,1
38361.0,72598.0,1,0,0,1,60,13,2,1
37320.0,-551.0,0,0,0,0,52,16,1,0
30303.0,-500.0,0,0,0,1,57,15,2,1
76938.0,551100.0,1,0,0,1,45,17,4,1
30864.0,-3450.0,0,0,0,1,33,12,7,1
4359.0,1299.0,0,0,0,0,55,12,1,0
28866.0,-14758.0,0,0,0,0,47,12,3,1
24318.0,-1150.0,0,0,0,0,54,2,6,1
40806.0,16300.0,1,0,0,1,25,16,1,0
18846.0,3900.0,0,0,0,0,25,18,1,0
28320.0,-3900.0,0,0,0,1,26,12,4,1
59664.0,11400.0,1,0,0,1,44,14,5,1
56145.0,4800.0,0,0,0,1,49,14,5,1
25185.0,25120.0,0,0,0,1,49,12,1,0
17796.0,112.0,0,0,0,0,33,12,3,0
23172.0,-900.0,0,0,0,0,29,16,1,0
42909.0,143184.0,1,0,0,1,63,8,2,1
12240.0,0.0,0,0,0,0,40,4,4,1
12240.0,-2550.0,0,0,0,0,31,14,2,1
28893.0,5124.0,0,0,0,1,35,11,4,1
7680.0,-600.0,0,0,0,0,32,11,4,0
56115.0,-5400.0,0,0,0,1,38,12,2,1
46209.0,6075.0,1,0,0,1,33,12,4,1
20430.0,600.0,0,0,0,0,26,16,1,0
11700.0,-157.0,0,0,0,0,33,10,1,0
8880.0,-3000.0,0,0,0,0,43,14,4,0
17280.0,0.0,0,0,0,0,36,12,3,0
27555.0,-14350.0,0,0,0,0,30,18,1,0
9000.0,0.0,0,0,0,0,27,12,1,0
10200.0,0.0,0,0,0,0,45,10,2,0
33219.0,-1563.0,0,0,0,0,30,12,2,1
38136.0,-3375.0,0,0,0,1,33,14,4,1
16140.0,4800.0,0,0,0,1,60,12,6,1
26856.0,18499.0,0,0,0,1,52,12,2,1
10200.0,-385.0,0,0,0,0,26,12,1,0
76362.0,53600.0,1,0,0,1,38,15,5,1
45831.0,14282.0,1,0,0,1,33,18,3,1
24795.0,0.0,0,0,0,1,38,14,3,1
5214.0,200.0,0,0,0,0,48,12,2,0
26724.0,12999.0,0,0,0,1,27,12,1,0
49788.0,207750.0,1,0,0,0,62,12,2,1
92724.0,52450.0,1,0,0,1,52,14,2,1
12810.0,50.0,0,0,0,1,63,12,2,1
34200.0,5009.0,0,0,0,1,27,16,1,0
24045.0,-3351.0,0,0,0,1,32,13,1,0
49194.0,19700.0,1,0,0,1,41,18,3,0
25464.0,6409.0,0,0,0,1,28,12,3,1
29808.0,-2900.0,0,0,0,1,43,12,3,1
14661.0,24.0,0,0,0,0,25,10,1,0
15300.0,14910.0,1,0,0,0,39,16,6,1
22980.0,-1627.0,0,0,0,1,50,16,2,0
37890.0,-4225.0,0,0,0,1,39,15,1,0
8067.0,-6685.0,0,0,0,1,45,15,1,0
55854.0,3174.0,0,0,0,1,38,16,4,1
24867.0,20399.0,1,0,0,1,36,16,2,1
8850.0,30000.0,0,0,0,1,55,4,2,0
50076.0,-4000.0,0,0,0,1,40,18,2,1
32409.0,-1775.0,0,0,0,0,25,12,3,1
28017.0,4107.0,0,0,0,0,48,12,1,0
22488.0,54247.0,1,0,0,1,52,12,3,1
25500.0,-1000.0,0,0,0,0,44,12,5,1
10902.0,120.0,0,0,0,1,50,12,2,0
11820.0,11422.0,0,0,0,1,57,12,2,0
38802.0,100.0,0,0,0,0,31,12,6,0
19011.0,10699.0,0,0,0,1,28,8,3,1
37692.0,-917.0,0,0,0,1,25,12,3,1
54261.0,63648.0,1,0,0,1,40,16,5,1
4860.0,-17000.0,0,0,0,1,47,16,1,0
47463.0,6500.0,0,0,0,1,40,15,2,1
8700.0,0.0,0,0,0,0,36,3,1,1
9228.0,799.0,0,0,0,0,49,7,1,0
47688.0,-10400.0,0,0,0,0,32,15,3,1
6315.0,-3150.0,0,0,0,0,32,10,6,1
34200.0,-9700.0,0,0,0,1,55,12,3,0
14352.0,-500.0,0,0,0,1,55,10,2,0
10626.0,0.0,0,0,0,0,26,9,1,0
48111.0,11999.0,0,0,0,1,30,14,3,1
10728.0,2599.0,0,0,0,1,61,12,2,0
39117.0,9999.0,0,0,0,1,56,12,5,1
6537.0,500.0,0,0,0,0,34,12,4,1
12576.0,7500.0,0,0,0,1,40,12,2,0
9213.0,-210.0,0,0,0,1,62,7,1,0
30408.0,25000.0,1,0,0,0,44,12,2,0
14100.0,-14729.0,0,0,0,0,38,18,5,1
26604.0,0.0,0,0,0,1,48,12,3,1
17274.0,230.0,0,0,0,1,36,14,4,1
15045.0,-5851.0,0,0,0,1,36,12,7,1
43596.0,-1398.0,0,0,0,1,28,14,2,1
13245.0,39600.0,0,0,0,1,60,12,1,0
36798.0,400.0,0,0,0,1,64,15,2,1
34890.0,-1184.0,0,0,0,1,44,13,5,1
24561.0,4470.0,0,0,0,1,57,12,3,1
30600.0,0.0,0,0,0,0,50,15,3,0
51591.0,73351.0,1,0,0,1,41,14,4,1
14172.0,825.0,0,0,0,1,43,12,4,0
20811.0,340.0,0,0,0,0,32,7,3,1
30639.0,80154.0,0,0,0,1,63,12,4,1
33933.0,75.0,0,0,0,1,47,12,5,1
16956.0,826.0,0,0,0,1,47,12,2,1
21792.0,-175.0,0,0,0,1,64,12,2,1
47124.0,750.0,0,0,0,0,30,11,1,0
22320.0,41900.0,1,0,0,1,61,8,1,0
24000.0,-4500.0,0,0,0,0,34,17,2,0
6780.0,-1596.0,0,0,0,1,27,12,5,1
13350.0,-1078.0,0,0,0,1,30,12,4,1
21702.0,18899.0,0,0,0,0,35,15,2,0
82290.0,62000.0,1,0,0,1,57,14,2,1
16110.0,900.0,0,0,0,0,38,12,6,0
15120.0,-16826.0,0,0,0,1,34,10,5,1
31200.0,0.0,0,0,0,1,30,13,5,1
19260.0,13000.0,0,0,0,0,57,9,3,1
26400.0,0.0,0,0,0,0,42,12,3,1
36000.0,5300.0,0,0,0,1,40,13,2,0
10200.0,-150.0,0,0,0,0,53,12,1,0
21066.0,-5790.0,0,0,0,1,48,14,2,0
74199.0,58100.0,0,0,0,1,63,17,2,1
17100.0,-5000.0,0,0,0,1,46,13,1,0
22680.0,-1400.0,0,0,0,1,28,12,4,1
8475.0,9428.0,0,0,0,0,48,17,1,0
13029.0,-900.0,0,0,0,1,53,8,5,0
94929.0,19600.0,1,0,0,1,37,16,4,1
18390.0,500.0,0,0,0,1,25,9,2,0
31833.0,-8597.0,1,0,0,0,34,12,4,1
19170.0,-5850.0,0,0,0,1,36,6,4,1
21435.0,167.0,0,0,0,1,39,12,2,0
26136.0,-1875.0,0,0,0,0,54,12,4,1
56997.0,189000.0,1,0,0,1,53,18,3,1
20940.0,90.0,0,0,0,0,40,3,7,1
22317.0,96150.0,1,0,0,0,57,11,2,1
62130.0,37999.0,0,0,0,1,50,14,4,1
42246.0,11489.0,1,0,0,1,61,12,2,1
27603.0,7559.0,0,0,0,1,35,12,4,1
24690.0,750.0,0,0,0,1,28,18,1,0
14391.0,15299.0,0,0,0,1,50,12,1,0
25185.0,237950.0,1,0,0,1,59,14,1,0
26910.0,15100.0,1,0,0,0,52,18,1,1
41358.0,24993.0,1,0,0,1,37,16,5,1
8454.0,-500.0,0,0,0,0,50,12,1,0
25845.0,0.0,0,0,0,0,31,11,1,0
22800.0,110.0,0,0,0,1,41,9,4,1
45612.0,-14523.0,0,0,0,0,29,15,2,1
38340.0,2510.0,1,0,0,1,37,13,5,1
25056.0,-3200.0,0,0,0,1,43,13,4,1
34794.0,27209.0,0,0,0,1,44,12,2,1
36450.0,200.0,0,0,0,1,30,13,5,1
13266.0,1700.0,0,0,0,0,25,14,2,1
42330.0,3400.0,1,0,0,1,36,12,5,1
17745.0,-330.0,1,0,0,0,33,12,5,1
37710.0,13758.0,1,0,0,1,39,13,2,1
12501.0,-5774.0,0,0,0,1,44,14,2,0
14040.0,0.0,0,0,0,0,46,12,2,0
10932.0,0.0,0,0,0,0,30,12,4,1
18234.0,1601.0,0,0,0,1,28,8,3,1
4275.0,0.0,0,0,0,0,27,12,5,1
47016.0,0.0,0,0,0,0,26,16,1,0
33093.0,-2500.0,0,0,0,0,26,12,2,1
25815.0,-500.0,0,0,0,0,26,16,1,0
9051.0,0.0,0,0,0,1,49,12,1,0
20478.0,4000.0,0,0,0,0,34,16,2,0
14637.0,1000.0,0,0,0,0,58,14,1,0
18000.0,0.0,0,0,0,0,42,14,2,0
90306.0,-400.0,0,0,0,1,33,17,4,1
35184.0,7190.0,0,0,0,1,34,12,1,0
24300.0,-1160.0,0,0,0,0,31,16,3,1
72360.0,5500.0,0,0,0,0,39,18,2,1
21405.0,0.0,0,0,0,0,36,12,4,1
12885.0,1600.0,0,0,0,1,32,12,2,1
42540.0,899.0,0,0,0,0,35,16,5,1
38205.0,-1300.0,0,0,0,1,40,13,6,1
20322.0,-500.0,0,0,0,1,63,14,1,0
22560.0,-1995.0,0,0,0,0,31,14,5,1
5469.0,0.0,0,0,0,0,39,12,2,0
45444.0,215121.0,1,0,0,1,61,13,2,1
12243.0,20.0,0,0,0,0,32,12,1,0
10338.0,-1795.0,0,0,0,1,48,12,3,1
4548.0,0.0,0,0,0,0,34,12,2,0
43134.0,-1501.0,0,0,0,1,35,13,4,1
51447.0,-500.0,0,0,0,1,43,12,5,1
13410.0,10400.0,0,0,0,0,28,14,1,0
53925.0,62818.0,1,0,0,1,38,18,4,1
28650.0,9800.0,0,0,0,1,50,16,2,0
20205.0,-2051.0,0,0,0,0,32,13,5,1
29634.0,-1346.0,0,0,0,1,55,16,2,0
24096.0,400.0,0,0,0,1,63,6,2,1
23973.0,109100.0,1,0,0,0,35,12,1,0
18168.0,2300.0,0,0,0,0,29,10,4,0
105396.0,49450.0,0,0,0,1,51,16,1,1
23010.0,-5150.0,0,0,0,0,47,12,4,1
147996.0,49700.0,0,0,0,0,27,16,2,1
54150.0,10181.0,1,0,0,1,45,14,3,1
44868.0,1500.0,0,0,0,0,31,12,4,1
18336.0,200.0,0,0,0,0,29,14,1,0
24345.0,1500.0,0,0,0,0,42,12,3,1
160200.0,40000.0,1,0,0,1,46,14,6,1
20400.0,0.0,0,0,0,1,50,12,2,1
40500.0,10700.0,0,0,0,1,42,16,4,1
54621.0,5300.0,1,0,0,1,37,18,4,0
21888.0,999.0,0,0,0,1,53,12,1,0
37920.0,61898.0,1,0,0,1,59,12,3,1
52821.0,3300.0,1,0,0,1,37,16,5,1
3150.0,0.0,0,0,0,0,28,11,2,0
14427.0,990.0,1,0,0,1,45,14,3,1
41376.0,33000.0,0,0,0,0,31,16,3,1
34794.0,-450.0,0,0,0,1,25,12,3,1
55752.0,28300.0,1,0,0,1,55,18,2,0
25131.0,-4250.0,0,0,0,0,43,15,5,1
12966.0,-4250.0,0,0,0,1,52,12,2,0
40389.0,-2000.0,0,0,0,1,30,14,5,1
30600.0,200.0,0,0,0,1,42,11,4,1
25506.0,-5200.0,1,0,0,0,40,12,1,0
27366.0,4200.0,0,0,0,1,57,12,2,1
40950.0,14999.0,0,0,0,1,46,16,5,1
8478.0,0.0,0,0,0,0,54,5,5,0
37932.0,8260.0,1,0,0,1,47,12,2,1
17403.0,11137.0,0,0,0,1,62,12,1,0
40224.0,-40000.0,0,0,0,0,46,12,1,0
39801.0,3200.0,0,0,0,0,49,11,1,0
44205.0,3441.0,0,0,0,1,26,15,2,1
19251.0,-4501.0,0,0,0,0,36,12,3,1
30108.0,1744.0,0,0,0,1,64,12,2,1
12213.0,-295.0,0,0,0,0,42,12,5,1
29616.0,5071.0,1,0,0,1,62,12,2,0
29244.0,-158.0,0,0,0,1,32,18,1,0
17022.0,-27770.0,0,0,0,0,34,18,1,0
3825.0,-300.0,0,0,0,0,43,9,5,1
10176.0,0.0,0,0,0,0,29,11,2,0
18186.0,74999.0,0,0,0,1,50,12,3,0
17928.0,0.0,0,0,0,0,36,14,3,0
3696.0,-2000.0,0,0,0,1,40,12,3,0
5004.0,17556.0,0,0,0,1,26,12,3,0
35280.0,18545.0,1,0,0,0,54,13,2,1
13473.0,500.0,0,0,0,1,51,10,2,0
45816.0,19242.0,1,0,0,1,44,16,3,0
24000.0,0.0,0,0,0,1,36,14,1,0
38382.0,300.0,0,0,0,0,56,9,2,1
8580.0,11234.0,0,0,0,1,54,10,1,0
11520.0,0.0,0,0,0,0,34,12,3,0
25527.0,915.0,1,0,0,1,45,14,2,0
11919.0,-230.0,0,0,0,1,38,10,2,0
13200.0,2750.0,0,0,0,1,35,16,4,1
30600.0,0.0,0,0,0,0,44,14,1,0
34509.0,13300.0,0,0,0,0,39,12,1,0
49365.0,-10002.0,1,0,0,1,64,14,2,1
28095.0,0.0,0,0,0,1,40,3,5,1
22950.0,0.0,0,0,0,0,37,7,7,1
41535.0,15000.0,1,0,0,1,40,12,4,1
12852.0,1150.0,0,0,0,1,37,12,2,0
32208.0,-100.0,0,0,0,0,35,13,2,1
13443.0,900.0,0,0,0,0,50,12,4,1
21060.0,-4500.0,1,0,0,1,33,12,1,0
47748.0,-5186.0,0,0,0,1,49,14,3,1
6900.0,0.0,0,0,0,0,33,3,4,1
39480.0,40200.0,1,0,0,1,35,12,3,1
48600.0,12000.0,0,0,0,1,62,16,4,1
15300.0,-5710.0,0,0,0,0,53,13,1,0
17580.0,12200.0,1,0,0,0,32,12,2,1
28572.0,14071.0,1,0,0,1,32,14,1,0
20310.0,0.0,0,0,0,0,30,16,1,0
25020.0,-2700.0,0,0,0,0,52,12,1,0
15000.0,49538.0,0,0,0,0,42,12,3,0
28356.0,4591.0,0,0,0,0,26,16,2,1
24000.0,-980.0,0,0,0,0,32,14,3,0
28887.0,-2400.0,0,0,0,0,28,18,2,1
16950.0,-5701.0,0,0,0,1,49,14,3,1
22500.0,-8900.0,0,0,0,0,28,16,1,0
66000.0,-32400.0,0,0,0,1,30,13,5,1
4146.0,2400.0,0,0,0,0,61,12,1,0
28500.0,41899.0,1,0,0,0,45,18,4,1
18000.0,-6650.0,0,0,0,0,37,12,1,0
38760.0,-2610.0,0,0,0,1,40,14,5,1
64980.0,-600.0,0,0,0,0,27,13,1,0
7336.0,-501.0,0,0,0,1,30,12,1,1
25200.0,1000.0,0,0,0,0,28,12,1,0
29001.0,-3450.0,0,0,0,1,39,12,3,0
26661.0,800.0,0,0,0,0,45,11,4,1
33105.0,75.0,0,0,0,1,34,11,5,1
29820.0,-5770.0,0,0,0,1,30,12,4,1
77430.0,12000.0,1,0,0,1,56,16,5,1
23130.0,1299.0,0,0,0,1,43,8,4,1
8670.0,0.0,0,0,0,0,38,12,7,0
22620.0,24999.0,1,0,0,1,58,12,2,0
10611.0,-2282.0,0,0,0,1,58,13,2,0
42378.0,-21700.0,0,0,0,1,38,14,4,1
21603.0,-9800.0,0,0,0,0,34,16,1,0
9120.0,-1100.0,0,0,0,0,46,10,5,1
76500.0,39400.0,1,0,0,1,56,14,3,1
19557.0,399.0,0,0,0,0,61,12,4,0
22806.0,-5800.0,0,0,0,0,28,14,3,1
19638.0,-2101.0,0,0,0,0,32,9,4,0
17400.0,0.0,0,0,0,0,60,14,3,1
19407.0,0.0,0,0,0,0,36,12,5,1
22200.0,-2850.0,0,0,0,0,27,16,1,0
26679.0,10535.0,0,0,0,1,49,12,1,0
47385.0,-900.0,0,0,0,1,36,12,6,1
18090.0,3350.0,0,0,0,0,26,15,1,0
32160.0,3899.0,0,0,0,0,33,10,4,1
36210.0,0.0,0,0,0,1,32,10,4,1
33000.0,2899.0,0,0,0,1,47,14,1,0
21828.0,0.0,0,0,0,0,31,12,4,1
12360.0,0.0,0,0,0,1,30,10,3,0
38988.0,-1650.0,1,0,0,1,53,12,4,1
24486.0,-3750.0,0,0,0,0,31,12,5,1
25500.0,0.0,0,0,0,1,40,12,6,1
55800.0,20.0,0,0,0,1,44,12,4,0
28182.0,19599.0,0,0,0,0,47,18,1,0
7500.0,20.0,0,0,0,1,49,14,4,0
8289.0,0.0,0,0,0,0,38,10,3,0
39609.0,-3800.0,0,0,0,1,28,14,3,1
24975.0,-3150.0,0,0,0,0,36,14,2,0
36198.0,47280.0,1,0,0,1,55,12,3,1
37161.0,21356.0,0,0,0,1,30,12,2,1
40662.0,0.0,0,0,0,0,40,16,3,0
55830.0,-3200.0,0,0,0,1,28,14,2,1
4836.0,0.0,0,0,0,1,43,11,5,1
30000.0,-15100.0,0,0,0,0,42,16,2,1
28152.0,0.0,0,0,0,1,45,12,3,1
21969.0,800.0,0,0,0,1,51,12,2,1
25068.0,1449.0,0,0,0,1,42,12,7,1
30990.0,367.0,0,0,0,1,60,14,2,1
13644.0,40.0,0,0,0,1,47,10,3,0
161550.0,17498.0,1,0,0,1,41,18,2,1
25248.0,84400.0,1,0,0,1,59,12,2,0
26862.0,0.0,0,0,0,0,31,12,3,0
4107.0,0.0,0,0,0,0,40,9,2,0
21150.0,-4700.0,0,0,0,0,25,18,1,0
78549.0,-11270.0,0,0,0,1,36,18,2,1
14850.0,-1100.0,0,0,0,0,37,16,1,0
6138.0,-2400.0,0,0,0,0,25,12,3,1
28044.0,-5490.0,0,0,0,1,40,13,4,1
35547.0,30592.0,1,0,0,1,63,15,3,1
33750.0,5500.0,0,0,0,1,50,12,2,1
22800.0,3300.0,0,0,0,1,35,17,3,1
12525.0,0.0,0,0,0,0,30,12,2,0
44895.0,500.0,0,0,0,1,29,15,3,1
40215.0,820.0,0,0,0,0,32,14,2,1
28335.0,-7600.0,0,0,0,0,25,12,3,1
26463.0,10011.0,1,0,0,1,43,14,1,0
15216.0,200.0,0,0,0,0,32,3,10,1
40800.0,-5900.0,0,0,0,1,40,18,1,0
39618.0,-900.0,0,0,0,1,28,13,3,0
20406.0,2608.0,1,0,0,1,53,12,3,1
21420.0,0.0,0,0,0,0,31,8,4,1
11475.0,-600.0,0,0,0,1,32,12,4,1
37452.0,21900.0,0,0,0,1,51,12,2,1
40452.0,47870.0,1,0,0,1,48,1,1,0
55419.0,31402.0,1,0,0,1,38,13,5,1
14616.0,0.0,0,0,0,0,26,16,2,0
57132.0,1500.0,0,0,0,0,50,13,2,0
20028.0,0.0,0,0,0,0,31,12,1,0
21837.0,9800.0,0,0,0,0,32,14,1,0
22422.0,51000.0,1,0,0,1,63,13,2,1
14280.0,0.0,0,0,0,0,56,16,1,0
34953.0,0.0,0,0,0,1,25,12,2,1
19542.0,-3188.0,0,0,0,1,28,12,4,1
31785.0,18149.0,0,0,0,1,40,14,6,1
15144.0,-3250.0,0,0,0,1,46,10,3,0
28392.0,6200.0,1,0,0,1,41,12,4,1
49050.0,20700.0,0,0,0,1,61,12,4,1
13410.0,7620.0,0,0,0,0,27,16,2,0
21024.0,7599.0,0,0,0,1,57,12,3,1
9660.0,14264.0,0,0,0,0,25,12,1,0
29298.0,-3160.0,0,0,0,1,42,15,4,1
32568.0,6049.0,1,0,0,1,47,17,4,1
23280.0,0.0,0,0,0,0,57,12,1,0
53412.0,500.0,0,0,0,1,48,12,2,1
17361.0,-1450.0,0,0,0,0,25,14,2,1
91704.0,9217.0,0,0,0,0,50,16,3,1
22194.0,11099.0,1,0,0,1,38,14,2,1
18696.0,0.0,0,0,0,0,48,12,2,0
26940.0,-9500.0,0,0,0,0,25,12,4,1
45420.0,4650.0,1,0,0,1,35,14,3,1
34059.0,350.0,0,0,0,1,47,12,3,1
61110.0,0.0,0,0,0,1,46,12,3,1
28728.0,-970.0,0,0,0,0,28,12,5,1
9180.0,0.0,0,0,0,0,34,8,4,1
43275.0,-3073.0,0,0,0,1,26,13,2,1
35730.0,-500.0,0,0,0,0,46,12,1,0
16872.0,800.0,0,0,0,0,30,11,4,1
27150.0,3200.0,1,0,0,1,40,12,6,1
28902.0,0.0,0,0,0,0,37,12,2,0
29598.0,-6376.0,0,0,0,0,27,18,1,0
65526.0,10520.0,0,0,0,1,43,14,4,1
105246.0,28000.0,1,0,0,1,34,14,2,1
5280.0,0.0,0,0,0,0,28,14,3,0
17550.0,102598.0,1,0,0,1,48,12,1,0
53976.0,-3100.0,0,0,0,0,32,10,3,1
4050.0,0.0,0,0,0,0,41,12,2,0
22464.0,52200.0,1,0,0,1,56,12,2,1
40428.0,-11550.0,0,0,0,1,43,13,5,1
78918.0,46500.0,1,0,0,0,48,17,2,1
8400.0,0.0,0,0,0,0,36,12,2,0
32001.0,-1140.0,0,0,0,0,26,17,1,0
21603.0,606.0,1,0,0,0,37,16,1,0
19200.0,686.0,0,0,0,1,36,14,3,0
27810.0,350.0,0,0,0,1,27,14,2,1
11313.0,0.0,0,0,0,1,37,12,3,0
38466.0,7000.0,0,0,0,1,28,16,2,1
29910.0,-275.0,0,0,0,1,35,12,5,1
91980.0,6399.0,1,0,0,1,39,13,3,1
42759.0,17565.0,1,0,0,1,50,12,4,1
9144.0,50.0,0,0,0,1,32,12,1,0
11880.0,0.0,0,0,0,0,51,6,5,1
21990.0,0.0,0,0,0,1,26,12,5,1
30870.0,10950.0,1,0,0,1,48,12,3,0
17040.0,-6700.0,0,0,0,1,64,8,1,0
41886.0,1100.0,0,0,0,1,45,12,4,1
39114.0,-4311.0,0,0,0,1,44,12,5,1
18981.0,86399.0,1,0,0,1,50,18,2,0
31254.0,0.0,0,0,0,1,43,12,4,1
12750.0,350.0,0,0,0,0,28,12,4,0
58980.0,1907.0,1,0,0,1,31,1,4,1
33930.0,7500.0,0,0,0,1,47,12,4,1
12000.0,-2000.0,0,0,0,0,29,13,2,0
13005.0,100.0,0,0,0,0,30,13,1,0
14025.0,1400.0,0,0,0,1,39,12,5,1
37077.0,29598.0,0,0,0,1,36,12,4,1
30927.0,17748.0,1,0,0,1,41,9,3,1
11247.0,758.0,0,0,0,1,64,12,2,0
10710.0,-1370.0,0,0,0,0,28,12,2,0
30528.0,21000.0,0,0,0,0,58,17,1,0
54894.0,-10060.0,0,0,0,0,28,16,2,1
42429.0,-991.0,1,0,0,1,34,13,2,1
49290.0,2000.0,0,0,0,1,58,16,6,1
49431.0,18460.0,1,0,0,1,46,12,4,1
41475.0,6000.0,0,0,0,0,39,12,1,0
15639.0,-2650.0,0,0,0,0,36,12,7,1
25773.0,-9500.0,0,0,0,1,46,12,2,1
14010.0,-6500.0,0,0,0,0,26,16,1,0
48273.0,-2551.0,0,0,0,1,41,14,3,0
18360.0,15.0,0,0,0,0,28,16,1,0
9180.0,0.0,0,0,0,0,46,6,5,0
100356.0,4000.0,0,0,0,1,31,16,1,0
29160.0,2600.0,0,0,0,0,28,12,1,0
27726.0,-1800.0,0,0,0,0,25,12,5,1
28560.0,50.0,0,0,0,1,45,12,6,1
33624.0,75.0,0,0,0,1,52,12,3,1
26058.0,6500.0,0,0,0,0,31,12,1,0
20004.0,-2731.0,0,0,0,1,37,12,4,1
23625.0,90.0,0,0,0,0,52,16,1,0
34164.0,3300.0,1,0,0,1,50,12,4,1
31200.0,4000.0,0,0,0,1,33,16,5,1
36045.0,2691.0,1,0,0,1,36,12,4,1
17136.0,0.0,0,0,0,0,40,7,4,0
34788.0,1200.0,0,0,0,1,32,12,2,1
14790.0,-595.0,0,0,0,0,32,12,1,0
52320.0,8099.0,0,0,0,1,62,12,2,1
80400.0,28200.0,1,0,0,1,56,14,2,1
66579.0,-122.0,0,0,0,1,44,15,3,0
63969.0,2000.0,0,0,0,1,33,13,4,1
7530.0,-14600.0,0,0,0,0,32,18,1,0
29151.0,1509.0,0,0,0,1,39,13,5,1
15603.0,-13930.0,0,0,0,1,44,7,2,1
28422.0,13000.0,0,0,0,1,48,8,6,1
56976.0,10999.0,0,0,0,1,47,12,3,1
17007.0,-1260.0,0,0,0,1,34,12,4,1
87720.0,32148.0,1,0,0,1,63,18,3,1
26172.0,-250.0,0,0,0,0,46,12,4,1
10560.0,-1000.0,0,0,0,0,40,12,3,0
25878.0,52.0,0,0,0,1,30,12,3,1
7854.0,0.0,0,0,0,0,46,11,3,0
25803.0,21199.0,0,0,0,0,29,12,1,0
13326.0,-150.0,0,0,0,1,33,10,5,1
2805.0,0.0,0,0,0,0,26,6,5,1
98880.0,21800.0,0,0,0,1,44,15,2,1
42819.0,-15321.0,0,0,0,1,42,15,4,1
19440.0,2325.0,1,0,0,1,37,12,1,0
49086.0,18200.0,1,0,0,1,47,12,3,1
14880.0,8000.0,0,0,0,0,31,16,1,0
55779.0,999.0,0,0,0,1,26,15,2,1
25500.0,0.0,0,0,0,0,36,9,5,1
46050.0,-5200.0,0,0,0,0,31,16,3,1
29865.0,18750.0,1,0,0,0,52,12,2,1
47682.0,-1500.0,0,0,0,1,42,12,4,1
21300.0,3100.0,0,0,0,1,39,12,3,1
13797.0,1000.0,0,0,0,1,54,9,1,0
86400.0,82250.0,1,0,0,1,40,18,5,1
7860.0,-400.0,0,0,0,0,35,14,2,0
21639.0,-250.0,0,0,0,1,28,13,2,0
123246.0,-2500.0,0,0,0,0,42,16,3,1
29169.0,3222.0,1,0,0,1,53,12,4,1
60897.0,13259.0,0,0,0,1,35,12,1,0
15852.0,-86.0,0,0,0,0,27,15,1,0
26259.0,-4975.0,0,0,0,0,27,15,1,0
74724.0,50400.0,1,0,0,1,38,18,2,1
36177.0,102981.0,1,0,0,1,40,12,2,1
19230.0,-3001.0,0,0,0,0,25,13,1,0
13296.0,13100.0,0,0,0,1,54,12,1,0
37524.0,-2300.0,0,0,0,1,31,12,7,1
19872.0,2500.0,0,0,0,1,59,12,1,0
17418.0,-350.0,0,0,0,1,25,12,5,1
48138.0,-14091.0,0,0,0,1,39,16,4,1
14085.0,3137.0,0,0,0,0,37,14,2,1
14790.0,100.0,0,0,0,1,25,12,1,0
5760.0,-25.0,0,0,0,1,44,12,5,0
51162.0,45999.0,1,0,0,1,34,17,3,0
20781.0,398.0,0,0,0,0,37,9,2,1
8670.0,0.0,0,0,0,1,56,9,3,0
31191.0,-16225.0,0,0,0,1,35,14,2,0
17340.0,-1000.0,0,0,0,0,27,5,5,1
16062.0,0.0,0,0,0,0,33,12,3,0
48000.0,-425.0,0,0,0,0,37,17,3,0
66021.0,3078.0,0,0,0,0,47,14,4,1
54981.0,8043.0,0,0,0,1,50,12,2,1
19440.0,-1800.0,0,0,0,1,57,12,5,0
26235.0,-6400.0,0,0,0,0,31,14,5,1
18006.0,500.0,0,0,0,0,27,13,1,0
27600.0,18999.0,0,0,0,0,55,17,3,0
34704.0,950.0,0,0,0,1,27,14,5,1
17229.0,374.0,0,0,0,1,33,9,2,0
31530.0,-2240.0,0,0,0,1,44,14,2,0
44271.0,10400.0,1,0,0,1,52,15,6,1
7923.0,24.0,0,0,0,1,50,9,1,0
15480.0,-600.0,0,0,0,0,56,10,4,0
17814.0,-734.0,0,0,0,0,42,13,3,1
30381.0,20000.0,0,0,0,1,62,11,2,1
15540.0,-2000.0,0,0,0,0,46,12,1,0
85437.0,105000.0,1,0,0,1,36,12,5,1
22500.0,20000.0,0,0,0,0,44,18,1,0
38949.0,19947.0,1,0,0,1,58,12,2,1
36924.0,-200.0,0,0,0,1,55,12,2,1
33600.0,-300.0,0,0,0,0,29,14,4,1
5283.0,300.0,0,0,0,1,29,12,1,0
14064.0,10900.0,1,0,0,1,41,12,1,0
24810.0,-501.0,0,0,0,0,31,17,1,0
13104.0,-1500.0,0,0,0,1,39,12,1,0
17646.0,600.0,0,0,0,1,32,14,3,1
42690.0,-14701.0,0,0,0,0,47,18,1,0
24177.0,-1301.0,0,0,0,0,25,13,1,0
10710.0,0.0,0,0,0,0,26,12,1,0
2430.0,0.0,0,0,0,0,32,12,5,1
45573.0,5200.0,0,0,0,1,44,14,4,1
80085.0,57852.0,1,0,0,1,38,16,3,1
8670.0,0.0,0,0,0,0,48,10,1,0
41556.0,-440.0,0,0,0,1,44,16,4,1
61830.0,-10200.0,0,0,0,0,25,16,2,1
28800.0,100.0,0,0,0,0,31,12,8,1
21300.0,-986.0,0,0,0,0,47,16,6,1
15045.0,-1360.0,0,0,0,1,40,15,1,0
26640.0,2900.0,0,0,0,1,50,5,4,1
23004.0,-2000.0,0,0,0,0,25,14,3,0
14100.0,20000.0,0,0,0,1,62,12,3,1
42906.0,4199.0,0,0,0,1,38,12,4,1
14040.0,-3158.0,0,0,0,1,41,12,2,0
2838.0,0.0,0,0,0,0,42,12,1,0
30600.0,0.0,0,0,0,0,33,9,6,1
99345.0,38000.0,1,0,0,1,39,14,1,0
4395.0,-1000.0,0,0,0,0,35,9,4,1
2310.0,0.0,0,0,0,0,36,12,1,0
27162.0,1444.0,0,0,0,0,31,13,2,1
48900.0,4629.0,0,0,0,1,28,14,3,1
6030.0,0.0,0,0,0,0,32,8,3,0
30099.0,16200.0,1,0,0,1,52,14,2,0
60150.0,122499.0,0,0,0,1,61,18,2,0
23400.0,-440.0,0,0,0,0,33,12,3,0
6684.0,-1067.0,0,0,0,0,59,12,5,1
31392.0,-8400.0,0,0,0,0,33,12,3,1
54000.0,-6700.0,0,0,0,1,32,12,2,1
18975.0,1000.0,0,0,0,0,34,16,3,1
20640.0,83999.0,0,0,0,1,44,13,3,1
36075.0,7200.0,1,0,0,0,28,14,2,1
27900.0,3718.0,0,0,0,1,31,16,1,0
35226.0,11400.0,0,0,0,1,37,15,6,1
28935.0,-3720.0,0,0,0,1,34,12,3,1
6573.0,0.0,0,0,0,0,29,12,4,0
13272.0,-500.0,0,0,0,0,29,14,1,0
46839.0,-2300.0,0,0,0,1,29,16,3,1
10668.0,0.0,0,0,0,0,43,17,1,0
94503.0,14060.0,0,0,0,1,38,18,5,1
60498.0,10050.0,1,0,0,1,40,12,2,1
4218.0,-900.0,0,0,0,1,49,12,1,0
37851.0,2400.0,0,0,0,0,42,12,6,0
10362.0,2223.0,0,0,0,0,50,12,1,0
10800.0,0.0,0,0,0,0,37,4,7,1
17520.0,-5150.0,0,0,0,0,43,12,2,0
14631.0,-3000.0,0,0,0,0,49,14,2,0
26946.0,-3800.0,0,0,0,1,64,14,2,0
5550.0,0.0,0,0,0,0,28,12,1,0
7290.0,0.0,0,0,0,0,29,12,3,1
51492.0,10398.0,0,0,0,1,42,16,4,1
53940.0,-2950.0,0,0,0,1,50,11,3,1
1596.0,0.0,0,0,0,0,35,12,1,0
59952.0,113595.0,1,0,0,1,58,12,2,1
17733.0,8249.0,0,0,0,1,63,10,2,1
96174.0,2758.0,0,0,0,0,34,16,5,1
22848.0,300.0,0,0,0,0,52,12,1,0
21000.0,-500.0,0,0,0,1,53,12,3,1
15594.0,40.0,0,0,0,1,54,15,4,0
49026.0,12633.0,0,0,0,1,25,12,3,1
28605.0,-2900.0,0,0,0,0,46,15,2,1
31803.0,-3880.0,0,0,0,0,25,13,1,0
85065.0,-1025.0,0,0,0,1,46,12,4,1
71604.0,23898.0,0,0,0,1,54,13,2,1
19233.0,50.0,0,0,0,1,46,12,5,1
53664.0,1500.0,0,0,0,1,32,16,2,1
19848.0,-1600.0,0,0,0,1,29,11,4,1
11721.0,0.0,0,0,0,0,29,12,3,0
27906.0,5900.0,1,0,0,1,31,16,3,1
36252.0,200.0,0,0,0,1,63,12,2,1
33036.0,4600.0,1,0,0,1,31,16,1,0
21456.0,-3075.0,0,0,0,0,26,13,1,0
45015.0,9950.0,1,0,0,1,50,12,6,1
31674.0,1499.0,0,0,0,1,38,15,1,0
75126.0,33199.0,0,0,0,1,52,13,2,1
921.0,-400.0,0,0,0,0,28,13,1,0
62385.0,24600.0,1,0,0,1,32,14,3,1
16800.0,0.0,0,0,0,0,30,12,1,0
84159.0,120500.0,0,0,0,1,59,14,2,1
9000.0,-2617.0,0,0,0,1,52,12,2,0
19491.0,23549.0,0,0,0,0,29,18,1,0
13170.0,4575.0,1,0,0,0,40,12,1,0
27657.0,-3725.0,0,0,0,0,27,12,2,1
38313.0,-1005.0,0,0,0,1,38,16,4,1
21048.0,0.0,0,0,0,1,45,14,4,0
26406.0,1099.0,0,0,0,1,42,10,5,1
63288.0,4175.0,0,0,0,0,36,15,2,1
42024.0,-1200.0,0,0,0,0,44,12,4,1
36429.0,30523.0,1,0,0,1,63,11,2,1
26520.0,-8800.0,0,0,0,1,46,12,1,0
43272.0,1003126.0,1,0,0,1,64,12,2,1
30936.0,1791.0,1,0,0,1,28,12,4,1
13050.0,900.0,0,0,0,0,48,13,1,0
18000.0,350.0,0,0,0,0,29,15,2,0
38808.0,26900.0,0,0,0,0,32,12,2,1
33360.0,20600.0,1,0,0,1,59,17,2,1
22095.0,-800.0,0,0,0,0,39,16,1,0
6732.0,831.0,0,0,0,0,27,12,1,0
23880.0,-8800.0,0,0,0,0,35,12,3,1
13440.0,20269.0,0,0,0,1,33,12,4,0
36072.0,0.0,0,0,0,1,46,12,5,1
16758.0,-3099.0,0,0,0,0,32,12,3,0
18138.0,-4400.0,0,0,0,1,36,12,2,0
24024.0,799.0,0,0,0,0,32,18,1,0
19152.0,-3440.0,0,0,0,0,28,14,3,1
18000.0,0.0,0,0,0,0,46,12,3,1
15186.0,10.0,0,0,0,0,55,12,2,0
47355.0,2700.0,0,0,0,1,40,14,4,1
16491.0,0.0,0,0,0,0,29,15,5,1
37428.0,-4100.0,0,0,0,0,34,10,4,1
44184.0,-37074.0,0,0,0,0,30,14,4,1
13320.0,-500.0,0,0,0,1,34,10,4,1
43521.0,3000.0,1,0,0,1,53,14,2,1
25380.0,110.0,0,0,0,0,30,10,3,1
17616.0,-2480.0,0,0,0,1,45,14,1,0
28236.0,2600.0,0,0,0,0,37,12,1,0
79434.0,-5154.0,0,0,0,1,41,16,4,1
7797.0,-3345.0,0,0,0,0,41,12,5,1
90483.0,50500.0,1,0,0,1,44,15,6,1
22500.0,-7900.0,0,0,0,1,52,14,5,1
5766.0,-400.0,0,0,0,0,43,14,3,0
20400.0,0.0,0,0,0,0,34,13,3,0
60096.0,-501.0,0,0,0,1,38,12,4,1
23550.0,12400.0,0,0,0,1,31,12,3,1
28893.0,16800.0,0,0,0,0,55,13,4,1
63366.0,9999.0,0,0,0,1,45,12,4,1
69750.0,4499.0,1,0,0,1,30,16,3,1
17424.0,13.0,0,0,0,1,39,9,6,1
22047.0,3795.0,1,0,0,0,27,14,1,0
24462.0,600.0,0,0,0,0,38,14,4,1
55557.0,26000.0,0,0,0,1,47,12,3,1
24150.0,1000.0,0,0,0,1,35,12,2,1
56994.0,1000.0,0,0,0,1,40,12,3,1
4608.0,2245.0,0,0,0,0,32,12,4,0
99996.0,0.0,0,0,0,1,38,12,4,1
39180.0,19099.0,1,0,0,0,56,7,2,0
22539.0,-2000.0,0,0,0,0,29,11,4,0
10581.0,0.0,0,0,0,0,48,14,1,0
25920.0,18900.0,1,0,0,1,62,13,2,1
114048.0,-9151.0,0,0,0,1,45,12,4,1
45015.0,248400.0,1,0,0,0,57,16,2,1
51222.0,1600.0,0,0,0,0,33,18,3,0
21150.0,-1500.0,0,0,0,1,53,12,2,0
31512.0,100000.0,1,0,0,1,54,12,2,0
55191.0,-8752.0,0,0,0,0,39,12,2,1
13326.0,0.0,0,0,0,1,50,6,2,1
41769.0,-4900.0,0,0,0,1,47,16,1,0
47010.0,14420.0,1,0,0,1,42,18,3,0
14925.0,350.0,0,0,0,0,32,14,1,0
37548.0,0.0,0,0,0,1,35,12,5,1
26448.0,30180.0,0,0,0,0,33,16,3,1
14982.0,150.0,0,0,0,1,34,12,2,0
32340.0,2000.0,0,0,0,0,55,14,2,1
54315.0,29498.0,1,0,0,1,39,16,5,1
33843.0,-4355.0,0,0,0,0,25,14,3,1
49866.0,11300.0,1,0,0,1,56,12,3,1
14373.0,-335.0,0,0,0,1,40,13,2,0
4242.0,-800.0,0,0,0,0,58,12,1,0
28362.0,-1895.0,0,0,0,1,31,17,4,1
18705.0,0.0,0,0,0,1,29,12,1,0
89280.0,-500.0,0,0,0,0,29,13,1,0
23346.0,16209.0,0,0,0,1,55,12,3,1
80439.0,-31845.0,0,0,0,0,41,12,2,1
29166.0,-12951.0,0,0,0,0,34,18,2,1
31725.0,230.0,0,0,0,1,30,12,6,1
8379.0,2200.0,0,0,0,1,29,12,2,0
21420.0,300.0,0,0,0,1,32,11,4,1
6966.0,3000.0,0,0,0,1,38,14,3,0
31236.0,-15001.0,0,0,0,1,33,12,6,1
53475.0,330.0,0,0,0,1,54,12,2,1
53961.0,-9700.0,0,0,0,1,54,12,4,1
22440.0,0.0,0,0,0,1,32,12,3,1
43518.0,-7500.0,0,0,0,0,27,12,3,1
16983.0,0.0,0,0,0,0,26,12,1,0
24000.0,1300.0,0,0,0,1,35,16,1,0
4398.0,1319.0,0,0,0,1,56,10,1,0
13893.0,37650.0,1,0,0,1,61,12,1,0
15219.0,6.0,0,0,0,0,26,12,2,0
9417.0,0.0,0,0,0,0,57,7,4,0
97299.0,74000.0,1,0,0,1,52,16,4,1
17136.0,-4000.0,0,0,0,0,36,12,3,1
16728.0,0.0,0,0,0,1,50,11,1,0
15660.0,63000.0,1,0,0,1,27,12,3,1
20700.0,4100.0,0,0,0,0,52,16,1,0
117342.0,28150.0,0,0,0,1,43,16,5,1
43410.0,3000.0,0,0,0,0,41,12,4,1
12240.0,0.0,0,0,0,0,53,12,2,1
25692.0,-2400.0,0,0,0,1,48,8,5,1
22815.0,6750.0,1,0,0,1,36,13,2,0
20535.0,6499.0,1,0,0,1,41,12,3,0
33015.0,2249.0,0,0,0,1,42,14,2,1
35814.0,24999.0,1,0,0,1,47,12,3,1
12852.0,0.0,0,0,0,0,53,6,8,1
31575.0,356.0,0,0,0,1,33,12,2,1
45135.0,1574.0,1,0,0,1,52,12,2,1
123690.0,41900.0,0,0,0,1,47,14,2,1
13122.0,0.0,0,0,0,1,64,12,2,1
21948.0,20750.0,1,0,0,0,54,18,1,0
15600.0,-95.0,0,0,0,0,27,13,3,0
21660.0,-200.0,0,0,0,0,30,12,2,0
11952.0,-765.0,0,0,0,0,33,12,6,1
33366.0,-3475.0,0,0,0,0,37,14,2,0
9690.0,0.0,0,0,0,1,40,5,5,1
9888.0,-1688.0,0,0,0,1,55,8,1,0
26055.0,30100.0,1,0,0,1,63,12,2,1
17850.0,40.0,0,0,0,1,44,12,1,0
9702.0,176.0,0,0,0,0,35,13,2,0
34938.0,700.0,0,0,0,0,46,12,3,1
12960.0,0.0,0,0,0,1,59,12,4,1
13572.0,0.0,0,0,0,0,41,12,2,0
105567.0,74000.0,1,0,0,1,31,16,1,0
33774.0,57499.0,1,0,0,1,44,14,3,1
39303.0,-12188.0,0,0,0,0,34,16,1,0
12660.0,999.0,0,0,0,0,27,14,3,0
18537.0,-6586.0,0,0,0,0,48,14,2,0
18756.0,0.0,0,0,0,1,32,12,2,0
12240.0,15.0,0,0,0,0,47,11,1,0
60846.0,-4200.0,0,0,0,0,40,16,3,1
12216.0,-1900.0,0,0,0,0,29,16,1,0
36600.0,16000.0,0,0,0,1,42,18,1,0
17619.0,-450.0,0,0,0,1,64,12,5,1
15720.0,-2850.0,0,0,0,0,39,13,4,0
36852.0,12527.0,1,0,0,1,37,16,4,1
55305.0,-5750.0,0,0,0,1,28,15,3,1
12666.0,-45.0,0,0,0,0,31,15,2,0
15552.0,-205.0,0,0,0,0,32,12,5,0
2520.0,-1300.0,0,0,0,1,30,15,3,1
55434.0,-6901.0,0,0,0,1,38,12,4,1
19350.0,200.0,0,0,0,0,34,12,3,0
40824.0,36799.0,1,0,0,1,63,15,2,1
45384.0,0.0,0,0,0,0,55,10,13,1
16020.0,-3592.0,0,0,0,0,31,16,1,0
17880.0,-2200.0,0,0,0,1,26,12,1,0
40050.0,300.0,0,0,0,1,36,12,5,1
84600.0,8100.0,0,0,0,1,50,16,7,1
24840.0,-9716.0,0,0,0,0,33,12,7,1
36696.0,62000.0,1,0,0,0,59,14,1,0
52767.0,119200.0,1,0,0,1,60,18,3,1
50742.0,150.0,0,0,0,1,40,12,3,0
61710.0,-4100.0,0,0,0,1,26,11,5,1
47877.0,20694.0,1,0,0,1,56,10,2,1
12312.0,-1600.0,0,0,0,0,38,12,1,0
8976.0,20.0,0,0,0,0,36,12,1,0
15135.0,400.0,0,0,0,0,44,12,5,1
12471.0,0.0,0,0,0,0,41,12,1,0
25728.0,1667.0,0,0,0,0,39,14,3,0
36549.0,-3150.0,1,0,0,1,33,17,1,0
58245.0,18150.0,0,0,0,1,51,12,2,1
9720.0,1148.0,1,0,0,0,46,12,1,0
86781.0,-1500.0,0,0,0,1,40,16,2,1
22800.0,-700.0,0,0,0,0,34,12,2,0
31548.0,15645.0,0,0,0,1,29,15,6,1
10614.0,-2249.0,0,0,0,1,38,13,3,0
11538.0,48000.0,0,0,0,1,53,13,2,0
18000.0,-4500.0,0,0,0,0,29,12,1,0
30966.0,29771.0,0,0,0,1,33,13,3,1
29496.0,7500.0,1,0,0,1,48,18,2,0
24408.0,-400.0,0,0,0,0,42,12,1,0
14730.0,205.0,0,0,0,0,56,11,1,0
27465.0,1100.0,0,0,0,1,52,16,4,1
7767.0,-460.0,0,0,0,1,46,12,5,1
21600.0,0.0,0,0,0,0,38,14,1,0
9096.0,0.0,0,0,0,0,45,12,1,0
30879.0,7000.0,1,0,0,1,28,16,1,0
21600.0,0.0,0,0,0,0,28,15,2,0
40902.0,-121472.0,0,0,0,0,33,12,4,1
12306.0,-1100.0,0,0,0,0,28,15,1,0
25224.0,399.0,0,0,0,0,39,12,3,0
85575.0,51299.0,0,0,0,1,43,16,4,1
79392.0,-53916.0,0,0,0,1,46,16,3,1
38073.0,-4750.0,0,0,0,1,33,12,3,1
54750.0,300.0,0,0,0,1,35,12,5,1
36060.0,900.0,0,0,0,1,51,12,3,1
35745.0,-3300.0,0,0,0,0,27,17,2,1
25500.0,2400.0,0,0,0,0,28,12,4,1
8649.0,-10642.0,0,0,0,0,35,13,5,1
9747.0,0.0,0,0,0,1,43,3,6,1
57996.0,-15600.0,0,0,0,1,30,12,2,1
8088.0,85.0,0,0,0,0,31,17,1,0
43341.0,50020.0,1,0,0,1,52,16,2,1
36000.0,500.0,1,0,0,0,47,18,2,0
49290.0,450.0,0,0,0,0,57,12,4,1
54744.0,250.0,0,0,0,1,30,13,4,1
29898.0,3172.0,1,0,0,1,43,15,4,1
42684.0,-105.0,0,0,0,0,38,14,5,1
31875.0,300.0,0,0,0,1,38,12,4,1
48216.0,2956.0,0,0,0,1,51,18,2,0
28806.0,300.0,0,0,0,0,28,15,3,1
3450.0,-3000.0,0,0,0,0,26,8,1,1
23550.0,5300.0,0,0,0,0,27,12,3,1
66000.0,25290.0,0,0,0,1,34,15,1,0
15699.0,-205.0,0,0,0,0,26,12,1,0
22641.0,-501.0,0,0,0,0,30,18,1,0
19110.0,12000.0,0,0,0,0,34,17,1,0
16977.0,-1025.0,0,0,0,0,35,13,2,0
14274.0,288.0,0,0,0,0,29,10,1,0
18240.0,-3650.0,0,0,0,0,43,13,2,0
18540.0,1200.0,0,0,0,1,29,14,3,1
18564.0,850.0,0,0,0,1,59,16,4,0
3876.0,0.0,0,0,0,0,25,12,2,0
20400.0,200.0,0,0,0,1,47,12,6,1
27960.0,-3300.0,0,0,0,0,32,12,1,0
7920.0,0.0,0,0,0,0,28,13,1,0
66000.0,79999.0,0,0,0,1,45,13,2,0
72810.0,-17500.0,0,0,0,0,48,12,3,1
57330.0,10500.0,0,0,0,1,62,8,3,1
14307.0,-3900.0,0,0,0,0,25,14,1,0
18600.0,1488.0,0,0,0,1,63,12,2,1
8031.0,0.0,0,0,0,0,31,10,1,0
28500.0,-8000.0,0,0,0,1,37,12,3,0
28191.0,-1000.0,0,0,0,1,52,11,3,1
84000.0,-3500.0,0,0,0,1,43,16,1,0
32472.0,440.0,0,0,0,0,41,14,2,0
26073.0,4500.0,0,0,0,1,40,12,1,0
22440.0,-1985.0,0,0,0,1,29,12,2,1
54729.0,4498.0,0,0,0,1,55,12,4,1
40392.0,2700.0,1,0,0,1,36,14,6,1
38538.0,1059.0,0,0,0,1,41,12,4,1
39336.0,31699.0,0,0,0,1,28,16,3,1
14400.0,-1715.0,0,0,0,0,31,14,3,0
13200.0,-7551.0,0,0,0,1,42,14,1,0
45150.0,300.0,1,0,0,1,49,12,4,1
25392.0,-5800.0,0,0,0,1,34,12,2,1
36666.0,9514.0,1,0,0,0,29,14,3,1
70902.0,111700.0,1,0,0,1,50,15,4,1
11452.0,263.0,0,0,0,0,43,13,1,0
28908.0,-3370.0,0,0,0,0,63,16,1,0
17337.0,3178.0,0,0,0,1,34,9,4,1
33921.0,400.0,0,0,0,1,48,12,2,0
33270.0,1100.0,0,0,0,0,25,17,4,0
56190.0,-9998.0,1,0,0,1,36,12,4,1
59199.0,-17975.0,0,0,0,1,26,14,2,1
1560.0,0.0,0,0,0,1,25,11,1,0
27354.0,2600.0,1,0,0,1,39,18,3,0
33489.0,44159.0,1,0,0,1,52,13,2,1
6000.0,0.0,0,0,0,0,26,12,4,1
58800.0,63700.0,1,0,0,1,41,16,2,1
15441.0,3330.0,0,0,0,1,45,8,4,1
14850.0,1400.0,0,0,0,0,25,12,1,0
3600.0,0.0,0,0,0,0,48,12,4,0
26520.0,160.0,0,0,0,0,38,16,4,1
87063.0,42500.0,0,0,0,1,57,13,3,1
11865.0,0.0,0,0,0,0,25,12,5,1
12600.0,-930.0,0,0,0,0,31,13,3,0
5607.0,-1570.0,0,0,0,1,38,12,3,0
12945.0,3116.0,1,0,0,1,46,13,3,1
32931.0,293.0,0,0,0,0,30,12,4,1
34608.0,5899.0,0,0,0,0,43,12,4,1
20091.0,0.0,0,0,0,1,57,13,3,1
52416.0,-5300.0,0,0,0,1,39,12,6,1
10848.0,876.0,0,0,0,1,47,12,5,0
20412.0,-700.0,0,0,0,1,53,9,2,1
25386.0,12199.0,1,0,0,0,27,16,1,0
58650.0,-950.0,0,0,0,1,39,16,6,1
68085.0,97759.0,1,0,0,1,46,14,2,1
29220.0,28000.0,0,0,0,0,40,17,1,0
30600.0,0.0,0,0,0,1,26,12,1,0
13770.0,0.0,0,0,0,1,31,12,1,0
28680.0,2000.0,0,0,0,1,40,12,4,1
55041.0,-11055.0,0,0,0,0,42,14,4,1
15600.0,-290.0,0,0,0,0,34,13,4,1
12828.0,0.0,0,0,0,0,32,11,5,0
14226.0,-250.0,0,0,0,1,49,8,3,1
38349.0,-4500.0,0,0,0,1,38,12,4,1
45624.0,100.0,0,0,0,1,41,13,4,1
15051.0,-2580.0,0,0,0,1,62,10,2,1
25815.0,3999.0,0,0,0,0,28,18,3,1
17172.0,4.0,0,0,0,1,47,12,7,1
105843.0,5248.0,1,0,0,0,51,14,3,1
7800.0,-2000.0,0,0,0,0,47,12,1,0
44688.0,500.0,0,0,0,1,34,15,4,1
9792.0,-1190.0,0,0,0,1,34,12,2,0
17967.0,-2000.0,0,0,0,1,30,11,4,0
29400.0,3600.0,0,0,0,0,45,16,2,0
32748.0,-1700.0,0,0,0,1,26,12,4,1
8322.0,-600.0,0,0,0,0,34,12,2,1
34170.0,4000.0,0,0,0,0,25,16,1,0
50283.0,21199.0,0,0,0,1,39,16,4,1
31995.0,19900.0,1,0,0,0,45,14,4,1
19926.0,-10300.0,0,0,0,0,25,18,1,0
27420.0,26549.0,1,0,0,1,60,11,2,1
36168.0,-1501.0,0,0,0,1,25,12,3,1
18132.0,-661.0,0,0,0,0,57,11,4,1
24915.0,2559.0,0,0,0,1,34,12,7,1
45975.0,1600.0,0,0,0,0,29,14,4,1
30495.0,-8593.0,0,0,0,1,29,15,6,1
16056.0,2600.0,0,0,0,1,61,8,5,0
45180.0,-24400.0,0,0,0,1,30,18,1,0
23271.0,1500.0,0,0,0,0,49,18,2,0
37215.0,-5800.0,0,0,0,1,43,16,2,0
14124.0,8700.0,1,0,0,0,53,10,3,0
1137.0,19747.0,1,0,0,1,36,16,5,1
9102.0,0.0,0,0,0,0,35,15,2,0
9828.0,0.0,0,0,0,0,37,12,3,0
24651.0,-3100.0,0,0,0,1,27,14,1,0
16590.0,-100.0,0,0,0,0,28,15,1,0
22512.0,23149.0,0,0,0,1,60,12,1,0
16413.0,-450.0,0,0,0,0,30,14,3,1
59631.0,2349.0,0,0,0,1,46,13,2,0
14748.0,3499.0,0,0,0,1,56,12,1,0
30960.0,0.0,0,0,0,1,56,12,3,1
17034.0,-4146.0,0,0,0,0,32,12,7,1
33180.0,-4928.0,0,0,0,1,33,13,5,1
31860.0,1499.0,0,0,0,0,39,12,2,0
56250.0,15499.0,1,0,0,1,44,12,4,1
48573.0,202747.0,1,0,0,1,36,18,3,1
22800.0,-784.0,0,0,0,0,41,12,1,0
13635.0,-400.0,0,0,0,1,47,6,7,1
52803.0,5350.0,0,0,0,1,43,14,4,1
22764.0,-2100.0,0,0,0,1,33,11,4,1
57024.0,-5000.0,0,0,0,0,50,13,4,1
4380.0,0.0,0,0,0,0,31,5,5,0
27939.0,1800.0,0,0,0,1,52,7,7,0
46575.0,-3151.0,1,0,0,1,29,14,2,1
36309.0,53700.0,0,0,0,0,26,16,4,1
10902.0,0.0,0,0,0,0,40,15,4,0
28560.0,300.0,0,0,0,0,33,12,4,1
30651.0,0.0,0,0,0,1,25,15,1,0
22074.0,12000.0,0,0,0,1,30,12,1,0
24057.0,-9360.0,0,0,0,1,44,12,5,1
9024.0,-473.0,0,0,0,0,31,12,3,0
41568.0,2823.0,0,0,0,1,40,12,2,1
12069.0,-2551.0,0,0,0,1,64,12,4,1
57615.0,5800.0,0,0,0,1,49,14,2,1
65505.0,550.0,0,0,0,1,34,13,4,1
27624.0,950.0,0,0,0,1,35,12,5,1
48180.0,24000.0,1,0,0,1,37,18,4,1
27654.0,54719.0,1,0,0,1,61,14,1,0
44934.0,3800.0,0,0,0,1,43,12,3,1
39150.0,189400.0,1,0,0,1,58,13,2,1
12921.0,840.0,0,0,0,1,59,9,1,0
13380.0,-600.0,0,0,0,0,37,12,3,0
15690.0,0.0,0,0,0,0,30,9,5,1
37392.0,10800.0,1,0,0,0,43,16,6,1
21399.0,200.0,0,0,0,0,32,10,1,0
13260.0,-1000.0,0,0,0,1,45,12,1,0
27360.0,-1300.0,0,0,0,1,52,13,4,1
35955.0,-1640.0,0,0,0,1,32,6,2,1
78099.0,14900.0,1,0,0,1,44,17,5,1
22080.0,-128.0,0,0,0,0,32,10,3,1
7563.0,0.0,0,0,0,0,37,12,5,1
28254.0,1200.0,0,0,0,0,50,9,5,1
47637.0,8030.0,1,0,0,1,48,13,2,0
57060.0,3975.0,0,0,0,1,61,12,2,1
17100.0,-1700.0,0,0,0,0,41,18,1,0
64956.0,5980.0,1,0,0,1,59,18,3,1
34680.0,0.0,0,0,0,1,34,12,1,0
57081.0,99760.0,1,0,0,1,62,18,3,1
13464.0,-285.0,0,0,0,1,37,12,5,1
97950.0,-9300.0,0,0,0,0,27,12,1,0
28836.0,-8301.0,0,0,0,0,39,18,2,0
93954.0,38678.0,1,0,0,0,32,16,4,1
16320.0,0.0,0,0,0,0,28,12,2,1
63858.0,25850.0,1,0,0,1,42,17,3,1
-9.0,2500.0,0,0,0,1,40,14,7,1
35856.0,-850.0,0,0,0,0,31,12,5,1
7452.0,0.0,0,0,0,1,60,9,4,0
70374.0,5756.0,0,0,0,1,53,18,2,1
30516.0,19200.0,0,0,0,1,51,12,3,1
13254.0,-5300.0,0,0,0,0,25,15,1,0
19200.0,-960.0,0,0,0,0,33,6,6,1
14292.0,173.0,0,0,0,1,57,12,1,0
25320.0,1600.0,0,0,0,1,45,12,2,0
14280.0,0.0,0,0,0,1,31,12,1,0
12672.0,1200.0,0,0,0,0,28,16,2,0
19440.0,200.0,0,0,0,1,46,12,4,0
17880.0,-3151.0,0,0,0,1,43,12,3,0
10590.0,-980.0,0,0,0,1,55,12,3,0
37101.0,12000.0,0,0,0,1,30,12,4,1
7806.0,-273.0,0,0,0,1,39,9,4,1
10200.0,0.0,0,0,0,0,25,9,1,0
22443.0,18500.0,1,0,0,1,58,12,2,1
12900.0,200.0,0,0,0,0,41,9,1,0
21816.0,-3600.0,0,0,0,0,34,14,4,0
7164.0,2220.0,1,0,0,1,59,11,1,0
26268.0,0.0,0,0,0,0,25,10,3,1
0.0,0.0,0,0,0,1,61,16,3,1
12420.0,0.0,0,0,0,0,35,12,2,0
30489.0,-1200.0,0,0,0,1,29,12,4,1
26640.0,-2430.0,0,0,0,1,35,12,3,1
20430.0,499.0,0,0,0,0,29,12,1,0
38040.0,79998.0,1,0,0,1,57,12,1,0
55320.0,6750.0,1,0,0,1,55,12,3,1
5214.0,0.0,0,0,0,0,30,12,3,0
61455.0,38800.0,1,0,0,1,44,12,4,1
110892.0,377500.0,1,0,0,1,54,12,2,1
33075.0,5300.0,1,0,0,1,42,16,3,0
27330.0,-13950.0,0,0,0,0,37,13,4,1
52290.0,18850.0,1,0,0,1,36,12,4,1
10350.0,-1000.0,0,0,0,0,29,16,6,1
34686.0,-39915.0,0,0,0,1,44,15,5,1
73458.0,9900.0,0,0,0,0,30,18,1,0
19020.0,3599.0,0,0,0,0,54,9,1,0
14286.0,-1801.0,0,0,0,0,27,10,2,0
12906.0,-3016.0,0,0,0,0,59,13,1,0
10599.0,0.0,0,0,0,0,52,10,5,1
27294.0,-2500.0,0,0,0,0,34,9,2,0
6240.0,0.0,0,0,0,0,32,11,2,0
30825.0,13100.0,1,0,0,1,39,15,1,0
8670.0,0.0,0,0,0,0,36,11,2,0
31398.0,77000.0,1,0,0,1,35,17,4,1
27780.0,67000.0,0,0,0,0,52,15,1,0
92280.0,166113.0,1,0,0,1,54,17,3,1
3723.0,14.0,0,0,0,1,25,12,2,0
19890.0,4000.0,0,0,0,1,58,8,2,1
56712.0,207012.0,1,0,0,1,60,16,2,1
36966.0,6930.0,0,0,0,1,60,13,2,1
32034.0,3000.0,0,0,0,1,28,12,2,1
18153.0,0.0,0,0,0,0,49,12,4,1
19074.0,310.0,0,0,0,0,26,13,1,0
102996.0,1000.0,0,0,0,1,34,18,3,1
30210.0,-5450.0,0,0,0,0,28,12,1,0
9624.0,-16910.0,0,0,0,0,28,12,4,1
25662.0,3203.0,0,0,0,1,48,12,2,1
11424.0,600.0,0,0,0,1,61,9,1,0
13836.0,34883.0,1,0,0,1,62,12,2,0
59172.0,-11650.0,1,0,0,1,33,13,5,1
24687.0,0.0,0,0,0,0,40,18,1,0
18030.0,499.0,0,0,0,0,40,12,3,0
21525.0,-2670.0,1,0,0,1,36,13,1,0
8400.0,0.0,0,0,0,0,29,10,4,0
11931.0,-200.0,0,0,0,0,43,6,7,1
34269.0,-6451.0,0,0,0,1,33,13,4,1
22392.0,24200.0,1,0,0,0,32,16,1,0
18480.0,10.0,0,0,0,0,29,12,2,0
28659.0,29599.0,0,0,0,0,51,14,1,0
32634.0,61010.0,0,0,0,1,52,16,5,0
30492.0,11700.0,0,0,0,1,46,11,4,0
14610.0,-150.0,0,0,0,0,35,12,1,0
16032.0,1930.0,0,0,0,0,25,14,2,0
21600.0,-450.0,0,0,0,0,53,12,1,0
26580.0,750.0,0,0,0,0,63,11,2,0
5436.0,-5371.0,0,0,0,0,60,6,2,0
16167.0,3199.0,0,0,0,1,39,12,4,1
76260.0,50700.0,1,0,0,1,50,17,3,1
34041.0,-4000.0,0,0,0,1,30,12,2,1
44502.0,4998.0,0,0,0,1,30,12,5,1
71046.0,-3500.0,0,0,0,0,42,13,6,1
18729.0,54869.0,0,0,0,1,49,12,5,1
26022.0,499.0,0,0,0,0,41,15,2,0
35868.0,-3201.0,0,0,0,1,34,13,4,1
28620.0,900.0,0,0,0,1,41,12,4,1
10944.0,-4300.0,0,0,0,0,36,13,4,1
12516.0,7799.0,0,0,0,1,57,14,4,1
22872.0,9885.0,0,0,0,1,53,12,6,1
39681.0,11899.0,0,0,0,0,49,13,3,0
42780.0,0.0,0,0,0,1,28,12,3,1
52602.0,-2602.0,0,0,0,1,32,16,4,1
25494.0,1635.0,0,0,0,0,32,18,1,0
17700.0,-2800.0,0,0,0,0,28,12,3,0
44940.0,999.0,0,0,0,1,45,12,3,1
30900.0,1825.0,1,0,0,1,28,12,4,1
93630.0,15499.0,0,0,0,1,38,18,4,1
19704.0,-46500.0,0,0,0,1,46,16,3,0
12255.0,100.0,0,0,0,0,58,7,1,0
47400.0,-190.0,0,0,0,1,43,18,3,0
14904.0,173.0,0,0,0,1,62,12,1,0
33567.0,-17300.0,0,0,0,1,49,12,3,1
36546.0,0.0,0,0,0,0,25,15,1,1
24258.0,500.0,0,0,0,1,28,13,3,1
43968.0,11199.0,1,0,0,1,37,12,4,1
33543.0,-1550.0,0,0,0,1,34,12,4,1
33267.0,16610.0,0,0,0,0,54,13,1,0
21096.0,0.0,0,0,0,1,41,12,5,1
30951.0,-420.0,0,0,0,0,30,6,3,1
10665.0,-1208.0,0,0,0,1,60,16,2,0
21612.0,-2550.0,0,0,0,1,47,14,3,0
36162.0,270.0,0,0,0,0,41,16,1,0
20736.0,-4915.0,0,0,0,0,33,13,1,0
21648.0,-551.0,0,0,0,1,49,12,3,0
33474.0,7.0,0,0,0,1,51,12,2,1
43962.0,-3348.0,0,0,0,1,43,13,3,1
10440.0,0.0,0,0,0,0,54,8,2,0
48450.0,95.0,0,0,0,1,52,12,4,1
67125.0,13000.0,1,0,0,0,30,16,2,1
20730.0,1900.0,0,0,0,0,28,14,4,1
28200.0,-475.0,0,0,0,0,26,10,4,1
37668.0,-4975.0,0,0,0,1,37,16,3,1
66300.0,-1300.0,0,0,0,1,38,12,5,1
126750.0,22474.0,1,0,0,1,40,18,3,1
33084.0,-690.0,0,0,0,1,45,10,2,0
13788.0,12759.0,0,0,0,1,60,12,1,0
47154.0,10700.0,0,0,0,1,31,16,3,1
11844.0,0.0,0,0,0,0,61,15,3,1
8103.0,-75.0,0,0,0,0,27,12,1,0
69630.0,53500.0,1,0,0,1,32,16,1,0
28776.0,1750.0,0,0,0,1,52,12,5,1
77007.0,8724.0,0,0,0,1,33,18,2,1
22473.0,-5919.0,0,0,0,1,35,15,4,1
6375.0,0.0,0,0,0,1,33,12,1,0
33900.0,24999.0,0,0,0,0,28,15,1,0
25782.0,949.0,0,0,0,1,27,12,1,0
13872.0,11030.0,0,0,0,0,54,16,2,0
12138.0,-170.0,0,0,0,0,31,12,2,0
58992.0,6000.0,1,0,0,1,46,18,1,0
22680.0,-1149.0,0,0,0,1,37,14,4,1
48954.0,0.0,0,0,0,0,47,18,1,0
6450.0,250.0,0,0,0,0,30,13,1,0
10725.0,-120.0,0,0,0,0,27,12,5,1
80220.0,55000.0,1,0,0,1,46,18,5,1
17952.0,-8300.0,0,0,0,0,42,12,3,0
26106.0,-5000.0,0,0,0,1,51,13,2,1
19251.0,-1900.0,0,0,0,0,26,16,2,1
8670.0,0.0,0,0,0,0,25,3,10,0
29235.0,-494.0,0,0,0,1,51,13,2,1
23040.0,4350.0,0,0,0,0,26,18,1,0
27411.0,-6875.0,0,0,0,1,44,12,6,1
34941.0,695.0,0,0,0,1,48,12,3,1
10698.0,-300.0,0,0,0,0,28,14,5,1
57984.0,125199.0,1,0,0,1,56,16,2,1
51030.0,52850.0,1,0,0,1,52,13,3,1
40827.0,158206.0,1,0,0,1,53,12,4,1
34932.0,-6600.0,0,0,0,0,34,14,5,1
32871.0,515.0,0,0,0,1,31,12,4,1
51372.0,31700.0,1,0,0,1,35,15,3,1
2550.0,500.0,0,0,0,1,60,8,2,0
62526.0,69100.0,1,0,0,1,52,14,2,1
60495.0,-6700.0,0,0,0,0,25,13,2,1
63600.0,-143500.0,0,0,0,0,34,17,1,0
23640.0,500.0,0,0,0,1,61,10,2,1
39891.0,710.0,0,0,0,0,31,15,2,1
14754.0,200.0,0,0,0,1,63,1,5,0
9855.0,0.0,0,0,0,0,33,9,5,1
36924.0,-25100.0,0,0,0,1,38,10,3,1
36768.0,28359.0,1,0,0,1,47,16,2,0
14640.0,-790.0,0,0,0,0,42,13,1,0
19236.0,3500.0,0,0,0,0,33,17,1,0
26424.0,-500.0,0,0,0,1,64,10,3,1
35730.0,-9176.0,0,0,0,1,37,13,3,1
7116.0,300.0,0,0,0,0,60,8,1,0
28248.0,15150.0,0,0,0,1,31,14,1,0
22578.0,9750.0,1,0,0,0,43,14,2,1
510.0,-2700.0,0,0,0,0,28,16,1,0
34656.0,13000.0,0,0,0,0,51,16,3,0
17460.0,-1100.0,0,0,0,0,61,8,3,1
39186.0,2470.0,0,0,0,1,52,12,2,1
20796.0,2010.0,0,0,0,1,62,14,2,1
40578.0,46850.0,1,0,0,1,50,16,2,1
17877.0,15932.0,1,0,0,0,35,16,1,0
10200.0,0.0,0,0,0,0,40,11,1,0
103455.0,68248.0,0,0,0,1,44,14,1,0
16113.0,6263.0,1,0,0,1,35,12,5,1
41040.0,0.0,0,0,0,0,41,14,1,0
44754.0,48250.0,1,0,0,1,38,12,4,1
38730.0,34798.0,1,0,0,1,55,12,2,1
20940.0,-5000.0,0,0,0,0,28,12,4,1
46719.0,4000.0,0,0,0,1,41,18,5,1
11766.0,0.0,0,0,0,1,45,7,5,1
27927.0,-1501.0,0,0,0,1,57,7,4,1
19455.0,1250.0,1,0,0,0,37,12,1,0
113508.0,13750.0,1,0,0,1,38,18,3,1
18525.0,-1980.0,0,0,0,1,28,12,5,1
40011.0,4499.0,0,0,0,0,51,12,2,1
38442.0,1142.0,0,0,0,0,27,17,2,1
12000.0,20.0,0,0,0,0,34,12,5,0
16500.0,-10900.0,0,0,0,0,30,11,3,1
22440.0,35.0,0,0,0,1,57,6,5,1
17124.0,3100.0,0,0,0,0,60,12,2,0
104400.0,4420.0,0,0,0,1,41,12,2,1
11433.0,0.0,0,0,0,0,58,12,2,1
27411.0,14999.0,1,0,0,1,44,16,4,1
28005.0,1400.0,1,0,0,1,43,16,3,0
94455.0,4500.0,1,0,0,1,42,18,5,1
14172.0,-1000.0,0,0,0,0,37,12,6,1
31560.0,4300.0,0,0,0,1,41,12,3,1
50835.0,14499.0,1,0,0,1,42,12,4,1
48900.0,0.0,0,0,0,1,34,12,4,1
15450.0,0.0,0,0,0,0,26,12,4,1
6132.0,-2088.0,0,0,0,0,61,11,2,0
3711.0,164.0,0,0,0,0,28,12,2,0
11400.0,0.0,0,0,0,0,36,11,2,0
13182.0,482.0,0,0,0,0,25,16,3,1
21765.0,270.0,0,0,0,0,55,12,1,0
96336.0,89328.0,1,0,0,1,43,18,4,1
39375.0,500.0,0,0,0,1,56,12,3,1
51960.0,16000.0,0,0,0,1,46,12,12,1
10368.0,6500.0,0,0,0,0,60,12,1,0
20016.0,0.0,0,0,0,0,58,5,2,1
42183.0,-100.0,0,0,0,0,33,14,1,0
76899.0,60593.0,1,0,0,1,59,12,2,1
30246.0,-4950.0,0,0,0,0,45,14,3,0
-2652.0,7499.0,0,0,0,1,55,12,4,0
3504.0,0.0,0,0,0,0,32,12,5,1
53040.0,-4000.0,0,0,0,1,30,15,4,1
39645.0,91099.0,1,0,0,1,61,14,2,1
26175.0,-2171.0,0,0,0,0,31,13,5,1
27585.0,4600.0,1,0,0,1,63,16,2,1
30840.0,100099.0,0,0,0,1,57,12,2,1
30210.0,3100.0,1,0,0,0,30,16,2,0
12750.0,0.0,0,0,0,0,51,11,2,0
19962.0,-13000.0,0,0,0,0,27,12,2,0
17883.0,-2384.0,0,0,0,1,36,16,1,0
56808.0,20270.0,1,0,0,1,33,18,1,0
16815.0,-300.0,0,0,0,0,35,13,1,0
11688.0,-1700.0,0,0,0,0,28,12,3,0
25014.0,400.0,0,0,0,0,28,12,1,0
44268.0,-2000.0,0,0,0,1,44,14,3,1
16977.0,-3050.0,0,0,0,1,34,14,5,1
5412.0,13399.0,0,0,0,0,28,12,1,0
17070.0,3400.0,0,0,0,1,28,10,4,1
30012.0,200.0,0,0,0,0,40,9,5,1
20082.0,3300.0,1,0,0,1,49,16,4,1
65262.0,-3899.0,0,0,0,1,25,14,2,1
52497.0,-10990.0,0,0,0,0,26,16,2,1
19800.0,0.0,0,0,0,1,25,9,1,0
47760.0,73509.0,1,0,0,1,35,12,5,1
15570.0,-40.0,0,0,0,0,49,7,1,0
19206.0,-4135.0,0,0,0,0,29,12,5,1
89550.0,500.0,0,0,0,1,30,18,2,1
7962.0,250.0,0,0,0,0,44,3,6,1
23832.0,-150.0,0,0,0,1,64,8,4,1
60201.0,15671.0,1,0,0,1,44,13,3,1
32880.0,7500.0,0,0,0,1,40,12,5,1
36066.0,-600.0,0,0,0,1,30,10,2,1
42864.0,15037.0,1,0,0,1,64,12,2,1
36720.0,-1000.0,0,0,0,1,49,16,2,1
30000.0,33499.0,1,0,0,1,41,16,3,0
11112.0,0.0,0,0,0,0,25,12,4,1
58320.0,-1200.0,1,0,0,0,27,12,3,1
12240.0,0.0,0,0,0,0,32,12,2,0
28467.0,0.0,0,0,0,0,31,11,3,1
32436.0,-600.0,0,0,0,1,27,12,4,1
52641.0,9145.0,0,0,0,0,35,18,4,1
42552.0,-3000.0,0,0,0,1,38,16,3,1
31620.0,-5700.0,0,0,0,0,35,14,3,1
42120.0,10700.0,1,0,0,1,39,15,4,1
14712.0,4500.0,0,0,0,0,31,12,1,0
37302.0,56919.0,1,0,0,1,37,12,2,1
18936.0,1400.0,0,0,0,1,59,8,3,1
65973.0,-20001.0,0,0,0,1,43,12,6,1
23082.0,17900.0,1,0,0,1,43,17,1,0
52065.0,24500.0,0,0,0,1,44,12,5,1
17913.0,350.0,0,0,0,0,35,17,1,0
14871.0,-3000.0,0,0,0,0,54,12,2,0
8004.0,-1600.0,0,0,0,0,36,12,5,1
12240.0,0.0,0,0,0,1,27,6,4,1
22740.0,15999.0,0,0,0,1,55,4,7,1
32148.0,7800.0,1,0,0,1,56,12,2,1
27192.0,16600.0,0,0,0,1,30,14,3,1
63135.0,18000.0,0,0,0,0,39,18,3,1
14280.0,-1800.0,0,0,0,1,59,12,1,0
20769.0,37500.0,1,0,0,0,59,11,2,1
30840.0,-500.0,1,0,0,1,44,8,3,1
8430.0,-19301.0,0,0,0,1,45,12,2,0
19446.0,499.0,0,0,0,0,30,13,4,1
12324.0,0.0,0,0,0,1,51,12,7,1
30507.0,23027.0,1,0,0,1,37,12,3,1
15009.0,3100.0,0,0,0,0,32,16,4,1
39300.0,-4900.0,0,0,0,1,42,13,5,1
24882.0,-3000.0,0,0,0,1,49,11,3,1
20256.0,-743.0,0,0,0,1,61,9,1,0
56085.0,21600.0,0,0,0,1,37,16,2,1
38595.0,5899.0,0,0,0,1,57,12,2,1
30450.0,6299.0,0,0,0,0,48,16,1,1
50100.0,210800.0,0,0,0,1,25,16,1,0
35970.0,-450.0,1,0,0,1,48,14,4,1
71316.0,12700.0,0,0,0,1,47,16,3,1
32580.0,400.0,0,0,0,0,25,12,1,0
29520.0,1800.0,0,0,0,0,32,13,3,1
68823.0,1865.0,1,0,0,1,46,12,4,1
23883.0,-7795.0,0,0,0,1,28,12,3,1
143067.0,9599.0,0,0,0,1,49,16,1,0
29604.0,-15900.0,0,0,0,0,28,12,3,0
31536.0,-4631.0,0,0,0,0,33,14,6,1
8694.0,0.0,0,0,0,0,37,12,7,0
23067.0,-16122.0,0,0,0,1,47,10,4,1
29550.0,-14450.0,0,0,0,1,32,14,3,0
26400.0,-4800.0,0,0,0,1,52,12,4,1
8148.0,-6700.0,0,0,0,0,26,14,3,0
21150.0,-8840.0,0,0,0,0,45,16,2,0
32544.0,3947.0,0,0,0,1,47,15,3,0
43053.0,11168.0,0,0,0,1,37,16,2,1
43590.0,8350.0,1,0,0,1,46,17,5,1
22341.0,2100.0,0,0,0,1,61,18,2,1
20406.0,-10515.0,1,0,0,0,37,18,4,1
15909.0,-38890.0,0,0,0,1,52,12,5,1
90141.0,137000.0,1,0,0,0,46,18,1,0
17550.0,-1850.0,0,0,0,0,32,13,2,1
24624.0,12650.0,1,0,0,1,32,14,4,1
42051.0,-7800.0,0,0,0,1,28,14,2,0
36390.0,3199.0,0,0,0,1,46,12,4,1
27390.0,45700.0,1,0,0,1,55,12,2,1
21969.0,-1200.0,0,0,0,0,31,6,10,1
17091.0,0.0,0,0,0,0,46,12,5,1
30600.0,500.0,0,0,0,0,27,12,4,1
28800.0,1000.0,0,0,0,0,29,14,1,0
94380.0,397000.0,1,0,0,1,46,12,4,1
19176.0,0.0,0,0,0,1,61,12,4,1
31548.0,-24800.0,0,0,0,1,56,14,6,1
29982.0,89774.0,1,0,0,0,61,12,1,0
55446.0,195000.0,1,0,0,1,61,13,3,1
26493.0,-200.0,0,0,0,0,28,6,5,1
31020.0,-6000.0,0,0,0,1,38,10,4,1
19380.0,-3730.0,0,0,0,1,27,16,3,0
8964.0,300.0,1,0,0,1,36,12,3,0
39408.0,-12500.0,0,0,0,1,27,16,4,1
31752.0,-2425.0,0,0,0,1,36,12,5,1
4590.0,0.0,0,0,0,0,45,12,1,0
34932.0,55000.0,0,0,0,1,64,15,3,1
21996.0,10378.0,0,0,0,1,39,14,1,0
37755.0,-1200.0,0,0,0,1,56,12,2,1
21021.0,10560.0,0,0,0,0,36,11,1,0
28554.0,9004.0,0,0,0,1,42,14,3,1
43470.0,2000.0,0,0,0,0,44,17,3,1
139137.0,9000.0,0,0,0,0,46,18,2,1
63225.0,10571.0,1,0,0,1,40,12,6,1
29532.0,-4693.0,0,0,0,1,29,16,4,1
26409.0,1130.0,0,0,0,0,26,13,1,0
42633.0,50.0,0,0,0,1,40,16,5,1
45900.0,-4700.0,0,0,0,1,26,13,5,1
12600.0,-800.0,0,0,0,0,29,14,1,0
6564.0,0.0,0,0,0,1,55,8,5,0
19140.0,4400.0,0,0,0,1,37,16,4,1
32964.0,-1700.0,0,0,0,0,37,12,4,1
63627.0,-5400.0,0,0,0,1,44,18,2,1
76395.0,197469.0,1,0,0,1,50,17,3,1
15660.0,6000.0,0,0,0,0,25,14,1,0
47184.0,-1301.0,0,0,0,1,40,12,3,1
36000.0,-6000.0,0,0,0,0,26,15,1,0
16710.0,0.0,0,0,0,1,55,12,1,0
39150.0,30999.0,1,0,0,0,41,18,1,0
18630.0,0.0,0,0,0,1,57,4,1,0
32460.0,-4490.0,0,0,0,1,26,12,1,0
20094.0,-875.0,0,0,0,1,57,8,2,1
16320.0,0.0,0,0,0,1,28,11,1,0
16140.0,12999.0,0,0,0,1,35,12,1,0
47676.0,-2400.0,0,0,0,1,35,17,4,1
14040.0,0.0,0,0,0,0,52,12,1,0
15930.0,325.0,0,0,0,0,57,5,1,0
31749.0,0.0,0,0,0,1,33,12,6,1
12597.0,0.0,0,0,0,1,40,12,1,0
11997.0,257.0,0,0,0,0,33,9,2,0
57513.0,-370.0,0,0,0,1,46,12,4,1
13215.0,949.0,0,0,0,1,48,12,3,0
53856.0,-1580.0,0,0,0,1,47,16,4,1
10200.0,0.0,0,0,0,0,28,11,2,0
35496.0,100.0,0,0,0,1,50,12,4,1
26208.0,4800.0,0,0,0,0,40,12,1,0
9456.0,-500.0,0,0,0,1,45,14,1,0
27045.0,900.0,0,0,0,0,30,13,4,1
25500.0,-1400.0,0,0,0,0,27,14,1,0
42150.0,-5000.0,0,0,0,1,47,13,4,1
10806.0,-890.0,0,0,0,0,52,13,4,1
32844.0,7399.0,0,0,0,0,26,12,3,1
62790.0,187500.0,1,0,0,1,58,17,1,0
42942.0,-2205.0,0,0,0,1,33,13,4,1
21813.0,200.0,0,0,0,0,47,12,4,1
8784.0,3000.0,1,0,0,0,31,12,5,0
36090.0,1459.0,0,0,0,1,34,12,4,1
50400.0,15400.0,1,0,0,0,39,16,2,1
34893.0,8048.0,0,0,0,0,25,12,1,0
37500.0,6600.0,1,0,0,1,44,13,1,0
51207.0,-3800.0,0,0,0,0,25,15,2,1
13560.0,0.0,0,0,0,0,33,12,2,0
9600.0,0.0,0,0,0,1,37,12,2,0
34089.0,17139.0,0,0,0,1,58,12,4,1
17226.0,0.0,0,0,0,0,35,16,6,1
21210.0,16000.0,0,0,0,1,28,14,3,1
24498.0,400.0,0,0,0,1,41,12,2,1
12825.0,8240.0,0,0,0,1,54,14,2,0
16557.0,2607.0,0,0,0,0,26,12,2,0
20787.0,-330.0,0,0,0,0,35,12,3,1
36051.0,-7751.0,0,0,0,0,34,12,5,1
76080.0,-7151.0,1,0,0,1,33,15,4,1
11454.0,0.0,0,0,0,0,27,10,5,1
19704.0,27500.0,0,0,0,1,40,16,1,0
104919.0,-3404.0,1,0,0,1,64,17,2,1
92904.0,80000.0,1,0,0,1,52,18,1,1
27648.0,-4100.0,0,0,0,1,45,8,3,1
25728.0,16550.0,1,0,0,1,45,18,5,1
34059.0,7100.0,0,0,0,0,32,12,3,1
46431.0,30499.0,0,0,0,0,26,17,1,0
32631.0,-5101.0,0,0,0,1,37,11,4,1
34470.0,5000.0,0,0,0,0,50,12,2,0
21030.0,-1136.0,0,0,0,1,49,6,6,1
53919.0,33199.0,0,0,0,0,49,18,1,0
20331.0,-2252.0,0,0,0,1,42,12,3,0
54144.0,0.0,0,0,0,0,33,12,6,1
9180.0,0.0,0,0,0,1,48,13,1,0
24480.0,7000.0,0,0,0,0,25,12,1,0
18621.0,0.0,0,0,0,1,33,12,1,0
11100.0,-9050.0,0,0,0,0,26,18,1,0
43050.0,10690.0,0,0,0,1,48,18,4,1
28560.0,-4500.0,0,0,0,0,27,12,1,0
68040.0,44750.0,1,0,0,1,31,17,5,1
24744.0,25.0,0,0,0,0,56,1,2,1
75222.0,36800.0,0,0,0,1,30,16,2,1
19125.0,0.0,0,0,0,0,40,12,2,0
7536.0,-1100.0,0,0,0,0,36,14,1,0
40410.0,8499.0,0,0,0,1,48,9,4,1
54456.0,-1401.0,0,0,0,1,28,12,2,1
36117.0,37794.0,1,0,0,1,55,12,2,1
32511.0,10700.0,1,0,0,1,52,12,2,1
26736.0,11800.0,0,0,0,1,63,11,3,1
32325.0,21700.0,1,0,0,1,48,12,3,1
53277.0,276150.0,1,0,0,1,60,13,2,1
22170.0,525.0,0,0,0,1,46,18,2,0
50883.0,0.0,0,0,0,1,45,12,6,1
28053.0,0.0,0,0,0,0,48,9,6,1
25158.0,800.0,0,0,0,1,31,13,3,1
24714.0,250.0,0,0,0,1,54,6,3,1
30342.0,-200.0,0,0,0,0,30,12,5,1
19074.0,0.0,0,0,0,0,43,14,1,0
66960.0,3499.0,0,0,0,0,37,12,2,1
24888.0,2050.0,0,0,0,1,38,13,1,0
53151.0,-307.0,1,0,0,1,37,16,4,1
28830.0,50.0,0,0,0,1,44,12,3,1
18900.0,700.0,0,0,0,1,38,12,2,0
14574.0,28420.0,0,0,0,1,51,12,1,0
7164.0,500.0,0,0,0,0,25,11,2,0
23313.0,-960.0,0,0,0,0,42,12,3,0
39942.0,200.0,0,0,0,1,36,13,5,1
28383.0,6750.0,0,0,0,1,28,18,1,0
55560.0,22350.0,1,0,0,1,37,13,4,1
50919.0,5999.0,0,0,0,1,61,18,3,1
7332.0,225.0,0,0,0,0,27,12,1,0
14484.0,-9168.0,0,0,0,1,41,12,3,1
106620.0,134584.0,1,0,0,1,47,12,2,1
10968.0,-651.0,0,0,0,1,52,9,4,1
110160.0,41000.0,1,0,0,1,40,16,3,1
25200.0,-4400.0,0,0,0,1,46,17,2,0
47700.0,1950.0,0,0,0,1,52,12,2,1
61353.0,5704.0,1,0,0,1,41,12,2,1
13770.0,50.0,0,0,0,1,28,14,1,0
81618.0,37998.0,0,0,0,1,60,12,3,1
4872.0,0.0,0,0,0,0,29,12,2,0
23193.0,-1886.0,0,0,0,1,37,12,7,1
6855.0,-28200.0,0,0,0,0,33,12,3,0
23127.0,-3422.0,0,0,0,1,29,12,2,1
19620.0,-5000.0,0,0,0,0,54,14,1,0
12804.0,27600.0,0,0,0,1,63,12,5,0
13608.0,-948.0,0,0,0,0,57,11,2,0
19140.0,400.0,0,0,0,1,31,12,1,0
16530.0,-1600.0,0,0,0,0,27,10,3,0
11364.0,-315.0,0,0,0,0,31,12,4,1
22044.0,-3752.0,0,0,0,0,34,12,6,1
20313.0,210.0,0,0,0,0,29,12,3,1
23700.0,35000.0,1,0,0,1,56,14,2,0
20385.0,-800.0,0,0,0,0,27,16,1,0
10755.0,100.0,0,0,0,0,31,12,1,0
40467.0,-9720.0,0,0,0,0,41,14,2,0
23364.0,6000.0,0,0,0,1,51,12,2,1
24990.0,-1170.0,0,0,0,1,32,12,5,1
21000.0,-3400.0,0,0,0,0,27,12,5,1
9933.0,28974.0,1,0,0,1,36,18,4,1
15882.0,-6983.0,0,0,0,1,37,15,4,0
65370.0,13499.0,0,0,0,1,48,14,4,1
25641.0,-838.0,0,0,0,1,49,12,5,1
53670.0,20000.0,1,0,0,1,51,13,2,1
37848.0,41.0,0,0,0,1,48,17,4,1
8640.0,-449.0,0,0,0,1,36,12,3,0
74040.0,40800.0,0,0,0,1,54,16,2,1
18582.0,29350.0,1,0,0,1,25,12,2,0
23883.0,2499.0,0,0,0,0,47,11,3,0
12000.0,0.0,0,0,0,1,33,16,2,0
31740.0,-5559.0,0,0,0,1,29,12,5,1
26010.0,11000.0,1,0,0,1,57,12,4,1
52836.0,-276.0,0,0,0,1,48,12,3,1
32703.0,-3775.0,0,0,0,1,41,18,1,0
64347.0,7723.0,0,0,0,1,34,14,4,1
28911.0,-2000.0,0,0,0,0,28,11,1,0
21111.0,2500.0,0,0,0,1,64,14,1,0
22659.0,59500.0,1,0,0,1,61,12,2,1
13380.0,0.0,0,0,0,0,33,12,1,0
90045.0,28599.0,1,0,0,1,38,18,4,1
44220.0,21862.0,1,0,0,1,46,12,3,1
10650.0,0.0,0,0,0,1,50,6,1,0
22296.0,-3300.0,0,0,0,0,27,16,1,0
37197.0,-5122.0,0,0,0,1,38,12,4,1
1596.0,50.0,0,0,0,0,56,12,2,0
27030.0,0.0,0,0,0,1,25,12,1,0
17883.0,50.0,0,0,0,0,34,6,5,1
18540.0,3000.0,0,0,0,0,38,12,5,1
10770.0,50.0,0,0,0,1,45,12,3,0
39003.0,-4609.0,0,0,0,0,27,15,2,1
104235.0,144500.0,1,0,0,1,53,12,2,1
45045.0,6249.0,1,0,0,1,34,16,4,1
180858.0,1636.0,0,0,0,1,26,16,3,1
17169.0,85560.0,1,0,0,0,49,18,6,1
30750.0,-2400.0,0,0,0,1,39,12,4,1
23400.0,-4800.0,0,0,0,0,42,13,2,0
17160.0,13600.0,0,0,0,1,30,13,1,0
32400.0,-400.0,0,0,0,1,55,16,4,0
5589.0,0.0,0,0,0,0,46,12,2,0
16665.0,17.0,0,0,0,1,48,12,3,1
43131.0,59160.0,1,0,0,1,45,18,2,1
13824.0,-7600.0,0,0,0,0,36,12,1,0
46842.0,-4350.0,1,0,0,0,36,14,2,1
16800.0,-62000.0,1,0,0,1,58,6,2,1
24621.0,-2316.0,0,0,0,1,26,15,2,1
52800.0,4050.0,1,0,0,0,33,12,3,1
38061.0,-2643.0,0,0,0,0,36,12,4,1
24261.0,11661.0,1,0,0,1,40,12,4,1
21240.0,100.0,0,0,0,0,39,17,4,1
5358.0,-2500.0,0,0,0,0,31,12,5,1
5766.0,6400.0,1,0,0,0,50,14,1,0
15741.0,50.0,0,0,0,1,49,12,2,0
12750.0,0.0,0,0,0,0,32,10,1,0
54183.0,-301750.0,0,0,0,0,38,11,4,1
36885.0,-2500.0,0,0,0,1,29,12,4,1
28575.0,1249.0,0,0,0,0,27,12,1,0
25800.0,18550.0,1,0,0,1,46,14,2,1
63939.0,11243.0,0,0,0,1,41,17,4,1
20838.0,3550.0,0,0,0,0,52,17,1,0
16452.0,6030.0,0,0,0,0,33,13,1,1
2952.0,0.0,0,0,0,0,42,4,3,0
61446.0,135496.0,1,0,0,1,36,12,3,1
32481.0,1500.0,0,0,0,1,60,12,4,1
60810.0,3000.0,0,0,0,1,31,16,4,1
4137.0,-130.0,0,0,0,1,51,6,3,1
36060.0,-5000.0,0,0,0,0,28,14,1,0
31506.0,-3900.0,0,0,0,1,48,13,5,1
24300.0,5000.0,0,0,0,1,58,14,4,0
130296.0,3500.0,0,0,0,1,29,18,2,1
43200.0,0.0,0,0,0,0,46,12,1,0
26490.0,300.0,0,0,0,1,34,12,1,0
37476.0,0.0,0,0,0,0,26,13,2,1
23634.0,0.0,0,0,0,1,48,14,2,0
39861.0,1600.0,1,0,0,1,35,16,2,1
17100.0,-1000.0,0,0,0,0,30,16,3,1
14556.0,-3250.0,0,0,0,0,29,14,1,0
18999.0,-3050.0,0,0,0,0,25,13,2,0
29994.0,-2168.0,0,0,0,0,29,12,4,1
15306.0,-2840.0,0,0,0,0,40,12,2,0
24654.0,800.0,0,0,0,1,54,13,2,0
32049.0,32649.0,0,0,0,0,53,16,1,0
73764.0,1799.0,0,0,0,1,34,18,1,0
127200.0,96600.0,1,0,0,1,44,18,2,1
31974.0,-9090.0,0,0,0,0,50,18,4,0
29133.0,340.0,0,0,0,1,30,12,4,1
58155.0,2600.0,1,0,0,1,53,12,1,0
15306.0,99.0,0,0,0,0,42,10,1,1
69270.0,1999.0,0,0,0,1,38,18,4,1
5472.0,-1251.0,0,0,0,0,60,12,1,0
30600.0,-4242.0,0,0,0,1,46,6,4,1
40035.0,249.0,0,0,0,0,42,12,7,1
29925.0,-8000.0,0,0,0,1,35,12,2,1
10200.0,-450.0,0,0,0,0,36,13,2,0
17106.0,37623.0,1,0,0,1,52,12,4,1
34563.0,81668.0,1,0,0,1,40,18,2,1
58629.0,500.0,0,0,0,1,42,16,4,1
12240.0,1200.0,0,0,0,1,31,5,1,0
21132.0,-8225.0,0,0,0,1,35,18,1,0
11616.0,4200.0,0,0,0,0,28,11,1,0
32370.0,9279.0,0,0,0,1,37,16,4,1
38058.0,5200.0,0,0,0,1,28,12,1,0
21960.0,0.0,0,0,0,0,33,16,1,0
11250.0,0.0,0,0,0,0,45,12,1,1
43521.0,3500.0,0,0,0,1,32,14,4,1
10200.0,0.0,0,0,0,0,61,5,1,0
7500.0,0.0,0,0,0,0,45,18,1,0
33951.0,33458.0,1,0,0,1,63,12,5,1
38376.0,23944.0,1,0,0,1,32,17,3,1
20142.0,7322.0,0,0,0,0,37,14,1,0
38700.0,9035.0,1,0,0,1,49,16,4,1
25782.0,-3820.0,0,0,0,1,33,14,2,1
58830.0,2750.0,0,0,0,1,60,16,2,1
41961.0,-47080.0,0,0,0,0,44,13,4,1
17403.0,0.0,0,0,0,0,45,10,8,0
25500.0,555.0,0,0,0,0,54,10,6,1
27516.0,54500.0,1,0,0,1,50,13,2,1
25233.0,16610.0,1,0,0,1,61,12,1,0
26640.0,4959.0,1,0,0,1,36,12,4,1
32430.0,1300.0,0,0,0,1,30,14,3,1
51654.0,1733.0,0,0,0,1,54,13,3,1
26931.0,-4165.0,0,0,0,1,28,12,2,1
35205.0,2115.0,0,0,0,0,27,11,5,1
23670.0,-3450.0,0,0,0,1,45,10,12,1
5919.0,-2069.0,0,0,0,0,26,12,3,0
12750.0,0.0,0,0,0,1,38,4,2,0
46386.0,600.0,0,0,0,0,34,16,4,1
6282.0,0.0,0,0,0,1,52,9,2,0
40800.0,-1500.0,0,0,0,0,34,12,4,1
11898.0,130.0,0,0,0,0,27,13,4,0
26688.0,2073.0,0,0,0,1,37,12,4,1
1560.0,0.0,0,0,0,0,33,8,5,1
57201.0,42245.0,1,0,0,0,39,16,5,1
72108.0,170056.0,1,0,0,1,53,12,2,1
55314.0,13108.0,0,0,0,1,50,12,2,1
27660.0,37894.0,1,0,0,1,48,12,1,0
16305.0,9249.0,0,0,0,1,57,13,3,1
15414.0,145.0,0,0,0,0,50,8,4,0
18360.0,200.0,0,0,0,0,61,9,1,0
53100.0,43200.0,1,0,0,1,42,17,6,1
17454.0,200.0,0,0,0,0,33,13,1,0
21936.0,300.0,0,0,0,1,46,2,6,1
39321.0,8400.0,1,0,0,1,29,12,2,1
9150.0,0.0,0,0,0,0,31,12,2,0
5742.0,-1200.0,0,0,0,1,52,12,1,0
38490.0,35000.0,0,0,0,1,43,12,3,1
14232.0,-1925.0,0,0,0,1,57,9,1,0
3684.0,8.0,0,0,0,0,50,12,3,0
38832.0,132671.0,1,0,0,1,52,17,2,0
17034.0,2000.0,1,0,0,0,42,12,1,1
49830.0,126150.0,1,0,0,1,50,8,1,0
22575.0,-3450.0,0,0,0,1,31,10,3,1
25164.0,-1900.0,0,0,0,0,38,12,6,1
54300.0,204000.0,1,0,0,1,35,16,2,1
36000.0,-2745.0,0,0,0,1,35,13,5,1
29067.0,37100.0,1,0,0,1,48,17,5,1
24612.0,-8801.0,0,0,0,1,57,10,3,1
48240.0,13498.0,0,0,0,1,40,17,6,1
30861.0,2000.0,0,0,0,1,44,15,4,0
14280.0,350.0,0,0,0,0,26,12,3,1
24990.0,-671.0,0,0,0,0,28,12,4,1
60903.0,-22794.0,0,0,0,0,44,11,3,1
57147.0,50572.0,1,0,0,0,25,16,2,1
12501.0,-1480.0,0,0,0,0,33,12,2,0
17442.0,0.0,0,0,0,0,45,11,5,0
52476.0,13176.0,0,0,0,1,33,16,1,0
19785.0,-8680.0,0,0,0,0,26,12,4,1
41352.0,85300.0,0,0,0,1,45,16,4,1
10140.0,199.0,0,0,0,0,33,12,1,0
41466.0,-5000.0,0,0,0,1,56,12,4,1
28038.0,-6050.0,0,0,0,1,37,12,6,0
104814.0,10129.0,0,0,0,1,45,18,4,1
10200.0,0.0,0,0,0,0,44,12,3,0
21546.0,4200.0,1,0,0,0,31,16,1,0
15555.0,-995.0,0,0,0,0,29,9,2,0
19548.0,-5400.0,0,0,0,1,55,12,4,1
9744.0,20.0,0,0,0,0,53,12,1,1
66960.0,176000.0,1,0,0,1,57,15,4,1
55683.0,14851.0,0,0,0,0,27,17,2,1
50400.0,-11300.0,0,0,0,0,34,12,5,1
30639.0,-4306.0,1,0,0,1,52,8,4,1
7836.0,-300.0,0,0,0,1,39,15,4,1
9450.0,0.0,0,0,0,1,37,12,8,1
11898.0,0.0,0,0,0,1,49,14,2,0
49176.0,-4640.0,0,0,0,1,47,12,4,1
36552.0,72607.0,1,0,0,1,55,14,5,1
28320.0,-9000.0,0,0,0,0,37,14,3,0
36336.0,399.0,0,0,0,1,49,11,6,1
12003.0,59.0,0,0,0,0,37,12,1,0
6297.0,-200.0,0,0,0,1,42,13,2,0
14625.0,-1000.0,0,0,0,0,30,12,1,0
51078.0,14500.0,0,0,0,1,44,12,5,1
7113.0,0.0,0,0,0,0,53,12,5,1
30000.0,9500.0,1,0,0,0,41,12,3,0
40554.0,46500.0,0,0,0,1,34,16,3,0
23640.0,-6001.0,0,0,0,0,26,12,5,1
33021.0,-3887.0,0,0,0,0,42,18,1,0
26916.0,47488.0,1,0,0,0,48,16,1,0
23307.0,-14995.0,0,0,0,1,52,12,3,1
19800.0,0.0,0,0,0,0,38,12,6,1
33651.0,16999.0,0,0,0,0,26,14,1,0
15870.0,4199.0,0,0,0,0,44,12,2,0
46710.0,62535.0,1,0,0,1,36,14,5,1
21645.0,1674.0,0,0,0,1,41,12,1,0
50862.0,9770.0,1,0,0,1,33,10,4,1
60360.0,91999.0,1,0,0,1,40,18,3,1
36015.0,-5850.0,0,0,0,0,40,18,1,0
73578.0,3300.0,0,0,0,1,36,12,5,1
18447.0,-829.0,0,0,0,1,25,12,4,1
33192.0,-400.0,0,0,0,0,38,16,2,0
54648.0,-2800.0,0,0,0,1,43,12,4,1
58167.0,-1675.0,0,0,0,1,32,12,5,1
28200.0,33449.0,1,0,0,1,62,12,3,1
16458.0,4124.0,0,0,0,0,33,12,1,0
15834.0,0.0,0,0,0,0,32,12,5,1
15312.0,-1008.0,0,0,0,1,29,12,3,1
46104.0,4350.0,0,0,0,1,39,14,3,1
32007.0,889.0,0,0,0,1,56,17,2,1
41250.0,35000.0,0,0,0,0,48,16,1,0
28476.0,-1302.0,0,0,0,1,36,13,4,1
32394.0,33600.0,0,0,0,0,37,12,3,0
24360.0,8000.0,0,0,0,0,40,14,1,0
18600.0,0.0,0,0,0,1,44,9,5,1
52260.0,28499.0,1,0,0,0,43,14,5,1
10500.0,50.0,0,0,0,0,39,12,3,1
100596.0,81798.0,1,0,0,0,53,14,2,1
11376.0,0.0,0,0,0,0,28,13,1,0
27264.0,8220.0,0,0,0,0,58,12,3,1
21300.0,-2210.0,0,0,0,0,28,11,3,1
83274.0,184474.0,1,0,0,1,34,14,5,1
26472.0,450.0,0,0,0,1,36,10,3,1
8172.0,2550.0,1,0,0,0,64,8,3,0
23073.0,-2160.0,1,0,0,1,35,12,3,0
8925.0,0.0,0,0,0,0,25,1,3,0
30000.0,-6000.0,0,0,0,0,42,18,4,1
23148.0,-1740.0,0,0,0,1,50,14,3,1
77466.0,39800.0,1,0,0,1,49,12,2,1
23556.0,-3150.0,0,0,0,0,26,16,4,1
18048.0,800.0,0,0,0,0,37,14,1,0
73218.0,15100.0,1,0,0,1,53,18,4,1
5982.0,3000.0,1,0,0,1,63,12,3,1
28005.0,-5872.0,0,0,0,0,29,12,5,1
61125.0,-33880.0,0,0,0,0,27,16,2,1
7968.0,-800.0,0,0,0,0,38,7,4,1
11400.0,-1500.0,0,0,0,0,38,12,2,0
28554.0,1000.0,0,0,0,1,28,15,4,1
15330.0,500.0,0,0,0,0,34,10,1,0
6711.0,-3400.0,0,0,0,0,54,10,2,0
53010.0,-15900.0,0,0,0,0,45,16,4,1
45618.0,18430.0,1,0,0,1,48,14,4,1
12750.0,0.0,0,0,0,0,26,3,1,0
630.0,-6159.0,0,0,0,0,25,15,2,0
43866.0,72475.0,0,0,0,1,48,9,2,1
7293.0,-3420.0,0,0,0,0,31,12,1,0
34233.0,4400.0,0,0,0,0,32,15,4,1
25674.0,0.0,0,0,0,0,41,12,7,1
28377.0,-4918.0,0,0,0,1,42,12,4,1
32895.0,550.0,0,0,0,1,46,11,1,0
9600.0,0.0,0,0,0,0,39,12,5,1
13650.0,-451.0,0,0,0,1,28,12,5,1
37437.0,-8653.0,0,0,0,1,50,13,2,1
6903.0,300.0,0,0,0,0,42,5,2,0
36120.0,-6200.0,0,0,0,0,34,12,3,1
34806.0,23850.0,0,0,0,1,33,13,3,0
18573.0,-980.0,0,0,0,0,34,13,5,1
52020.0,1000.0,0,0,0,1,37,12,4,1
15615.0,757.0,0,0,0,0,26,16,1,0
37260.0,450.0,0,0,0,1,44,16,4,1
47046.0,5158.0,0,0,0,0,30,16,3,1
36621.0,-5008.0,0,0,0,1,40,6,5,1
37296.0,-2000.0,0,0,0,0,28,15,3,1
20199.0,0.0,0,0,0,0,46,8,1,0
11640.0,-3890.0,0,0,0,0,46,12,2,0
71988.0,-10000.0,1,0,0,0,46,18,1,1
52386.0,-3200.0,0,0,0,0,26,12,3,1
40608.0,2250.0,1,0,0,1,26,12,2,1
57159.0,287746.0,1,0,0,1,62,12,2,1
32595.0,1020.0,0,0,0,1,48,11,4,1
7140.0,0.0,0,0,0,0,43,12,3,0
8364.0,-800.0,0,0,0,0,27,10,1,0
9315.0,-2600.0,0,0,0,1,45,14,2,0
13509.0,-9600.0,0,0,0,1,34,11,3,1
15156.0,-181.0,0,0,0,0,37,12,4,0
18600.0,-1435.0,0,0,0,0,33,15,3,0
10215.0,3800.0,0,0,0,0,33,14,1,0
26193.0,54849.0,1,0,0,1,55,10,2,1
23760.0,-17000.0,0,0,0,0,52,13,1,0
17856.0,0.0,0,0,0,0,29,3,9,1
18156.0,0.0,0,0,0,0,27,12,4,1
51123.0,21200.0,0,0,0,0,39,12,2,1
50346.0,7300.0,0,0,0,1,31,12,4,1
5610.0,6.0,0,0,0,0,49,12,2,0
13026.0,-21250.0,0,0,0,0,25,18,1,0
51798.0,46992.0,1,0,0,1,37,15,3,1
34644.0,93970.0,1,0,0,1,45,8,3,1
22140.0,-1935.0,0,0,0,0,56,14,7,0
70905.0,1000.0,0,0,0,1,41,14,6,1
27729.0,-4880.0,0,0,0,1,31,6,6,1
26982.0,-8900.0,0,0,0,0,61,13,1,0
21000.0,-13144.0,0,0,0,0,44,18,7,0
11868.0,-900.0,0,0,0,1,45,5,3,0
13500.0,-59970.0,0,0,0,0,42,9,1,0
19371.0,0.0,0,0,0,0,46,6,6,1
20478.0,2000.0,0,0,0,0,38,12,3,0
6309.0,0.0,0,0,0,0,37,6,7,1
48615.0,-2600.0,0,0,0,1,41,15,4,0
7440.0,0.0,0,0,0,0,53,12,1,0
27336.0,-13486.0,0,0,0,1,53,6,6,1
32370.0,920.0,0,0,0,0,31,16,1,0
12483.0,55500.0,0,0,0,1,37,12,1,0
45780.0,-1250.0,0,0,0,1,32,14,3,1
15294.0,-6500.0,0,0,0,0,28,16,1,0
23787.0,1799.0,0,0,0,1,44,13,5,1
36435.0,1925.0,0,0,0,1,41,12,6,1
44418.0,2900.0,1,0,0,1,43,18,1,0
13242.0,-8827.0,0,0,0,1,32,12,3,1
55218.0,20300.0,1,0,0,1,53,13,2,1
30420.0,58190.0,1,0,0,1,49,16,3,0
19413.0,2804.0,1,0,0,1,42,12,3,0
15096.0,0.0,0,0,0,0,52,12,7,1
24297.0,19798.0,0,0,0,1,36,12,2,1
24120.0,-2100.0,0,0,0,0,25,12,1,0
5046.0,-4255.0,0,0,0,1,30,12,4,1
12132.0,0.0,0,0,0,1,39,12,4,1
31098.0,5249.0,0,0,0,0,30,16,1,0
23988.0,1003.0,0,0,0,0,40,14,2,0
56505.0,1050.0,0,0,0,1,40,14,4,1
13320.0,4550.0,0,0,0,0,26,18,1,0
31200.0,11999.0,1,0,0,1,35,12,1,0
43200.0,27400.0,1,0,0,1,44,18,1,0
32142.0,13139.0,1,0,0,1,42,14,5,1
21081.0,-10000.0,0,0,0,0,41,11,1,0
27684.0,1877.0,0,0,0,0,40,12,3,1
35400.0,2475.0,0,0,0,1,33,12,2,0
12792.0,-4001.0,0,0,0,1,57,16,1,0
44805.0,600.0,0,0,0,0,36,13,2,1
23595.0,-700.0,0,0,0,0,36,13,2,0
28464.0,3810.0,0,0,0,0,36,12,3,0
74217.0,23310.0,1,0,0,1,30,16,3,1
39579.0,12175.0,0,0,0,1,36,12,4,1
15876.0,13.0,0,0,0,1,34,6,8,1
27657.0,750.0,0,0,0,0,25,12,1,0
41031.0,2800.0,0,0,0,0,29,18,1,0
28716.0,-19175.0,0,0,0,0,30,15,4,1
30003.0,2049.0,1,0,0,1,38,13,4,1
39846.0,30.0,0,0,0,0,26,16,4,1
50439.0,9675.0,1,0,0,1,53,12,3,1
17760.0,0.0,0,0,0,0,33,6,11,1
70323.0,17265.0,1,0,0,1,28,17,2,1
40470.0,9998.0,0,0,0,1,33,14,3,1
34800.0,82500.0,1,0,0,1,58,18,1,0
43197.0,1400.0,0,0,0,1,45,14,3,1
9300.0,0.0,0,0,0,0,40,5,9,1
70602.0,9613.0,0,0,0,1,40,16,4,1
15513.0,-14800.0,0,0,0,0,44,15,4,1
31488.0,-200.0,0,0,0,0,26,16,2,1
85086.0,35400.0,1,0,0,1,42,12,4,1
26094.0,-1150.0,0,0,0,1,36,9,5,1
30438.0,58386.0,1,0,0,0,48,1,3,1
16380.0,420.0,0,0,0,1,32,11,5,1
17856.0,-15495.0,0,0,0,0,42,10,5,1
10464.0,0.0,0,0,0,0,33,11,1,0
21939.0,2425.0,0,0,0,0,31,18,1,0
9600.0,0.0,0,0,0,0,35,10,3,0
31698.0,-2970.0,0,0,0,0,25,17,1,0
52440.0,51299.0,1,0,0,0,46,13,3,1
67590.0,42000.0,1,0,0,0,32,18,4,1
31905.0,2150.0,1,0,0,1,48,12,2,1
100029.0,-250.0,0,0,0,1,34,13,5,1
42300.0,4999.0,0,0,0,1,44,13,1,0
39120.0,51.0,0,0,0,1,43,12,4,0
24678.0,-312.0,0,0,0,1,34,14,3,1
21552.0,500.0,0,0,0,1,55,11,8,1
11253.0,-1500.0,0,0,0,1,42,12,5,0
36639.0,11425.0,1,0,0,1,27,14,4,1
18000.0,800.0,0,0,0,1,30,15,4,0
21780.0,12000.0,0,0,0,1,62,14,2,1
26367.0,22498.0,1,0,0,1,43,16,2,0
19287.0,-500.0,0,0,0,0,35,12,3,0
34227.0,-13901.0,0,0,0,0,42,16,4,1
108870.0,37878.0,1,0,0,1,52,18,2,1
46500.0,110400.0,1,0,0,1,59,12,3,1
29724.0,-1700.0,0,0,0,1,58,12,3,1
31605.0,-1600.0,0,0,0,1,60,12,1,0
19560.0,-6500.0,0,0,0,0,44,17,1,0
15786.0,-1800.0,0,0,0,0,42,12,4,0
20070.0,-4000.0,0,0,0,0,52,8,2,1
22410.0,-601.0,0,0,0,1,46,12,3,0
15420.0,2650.0,0,0,0,0,58,12,2,1
8049.0,10.0,0,0,0,0,26,9,5,0
26391.0,7055.0,1,0,0,0,37,17,1,0
8160.0,0.0,0,0,0,1,38,6,4,1
11751.0,-112.0,0,0,0,0,52,12,1,0
80079.0,59115.0,1,0,0,1,46,16,3,1
3618.0,199.0,0,0,0,1,40,18,1,0
26520.0,0.0,0,0,0,0,25,11,4,0
46932.0,12200.0,1,0,0,1,53,1,4,1
28554.0,-800.0,0,0,0,0,33,12,3,1
83085.0,142500.0,1,0,0,1,46,18,2,0
11451.0,20248.0,0,0,0,1,50,12,3,1
14442.0,17704.0,0,0,0,1,60,14,4,1
32250.0,58100.0,1,0,0,1,45,14,2,0
2814.0,40872.0,0,0,0,1,32,15,1,0
42393.0,-1700.0,0,0,0,0,35,12,4,1
8700.0,500.0,0,0,0,1,35,12,2,0
9705.0,-3000.0,0,0,0,1,53,12,6,0
34965.0,-3800.0,0,0,0,1,44,17,3,0
113199.0,1317947.0,1,0,0,1,40,17,4,1
33687.0,33000.0,1,0,0,1,47,16,4,1
37776.0,5550.0,0,0,0,0,35,12,2,1
23004.0,-5590.0,0,0,0,0,42,12,4,1
41982.0,10500.0,0,0,0,1,38,14,4,0
54948.0,5000.0,0,0,0,1,32,17,4,1
31308.0,2000.0,0,0,0,0,27,12,1,0
18930.0,-4391.0,0,0,0,0,38,12,4,0
4038.0,426.0,0,0,0,1,60,8,1,0
39216.0,4000.0,1,0,0,1,55,16,3,0
30534.0,1371.0,0,0,0,1,34,12,2,1
32076.0,-14578.0,0,0,0,0,54,3,3,0
32817.0,6848.0,0,0,0,1,64,13,2,1
32940.0,5010.0,0,0,0,0,50,12,3,1
40320.0,-5300.0,0,0,0,1,54,12,6,1
7419.0,-600.0,0,0,0,0,47,6,1,0
17040.0,-100.0,0,0,0,0,32,12,4,1
18000.0,1200.0,0,0,0,0,37,12,4,0
54192.0,26000.0,1,0,0,1,61,14,2,1
62436.0,15000.0,0,0,0,1,34,18,1,0
26940.0,-7545.0,0,0,0,0,27,18,1,0
18450.0,9999.0,0,0,0,1,64,6,5,1
17919.0,-9500.0,0,0,0,0,26,12,4,1
16830.0,-3000.0,0,0,0,1,42,12,7,1
39174.0,0.0,0,0,0,0,63,11,1,0
47496.0,13900.0,1,0,0,1,47,13,3,1
35154.0,5155.0,1,0,0,1,36,12,2,1
38112.0,-6901.0,0,0,0,1,37,12,3,0
114300.0,35599.0,1,0,0,1,35,14,2,1
37650.0,6100.0,0,0,0,1,26,12,2,1
18927.0,-4900.0,0,0,0,0,38,12,2,0
57675.0,1099.0,0,0,0,1,36,14,2,0
51339.0,-11276.0,0,0,0,1,46,12,4,1
15600.0,-750.0,0,0,0,1,64,12,2,1
51879.0,72.0,0,0,0,1,29,16,3,1
17616.0,6650.0,1,0,0,0,64,12,1,0
179373.0,358400.0,1,0,0,1,61,12,2,1
17715.0,4050.0,0,0,0,1,31,13,1,0
14460.0,2000.0,0,0,0,1,58,12,2,1
41670.0,-250.0,0,0,0,1,47,10,6,1
17490.0,-4750.0,0,0,0,1,50,13,2,0
72069.0,-4609.0,0,0,0,0,36,15,4,1
21891.0,-11400.0,0,0,0,1,28,13,5,1
17631.0,4100.0,0,0,0,1,49,12,3,0
15000.0,0.0,0,0,0,1,60,10,3,1
18861.0,0.0,0,0,0,0,32,10,5,1
2160.0,0.0,0,0,0,0,31,12,5,1
8019.0,59.0,0,0,0,0,47,12,1,0
42291.0,3500.0,0,0,0,0,27,16,2,1
22182.0,2136.0,0,0,0,0,26,11,8,1
16344.0,0.0,0,0,0,1,38,12,4,1
29100.0,40548.0,0,0,0,1,60,11,2,1
41088.0,1970.0,0,0,0,1,39,18,5,1
12192.0,200.0,0,0,0,1,32,13,4,0
31086.0,-4300.0,0,0,0,0,30,12,4,1
20547.0,5430.0,1,0,0,1,55,12,2,0
32154.0,-296.0,0,0,0,0,27,13,3,1
5700.0,9999.0,0,0,0,0,25,15,2,0
7800.0,-75.0,0,0,0,0,33,17,3,0
112989.0,502000.0,1,0,0,1,48,16,4,1
10566.0,-710.0,0,0,0,1,37,11,6,1
54255.0,-651.0,0,0,0,0,45,17,4,1
28050.0,2300.0,1,0,0,1,41,16,4,0
19392.0,1080.0,0,0,0,1,49,13,3,1
77979.0,19000.0,1,0,0,1,56,12,2,1
8400.0,-700.0,0,0,0,0,31,12,4,0
15561.0,-501.0,0,0,0,0,45,12,2,0
32016.0,-100.0,0,0,0,1,26,12,3,1
43146.0,499.0,0,0,0,1,32,9,3,1
17760.0,-1150.0,0,0,0,1,37,12,4,1
103449.0,12434.0,1,0,0,1,61,18,2,1
15402.0,0.0,0,0,0,0,40,7,5,1
21216.0,0.0,0,0,0,0,39,11,1,0
48732.0,149601.0,1,0,0,1,53,12,2,1
47178.0,36699.0,1,0,0,1,47,14,5,1
33987.0,-2750.0,0,0,0,1,60,12,2,1
43173.0,5190.0,0,0,0,0,42,13,3,1
58428.0,-1200.0,0,0,0,1,33,12,4,1
21240.0,1792.0,0,0,0,1,47,14,1,0
7650.0,-1000.0,0,0,0,0,30,12,4,1
59946.0,138100.0,1,0,0,1,61,18,2,1
14280.0,0.0,0,0,0,0,49,12,1,0
47643.0,4599.0,1,0,0,1,37,12,3,1
14760.0,6649.0,0,0,0,1,61,15,2,0
31839.0,4600.0,1,0,0,1,34,18,2,1
47802.0,11700.0,0,0,0,0,33,14,6,1
10371.0,-1500.0,0,0,0,0,34,12,2,0
99153.0,80802.0,1,0,0,1,43,18,2,1
42054.0,-17710.0,0,0,0,1,38,14,4,1
7374.0,-2000.0,0,0,0,0,34,13,2,0
45600.0,24100.0,0,0,0,0,49,15,2,0
41130.0,-4757.0,0,0,0,1,33,14,3,1
25488.0,-14650.0,0,0,0,1,37,12,4,1
11256.0,-1500.0,0,0,0,0,30,13,1,0
13911.0,5.0,0,0,0,0,45,10,2,0
11202.0,0.0,0,0,0,0,41,9,2,0
51912.0,2204.0,0,0,0,1,33,12,3,1
21996.0,39000.0,1,0,0,1,47,12,2,0
43500.0,0.0,0,0,0,0,50,13,6,1
14892.0,-1750.0,0,0,0,1,29,14,2,1
29772.0,200.0,0,0,0,1,30,12,4,1
16020.0,-14000.0,0,0,0,1,29,10,4,1
10512.0,355.0,0,0,0,0,32,12,4,0
12360.0,6799.0,0,0,0,0,34,16,1,0
12240.0,645.0,0,0,0,0,43,12,3,0
25704.0,-369.0,0,0,0,1,49,13,1,0
4080.0,0.0,0,0,0,1,56,3,7,1
44511.0,-745.0,0,0,0,1,29,13,5,1
29715.0,1340.0,0,0,0,1,41,15,1,0
21915.0,7700.0,1,0,0,1,32,17,2,0
48027.0,1900.0,1,0,0,1,39,17,1,0
46221.0,-336789.0,1,0,0,1,55,12,3,1
26475.0,1100.0,0,0,0,0,26,16,1,0
28356.0,5.0,0,0,0,0,31,12,5,1
19140.0,-4968.0,0,0,0,0,29,12,2,0
39567.0,-5400.0,0,0,0,0,31,12,4,1
17685.0,-5800.0,0,0,0,0,45,12,1,0
21021.0,-1502.0,0,0,0,0,29,16,3,1
19548.0,3300.0,1,0,0,1,40,16,3,0
47652.0,-4827.0,0,0,0,0,26,14,2,1
31260.0,-7500.0,0,0,0,0,33,12,4,1
54000.0,1000.0,0,0,0,0,27,12,1,0
26952.0,-22065.0,0,0,0,1,48,13,6,1
9072.0,-500.0,0,0,0,1,54,10,1,0
8199.0,0.0,0,0,0,0,34,11,1,0
32376.0,400.0,0,0,0,1,56,12,2,1
74310.0,-5500.0,0,0,0,1,49,12,6,1
25761.0,6399.0,0,0,0,1,56,16,2,1
15360.0,-950.0,0,0,0,1,38,12,4,1
21660.0,6005.0,0,0,0,0,29,14,1,0
41154.0,340.0,0,0,0,1,49,12,4,1
40512.0,-790.0,0,0,0,0,49,12,3,1
13215.0,-1875.0,0,0,0,0,27,13,1,0
65172.0,12211.0,1,0,0,1,39,16,2,1
18909.0,169.0,0,0,0,0,27,12,2,0
17160.0,0.0,0,0,0,1,33,13,6,1
23100.0,-775.0,0,0,0,0,44,12,1,0
9780.0,0.0,0,0,0,0,32,12,1,1
5520.0,0.0,0,0,0,0,60,13,1,0
21600.0,2400.0,0,0,0,0,42,12,3,0
11244.0,4924.0,0,0,0,0,48,14,1,0
14976.0,3999.0,0,0,0,0,34,12,1,0
32043.0,100.0,0,0,0,0,47,14,1,0
51198.0,6850.0,0,0,0,1,40,14,2,1
15198.0,900.0,0,0,0,1,44,6,3,0
37080.0,800.0,0,0,0,1,48,12,4,1
42336.0,24320.0,0,0,0,0,31,14,5,1
21735.0,-4000.0,0,0,0,1,41,12,4,1
24375.0,-4500.0,0,0,0,1,39,12,3,0
40005.0,-24900.0,0,0,0,0,35,17,1,0
32427.0,100.0,0,0,0,0,37,12,2,1
15588.0,15575.0,0,0,0,1,59,9,1,0
34542.0,12000.0,0,0,0,1,55,12,4,1
33066.0,1700.0,0,0,0,0,40,8,4,1
36978.0,15149.0,0,0,0,1,63,14,1,0
87720.0,29319.0,1,0,0,1,47,12,2,1
26217.0,0.0,0,0,0,1,35,15,1,0
66360.0,-14201.0,0,0,0,0,50,18,4,1
12600.0,3900.0,0,0,0,1,55,8,3,0
29934.0,1849.0,0,0,0,0,28,14,2,1
28410.0,5241.0,0,0,0,0,34,15,2,0
12036.0,0.0,0,0,0,0,62,10,1,0
13509.0,-95.0,0,0,0,1,34,3,7,1
26016.0,51200.0,0,0,0,1,42,14,2,0
16095.0,300.0,0,0,0,0,26,12,3,1
37317.0,-2431.0,0,0,0,1,31,16,2,0
20430.0,499.0,0,0,0,0,30,13,1,0
8850.0,-3850.0,0,0,0,1,60,11,1,0
52185.0,-14361.0,0,0,0,1,31,16,4,1
28065.0,-1850.0,0,0,0,1,37,14,4,1
26832.0,-2500.0,0,0,0,1,57,12,2,1
16218.0,1000.0,0,0,0,0,40,16,1,0
5277.0,0.0,0,0,0,0,45,7,3,0
21348.0,1650.0,0,0,0,1,34,2,4,1
17700.0,-58901.0,0,0,0,1,26,14,2,1
17595.0,800.0,1,0,0,0,29,14,1,0
31395.0,7749.0,0,0,0,1,26,16,2,1
58680.0,17300.0,1,0,0,1,61,12,2,1
38850.0,5500.0,0,0,0,1,33,12,5,1
25971.0,-2719.0,0,0,0,1,27,14,3,1
45045.0,550.0,0,0,0,0,28,16,1,0
30540.0,-1000.0,0,0,0,1,38,11,4,1
60699.0,-1500.0,0,0,0,1,40,13,3,1
60396.0,26000.0,0,0,0,1,46,16,3,1
14415.0,8600.0,1,0,0,1,38,12,1,0
39957.0,-6072.0,0,0,0,1,30,12,4,1
64176.0,699.0,0,0,0,1,42,12,4,1
16407.0,-5951.0,0,0,0,1,47,11,2,1
35700.0,-5100.0,0,0,0,1,48,12,4,1
17940.0,634.0,0,0,0,0,32,12,1,0
7704.0,0.0,0,0,0,1,44,12,2,0
28572.0,-180.0,0,0,0,0,28,12,1,0
28980.0,3000.0,0,0,0,1,53,12,1,0
63207.0,-47500.0,0,0,0,1,42,12,5,1
26400.0,-7606.0,1,0,0,1,49,10,2,1
21720.0,6100.0,0,0,0,0,60,12,1,0
15300.0,448.0,0,0,0,0,30,12,1,0
15000.0,-90.0,0,0,0,1,50,13,4,0
9033.0,-2880.0,0,0,0,0,32,12,4,1
11799.0,18000.0,0,0,0,0,27,18,1,0
16827.0,9249.0,1,0,0,1,29,16,3,1
25290.0,3484.0,0,0,0,1,38,14,5,1
19512.0,75.0,0,0,0,0,42,14,1,0
51960.0,-5400.0,0,0,0,1,47,10,3,1
34386.0,100.0,0,0,0,1,36,12,4,1
26991.0,3300.0,1,0,0,1,34,13,4,1
41733.0,10300.0,1,0,0,1,35,12,5,1
11712.0,15000.0,0,0,0,0,45,12,4,0
36000.0,-1600.0,0,0,0,1,36,12,4,1
30219.0,1174.0,0,0,0,1,25,14,4,1
53658.0,50.0,0,0,0,0,38,14,3,1
27870.0,-3980.0,0,0,0,1,54,12,4,1
55524.0,14999.0,0,0,0,0,62,13,3,1
12954.0,-2364.0,0,0,0,1,46,12,5,0
14013.0,0.0,0,0,0,0,25,13,1,0
31824.0,-11000.0,0,0,0,1,28,12,5,1
22314.0,-2200.0,0,0,0,0,32,12,7,1
25995.0,-3248.0,0,0,0,0,27,12,5,1
50751.0,15000.0,1,0,0,1,33,16,4,1
20880.0,-5600.0,0,0,0,0,31,13,2,1
8286.0,0.0,0,0,0,0,27,12,1,0
32202.0,9400.0,0,0,0,0,31,11,3,1
37608.0,-18000.0,0,0,0,0,26,18,1,0
28755.0,-900.0,0,0,0,1,35,12,7,1
16968.0,-100.0,0,0,0,1,51,13,4,0
12960.0,-200.0,0,0,0,0,35,14,4,1
7704.0,4190.0,0,0,0,0,52,12,1,0
21078.0,5099.0,0,0,0,1,37,15,1,1
38061.0,-810.0,0,0,0,1,36,14,4,1
14400.0,0.0,0,0,0,0,31,12,1,0
86280.0,15800.0,0,0,0,0,32,12,4,1
36693.0,7049.0,0,0,0,1,30,12,4,1
19200.0,0.0,0,0,0,0,40,14,2,0
46800.0,-8400.0,0,0,0,0,31,16,3,1
31860.0,-4200.0,0,0,0,1,40,16,3,0
17850.0,200.0,0,0,0,1,37,12,4,1
28944.0,-3088.0,0,0,0,0,45,12,3,1
18900.0,-18000.0,0,0,0,0,40,9,6,1
38601.0,-4400.0,0,0,0,1,37,12,5,1
21090.0,19499.0,1,0,0,0,49,13,1,0
19800.0,300.0,0,0,0,0,27,12,1,0
28125.0,-4850.0,0,0,0,0,39,14,4,1
39339.0,-17051.0,1,0,0,1,64,12,2,1
16830.0,-7600.0,0,0,0,0,27,14,1,0
24708.0,7499.0,1,0,0,1,63,11,2,1
92598.0,84248.0,1,0,0,1,62,18,2,1
30456.0,11997.0,0,0,0,1,51,12,3,1
28443.0,-8900.0,0,0,0,0,30,16,1,0
9288.0,-1050.0,0,0,0,1,33,10,3,0
20400.0,0.0,0,0,0,0,33,12,1,0
22113.0,699.0,1,0,0,1,35,13,1,0
11376.0,-2996.0,0,0,0,1,33,12,3,0
17040.0,-275.0,0,0,0,1,27,12,3,1
8262.0,0.0,0,0,0,1,40,4,5,1
10560.0,-8550.0,0,0,0,1,30,12,5,1
32070.0,13400.0,1,0,0,0,26,16,2,1
52077.0,15500.0,1,0,0,1,39,12,5,1
41412.0,-20800.0,0,0,0,1,30,14,3,1
30174.0,0.0,0,0,0,0,64,18,1,0
17328.0,100.0,0,0,0,1,60,14,2,0
24672.0,1800.0,0,0,0,0,56,12,1,0
15735.0,442.0,1,0,0,1,27,16,1,0
49980.0,300.0,0,0,0,0,41,12,5,1
42801.0,3900.0,0,0,0,1,28,13,2,1
30513.0,650.0,0,0,0,1,61,11,2,1
21405.0,-8952.0,0,0,0,0,29,14,3,0
53847.0,99899.0,1,0,0,1,56,12,2,1
25422.0,-8770.0,0,0,0,1,30,12,4,1
18540.0,96.0,0,0,0,1,42,12,3,1
13278.0,-4001.0,0,0,0,1,38,12,4,0
42750.0,34450.0,0,0,0,1,31,12,2,1
65901.0,236331.0,1,0,0,1,50,15,4,1
26901.0,-21450.0,0,0,0,0,41,15,2,0
32640.0,0.0,0,0,0,0,55,13,3,1
7752.0,0.0,0,0,0,1,45,1,1,0
20310.0,17200.0,0,0,0,0,56,12,2,0
21672.0,2700.0,0,0,0,1,34,9,5,1
37431.0,-1025.0,0,1,0,0,39,12,4,1
18258.0,100.0,0,1,0,0,25,12,1,0
47946.0,977.0,0,1,0,1,43,12,3,1
99372.0,80020.0,1,1,1,1,46,12,5,1
24678.0,583.0,0,1,0,0,44,12,3,0
111282.0,215600.0,1,1,1,1,53,18,4,1
44730.0,5731.0,0,1,1,1,40,12,1,0
39609.0,48684.0,1,1,0,1,59,14,2,1
18540.0,964.0,0,1,1,0,37,12,5,0
54723.0,21948.0,0,1,1,1,57,14,2,1
104400.0,182500.0,1,1,1,1,50,18,3,1
37338.0,-18890.0,1,1,0,1,48,13,7,1
45762.0,-7061.0,0,1,1,1,50,12,4,1
60060.0,46987.0,0,1,1,1,64,12,2,1
34764.0,10960.0,1,1,1,1,42,18,3,0
38856.0,9675.0,0,1,1,1,39,12,4,1
37965.0,7600.0,0,1,1,0,51,12,4,1
20640.0,7000.0,0,1,0,1,30,12,4,1
36963.0,5696.0,0,1,1,1,33,14,1,0
24333.0,700.0,0,1,1,0,37,12,5,1
47655.0,8520.0,0,1,0,1,46,16,2,1
26895.0,3490.0,0,1,1,1,37,12,1,0
20796.0,60249.0,0,1,1,1,60,8,2,0
32412.0,-500.0,0,1,0,1,31,12,8,1
37026.0,19205.0,1,1,1,1,55,12,2,1
69537.0,1675.0,0,1,0,1,31,17,3,1
29544.0,-1000.0,0,1,0,1,43,12,4,1
93090.0,24250.0,1,1,1,1,37,13,4,1
21420.0,11055.0,0,1,1,1,48,12,3,0
25143.0,36000.0,0,1,1,1,56,13,3,0
50442.0,29800.0,1,1,1,1,34,17,1,0
32490.0,20600.0,0,1,1,0,61,10,3,0
90729.0,50299.0,1,1,1,1,32,18,2,1
42540.0,42600.0,1,1,1,0,28,18,1,0
35670.0,350.0,0,1,0,1,29,12,4,1
86472.0,75554.0,1,1,1,1,35,16,4,1
79269.0,-5825.0,0,1,0,0,34,16,2,1
64971.0,399.0,0,1,0,1,36,12,4,1
35772.0,-802.0,0,1,0,1,41,12,4,1
24114.0,-2910.0,0,1,1,0,50,11,6,1
37242.0,-11892.0,0,1,1,1,41,8,4,1
62652.0,34000.0,0,1,1,1,30,16,1,0
41991.0,34300.0,0,1,0,1,63,12,2,1
58026.0,3748.0,0,1,1,1,33,12,3,1
34770.0,18699.0,1,1,1,1,55,12,5,1
19506.0,-2250.0,0,1,1,0,31,14,3,0
29466.0,123639.0,1,1,1,1,43,18,2,0
29838.0,200.0,0,1,1,1,45,8,4,1
29070.0,0.0,0,1,0,1,42,1,2,0
31017.0,73999.0,1,1,1,1,61,12,1,0
39780.0,105151.0,1,1,1,0,41,12,2,1
35718.0,-4000.0,0,1,1,0,40,12,2,1
52632.0,22440.0,1,1,1,1,57,12,2,1
27615.0,-4400.0,0,1,1,0,25,14,1,0
58275.0,20050.0,1,1,1,1,31,15,1,0
53004.0,37750.0,1,1,1,1,57,18,1,0
29580.0,550.0,0,1,0,1,26,16,1,0
42417.0,123365.0,1,1,1,1,56,8,3,1
24450.0,15.0,0,1,0,0,49,13,1,0
100302.0,-21901.0,0,1,1,1,30,18,1,0
15780.0,-55.0,0,1,0,0,36,12,2,0
60600.0,24000.0,0,1,1,0,29,16,1,0
28764.0,-7600.0,0,1,1,0,28,16,1,0
23790.0,10381.0,0,1,1,1,38,12,5,1
103431.0,102799.0,1,1,1,1,64,12,2,1
42222.0,-3780.0,0,1,0,1,26,18,2,1
5379.0,1000.0,0,1,1,0,43,11,1,0
22695.0,-19000.0,0,1,0,0,26,16,1,0
46026.0,-27700.0,1,1,0,1,40,12,3,1
53172.0,15200.0,0,1,1,1,29,18,3,1
58176.0,130229.0,0,1,0,1,50,12,2,1
109587.0,17519.0,1,1,0,1,41,14,5,1
64545.0,322000.0,1,1,0,1,62,18,1,0
42816.0,37920.0,0,1,1,1,33,13,4,1
112500.0,26874.0,1,1,1,1,32,14,2,1
21276.0,-30000.0,0,1,0,1,62,9,2,1
35718.0,8345.0,0,1,1,1,38,12,3,1
22872.0,4325.0,0,1,1,0,32,15,1,0
53700.0,13034.0,0,1,1,1,51,12,4,1
30000.0,50.0,0,1,0,1,59,12,3,1
57480.0,31848.0,1,1,1,1,38,16,4,1
36864.0,-4602.0,1,1,0,1,59,12,2,1
27900.0,-190.0,0,1,0,1,46,16,1,0
21921.0,-5550.0,0,1,1,1,27,10,4,1
19878.0,7989.0,0,1,1,0,58,14,3,1
45798.0,31230.0,1,1,1,1,43,18,4,1
24603.0,-750.0,0,1,0,0,27,12,2,1
57306.0,-32500.0,0,1,0,1,44,13,1,0
30129.0,400.0,0,1,1,0,28,12,1,0
9435.0,-30480.0,0,1,0,0,51,16,3,0
76941.0,42050.0,1,1,0,0,38,15,4,1
34743.0,36500.0,1,1,1,1,56,12,4,1
47001.0,3038.0,1,1,1,1,30,16,2,1
44175.0,1449.0,0,1,1,0,36,12,3,1
17520.0,115.0,0,1,0,0,32,14,5,1
43275.0,18800.0,0,1,1,1,27,18,3,1
64944.0,19689.0,0,1,0,1,30,12,4,1
27600.0,2859.0,1,1,1,1,35,12,3,1
59757.0,36540.0,0,1,1,1,43,14,2,1
29391.0,-4408.0,0,1,0,1,38,12,1,0
41526.0,-1500.0,0,1,0,0,35,12,2,1
51981.0,2425.0,0,1,0,1,41,12,4,1
36411.0,-26670.0,0,1,1,1,34,18,2,0
66303.0,27000.0,1,1,1,1,37,12,4,1
23112.0,100.0,0,1,0,0,30,12,3,1
116001.0,97300.0,1,1,1,1,47,15,3,1
27600.0,5100.0,0,1,1,1,35,16,1,0
31098.0,5335.0,0,1,1,1,54,12,2,1
24630.0,3020.0,0,1,1,1,43,12,2,1
23235.0,800.0,0,1,0,0,31,14,1,0
66018.0,11000.0,0,1,1,1,54,14,2,1
44154.0,37049.0,1,1,1,1,46,12,3,1
86292.0,96498.0,0,1,0,1,40,16,4,1
23730.0,-3015.0,0,1,0,1,33,12,4,1
98712.0,250863.0,0,1,0,1,63,16,3,1
21729.0,-19280.0,0,1,0,0,27,12,1,0
20898.0,17047.0,0,1,1,0,55,14,1,0
42780.0,30200.0,0,1,1,0,50,12,1,0
39240.0,13374.0,0,1,0,1,50,9,3,1
28896.0,22499.0,0,1,1,1,53,9,3,1
31635.0,-10550.0,0,1,0,1,25,12,3,1
46659.0,54000.0,1,1,1,1,42,17,1,0
20853.0,-8440.0,0,1,0,1,31,13,1,0
39162.0,-9893.0,0,1,0,0,41,16,1,0
36234.0,42558.0,0,1,1,0,35,16,1,0
26880.0,3700.0,0,1,1,0,44,13,1,0
82068.0,10200.0,0,1,1,1,27,16,2,1
115527.0,14538.0,1,1,0,1,48,15,3,1
38208.0,7500.0,1,1,1,1,37,12,4,1
59100.0,7100.0,1,1,0,1,26,16,1,0
40125.0,7286.0,0,1,1,1,53,12,2,1
17364.0,-37504.0,0,1,1,0,27,12,2,1
49704.0,-16351.0,0,1,1,1,38,12,4,1
24996.0,1400.0,0,1,0,0,44,12,1,0
38136.0,39410.0,0,1,1,1,36,12,4,1
25707.0,7050.0,1,1,1,0,41,16,1,0
38400.0,5300.0,0,1,1,1,38,18,4,1
25059.0,4000.0,0,1,1,1,29,8,7,1
36417.0,50300.0,1,1,1,1,37,12,5,1
18315.0,4900.0,0,1,1,0,29,12,1,0
40362.0,16255.0,0,1,1,1,38,16,4,1
102630.0,79900.0,1,1,1,1,47,16,4,1
32439.0,-1122.0,1,1,0,1,42,13,1,0
81216.0,45423.0,0,1,1,1,40,12,4,1
33630.0,7000.0,0,1,1,0,25,16,1,0
44130.0,5780.0,0,1,1,0,36,12,1,0
76581.0,81000.0,1,1,1,1,43,12,3,1
33636.0,49370.0,0,1,0,0,43,18,2,0
50520.0,-1111.0,0,1,0,1,31,13,3,1
60282.0,43300.0,1,1,1,1,53,13,3,1
32973.0,13400.0,0,1,1,0,45,17,1,0
59667.0,61000.0,0,1,1,1,32,18,2,1
67428.0,-5687.0,1,1,0,1,44,18,4,1
102705.0,56600.0,0,1,1,1,35,16,2,1
25542.0,83199.0,1,1,1,1,60,18,3,1
68760.0,25700.0,0,1,1,1,54,13,5,1
58182.0,14709.0,0,1,1,1,42,16,4,1
32226.0,6299.0,0,1,1,0,34,12,3,0
32973.0,3728.0,0,1,1,1,52,12,1,0
37194.0,1252.0,0,1,1,0,25,16,1,0
61044.0,16749.0,1,1,1,1,46,12,2,1
58611.0,49750.0,0,1,1,1,46,12,4,1
20130.0,1680.0,0,1,1,1,33,14,3,0
13596.0,54249.0,1,1,1,1,61,13,2,1
23976.0,5160.0,0,1,1,1,49,12,2,0
61407.0,-600.0,0,1,0,0,53,16,4,0
29958.0,2300.0,0,1,0,0,30,16,1,0
27000.0,49043.0,1,1,0,1,64,16,1,0
38640.0,8190.0,0,1,1,0,27,16,2,1
28050.0,0.0,0,1,0,0,39,12,5,1
46857.0,46150.0,1,1,1,1,43,16,3,1
69009.0,37857.0,1,1,1,0,39,14,1,0
64038.0,11669.0,0,1,1,1,31,16,2,1
27033.0,1250.0,0,1,0,1,33,12,4,1
30015.0,48200.0,0,1,1,0,27,17,1,0
46665.0,21019.0,1,1,1,1,32,15,2,1
33471.0,7349.0,0,1,1,1,58,10,3,1
26718.0,11900.0,1,1,1,1,42,18,1,0
27840.0,-365.0,0,1,1,0,35,14,2,0
45600.0,-3240.0,0,1,1,1,34,13,5,1
45285.0,15999.0,1,1,0,1,58,11,2,1
49560.0,-1960.0,0,1,0,1,38,16,4,1
58848.0,281100.0,0,1,0,1,62,12,2,1
26136.0,13400.0,0,1,1,1,36,12,5,1
31833.0,5800.0,1,1,0,1,44,16,2,0
41298.0,50.0,0,1,0,1,44,17,4,1
73308.0,105150.0,1,1,1,1,33,12,3,1
49776.0,-3760.0,0,1,1,1,33,12,3,1
54594.0,13470.0,0,1,1,1,30,18,1,0
37374.0,72970.0,0,1,1,1,63,12,2,1
30432.0,37099.0,1,1,1,1,64,16,1,0
24945.0,2850.0,0,1,1,1,38,12,1,0
27231.0,-1900.0,0,1,0,0,42,13,1,0
37962.0,17269.0,1,1,0,1,47,12,3,1
32253.0,55999.0,0,1,1,0,39,18,1,0
45624.0,275.0,1,1,1,1,33,12,5,1
20208.0,39323.0,1,1,0,1,56,12,2,1
75603.0,5518.0,0,1,0,1,35,16,4,1
38922.0,-5702.0,0,1,0,0,40,14,3,1
139854.0,102705.0,1,1,1,1,54,12,2,1
11430.0,-36.0,0,1,0,1,45,10,4,1
31719.0,15000.0,1,1,0,0,46,18,3,0
14643.0,9298.0,0,1,0,1,30,16,1,0
66036.0,23000.0,1,1,1,1,38,18,2,1
23640.0,-1052.0,0,1,1,0,52,16,2,0
28716.0,19304.0,0,1,1,1,43,17,2,0
63678.0,20800.0,0,1,1,1,40,12,3,1
75402.0,5315.0,0,1,1,1,40,12,2,1
73341.0,2167.0,0,1,1,1,42,12,4,1
43026.0,6100.0,0,1,1,1,31,15,3,0
63363.0,34849.0,1,1,1,1,51,18,3,1
45753.0,17419.0,1,1,0,1,49,14,4,1
86442.0,19299.0,1,1,1,1,61,18,2,1
69318.0,401936.0,1,1,0,1,54,12,3,1
36243.0,30626.0,1,1,1,1,38,16,6,1
21672.0,18224.0,0,1,1,1,43,12,4,1
68661.0,-4711.0,0,1,0,1,40,16,5,1
104232.0,21099.0,0,1,1,1,43,13,4,1
45693.0,18576.0,1,1,1,0,40,16,2,1
48162.0,-4150.0,0,1,0,0,28,12,3,1
106896.0,93000.0,1,1,1,1,52,12,6,1
27390.0,10700.0,0,1,1,1,54,12,6,1
69693.0,-1863.0,0,1,1,1,43,12,4,1
30438.0,300.0,0,1,0,1,33,14,4,1
62763.0,96200.0,1,1,0,1,39,16,2,1
47919.0,1309.0,0,1,0,1,53,12,3,1
91209.0,82665.0,1,1,1,1,34,12,2,1
52410.0,152290.0,1,1,1,1,51,16,1,0
34275.0,44364.0,1,1,0,1,48,12,6,1
34470.0,27798.0,0,1,1,1,50,13,5,1
90978.0,94571.0,1,1,1,1,55,13,3,1
76527.0,-1465.0,0,1,0,1,42,18,4,1
52944.0,0.0,0,1,1,0,29,16,2,1
25257.0,3950.0,1,1,1,0,53,12,6,0
33690.0,-16000.0,0,1,0,0,50,12,1,0
24000.0,-11000.0,0,1,0,0,42,16,2,1
46890.0,43500.0,1,1,1,1,44,12,4,1
44658.0,68943.0,1,1,1,1,51,12,3,1
94530.0,-500.0,0,1,0,1,37,16,3,1
25533.0,-13115.0,0,1,0,0,30,14,6,1
23409.0,19800.0,1,1,1,1,36,12,2,0
18789.0,2200.0,0,1,1,1,32,13,1,0
44976.0,10650.0,1,1,1,0,28,17,2,1
101190.0,5696.0,0,1,1,1,56,13,3,1
18939.0,-4950.0,0,1,1,1,44,1,2,0
45486.0,16050.0,0,1,1,1,46,14,1,0
36474.0,11638.0,0,1,0,0,27,14,4,1
51960.0,-900.0,0,1,0,1,40,14,4,1
92046.0,234200.0,1,1,1,1,54,12,3,1
27948.0,9687.0,1,1,1,0,42,16,2,0
31902.0,15000.0,0,1,1,0,34,15,2,0
104169.0,55471.0,1,1,1,1,41,17,4,1
64815.0,16750.0,0,1,1,1,36,16,3,1
140130.0,105000.0,1,1,1,1,61,1,2,1
76896.0,4799.0,0,1,1,1,49,16,4,1
72957.0,8849.0,0,1,1,1,31,16,2,1
40062.0,-1200.0,0,1,1,1,34,18,3,1
23700.0,13200.0,0,1,1,0,53,12,2,1
28713.0,-29100.0,0,1,1,1,48,12,5,1
70101.0,-17674.0,0,1,0,1,47,13,4,1
49257.0,135900.0,1,1,1,1,63,16,5,1
20898.0,-4100.0,0,1,1,0,42,12,1,0
69327.0,35000.0,0,1,0,0,32,16,1,0
100530.0,242000.0,1,1,1,1,47,12,4,1
76866.0,3500.0,0,1,0,1,40,16,4,1
13275.0,6420.0,0,1,1,1,58,12,2,1
72900.0,2600.0,0,1,1,1,36,15,3,1
39351.0,4000.0,1,1,1,1,41,12,5,1
107559.0,14599.0,0,1,0,1,49,14,4,1
34359.0,1249.0,1,1,1,0,37,12,2,1
51648.0,40056.0,1,1,1,1,42,12,4,1
54816.0,36725.0,1,1,1,1,40,12,4,1
25731.0,3200.0,0,1,0,0,35,12,3,0
85200.0,53000.0,1,1,0,1,60,12,2,1
27096.0,1960.0,0,1,0,1,29,12,5,1
50781.0,28457.0,0,1,1,1,48,13,3,1
37815.0,-1436.0,0,1,1,0,27,12,4,1
24312.0,-3600.0,0,1,0,1,37,15,3,1
10800.0,2500.0,0,1,1,1,51,9,1,0
59397.0,80548.0,1,1,1,1,38,12,4,1
50064.0,8500.0,1,1,0,1,41,18,5,1
64137.0,2080.0,0,1,1,1,28,12,4,1
29100.0,29600.0,1,1,0,1,45,15,1,0
65529.0,10800.0,1,1,1,1,33,14,5,1
49839.0,900.0,0,1,1,1,59,12,3,1
7650.0,320.0,0,1,1,0,55,10,1,0
51489.0,28405.0,0,1,1,1,59,18,3,1
43050.0,6999.0,0,1,1,0,37,14,5,1
69636.0,90149.0,0,1,1,1,36,12,4,1
60.0,2099.0,0,1,1,1,31,16,1,0
16521.0,15248.0,1,1,1,1,50,13,1,0
85968.0,130700.0,1,1,1,1,47,14,3,1
22521.0,9000.0,1,1,1,1,35,12,2,0
23415.0,14238.0,0,1,1,1,45,13,1,0
21420.0,-225.0,0,1,1,0,29,15,3,1
16182.0,84649.0,0,1,1,0,45,12,1,0
20943.0,11009.0,0,1,1,0,45,12,2,0
98034.0,32290.0,1,1,1,1,48,18,4,1
35358.0,6700.0,0,1,0,0,35,16,1,0
86400.0,45100.0,1,1,0,1,43,16,4,1
40260.0,83000.0,0,1,1,1,32,16,1,0
33960.0,10200.0,0,1,1,0,36,4,13,1
30897.0,-8690.0,0,1,1,0,28,18,2,0
26940.0,12700.0,0,1,0,1,57,12,3,1
51816.0,67999.0,1,1,1,1,43,12,3,1
31842.0,3000.0,0,1,1,1,29,18,1,0
43854.0,58019.0,0,1,1,1,47,18,2,0
125766.0,165065.0,1,1,1,1,50,18,2,1
78654.0,63499.0,1,1,0,1,46,16,4,1
44373.0,55694.0,1,1,1,0,58,18,1,0
36984.0,15100.0,0,1,1,1,37,12,5,1
17400.0,3850.0,0,1,0,0,29,14,2,0
41100.0,5552.0,0,1,1,1,45,15,2,1
64104.0,51200.0,0,1,1,1,36,16,5,1
66396.0,38900.0,1,1,1,1,46,16,4,1
48327.0,4149.0,0,1,0,1,38,15,5,1
38205.0,1000.0,0,1,1,1,43,16,2,0
15300.0,-3400.0,0,1,1,1,48,16,1,0
44040.0,7300.0,1,1,0,1,30,18,2,1
40290.0,2930.0,0,1,0,1,38,12,4,1
43179.0,64954.0,1,1,1,1,45,18,1,0
69786.0,50000.0,1,1,1,1,51,16,3,0
23451.0,506.0,0,1,0,0,42,16,1,0
14805.0,0.0,0,1,0,1,35,13,1,0
77133.0,3950.0,0,1,1,1,29,14,2,1
53109.0,-4800.0,0,1,0,1,32,14,2,1
32616.0,0.0,0,1,0,1,62,12,3,1
25647.0,-6000.0,0,1,0,0,39,16,1,0
80265.0,9100.0,1,1,0,1,51,12,1,0
17562.0,350.0,0,1,1,1,47,14,1,0
10386.0,3000.0,0,1,0,0,36,16,1,0
51717.0,28209.0,0,1,0,1,44,12,1,0
99597.0,23050.0,1,1,1,1,46,16,3,1
106782.0,23300.0,1,1,1,1,34,18,3,1
44100.0,23000.0,0,1,1,1,27,16,1,0
45621.0,2214.0,0,1,1,0,28,12,4,1
27786.0,-1.0,0,1,0,1,41,16,3,1
102396.0,72000.0,1,1,1,1,38,16,1,0
53100.0,6200.0,0,1,1,1,34,16,4,1
56784.0,-25402.0,0,1,0,1,37,14,3,1
32073.0,-9358.0,0,1,0,1,52,12,5,1
29604.0,1700.0,0,1,0,1,43,14,1,0
64449.0,241045.0,1,1,1,1,46,17,5,1
47616.0,11000.0,0,1,1,1,38,18,3,0
49572.0,-8950.0,0,1,0,0,29,16,2,1
72150.0,-87501.0,0,1,0,1,58,14,2,1
66405.0,41297.0,0,1,0,1,47,16,4,1
35310.0,-7500.0,1,1,0,1,46,13,4,0
17214.0,12048.0,0,1,1,0,48,11,1,0
34047.0,25293.0,0,1,1,1,49,12,3,1
105156.0,35300.0,1,1,1,1,43,16,3,1
35175.0,-117.0,0,1,0,1,37,9,5,1
20796.0,-40.0,0,1,0,1,46,11,4,1
36720.0,6000.0,0,1,1,1,30,8,3,1
43890.0,5473.0,1,1,0,1,34,17,6,1
19500.0,8700.0,0,1,1,0,44,15,2,0
37800.0,11255.0,0,1,1,0,38,12,4,0
23415.0,15348.0,1,1,0,1,56,16,3,1
32100.0,18799.0,0,1,1,1,57,12,2,1
35304.0,141125.0,0,1,0,1,46,12,4,1
36630.0,-9165.0,1,1,0,1,49,14,4,1
29784.0,2000.0,0,1,1,1,50,7,4,1
71118.0,11887.0,1,1,1,1,45,13,12,1
42597.0,10666.0,1,1,1,1,38,13,4,1
32100.0,-900.0,0,1,0,0,42,13,1,0
69156.0,46931.0,0,1,0,1,44,12,3,1
22650.0,-5325.0,0,1,0,0,48,12,2,0
51780.0,73400.0,0,1,1,1,34,14,4,1
31131.0,5000.0,0,1,1,1,56,12,3,1
58056.0,36309.0,0,1,1,1,60,12,3,1
110820.0,-11945.0,0,1,0,1,43,14,4,1
100041.0,-2000.0,0,1,1,1,52,16,4,1
66588.0,21000.0,0,1,0,1,41,15,2,1
20652.0,-290.0,0,1,0,0,44,13,2,0
26268.0,52568.0,0,1,1,1,38,12,3,0
132009.0,161843.0,1,1,1,1,48,18,2,1
60600.0,9399.0,0,1,0,1,44,16,3,0
75687.0,62769.0,0,1,1,1,46,12,3,1
75249.0,34700.0,0,1,1,1,42,16,5,1
87663.0,-4700.0,0,1,0,1,55,14,4,1
61800.0,53800.0,1,1,1,1,45,18,4,1
74625.0,21135.0,0,1,0,1,46,15,4,1
45273.0,-7300.0,0,1,0,1,42,15,4,1
44205.0,3700.0,1,1,0,0,35,17,1,0
63045.0,78600.0,1,1,1,1,57,12,2,1
72678.0,49500.0,0,1,1,1,33,17,3,1
51051.0,62000.0,0,1,1,1,55,12,2,1
40440.0,14900.0,0,1,0,0,40,16,1,0
17280.0,61475.0,0,1,1,1,47,15,2,0
25128.0,-4400.0,0,1,0,0,52,12,4,1
22830.0,3125.0,0,1,1,1,44,12,1,0
31059.0,9249.0,1,1,0,1,62,12,2,1
45786.0,-2090.0,0,1,1,1,38,12,4,1
31215.0,-7500.0,0,1,0,0,25,17,1,0
98292.0,351620.0,1,1,1,1,42,12,4,1
52245.0,12549.0,0,1,1,1,56,12,2,1
28539.0,1953.0,0,1,1,1,45,12,3,1
24927.0,-500.0,0,1,1,0,40,16,4,1
42510.0,-10000.0,0,1,1,0,31,18,2,1
48522.0,35850.0,1,1,1,1,31,16,4,1
30000.0,14000.0,0,1,1,0,33,14,1,0
42975.0,37144.0,0,1,1,1,37,15,4,1
7296.0,-837.0,0,1,1,0,49,12,3,0
33435.0,4700.0,0,1,0,0,30,12,4,1
8415.0,-739.0,0,1,1,1,33,12,3,0
97494.0,118500.0,1,1,1,1,42,16,2,1
32160.0,-5000.0,0,1,1,1,28,11,5,1
31878.0,-3490.0,0,1,1,0,39,13,5,1
75573.0,50550.0,1,1,1,1,42,18,3,1
19464.0,62699.0,1,1,1,1,64,12,2,1
51099.0,27170.0,0,1,0,1,62,10,2,1
91776.0,12000.0,0,1,1,1,42,14,5,1
22902.0,61749.0,1,1,1,1,51,16,1,0
13248.0,1216.0,0,1,1,0,43,11,1,0
15318.0,249.0,0,1,0,1,50,13,4,1
57441.0,18487.0,0,1,1,1,28,16,1,0
34032.0,23500.0,1,1,1,1,37,16,1,0
68889.0,44599.0,1,1,0,1,61,12,2,1
119196.0,36000.0,1,1,0,1,46,12,4,1
55020.0,44275.0,1,1,1,1,59,6,3,1
52923.0,-9000.0,0,1,0,1,30,18,1,0
36612.0,-900.0,0,1,0,1,43,14,2,1
36486.0,22700.0,0,1,1,1,30,9,5,1
18177.0,7121.0,0,1,1,1,49,10,2,0
31950.0,-1900.0,0,1,1,1,39,14,5,1
22881.0,-66.0,0,1,1,0,32,15,4,0
45168.0,1000.0,0,1,0,0,36,14,1,0
106068.0,26500.0,0,1,1,1,37,16,2,1
35982.0,87920.0,1,1,1,1,38,16,4,1
32418.0,499.0,0,1,0,0,42,13,1,0
37098.0,3000.0,0,1,1,1,51,12,4,1
32805.0,35199.0,0,1,1,1,50,12,6,1
69726.0,94900.0,1,1,1,1,52,13,2,1
33819.0,1500.0,0,1,0,1,47,12,3,1
18837.0,749.0,0,1,0,0,35,11,1,0
111978.0,96600.0,1,1,1,1,42,18,4,1
38460.0,6520.0,0,1,1,1,52,14,3,1
31890.0,8174.0,0,1,1,1,47,7,4,1
24300.0,1000.0,0,1,0,1,41,12,1,0
44400.0,450.0,0,1,1,0,27,12,3,1
30918.0,750.0,0,1,1,1,31,12,4,1
84504.0,-9087.0,0,1,0,1,38,18,3,1
69783.0,23300.0,0,1,1,1,36,16,3,1
31983.0,2080.0,0,1,1,1,34,13,4,1
50157.0,-1260.0,0,1,1,1,46,12,3,1
28407.0,5709.0,0,1,1,0,35,11,4,1
25749.0,-480.0,0,1,0,1,28,12,4,1
20724.0,12575.0,0,1,1,1,43,16,1,0
107802.0,117699.0,1,1,1,1,50,12,2,1
58500.0,100700.0,1,1,1,1,52,16,3,1
59616.0,-18866.0,0,1,0,0,45,16,2,0
24210.0,-975.0,0,1,0,1,38,5,6,1
23952.0,79825.0,1,1,1,1,63,8,2,1
46467.0,4600.0,0,1,1,1,36,12,3,1
31350.0,30740.0,1,1,1,1,53,12,1,0
24315.0,-5184.0,0,1,0,1,32,16,3,1
57030.0,30425.0,1,1,1,1,38,16,4,1
33714.0,-8000.0,0,1,0,0,40,12,3,1
40980.0,6450.0,0,1,0,1,39,18,1,0
45948.0,87775.0,1,1,1,1,38,17,1,0
39582.0,9388.0,0,1,1,1,26,13,2,1
64983.0,7652.0,0,1,1,1,35,13,5,1
54060.0,8699.0,0,1,0,1,44,12,7,1
44925.0,6199.0,1,1,1,1,28,14,2,1
37980.0,166999.0,0,1,1,0,51,13,2,0
68130.0,14300.0,0,1,1,1,41,12,4,1
42270.0,51315.0,0,1,1,1,52,12,4,1
27048.0,1243.0,0,1,0,1,43,12,4,1
146076.0,120248.0,1,1,1,1,33,16,2,1
57372.0,13000.0,0,1,0,1,34,12,6,1
66852.0,10901.0,0,1,1,1,42,12,3,1
20520.0,-2290.0,1,1,1,1,53,13,2,0
16995.0,0.0,0,1,0,0,40,12,3,0
65049.0,9300.0,1,1,1,1,25,13,2,1
101856.0,130238.0,1,1,1,1,43,16,4,1
65262.0,39650.0,1,1,1,1,42,12,4,1
45819.0,39627.0,1,1,1,1,39,14,4,1
57063.0,138999.0,1,1,1,1,54,12,4,1
21792.0,-6132.0,0,1,1,1,50,14,3,1
44133.0,56698.0,1,1,0,1,42,18,4,1
25488.0,-11261.0,0,1,0,0,30,14,4,1
19167.0,7580.0,0,1,0,1,49,15,1,0
64011.0,11749.0,1,1,0,1,47,18,3,1
39900.0,11000.0,0,1,0,0,27,18,1,0
66453.0,100000.0,0,1,0,1,62,12,2,1
29523.0,-1894.0,0,1,0,1,37,13,4,1
57441.0,-11150.0,1,1,1,1,32,18,3,1
35331.0,11730.0,0,1,1,0,43,8,3,1
65556.0,9145.0,0,1,1,1,34,13,4,1
33717.0,25449.0,1,1,1,1,56,12,2,1
44361.0,0.0,0,1,0,1,62,12,1,0
39378.0,10500.0,0,1,1,1,55,12,2,1
50484.0,8600.0,0,1,0,0,36,14,4,1
36972.0,11600.0,0,1,1,0,26,17,1,0
61158.0,295136.0,1,1,1,1,50,14,2,1
24390.0,3150.0,0,1,0,1,31,14,1,0
31908.0,46729.0,0,1,1,1,47,17,3,0
39396.0,16201.0,0,1,1,1,29,18,1,0
43950.0,-3120.0,0,1,0,1,31,15,4,1
60303.0,53450.0,0,1,1,1,35,16,4,1
27657.0,2020.0,0,1,0,0,27,14,1,0
76680.0,6330.0,0,1,1,1,48,18,1,0
50070.0,2750.0,0,1,1,1,37,12,4,1
84279.0,73149.0,1,1,1,0,54,18,2,1
62691.0,36068.0,0,1,0,1,46,16,4,1
23850.0,2090.0,0,1,0,1,43,12,1,0
66945.0,6950.0,0,1,1,1,54,18,3,1
28374.0,420.0,0,1,1,0,32,16,2,1
104373.0,15450.0,0,1,1,1,26,16,2,1
28125.0,56800.0,1,1,1,1,44,11,4,1
19176.0,0.0,0,1,0,1,45,12,4,1
16848.0,-950.0,0,1,1,0,32,12,1,0
31971.0,-1801.0,0,1,0,1,31,12,4,1
91761.0,-3450.0,0,1,0,0,35,12,4,1
96000.0,89000.0,1,1,1,1,49,12,2,1
56154.0,26000.0,1,1,0,1,43,18,5,1
30078.0,-17531.0,0,1,1,1,52,4,2,1
75939.0,154200.0,1,1,0,1,47,18,4,1
27711.0,-3029.0,0,1,1,0,52,12,4,1
55242.0,13370.0,1,1,0,1,30,14,3,1
27693.0,-15900.0,0,1,1,0,26,16,1,0
31068.0,272.0,0,1,1,0,27,12,4,1
63222.0,36728.0,1,1,1,1,44,12,2,1
34962.0,2899.0,0,1,0,1,36,12,5,1
49881.0,43756.0,1,1,1,1,54,15,5,1
69987.0,475632.0,0,1,0,1,51,14,3,0
16800.0,45000.0,0,1,1,1,61,12,4,0
54339.0,4944.0,0,1,1,1,27,16,2,1
91902.0,23500.0,1,1,1,1,41,18,5,1
62616.0,6150.0,0,1,0,1,34,16,4,1
53844.0,4730.0,1,1,0,1,44,12,4,1
41517.0,9940.0,1,1,1,0,28,14,2,1
47730.0,-38171.0,0,1,0,0,26,12,4,1
92904.0,22300.0,0,1,1,0,30,16,2,1
26031.0,500.0,0,1,0,0,49,12,2,0
15165.0,0.0,0,1,0,0,33,12,1,0
13824.0,-3143.0,0,1,1,1,36,12,6,1
58050.0,4600.0,0,1,1,0,25,16,2,1
27117.0,1961.0,0,1,1,1,40,12,4,1
63786.0,197750.0,1,1,1,1,62,12,4,1
102762.0,61800.0,1,1,1,1,40,6,2,1
48528.0,3220.0,0,1,0,1,46,12,3,1
17385.0,-6347.0,0,1,1,1,36,11,3,0
49368.0,0.0,0,1,0,0,38,16,2,0
86700.0,11200.0,0,1,1,1,34,16,4,1
30294.0,-300.0,0,1,1,1,56,11,6,0
11703.0,-1000.0,0,1,1,1,51,11,6,0
45600.0,8884.0,0,1,1,1,48,13,3,1
38160.0,-24557.0,0,1,0,0,26,16,4,1
22008.0,0.0,0,1,0,0,40,12,4,1
65844.0,6599.0,1,1,0,1,40,17,3,1
62136.0,700.0,0,1,0,1,40,18,5,1
61869.0,75450.0,0,1,1,1,44,12,2,1
52743.0,14800.0,0,1,1,1,35,12,5,1
91383.0,19550.0,0,1,1,1,42,12,4,1
33462.0,550.0,0,1,0,1,36,12,4,1
45063.0,61283.0,1,1,1,1,46,15,1,0
19200.0,100.0,0,1,1,1,41,9,5,1
19044.0,1850.0,0,1,1,1,34,12,3,0
28122.0,3673.0,0,1,1,1,29,13,2,0
33375.0,15000.0,0,1,1,1,29,13,4,1
137451.0,611900.0,1,1,1,1,55,13,3,1
34002.0,71600.0,0,1,1,1,56,12,2,0
48819.0,5905.0,0,1,0,1,36,15,5,1
45270.0,150499.0,1,1,1,1,53,12,2,1
46683.0,15075.0,1,1,1,1,53,12,3,1
17928.0,-2158.0,0,1,1,1,38,12,3,1
26781.0,25654.0,1,1,1,1,37,16,1,0
6450.0,4999.0,0,1,0,1,43,10,2,1
50268.0,20100.0,0,1,1,0,41,18,1,0
60927.0,4126.0,0,1,1,1,37,13,3,1
57390.0,48700.0,1,1,1,1,51,12,4,1
44586.0,68165.0,1,1,0,1,39,18,3,1
28041.0,-790.0,0,1,0,1,53,16,1,0
30381.0,1400.0,0,1,1,0,28,16,3,1
9225.0,12400.0,1,1,1,0,30,15,4,1
47892.0,-3240.0,0,1,1,0,36,12,3,1
39405.0,52550.0,1,1,1,1,56,12,1,0
41994.0,13600.0,0,1,1,1,37,13,5,1
58053.0,8700.0,0,1,1,0,37,16,2,1
144666.0,106649.0,1,1,1,1,46,17,2,1
39096.0,30859.0,0,1,1,0,33,17,1,0
39039.0,39799.0,1,1,0,1,63,11,2,1
50940.0,-25000.0,0,1,0,1,54,10,3,1
33585.0,-5820.0,1,1,1,0,30,16,1,0
16614.0,3049.0,0,1,0,1,39,10,8,0
26877.0,-613.0,0,1,0,0,43,8,3,1
15627.0,-630.0,0,1,1,0,25,14,1,0
48888.0,48725.0,1,1,0,1,39,12,1,0
50622.0,5400.0,1,1,1,1,60,12,4,1
35136.0,53539.0,0,1,1,1,36,16,4,1
37182.0,12999.0,0,1,1,1,49,16,2,1
80109.0,-251.0,0,1,0,0,30,16,2,1
43326.0,115240.0,1,1,1,1,63,12,2,1
88062.0,45698.0,0,1,1,1,43,12,5,1
24132.0,250.0,0,1,1,1,42,11,6,1
33312.0,38845.0,1,1,1,1,43,17,4,1
18225.0,-474.0,0,1,1,0,26,12,3,1
38964.0,-7180.0,0,1,0,1,55,12,2,0
38457.0,22118.0,0,1,1,1,30,16,4,1
15870.0,18325.0,0,1,1,0,29,16,1,0
169896.0,1462115.0,1,1,0,1,61,15,2,1
9498.0,26700.0,0,1,1,0,40,15,2,0
54960.0,70050.0,1,1,1,1,35,16,4,1
40200.0,60024.0,0,1,1,1,47,14,3,1
35292.0,3000.0,0,1,0,0,61,10,1,0
66123.0,-11777.0,0,1,1,1,30,18,2,1
25704.0,82900.0,1,1,1,1,64,12,2,1
18384.0,765.0,0,1,1,1,35,12,4,1
46605.0,23300.0,1,1,1,1,57,14,4,1
35757.0,-1884.0,0,1,0,0,38,12,2,1
55125.0,23969.0,1,1,1,1,35,18,4,1
23514.0,22300.0,1,1,1,1,62,12,2,1
74613.0,19102.0,0,1,1,1,51,12,5,1
21558.0,-1375.0,0,1,0,1,39,15,1,0
34095.0,24082.0,1,1,1,1,45,18,2,0
70692.0,4100.0,0,1,0,0,38,14,3,1
32400.0,-4497.0,0,1,0,0,35,13,2,0
41148.0,3300.0,0,1,0,1,43,13,2,1
24006.0,200.0,0,1,1,1,31,11,2,1
36384.0,-2300.0,0,1,0,1,37,16,3,1
52962.0,-9800.0,0,1,0,1,33,12,3,1
69321.0,-75652.0,1,1,0,1,40,17,4,1
44949.0,-3029.0,0,1,1,1,46,17,4,1
29373.0,-800.0,0,1,1,1,43,16,4,0
23550.0,-8259.0,0,1,0,1,53,12,2,1
15159.0,1183.0,1,1,1,0,28,12,2,0
11049.0,1550.0,0,1,1,0,55,12,6,0
108588.0,84196.0,0,1,0,1,62,14,2,1
66813.0,-25925.0,0,1,0,1,39,13,3,1
45051.0,26447.0,0,1,1,1,51,17,4,1
37140.0,-8790.0,0,1,0,1,38,18,1,0
14610.0,172.0,0,1,1,0,31,18,1,0
21855.0,-485.0,0,1,0,1,44,12,2,0
19539.0,-1100.0,0,1,0,1,54,14,1,0
41793.0,10900.0,0,1,1,1,39,14,5,1
58500.0,27000.0,0,1,1,1,31,16,1,0
33606.0,-2586.0,0,1,0,1,38,12,7,1
62496.0,8352.0,0,1,0,1,27,16,2,1
21615.0,-975.0,0,1,0,0,36,16,1,0
33111.0,-700.0,0,1,0,1,30,12,5,1
30645.0,1256.0,0,1,0,1,47,16,3,0
24090.0,700.0,0,1,0,0,36,14,1,1
41565.0,14299.0,0,1,0,1,48,14,2,1
69081.0,36942.0,1,1,1,1,42,15,5,1
29100.0,7000.0,0,1,1,0,52,12,1,0
74418.0,434.0,0,1,0,1,40,12,2,1
62025.0,10734.0,0,1,1,1,39,12,4,1
37770.0,12309.0,1,1,1,1,51,11,7,1
60228.0,45010.0,0,1,1,1,38,12,5,1
89964.0,77000.0,1,1,1,1,51,12,3,1
66573.0,11881.0,1,1,1,1,40,16,2,1
77760.0,63779.0,0,1,1,1,33,14,2,1
24564.0,-3300.0,0,1,0,1,32,12,1,0
74814.0,42400.0,0,1,1,1,39,12,4,1
49542.0,18900.0,0,1,1,1,32,14,3,1
36966.0,29000.0,1,1,0,1,44,13,3,1
9462.0,10649.0,1,1,1,1,57,12,1,0
15840.0,1029.0,0,1,1,0,32,14,1,0
67482.0,181500.0,1,1,1,1,59,12,2,1
20460.0,4550.0,0,1,0,0,26,15,1,0
56871.0,249500.0,1,1,1,1,64,14,2,1
95340.0,67606.0,1,1,1,1,58,18,4,1
46125.0,2950.0,0,1,0,1,54,12,4,1
42120.0,-280.0,0,1,0,1,47,12,4,1
75450.0,-8701.0,0,1,0,1,41,16,3,1
23532.0,619.0,0,1,0,0,34,12,2,0
67455.0,39750.0,1,1,1,1,45,13,3,1
39636.0,-300.0,0,1,1,1,30,12,4,1
20400.0,400.0,0,1,0,0,25,12,4,0
49230.0,19449.0,1,1,1,1,35,12,5,1
90450.0,77200.0,1,1,1,1,47,12,2,1
52263.0,-6100.0,0,1,0,0,40,7,4,1
58809.0,-1700.0,1,1,0,1,31,18,5,1
20220.0,5699.0,0,1,1,1,56,12,2,0
47478.0,62200.0,1,1,0,1,53,12,2,0
57852.0,5749.0,0,1,1,1,42,14,3,1
49440.0,136899.0,0,1,0,1,63,16,4,1
33150.0,24680.0,0,1,1,1,43,17,2,0
57720.0,3600.0,0,1,1,1,37,16,2,1
36684.0,-54.0,0,1,1,1,49,12,3,1
33834.0,19460.0,0,1,1,1,35,13,4,1
36144.0,-927.0,0,1,0,1,30,16,4,1
91887.0,76000.0,1,1,1,1,50,18,4,1
18744.0,-500.0,0,1,1,0,35,12,1,0
77469.0,-5900.0,0,1,0,1,36,12,2,1
51060.0,-5301.0,0,1,0,1,52,14,5,1
29344.0,1312.0,0,1,1,0,26,12,3,0
36528.0,3000.0,0,1,1,1,48,6,6,1
19650.0,-7402.0,0,1,1,1,33,12,2,0
126396.0,23173.0,1,1,0,0,48,18,4,1
25500.0,-14000.0,0,1,0,1,54,12,1,0
45309.0,5450.0,1,1,0,0,45,14,1,0
11349.0,-7000.0,0,1,0,0,33,13,4,0
74022.0,9750.0,0,1,1,1,40,12,5,1
24762.0,-2900.0,0,1,1,0,31,16,1,0
55401.0,-6700.0,0,1,0,1,44,12,4,1
35976.0,-4900.0,0,1,1,1,37,13,4,0
21222.0,45600.0,0,1,1,1,41,17,2,0
15225.0,31499.0,0,1,0,1,55,10,1,0
22749.0,-4490.0,0,1,0,1,36,13,1,0
19116.0,2907.0,0,1,1,0,54,13,1,0
36192.0,41200.0,0,1,1,0,29,16,1,0
54300.0,5100.0,0,1,1,1,28,12,4,1
54165.0,5498.0,0,1,1,0,38,16,3,1
27285.0,-350.0,0,1,0,0,32,12,8,1
72090.0,18800.0,0,1,1,1,50,12,2,1
96339.0,64000.0,1,1,1,1,28,18,2,1
65583.0,42155.0,1,1,1,1,49,12,4,1
60270.0,7300.0,0,1,1,1,28,16,2,1
39396.0,-6600.0,0,1,1,1,29,12,3,1
41685.0,14719.0,1,1,1,1,49,16,6,1
32427.0,3000.0,1,1,1,1,32,13,3,1
52254.0,-8729.0,0,1,1,1,31,12,4,1
15705.0,275.0,0,1,0,0,32,15,3,0
18171.0,1011.0,0,1,1,1,31,12,5,1
28083.0,-1724.0,0,1,1,0,33,13,3,1
23604.0,10500.0,1,1,0,0,63,3,3,1
45492.0,3648.0,0,1,0,1,61,12,2,1
131796.0,522300.0,1,1,1,1,40,14,4,1
49245.0,50000.0,0,1,0,1,59,15,4,1
28464.0,-5600.0,0,1,0,1,27,16,4,1
53556.0,725.0,0,1,1,1,34,14,4,1
59232.0,36300.0,0,1,1,1,34,16,3,0
36801.0,4600.0,0,1,1,1,29,16,3,1
21366.0,2565.0,1,1,1,1,36,12,3,1
92898.0,30957.0,1,1,1,0,27,18,1,0
43206.0,3550.0,0,1,1,1,49,12,3,1
74523.0,131599.0,1,1,1,0,55,12,2,1
45312.0,6500.0,0,1,1,1,26,16,1,0
66840.0,26135.0,0,1,1,1,32,12,4,1
23913.0,7255.0,0,1,0,0,27,18,1,0
63450.0,4975.0,1,1,0,1,47,16,4,1
44778.0,65500.0,0,1,1,1,53,14,1,0
28635.0,5000.0,0,1,0,1,31,12,1,0
30198.0,-1350.0,0,1,1,0,31,14,1,0
66840.0,29200.0,1,1,0,1,57,14,4,1
22170.0,-150.0,0,1,0,0,34,13,3,0
30189.0,49549.0,0,1,1,1,50,9,3,1
17112.0,350.0,0,1,0,1,46,12,2,0
68655.0,69000.0,0,1,1,1,35,12,2,1
47640.0,-382.0,0,1,1,0,49,12,3,1
53685.0,18100.0,0,1,1,1,29,12,7,1
26370.0,-400.0,0,1,0,1,35,12,4,1
21960.0,4500.0,0,1,0,1,43,16,1,0
41751.0,90798.0,0,1,1,1,41,12,5,1
80250.0,37000.0,0,1,1,0,30,14,1,0
21675.0,-9300.0,0,1,1,0,43,16,2,0
16065.0,201.0,0,1,1,1,34,12,3,0
61683.0,23983.0,0,1,1,1,42,16,5,1
46818.0,84981.0,0,1,1,1,52,12,3,1
33615.0,-851.0,0,1,0,1,40,17,4,0
35244.0,-7350.0,0,1,1,0,26,15,2,1
39321.0,2000.0,0,1,0,0,48,13,1,0
74646.0,16585.0,1,1,0,1,42,16,3,1
38736.0,29190.0,1,1,0,1,34,18,2,1
54735.0,8000.0,0,1,1,1,43,12,3,1
30231.0,-30.0,0,1,1,0,34,13,4,1
32985.0,-2625.0,0,1,0,1,29,14,5,1
57360.0,50700.0,0,1,1,1,41,18,4,1
59907.0,131850.0,1,1,1,1,51,16,5,1
55503.0,37599.0,0,1,1,1,56,14,3,1
41703.0,13499.0,1,1,1,1,41,16,2,0
36015.0,-15345.0,0,1,0,1,32,12,6,1
47586.0,5060.0,0,1,1,1,53,11,3,1
37200.0,60.0,0,1,1,1,38,13,4,1
50628.0,14400.0,0,1,1,1,35,18,1,0
99699.0,153731.0,1,1,0,1,33,17,4,1
24750.0,5700.0,0,1,0,0,36,16,1,0
24015.0,-1950.0,0,1,0,1,39,15,3,0
27684.0,2075.0,0,1,0,1,38,12,3,0
23670.0,800.0,0,1,1,1,44,11,4,1
67431.0,55690.0,1,1,1,1,51,17,3,1
39522.0,1124.0,0,1,1,0,29,18,1,0
30324.0,-3400.0,0,1,0,0,39,16,3,0
93069.0,175787.0,1,1,1,1,56,15,2,1
43818.0,-2371.0,0,1,1,1,40,13,3,1
17901.0,-2039.0,0,1,0,1,30,11,4,1
10791.0,-1087.0,0,1,0,1,29,12,4,1
39102.0,21048.0,1,1,1,0,25,16,1,0
54480.0,1325.0,0,1,1,1,39,17,5,1
57000.0,100800.0,1,1,0,1,37,18,3,1
14700.0,21850.0,0,1,1,0,46,11,4,1
22950.0,2360.0,0,1,1,0,26,14,1,0
54768.0,-3520.0,0,1,0,1,36,16,5,1
42600.0,9200.0,0,1,0,0,55,16,1,0
38664.0,18850.0,0,1,1,1,38,18,3,0
64974.0,29130.0,1,1,1,1,38,18,2,1
26232.0,-7200.0,0,1,0,1,44,14,3,0
26370.0,-472.0,0,1,0,1,42,12,1,0
9960.0,12750.0,1,1,0,1,37,12,1,0
34413.0,-2150.0,0,1,0,0,30,12,2,1
50772.0,80248.0,0,1,1,1,48,12,4,1
28500.0,4412.0,0,1,1,0,36,12,3,0
24486.0,3410.0,0,1,1,1,37,12,5,1
14544.0,-5100.0,0,1,0,1,50,16,1,0
68481.0,73499.0,1,1,0,1,33,17,2,1
26205.0,-5400.0,0,1,1,0,28,12,4,1
100575.0,120600.0,1,1,1,1,33,16,3,1
57543.0,55000.0,1,1,0,1,36,14,4,1
57219.0,-101.0,0,1,1,0,38,12,4,1
26526.0,-700.0,0,1,0,1,37,12,3,0
31893.0,5980.0,0,1,1,1,27,14,3,1
9042.0,-998.0,0,1,1,0,28,17,1,0
36642.0,1900.0,0,1,1,1,49,12,6,1
109095.0,94000.0,0,1,1,1,44,17,4,1
76263.0,1407.0,0,1,0,1,51,12,6,1
36012.0,39271.0,1,1,1,1,54,12,1,0
61194.0,93280.0,1,1,0,1,54,13,4,1
48276.0,40000.0,1,1,1,0,48,16,1,0
39255.0,-20930.0,0,1,0,1,27,17,3,1
14292.0,4600.0,0,1,1,0,59,12,1,0
14625.0,200.0,0,1,0,0,45,12,1,0
155415.0,-283356.0,1,1,1,1,44,18,3,1
46911.0,9020.0,1,1,0,1,56,12,4,1
49692.0,4500.0,0,1,1,1,46,12,3,1
19527.0,-2000.0,0,1,1,0,41,11,5,1
26925.0,-2500.0,0,1,1,0,31,12,1,0
53910.0,159248.0,1,1,1,1,55,16,3,1
29325.0,5513.0,0,1,1,1,33,12,4,1
73500.0,35025.0,0,1,0,0,32,14,4,1
19152.0,600.0,0,1,0,0,48,12,2,0
35700.0,-1400.0,0,1,0,0,33,10,6,1
30024.0,26550.0,0,1,1,1,39,12,2,0
45300.0,-21130.0,0,1,0,0,33,12,3,1
60150.0,-2000.0,0,1,1,1,32,13,4,1
113013.0,176000.0,0,1,1,1,54,14,2,1
110457.0,123598.0,1,1,1,1,47,16,4,1
20169.0,-125.0,0,1,1,0,25,12,1,0
61800.0,65340.0,1,1,1,1,42,12,4,1
8664.0,4570.0,0,1,1,0,32,13,2,0
66300.0,44007.0,1,1,1,1,45,17,4,0
13770.0,-5736.0,0,1,1,0,26,14,1,0
45846.0,39400.0,0,1,1,1,33,18,5,1
72558.0,184448.0,1,1,1,1,64,16,2,1
21273.0,-1251.0,0,1,0,1,44,12,1,0
59817.0,-10300.0,0,1,0,1,37,14,5,1
46215.0,-150.0,0,1,1,0,40,14,2,1
85638.0,39700.0,1,1,0,1,41,12,4,1
67059.0,89150.0,1,1,1,1,52,12,5,1
45012.0,62899.0,0,1,0,1,45,12,3,1
52758.0,45650.0,0,1,1,1,42,12,5,1
36492.0,4700.0,1,1,1,1,26,12,4,1
60741.0,24500.0,0,1,1,0,53,12,3,1
75297.0,239200.0,1,1,1,1,40,18,5,1
33585.0,47459.0,1,1,0,0,51,18,1,0
79374.0,20500.0,0,1,0,1,34,16,3,1
5409.0,-11.0,0,1,0,0,42,11,1,0
56778.0,25299.0,1,1,0,1,40,14,4,1
35157.0,-7100.0,0,1,0,0,38,12,4,1
15450.0,-9680.0,0,1,1,0,28,16,2,0
76686.0,42568.0,0,1,1,1,53,12,2,1
37620.0,17966.0,1,1,1,1,44,12,2,1
37407.0,-14160.0,1,1,0,0,37,16,1,0
47700.0,12000.0,0,1,0,1,59,16,6,1
37452.0,7000.0,0,1,1,0,29,16,1,0
58236.0,401300.0,1,1,1,1,43,18,5,1
37236.0,19598.0,1,1,1,1,42,16,2,1
83274.0,82152.0,1,1,1,1,37,16,4,1
92991.0,83900.0,1,1,1,1,48,18,5,1
67767.0,30650.0,0,1,1,1,35,16,4,1
160701.0,399946.0,1,1,1,1,39,12,6,1
37275.0,1180.0,1,1,1,1,37,12,6,1
45912.0,9600.0,0,1,1,1,34,12,4,1
45447.0,219948.0,1,1,1,1,53,12,2,1
28920.0,8088.0,0,1,1,1,55,14,1,0
37827.0,22999.0,0,1,1,1,40,13,5,1
38208.0,4510.0,1,1,1,1,39,12,7,1
39327.0,7000.0,0,1,1,1,35,12,1,0
40086.0,0.0,0,1,0,1,57,11,2,1
9027.0,-7400.0,0,1,1,0,36,16,1,0
24582.0,0.0,0,1,0,1,39,11,3,1
23325.0,-3620.0,1,1,0,0,29,18,1,0
46998.0,115402.0,1,1,1,1,52,10,2,1
34986.0,21000.0,1,1,0,1,45,14,1,0
102435.0,139629.0,1,1,1,1,54,12,2,1
15228.0,2309.0,0,1,1,0,26,12,2,0
40545.0,2500.0,0,1,0,1,34,17,3,1
46722.0,-7150.0,0,1,0,1,59,12,5,1
34140.0,16775.0,1,1,1,1,36,16,3,1
23400.0,10004.0,0,1,0,0,57,16,1,0
29577.0,7676.0,0,1,0,1,39,12,5,1
75861.0,42399.0,1,1,1,1,31,13,3,1
66165.0,71427.0,0,1,1,1,39,12,4,1
22320.0,10250.0,0,1,1,0,30,6,4,1
35754.0,9000.0,0,1,0,1,50,12,2,0
28443.0,-2200.0,0,1,0,1,37,12,4,1
18882.0,3670.0,1,1,0,0,35,18,1,0
71001.0,110800.0,0,1,1,1,37,16,5,1
46236.0,22398.0,1,1,0,1,57,10,3,1
95823.0,31199.0,1,1,1,1,36,18,3,1
52110.0,-4624.0,0,1,0,1,53,12,3,1
26526.0,-3700.0,0,1,0,0,34,12,1,0
42000.0,7598.0,0,1,0,1,37,14,2,1
45246.0,-4750.0,1,1,0,0,52,12,3,1
39684.0,-13900.0,0,1,1,0,60,14,1,0
60882.0,25364.0,1,1,1,1,38,12,4,1
40974.0,-4200.0,0,1,1,1,30,15,5,1
16794.0,24558.0,0,1,1,0,36,12,2,1
79485.0,128000.0,1,1,1,1,45,13,4,1
47658.0,-500.0,0,1,0,1,53,12,3,1
50262.0,15000.0,0,1,0,1,34,1,4,1
84360.0,10000.0,0,1,1,0,40,16,4,1
21576.0,50.0,0,1,0,0,46,17,1,0
29472.0,1000.0,0,1,0,1,58,12,2,1
48339.0,-9345.0,0,1,0,1,44,12,6,1
36375.0,27500.0,0,1,1,1,54,15,1,0
28050.0,0.0,0,1,0,0,25,12,3,1
10200.0,43000.0,0,1,1,0,49,13,2,0
28950.0,14699.0,0,1,1,1,26,12,3,1
17280.0,0.0,0,1,0,1,50,10,4,0
66396.0,-2400.0,0,1,1,1,34,12,4,1
16200.0,-2364.0,0,1,0,1,53,15,2,0
58710.0,21100.0,0,1,1,1,32,13,1,0
33852.0,24335.0,0,1,0,1,44,10,5,1
70962.0,39296.0,1,1,1,1,30,14,3,1
41400.0,-33848.0,0,1,1,1,38,12,5,1
37950.0,-151.0,0,1,0,1,59,10,3,0
73086.0,260872.0,1,1,1,1,48,14,3,1
23043.0,300.0,0,1,1,1,41,12,4,0
56883.0,-17351.0,0,1,0,1,42,14,4,1
24243.0,3405.0,0,1,1,1,56,13,3,1
55473.0,6600.0,1,1,1,1,43,13,3,1
50367.0,18825.0,1,1,1,1,29,12,5,1
50460.0,-3800.0,0,1,0,1,42,15,1,0
42825.0,15550.0,0,1,1,1,48,12,3,1
63411.0,81500.0,1,1,1,1,45,12,3,1
32265.0,10316.0,0,1,1,1,35,17,5,1
37662.0,940.0,0,1,1,0,39,12,4,1
31470.0,-2700.0,0,1,1,1,53,12,7,1
17496.0,3761.0,0,1,1,1,51,12,3,0
52521.0,-8948.0,0,1,0,0,54,16,4,1
23325.0,2950.0,0,1,1,1,60,8,4,1
65847.0,12625.0,0,1,1,1,27,16,2,1
28056.0,-504.0,0,1,1,0,38,12,1,0
31386.0,-400.0,0,1,0,0,53,12,3,0
25761.0,-1420.0,0,1,1,0,55,15,1,0
100452.0,76840.0,0,1,1,1,38,18,2,1
54075.0,68449.0,0,1,1,1,41,18,1,0
28047.0,16700.0,0,1,0,0,31,12,1,0
30846.0,-2765.0,0,1,1,1,48,15,1,0
30090.0,30960.0,0,1,1,1,35,14,3,0
26064.0,22599.0,0,1,1,0,29,14,1,0
27300.0,3570.0,0,1,1,1,53,10,2,1
80904.0,41500.0,1,1,1,1,44,13,4,1
20400.0,-2000.0,0,1,0,1,46,12,3,1
27423.0,-2180.0,0,1,1,1,26,12,4,1
79665.0,43779.0,0,1,1,1,51,18,2,1
64662.0,19444.0,1,1,1,1,62,13,2,1
31650.0,52475.0,1,1,1,1,51,17,1,0
97914.0,-2700.0,0,1,1,1,31,17,3,1
45093.0,9700.0,1,1,1,1,31,18,1,0
28491.0,4020.0,0,1,1,1,46,10,3,0
62889.0,40970.0,0,1,1,1,42,15,4,1
14760.0,-7690.0,0,1,1,0,27,15,1,0
27540.0,1000.0,0,1,1,1,41,12,6,1
42579.0,1470.0,0,1,1,1,28,14,4,1
48612.0,41828.0,0,1,1,1,41,14,4,1
22950.0,2700.0,0,1,1,0,27,13,2,0
38187.0,-1337.0,0,1,0,1,45,12,4,1
13125.0,-75.0,0,1,1,0,46,4,8,1
20964.0,2182.0,0,1,1,0,30,12,4,0
43680.0,6800.0,0,1,0,0,45,14,1,0
49800.0,120318.0,0,1,1,1,40,12,1,0
45564.0,2700.0,0,1,0,1,39,11,4,1
41550.0,4025.0,0,1,1,1,41,16,5,1
45651.0,-6545.0,0,1,0,0,26,12,3,1
45069.0,-6400.0,0,1,0,1,43,17,1,0
72600.0,42939.0,1,1,1,1,47,15,2,1
35412.0,21671.0,1,1,1,0,34,16,2,1
18330.0,73750.0,0,1,1,1,63,12,1,0
36399.0,88028.0,1,1,1,1,53,12,4,1
61428.0,75298.0,0,1,1,1,41,12,3,0
54315.0,64600.0,1,1,1,1,49,18,2,0
10125.0,0.0,0,1,0,0,47,12,1,0
14928.0,1900.0,0,1,1,1,30,10,4,1
33849.0,-11641.0,0,1,1,1,33,12,5,1
67104.0,14970.0,1,1,0,1,59,18,4,1
41976.0,7273.0,0,1,0,1,53,12,2,1
34350.0,6899.0,0,1,0,0,56,18,1,0
23295.0,-1736.0,0,1,1,1,35,16,1,0
33573.0,-531.0,0,1,0,0,54,13,2,1
30576.0,13500.0,0,1,1,0,31,18,1,0
37620.0,2362.0,0,1,1,1,34,12,4,1
28659.0,4000.0,0,1,0,0,30,17,3,1
77850.0,351300.0,1,1,1,1,51,12,5,1
44220.0,14204.0,0,1,0,1,56,13,3,1
39168.0,8400.0,0,1,1,0,39,12,1,0
20445.0,1283.0,0,1,1,0,34,12,1,0
12588.0,100.0,0,1,0,1,53,10,2,0
51051.0,16600.0,0,1,1,1,29,12,4,1
22338.0,16400.0,0,1,1,0,39,15,4,1
54183.0,15614.0,0,1,1,0,32,16,2,1
12180.0,-128.0,0,1,1,0,27,14,4,0
47025.0,26800.0,1,1,0,1,39,12,5,1
45855.0,21220.0,0,1,1,1,36,12,5,1
63333.0,70498.0,1,1,1,1,42,18,4,1
36222.0,-2606.0,0,1,1,1,47,12,5,1
98607.0,77396.0,0,1,1,1,32,17,1,0
19143.0,640.0,0,1,1,0,27,12,2,0
9744.0,0.0,0,1,0,1,58,4,3,1
43824.0,3220.0,0,1,1,1,51,15,3,0
146250.0,30000.0,1,1,1,1,34,18,3,1
26430.0,3399.0,0,1,1,0,30,16,1,0
43404.0,32699.0,0,1,1,0,51,13,3,1
90261.0,74800.0,1,1,1,1,41,12,4,1
67800.0,4500.0,0,1,1,1,34,16,4,1
8454.0,2006.0,0,1,1,1,59,10,2,0
31338.0,59500.0,0,1,1,1,62,18,1,0
50646.0,45584.0,1,1,1,1,40,17,2,0
58572.0,64785.0,0,1,1,1,50,12,3,1
25155.0,50.0,0,1,0,0,29,14,3,1
52050.0,25100.0,0,1,1,1,52,12,2,1
40200.0,1100.0,0,1,0,1,59,18,1,0
56844.0,32000.0,1,1,1,1,29,1,1,0
44172.0,18853.0,1,1,1,1,50,15,5,1
23235.0,40400.0,0,1,1,0,26,18,1,0
21216.0,-13700.0,0,1,0,0,28,12,4,1
59616.0,17099.0,1,1,1,0,39,18,1,0
60267.0,14600.0,0,1,1,1,55,12,3,1
108276.0,115750.0,0,1,1,1,36,16,4,1
42024.0,-200.0,0,1,1,0,32,16,5,1
100365.0,138000.0,1,1,1,1,56,18,2,1
19302.0,-3400.0,0,1,0,1,31,17,1,0
9294.0,163300.0,1,1,1,1,53,16,1,0
77244.0,206500.0,0,1,1,1,49,12,4,1
17244.0,1050.0,0,1,1,1,42,10,3,1
27915.0,-3651.0,0,1,0,0,40,16,1,0
14118.0,2473.0,0,1,1,0,28,12,3,0
37242.0,10329.0,0,1,1,1,64,14,2,1
44409.0,1200.0,0,1,0,1,38,15,4,1
32610.0,22350.0,1,1,0,1,41,15,2,0
54444.0,-1600.0,0,1,0,1,27,17,1,0
24300.0,1099.0,0,1,0,0,34,1,4,1
60090.0,13900.0,0,1,1,1,28,12,4,1
37812.0,-6450.0,0,1,0,1,29,18,4,1
75321.0,18700.0,0,1,1,0,41,18,1,0
42834.0,53421.0,0,1,1,1,36,12,4,1
63813.0,59348.0,1,1,1,1,43,15,2,1
43437.0,12818.0,1,1,1,1,36,16,3,1
10140.0,6150.0,1,1,1,1,39,12,1,0
48000.0,241442.0,1,1,1,1,46,12,4,1
17880.0,8000.0,0,1,1,1,44,11,1,0
32580.0,-6500.0,0,1,0,0,31,12,3,0
34275.0,500.0,0,1,1,1,26,15,1,0
18375.0,4160.0,0,1,0,1,42,12,7,1
46812.0,-1600.0,0,1,0,0,45,18,4,1
45933.0,12398.0,0,1,1,1,32,16,2,1
39666.0,3199.0,0,1,0,1,53,14,2,1
45729.0,2248.0,0,1,1,0,38,13,3,1
39246.0,25012.0,1,1,1,0,48,17,2,0
23820.0,-16500.0,0,1,0,1,36,16,4,0
44520.0,20733.0,1,1,0,1,42,12,3,1
68949.0,46500.0,1,1,1,1,39,13,5,1
51300.0,-26600.0,0,1,0,1,41,11,3,0
100026.0,71438.0,1,1,1,1,57,12,4,1
37953.0,19850.0,0,1,1,1,25,12,4,1
38991.0,7983.0,0,1,1,1,64,17,2,0
61350.0,34475.0,0,1,0,1,34,16,3,1
20010.0,4300.0,1,1,0,1,45,13,4,0
57918.0,4116.0,0,1,1,1,31,16,3,1
34035.0,1226.0,0,1,0,1,64,12,3,1
46980.0,10440.0,1,1,1,1,51,12,3,1
42231.0,100.0,0,1,0,0,32,12,4,1
57330.0,2500.0,0,1,0,1,39,12,4,1
51900.0,3000.0,0,1,0,1,42,16,3,1
44016.0,-4496.0,1,1,1,0,42,12,4,1
39921.0,43612.0,0,1,1,1,57,12,2,1
34794.0,2060.0,1,1,0,1,41,12,4,1
108621.0,108800.0,1,1,0,1,56,13,4,1
16392.0,-1550.0,0,1,0,1,39,12,4,1
39915.0,-1034.0,0,1,1,1,35,14,1,0
35244.0,9855.0,1,1,1,1,42,18,1,0
39600.0,88998.0,1,1,1,1,53,16,2,1
46596.0,55608.0,1,1,1,1,43,16,4,1
41535.0,83700.0,1,1,0,1,30,14,1,0
50859.0,3695.0,0,1,0,1,54,12,2,1
28584.0,-21800.0,0,1,1,1,45,15,3,1
76212.0,40800.0,1,1,1,1,38,18,2,1
30537.0,22700.0,0,1,1,1,51,13,1,0
42678.0,-100.0,0,1,0,1,42,12,5,1
45090.0,4900.0,0,1,1,1,52,12,4,1
62895.0,14550.0,1,1,1,1,27,13,2,1
45717.0,2500.0,0,1,0,0,39,17,4,0
16671.0,2947.0,0,1,1,1,56,12,1,0
33579.0,600.0,0,1,1,0,38,16,1,0
32034.0,1100.0,0,1,1,0,28,16,1,0
31689.0,-340.0,0,1,0,0,26,12,2,1
76566.0,427.0,0,1,1,1,36,15,5,1
39027.0,836.0,0,1,1,1,33,12,3,1
36060.0,5059.0,0,1,1,1,45,13,3,0
59028.0,8206.0,0,1,1,1,37,16,4,1
69000.0,79700.0,0,1,1,1,43,13,2,1
100125.0,109250.0,1,1,1,1,36,16,4,1
32637.0,31500.0,0,1,1,1,46,15,1,0
38511.0,-9301.0,0,1,1,1,39,15,4,1
58338.0,14200.0,1,1,1,1,51,12,4,1
49515.0,-3500.0,0,1,0,1,34,16,2,0
56037.0,1200.0,0,1,0,1,40,16,4,1
14580.0,0.0,0,1,0,0,30,12,1,0
33762.0,-4010.0,0,1,0,1,35,14,2,1
46050.0,-6572.0,0,1,1,1,37,15,4,1
74196.0,148000.0,0,1,1,1,47,18,4,1
21360.0,11000.0,1,1,1,0,38,4,1,0
100587.0,34200.0,0,1,1,1,46,18,2,0
26214.0,1620.0,0,1,1,1,43,12,4,1
26868.0,3200.0,0,1,1,1,37,12,4,0
28902.0,6775.0,0,1,1,1,51,12,2,1
155967.0,20950.0,0,1,1,1,38,18,2,1
41949.0,36350.0,1,1,1,1,46,16,1,0
36930.0,3000.0,0,1,0,0,26,12,3,1
40362.0,3400.0,0,1,1,1,37,14,4,1
41985.0,64306.0,1,1,1,1,60,11,2,1
16233.0,8916.0,0,1,1,1,36,10,3,0
31203.0,5528.0,0,1,1,1,28,16,2,0
78480.0,80500.0,0,1,1,1,52,12,2,1
14415.0,226.0,0,1,0,0,28,13,1,0
36750.0,17420.0,0,1,1,0,30,14,1,0
39066.0,3768.0,0,1,1,1,36,12,3,1
60360.0,-800.0,0,1,0,1,32,13,2,1
94860.0,14330.0,1,1,1,1,39,12,5,1
72420.0,-1801.0,0,1,0,1,35,16,4,1
43047.0,13059.0,0,1,1,1,29,17,1,0
65907.0,25431.0,1,1,1,1,34,15,3,1
53322.0,-4500.0,0,1,1,1,32,16,5,1
61602.0,-3201.0,0,1,0,1,47,13,2,1
16644.0,1575.0,0,1,1,1,52,10,2,1
59922.0,79000.0,1,1,1,1,34,16,3,1
43299.0,16006.0,1,1,0,1,41,12,3,1
51180.0,-7400.0,0,1,0,0,44,17,4,0
76566.0,0.0,0,1,0,1,55,16,2,0
34440.0,-410.0,0,1,1,0,42,1,1,0
25770.0,25600.0,0,1,1,1,49,12,1,0
15384.0,-701.0,0,1,1,1,32,7,6,1
42255.0,-566.0,0,1,1,1,32,14,5,1
37791.0,6600.0,1,1,0,0,52,14,2,1
32910.0,1499.0,0,1,0,1,44,12,5,1
36882.0,7744.0,0,1,1,1,37,12,4,1
17628.0,12340.0,0,1,1,1,27,12,4,1
38250.0,3509.0,1,1,0,1,54,10,2,1
38835.0,7504.0,0,1,0,1,44,13,2,1
93120.0,-1600.0,0,1,1,1,32,12,3,1
100296.0,62000.0,1,1,0,1,33,18,4,1
33669.0,-13325.0,0,1,0,1,34,12,3,0
39342.0,21548.0,0,1,1,1,62,8,5,1
37914.0,-5750.0,0,1,1,1,42,12,5,1
49284.0,40300.0,0,1,1,1,38,16,2,1
44760.0,4200.0,0,1,1,1,42,17,3,1
29013.0,5269.0,0,1,0,1,49,12,3,0
44247.0,73980.0,0,1,1,1,56,15,2,1
21990.0,5633.0,0,1,1,1,44,16,4,1
54060.0,21860.0,1,1,1,0,35,18,1,0
83496.0,21549.0,0,1,0,1,34,17,4,1
42600.0,-14760.0,0,1,1,1,39,14,3,1
143346.0,14500.0,0,1,1,1,28,18,2,1
78765.0,51800.0,1,1,1,0,36,18,2,1
36408.0,4500.0,0,1,1,1,32,14,2,1
28200.0,0.0,0,1,0,0,33,12,3,1
27600.0,7000.0,1,1,1,1,45,17,1,0
16680.0,-1800.0,0,1,0,0,48,15,1,0
67056.0,31250.0,0,1,1,1,37,16,3,1
54597.0,1700.0,0,1,1,1,42,16,4,1
104121.0,162741.0,1,1,0,1,59,15,3,1
95175.0,196250.0,1,1,1,1,37,16,3,1
14850.0,200.0,0,1,1,0,35,6,8,1
21015.0,8152.0,0,1,1,1,38,18,1,0
22425.0,-5675.0,0,1,0,0,32,13,4,1
114396.0,141550.0,1,1,1,1,53,14,2,1
27990.0,2500.0,0,1,1,1,42,12,4,1
54000.0,222999.0,1,1,1,1,46,14,2,1
46008.0,-2200.0,1,1,1,1,51,10,5,1
56757.0,58850.0,1,1,1,1,30,16,4,1
44703.0,-14000.0,0,1,0,1,32,18,5,1
39249.0,5454.0,0,1,1,1,30,11,4,1
22455.0,1402.0,0,1,1,1,59,12,2,0
82278.0,72762.0,1,1,1,0,52,15,4,1
25800.0,-3000.0,0,1,0,1,41,10,3,1
110250.0,5099.0,0,1,0,1,33,16,3,1
103650.0,114000.0,1,1,1,1,48,16,3,1
44460.0,38307.0,1,1,1,1,39,16,2,1
43689.0,-130.0,0,1,0,1,35,12,4,1
30246.0,3440.0,1,1,1,1,49,18,2,1
37254.0,48799.0,1,1,1,1,41,12,3,1
10827.0,0.0,0,1,0,0,26,12,2,0
31416.0,7485.0,0,1,1,1,37,12,5,1
73800.0,171700.0,0,1,1,1,35,16,4,1
24660.0,-1600.0,0,1,0,0,41,12,1,0
52527.0,107954.0,1,1,1,1,55,17,2,1
89319.0,2500.0,0,1,0,1,37,15,7,1
90318.0,33200.0,1,1,1,1,36,16,4,1
74091.0,40500.0,1,1,1,1,61,18,3,1
76008.0,20250.0,0,1,0,1,45,12,2,1
30735.0,9160.0,1,1,1,1,60,12,2,1
25245.0,1300.0,0,1,1,0,37,14,1,0
30813.0,3126.0,1,1,1,1,41,18,2,0
57393.0,-10930.0,0,1,1,0,29,13,4,1
45900.0,28000.0,1,1,0,1,49,18,2,1
39900.0,17500.0,0,1,1,1,42,17,2,0
29619.0,58616.0,1,1,1,1,59,18,2,1
41130.0,5450.0,0,1,1,1,34,14,3,1
33696.0,61999.0,1,1,1,1,56,15,5,0
22806.0,0.0,0,1,0,0,38,5,1,0
65880.0,74000.0,1,1,1,1,46,17,3,1
37380.0,2999.0,0,1,0,1,48,12,1,0
78432.0,52248.0,1,1,0,1,60,18,2,1
55833.0,67115.0,1,1,1,1,44,14,3,1
19800.0,4300.0,0,1,1,0,25,12,4,1
42840.0,89664.0,0,1,1,1,47,12,2,1
38880.0,7149.0,0,1,1,0,33,14,1,0
28740.0,12000.0,0,1,1,1,32,15,1,0
22350.0,-3775.0,0,1,0,1,50,12,6,1
96180.0,33800.0,1,1,1,1,29,16,5,1
10149.0,49099.0,1,1,0,1,48,12,1,0
17418.0,-3165.0,0,1,1,0,43,12,2,0
45600.0,-4100.0,0,1,1,1,38,14,2,0
36174.0,2882.0,0,1,0,1,40,12,2,1
28272.0,-5250.0,0,1,0,1,31,16,1,0
40494.0,-1502.0,0,1,1,1,49,16,4,1
88992.0,190026.0,1,1,1,1,41,18,2,1
71028.0,257600.0,1,1,1,1,60,12,2,1
27546.0,39099.0,1,1,0,1,43,12,3,1
42615.0,20000.0,1,1,1,1,41,16,3,0
58050.0,3000.0,0,1,0,1,49,18,2,0
37320.0,4660.0,0,1,1,1,54,14,1,0
53436.0,32789.0,1,1,1,1,33,16,3,1
20406.0,300.0,0,1,0,0,47,9,2,1
35202.0,19952.0,1,1,1,1,60,12,3,1
56670.0,16000.0,0,1,1,1,43,11,4,1
58026.0,12148.0,1,1,0,1,36,17,4,1
80565.0,24000.0,1,1,1,1,52,14,2,1
51570.0,6550.0,0,1,1,1,52,14,3,1
29310.0,4800.0,0,1,0,1,54,18,1,0
57900.0,-12800.0,0,1,0,0,28,18,1,0
18270.0,1300.0,0,1,1,0,27,12,1,0
19023.0,800.0,0,1,1,1,35,12,5,1
14523.0,7748.0,0,1,0,1,60,10,5,1
14280.0,0.0,0,1,1,0,30,13,1,0
20724.0,1730.0,0,1,0,0,26,13,1,0
85386.0,32200.0,1,1,1,1,30,18,2,1
65025.0,22425.0,0,1,1,1,54,12,3,1
27027.0,-15250.0,0,1,1,1,37,16,4,0
29250.0,0.0,0,1,0,0,55,12,3,1
50742.0,75149.0,0,1,1,1,50,8,2,1
93357.0,6330.0,0,1,1,1,29,18,1,0
19164.0,899.0,0,1,0,1,51,12,2,1
43224.0,-853.0,0,1,1,1,49,12,4,1
22812.0,-5000.0,0,1,0,0,34,16,1,0
14400.0,-170.0,0,1,1,0,27,12,1,0
19107.0,26333.0,1,1,0,0,52,18,2,1
70590.0,8600.0,0,1,1,1,34,12,2,1
37245.0,22610.0,0,1,1,1,41,16,1,0
24018.0,1050.0,0,1,0,1,45,14,3,1
36210.0,20800.0,0,1,1,1,50,13,2,1
37635.0,5850.0,0,1,1,1,50,12,2,1
25950.0,16571.0,1,1,1,1,51,16,4,0
38262.0,3990.0,0,1,0,1,53,12,2,1
36540.0,-3135.0,0,1,0,0,30,14,2,1
15813.0,272.0,0,1,1,0,38,12,2,0
81000.0,43900.0,1,1,1,1,31,17,3,1
22500.0,0.0,0,1,0,1,51,9,1,0
18756.0,849.0,0,1,1,1,54,12,3,0
56220.0,22635.0,0,1,1,1,41,17,2,1
34875.0,36274.0,1,1,0,1,59,18,1,0
44493.0,-38523.0,0,1,0,0,40,16,3,1
33048.0,-1100.0,0,1,1,0,38,15,2,0
50433.0,14126.0,0,1,1,1,29,14,2,1
40830.0,13400.0,1,1,1,1,46,14,4,1
73665.0,6500.0,0,1,1,0,37,16,2,1
100356.0,-14180.0,0,1,0,0,36,18,1,0
60300.0,96600.0,0,1,1,1,47,12,4,1
90390.0,155312.0,1,1,1,1,60,14,2,1
12960.0,-2800.0,0,1,0,0,34,12,4,0
9900.0,5500.0,0,1,1,0,60,9,1,0
58680.0,5860.0,0,1,1,1,62,13,2,1
19638.0,8500.0,0,1,1,0,52,10,1,0
76806.0,80049.0,0,1,1,1,52,13,2,1
52425.0,10817.0,0,1,1,1,43,13,4,1
13680.0,40000.0,0,1,0,0,32,13,1,0
24150.0,5500.0,0,1,0,1,38,14,5,0
36060.0,34750.0,1,1,1,1,39,16,1,0
22287.0,-3400.0,0,1,1,1,54,8,2,1
20484.0,5260.0,0,1,0,1,50,12,3,1
68271.0,38000.0,1,1,1,1,40,17,4,1
39522.0,-3200.0,0,1,1,0,35,16,2,1
97887.0,60196.0,1,1,1,1,44,16,4,1
20460.0,8099.0,0,1,1,1,30,12,2,1
48468.0,44098.0,0,1,1,1,43,12,6,1
74457.0,-17631.0,0,1,1,1,38,12,5,1
52347.0,-3600.0,0,1,0,1,43,16,2,0
25920.0,0.0,0,1,0,0,37,14,5,1
32046.0,-751.0,0,1,1,1,43,12,4,1
51426.0,-4783.0,0,1,1,1,46,13,4,1
30804.0,38000.0,0,1,0,1,48,12,2,0
34584.0,65633.0,1,1,1,0,53,14,1,0
19560.0,6900.0,0,1,0,0,26,18,1,0
28872.0,2785.0,0,1,1,1,36,12,3,1
64878.0,27343.0,0,1,1,1,33,16,1,0
33174.0,3836.0,0,1,0,0,25,13,3,1
53757.0,72596.0,1,1,1,1,63,12,2,1
57768.0,46059.0,1,1,1,0,37,14,1,0
31242.0,52436.0,1,1,1,1,34,16,2,1
36003.0,500.0,0,1,0,1,46,9,2,1
30930.0,150640.0,0,1,1,1,52,18,5,1
21450.0,9999.0,0,1,0,1,54,12,3,0
33258.0,72.0,0,1,1,1,31,12,4,1
24156.0,599.0,0,1,0,0,29,16,1,0
17991.0,3350.0,1,1,1,1,44,12,3,1
49965.0,1900.0,0,1,1,0,37,13,5,1
52173.0,-3700.0,0,1,0,0,40,14,6,1
53430.0,200.0,0,1,0,1,52,18,2,0
66240.0,161000.0,1,1,1,1,62,16,2,1
37476.0,33637.0,1,1,0,0,37,16,4,1
32139.0,-1597.0,0,1,1,1,39,13,5,1
45528.0,7886.0,0,1,1,1,34,16,3,0
51213.0,79699.0,1,1,1,1,49,14,3,1
34149.0,69849.0,1,1,1,1,47,12,3,1
55200.0,66900.0,0,1,0,0,36,10,3,1
58293.0,-7128.0,0,1,1,0,41,16,4,1
69312.0,13369.0,1,1,0,0,49,15,5,1
52659.0,3400.0,0,1,0,1,33,13,4,1
11835.0,-451.0,0,1,0,1,51,12,3,0
39168.0,80600.0,0,1,1,1,36,12,4,1
53172.0,-20000.0,0,1,1,1,59,16,1,0
10455.0,-2580.0,0,1,1,0,28,15,2,0
18894.0,-2850.0,0,1,0,1,59,12,4,1
81711.0,249600.0,1,1,1,1,54,12,5,1
77100.0,8295.0,0,1,1,1,40,14,4,1
40224.0,-4187.0,0,1,1,0,34,14,3,0
47664.0,32500.0,0,1,1,1,37,14,3,1
40842.0,7714.0,1,1,0,1,43,12,4,1
28704.0,538.0,0,1,0,0,27,14,3,0
66876.0,181667.0,1,1,1,1,50,17,4,1
26856.0,2906.0,0,1,1,1,42,14,1,0
49950.0,2449.0,0,1,1,1,59,12,2,1
18669.0,50899.0,0,1,1,1,61,8,2,1
30300.0,16000.0,1,1,0,0,58,18,1,0
29712.0,4430.0,0,1,1,0,33,14,4,1
58716.0,4600.0,1,1,1,1,59,12,2,1
9894.0,19328.0,1,1,1,1,30,17,1,0
54492.0,25124.0,1,1,0,1,49,12,2,1
145854.0,51500.0,0,1,1,1,45,12,4,1
34488.0,61788.0,0,1,1,1,45,12,4,1
42048.0,-16000.0,0,1,1,1,40,16,4,1
68730.0,22500.0,0,1,1,1,31,16,3,1
35583.0,-1450.0,0,1,0,1,26,14,2,1
38772.0,4150.0,0,1,1,0,47,13,2,1
16467.0,5750.0,0,1,1,0,42,12,3,0
23064.0,1700.0,0,1,0,0,35,12,2,0
30600.0,2400.0,1,1,1,1,30,12,1,0
111972.0,4725.0,0,1,0,1,32,18,2,1
48000.0,13230.0,1,1,1,1,30,17,3,1
56700.0,94399.0,1,1,1,1,63,18,2,1
57192.0,78000.0,1,1,0,1,39,18,1,0
40725.0,-2460.0,0,1,1,1,36,17,4,1
50304.0,15200.0,0,1,0,1,62,18,2,1
45750.0,21500.0,0,1,1,1,33,17,1,0
31017.0,1209.0,1,1,0,1,31,16,5,1
51711.0,1009.0,0,1,1,1,30,16,2,1
75798.0,-950.0,0,1,0,0,48,16,4,1
61893.0,56000.0,1,1,0,1,49,17,3,0
33258.0,33000.0,0,1,1,1,34,15,1,0
81432.0,13704.0,0,1,1,1,37,14,4,1
80724.0,46200.0,1,1,0,1,33,16,1,0
48615.0,-2700.0,0,1,0,1,36,18,4,1
89376.0,-550.0,1,1,1,1,48,13,6,1
12600.0,28269.0,0,1,1,1,40,8,2,1
13692.0,5599.0,1,1,1,1,57,12,1,0
40092.0,23648.0,0,1,1,1,35,12,4,1
20388.0,500.0,0,1,0,0,38,12,4,1
58317.0,36500.0,1,1,0,1,46,18,3,1
47073.0,1350.0,1,1,1,1,42,14,4,1
41124.0,8774.0,0,1,0,1,44,12,3,1
48180.0,5000.0,0,1,1,0,42,12,2,0
48180.0,49250.0,1,1,1,1,35,13,2,1
35736.0,-4200.0,0,1,0,1,27,12,1,0
24087.0,18500.0,0,1,1,1,51,9,5,1
55851.0,7857.0,0,1,1,0,29,17,2,1
40905.0,2200.0,0,1,0,1,50,12,2,0
54060.0,14037.0,0,1,1,0,36,16,3,1
19866.0,1500.0,0,1,1,0,51,12,3,0
152490.0,388000.0,1,1,1,1,49,18,4,1
45390.0,122500.0,1,1,0,1,57,18,2,1
28470.0,-1800.0,0,1,0,1,35,13,6,1
58155.0,1720.0,0,1,0,1,30,14,6,1
51000.0,27360.0,0,1,1,1,42,12,5,1
67500.0,9199.0,0,1,0,1,40,16,5,1
57396.0,-1665.0,0,1,0,1,44,12,4,1
14415.0,132.0,0,1,1,0,26,13,1,0
61440.0,40400.0,0,1,1,1,39,14,3,0
136389.0,141223.0,1,1,1,1,60,1,2,1
23481.0,-11760.0,0,1,1,1,25,12,2,1
63291.0,54365.0,1,1,1,1,44,12,4,1
15300.0,14350.0,0,1,1,1,43,12,3,0
116940.0,18800.0,1,1,1,1,43,18,4,1
23661.0,-3452.0,0,1,0,1,41,12,4,1
32796.0,1300.0,0,1,1,1,44,15,2,0
30000.0,3200.0,0,1,1,1,33,17,1,0
26040.0,-23701.0,1,1,1,0,33,13,4,1
37512.0,52000.0,0,1,1,1,52,12,4,1
40425.0,2249.0,0,1,0,1,38,14,4,1
23565.0,20803.0,1,1,0,1,57,14,1,0
51051.0,-390.0,0,1,1,1,31,12,4,1
25311.0,2499.0,0,1,0,1,31,14,1,0
16440.0,250.0,0,1,0,0,56,12,1,0
68196.0,17000.0,1,1,0,0,53,16,1,0
64653.0,43949.0,1,1,1,1,47,16,4,1
46275.0,10849.0,0,1,1,1,44,12,2,1
52467.0,22000.0,1,1,0,1,29,15,3,1
56343.0,3874.0,0,1,0,1,56,12,3,0
20400.0,0.0,0,1,0,0,51,12,1,0
57828.0,46622.0,1,1,1,1,44,16,4,1
37347.0,-10050.0,0,1,0,0,48,13,2,1
12486.0,5000.0,0,1,1,0,33,12,1,1
54486.0,2999.0,0,1,0,1,53,12,2,1
55635.0,65750.0,1,1,0,1,57,14,2,1
41256.0,600.0,1,1,1,0,27,18,1,0
24210.0,5590.0,0,1,1,1,44,14,6,1
29046.0,21011.0,1,1,1,1,53,18,1,0
39291.0,91500.0,0,1,1,1,38,13,2,1
48882.0,53999.0,1,1,0,1,58,12,2,1
25500.0,1600.0,0,1,0,1,51,12,2,0
38292.0,-10030.0,0,1,1,1,37,13,4,1
51105.0,250.0,0,1,1,1,54,14,3,1
64092.0,-1295.0,0,1,1,0,39,14,5,1
67431.0,28900.0,1,1,1,1,54,13,4,1
55428.0,54902.0,1,1,1,1,49,14,3,1
13530.0,25885.0,1,1,1,1,49,12,2,0
28425.0,400.0,0,1,0,1,39,12,1,0
29400.0,24499.0,1,1,1,1,37,12,3,1
16704.0,-5380.0,0,1,1,1,34,6,6,1
31116.0,-6201.0,0,1,0,1,46,12,3,1
73116.0,41100.0,0,1,1,1,59,12,6,1
36201.0,1599.0,1,1,1,0,31,14,5,1
17196.0,-733.0,0,1,0,1,55,14,2,1
44778.0,67908.0,1,1,1,0,40,12,2,1
38880.0,7000.0,0,1,0,1,41,18,2,1
51294.0,52836.0,0,1,1,1,47,13,4,1
40335.0,-7000.0,1,1,0,1,46,12,7,1
35520.0,13800.0,0,1,0,1,36,18,1,0
8040.0,-8501.0,0,1,1,0,39,14,3,0
41196.0,30350.0,0,1,1,1,40,16,2,0
34536.0,8709.0,0,1,0,1,64,8,2,1
38496.0,-11.0,0,1,1,1,25,12,3,1
43593.0,6305.0,0,1,1,1,36,15,4,1
56676.0,-6239.0,0,1,0,1,56,12,2,1
43992.0,52025.0,1,1,1,1,41,14,3,1
57780.0,3700.0,0,1,1,1,33,15,4,1
14895.0,1400.0,0,1,0,0,27,17,1,0
54750.0,71000.0,1,1,0,1,43,18,1,0
35730.0,-4700.0,0,1,0,0,36,16,1,0
39846.0,-4985.0,0,1,0,1,48,12,5,1
74646.0,83800.0,1,1,1,1,42,12,4,1
63885.0,13485.0,0,1,1,1,37,12,4,1
35364.0,10074.0,0,1,1,0,36,18,2,1
77355.0,30900.0,1,1,1,1,33,18,4,1
54690.0,20700.0,0,1,0,0,29,13,2,1
24150.0,5911.0,0,1,1,1,30,16,4,1
112350.0,11900.0,0,1,1,1,27,16,2,1
48174.0,4636.0,0,1,0,0,33,18,1,0
49167.0,14200.0,0,1,0,1,64,12,2,1
49044.0,24278.0,1,1,1,1,43,12,6,1
78783.0,48446.0,0,1,1,1,44,18,4,1
19104.0,-1000.0,0,1,1,1,43,8,3,0
44661.0,10733.0,0,1,1,1,34,15,5,1
31200.0,-72800.0,0,1,0,0,28,16,2,1
63438.0,22538.0,1,1,1,1,48,13,4,1
36939.0,2400.0,0,1,1,1,42,16,1,0
71400.0,-10200.0,0,1,0,1,46,14,3,1
75120.0,137400.0,0,1,1,1,50,12,4,1
23100.0,-1500.0,0,1,0,1,29,12,3,1
31992.0,2000.0,0,1,1,0,25,12,1,0
64926.0,17172.0,1,1,1,1,33,16,2,1
23628.0,2800.0,0,1,0,0,32,12,3,0
86097.0,21100.0,0,1,1,1,41,12,2,1
72000.0,106300.0,0,1,1,1,44,16,8,1
63849.0,5899.0,0,1,1,1,44,15,5,1
80850.0,132425.0,1,1,1,1,45,13,5,1
35112.0,-14675.0,0,1,0,1,42,15,2,0
30360.0,-5280.0,0,1,0,0,32,14,3,0
98850.0,-12450.0,1,1,0,1,38,14,4,1
53649.0,3006.0,0,1,0,1,49,18,3,1
39168.0,33515.0,1,1,1,1,45,12,2,1
33030.0,21350.0,1,1,1,1,36,11,5,1
97935.0,54500.0,1,1,1,1,39,17,4,1
51540.0,16110.0,0,1,1,1,40,14,4,1
10059.0,-2000.0,0,1,0,0,25,14,3,0
50145.0,11290.0,0,1,1,1,39,16,6,1
36432.0,10161.0,1,1,0,0,27,16,1,0
42174.0,102300.0,0,1,1,0,45,8,4,1
42006.0,16925.0,0,1,1,1,34,13,4,1
36090.0,14875.0,1,1,1,0,37,16,1,0
34653.0,-456.0,0,1,0,1,53,12,1,1
47550.0,5470.0,0,1,1,0,28,16,2,1
28035.0,-4240.0,0,1,1,0,31,13,2,0
48312.0,-4635.0,0,1,0,1,41,12,4,1
51150.0,90295.0,1,1,1,1,46,15,4,1
30792.0,42390.0,0,1,1,1,27,17,1,0
90747.0,44250.0,1,1,1,1,44,14,3,1
74070.0,16025.0,1,1,1,1,29,18,1,0
59826.0,36299.0,1,1,1,1,44,17,4,1
30144.0,2500.0,0,1,1,1,51,12,2,0
87540.0,33399.0,1,1,1,1,32,16,3,1
57861.0,39800.0,0,1,1,1,42,14,3,1
31203.0,-200.0,0,1,0,1,54,11,5,1
58362.0,-7300.0,0,1,1,0,27,18,2,1
60033.0,97000.0,1,1,1,1,28,18,2,1
41784.0,47000.0,0,1,1,1,37,18,4,1
38070.0,16799.0,0,1,0,1,39,14,1,0
35496.0,-2700.0,0,1,1,0,52,12,4,1
23079.0,954.0,0,1,1,1,57,12,1,0
19293.0,-1673.0,0,1,0,1,43,12,5,1
38256.0,44762.0,1,1,0,1,47,16,2,1
119133.0,90200.0,1,1,1,1,41,18,2,1
26010.0,-2629.0,0,1,1,0,28,12,3,1
59904.0,5810.0,1,1,1,1,51,12,4,1
50547.0,-22652.0,0,1,1,0,41,16,4,1
40959.0,14256.0,1,1,1,0,55,12,3,1
36294.0,2732.0,1,1,1,0,45,16,3,0
44124.0,-13937.0,1,1,1,1,62,14,3,1
39288.0,6600.0,0,1,0,1,27,18,1,0
40590.0,21500.0,1,1,1,1,59,18,3,0
87030.0,23999.0,0,1,1,0,40,15,4,1
78417.0,27000.0,1,1,0,1,29,16,3,1
36876.0,34300.0,1,1,0,1,36,16,4,1
19833.0,-9250.0,0,1,1,0,39,14,1,0
43260.0,10200.0,1,1,1,1,38,14,4,1
70635.0,6600.0,0,1,1,1,42,13,4,1
79134.0,75200.0,1,1,1,1,42,16,3,1
47250.0,33000.0,1,1,1,1,35,12,4,1
24060.0,18500.0,1,1,1,0,43,16,1,0
37680.0,36800.0,0,1,1,1,40,10,5,1
47646.0,100700.0,1,1,1,1,54,13,3,1
32550.0,3700.0,0,1,0,1,39,16,3,0
41799.0,39750.0,0,1,0,1,54,12,2,1
50904.0,3499.0,0,1,0,1,48,12,3,1
34698.0,31536.0,0,1,1,0,34,12,2,0
72030.0,21998.0,1,1,0,1,43,18,2,1
58944.0,79999.0,1,1,1,1,48,16,3,1
55830.0,8973.0,1,1,1,1,29,18,4,1
31275.0,1700.0,0,1,1,1,60,12,2,1
44277.0,169800.0,1,1,1,0,53,17,1,0
49746.0,14249.0,1,1,1,1,48,14,1,0
49095.0,50355.0,1,1,1,1,40,18,5,1
16590.0,-2850.0,0,1,0,0,36,12,2,0
43158.0,8000.0,0,1,1,1,46,10,2,1
49566.0,85000.0,0,1,1,1,51,13,2,1
79311.0,6500.0,0,1,0,0,48,18,1,1
84927.0,8325.0,1,1,1,1,57,12,3,1
34404.0,-11530.0,0,1,0,1,43,12,4,1
31911.0,-4607.0,0,1,0,0,44,9,1,0
15891.0,59940.0,1,1,0,1,64,12,1,0
71376.0,4750.0,0,1,1,1,42,12,4,1
10455.0,-150.0,0,1,0,0,30,12,3,1
41814.0,14000.0,1,1,1,1,45,12,5,1
15882.0,15050.0,0,1,1,1,56,3,2,1
96945.0,34980.0,1,1,0,0,45,18,2,1
30933.0,43799.0,0,1,0,0,46,12,1,0
76704.0,11500.0,0,1,1,1,31,16,2,1
96816.0,2000.0,0,1,1,1,44,17,4,1
110646.0,61957.0,1,1,1,1,62,16,2,1
57519.0,-5450.0,0,1,0,1,26,12,3,1
19206.0,-375.0,0,1,1,0,26,12,4,1
51384.0,-48600.0,0,1,0,0,35,18,1,0
68172.0,1645.0,0,1,1,1,51,12,5,1
16596.0,-1175.0,0,1,0,1,30,12,7,1
63288.0,45600.0,0,1,1,1,45,16,5,1
58296.0,83100.0,1,1,1,1,48,12,4,1
69900.0,81750.0,0,1,1,1,64,14,2,1
45744.0,2800.0,0,1,0,1,44,12,5,1
40560.0,-1300.0,0,1,1,1,35,14,5,1
24624.0,17105.0,1,1,1,1,50,12,1,0
52893.0,18027.0,1,1,1,1,44,18,2,0
67800.0,136000.0,1,1,1,1,44,16,5,1
74529.0,17950.0,0,1,1,1,42,16,4,1
20439.0,700.0,0,1,0,0,48,14,1,0
28602.0,10853.0,0,1,0,0,45,13,2,0
120300.0,16000.0,0,1,1,1,31,18,2,1
61200.0,45942.0,0,1,1,1,52,12,2,1
59658.0,45155.0,0,1,1,0,32,12,2,1
73305.0,14200.0,1,1,0,1,56,18,1,0
31608.0,-695.0,0,1,0,0,39,12,1,0
31047.0,51000.0,0,1,1,0,45,12,4,1
24114.0,252999.0,1,1,1,1,60,15,1,0
64170.0,167000.0,0,1,1,1,44,12,4,1
47178.0,8999.0,0,1,0,1,29,16,2,1
23307.0,-2000.0,0,1,0,0,43,12,1,0
32727.0,949.0,0,1,0,0,42,12,2,0
31644.0,-23162.0,0,1,0,1,32,12,4,1
28359.0,571.0,0,1,1,0,31,13,3,1
78630.0,-3700.0,0,1,1,1,37,14,2,1
26100.0,19400.0,0,1,1,0,31,16,1,0
21120.0,-4200.0,0,1,0,0,44,12,3,0
41106.0,157973.0,1,1,1,1,62,12,2,1
40320.0,-16200.0,0,1,0,1,41,14,5,1
47658.0,-7575.0,1,1,1,1,36,18,3,1
35586.0,1000.0,0,1,0,1,31,12,3,1
67212.0,35000.0,0,1,0,1,56,18,2,0
39360.0,-2400.0,0,1,0,0,35,14,4,1
47628.0,38650.0,0,1,1,0,32,12,2,1
23634.0,2195.0,0,1,0,0,51,12,4,1
59580.0,86300.0,1,1,1,1,41,16,3,1
38316.0,-10800.0,0,1,0,1,42,15,3,0
74850.0,34280.0,0,1,1,0,37,12,3,1
27753.0,4350.0,0,1,1,1,30,14,1,0
27492.0,25949.0,0,1,1,1,56,12,1,0
35190.0,4000.0,0,1,0,1,40,16,4,1
15300.0,10000.0,0,1,1,0,43,11,1,0
51018.0,6599.0,1,1,0,1,53,14,3,1
42135.0,4700.0,1,1,0,1,38,12,5,1
94245.0,46045.0,1,1,1,1,36,16,4,1
43599.0,26918.0,0,1,1,1,38,12,4,1
43533.0,11987.0,0,1,1,0,29,15,2,1
71568.0,81312.0,1,1,1,1,59,12,2,1
17850.0,2780.0,0,1,1,0,27,12,6,1
41886.0,-5900.0,0,1,1,1,29,1,2,1
29526.0,122448.0,1,1,1,1,46,16,1,0
49200.0,-8500.0,0,1,1,1,27,18,1,0
14679.0,-1580.0,0,1,0,0,41,16,1,0
44250.0,18000.0,0,1,0,1,52,12,4,1
100455.0,139400.0,1,1,1,1,40,18,3,1
48177.0,14060.0,1,1,1,1,31,16,4,1
53295.0,6228.0,0,1,0,1,52,12,3,1
39774.0,9249.0,0,1,1,0,29,16,3,1
13065.0,20570.0,0,1,1,1,43,13,1,0
135024.0,-1851.0,0,1,0,1,45,12,4,1
39717.0,-800.0,0,1,0,0,45,16,3,0
20562.0,9500.0,1,1,1,1,36,12,1,0
39672.0,200.0,0,1,0,0,31,16,4,1
35640.0,47500.0,1,1,0,0,46,16,1,0
37893.0,43959.0,0,1,1,1,45,12,2,1
30000.0,0.0,0,1,0,0,43,14,1,1
107097.0,47922.0,0,1,0,1,54,16,2,1
103050.0,94000.0,0,1,1,1,42,12,4,1
73707.0,-10550.0,0,1,0,1,32,14,5,1
17928.0,-350.0,0,1,0,0,28,12,4,0
16092.0,-655.0,0,1,0,0,37,12,4,0
43068.0,33500.0,1,1,1,1,47,13,2,1
13005.0,1000.0,0,1,1,0,51,14,5,0
65346.0,54860.0,1,1,1,1,40,16,6,1
50619.0,12500.0,1,1,0,1,37,17,1,0
22983.0,4400.0,1,1,1,1,64,14,2,0
70179.0,105950.0,0,1,1,1,54,16,2,1
51315.0,6405.0,0,1,1,1,25,14,2,1
72540.0,135800.0,1,1,1,1,46,12,4,1
40308.0,-8600.0,1,1,0,1,36,17,5,1
26301.0,3872.0,0,1,1,0,54,14,2,1
25500.0,400.0,0,1,0,1,43,13,2,0
27354.0,-1800.0,0,1,1,1,43,12,3,0
47838.0,66900.0,0,1,0,1,39,18,3,0
22953.0,125179.0,1,1,1,1,45,12,1,0
59112.0,12414.0,0,1,1,1,36,12,5,1
24678.0,-1425.0,0,1,0,1,32,12,5,1
27693.0,-4331.0,0,1,1,1,38,16,1,0
16371.0,-1550.0,0,1,0,1,35,14,3,0
51993.0,86872.0,1,1,1,1,30,16,3,1
45900.0,800.0,0,1,1,1,54,15,2,1
47100.0,59800.0,0,1,1,1,61,12,2,0
48375.0,-1395.0,0,1,0,1,47,12,4,1
13845.0,-3000.0,0,1,1,1,48,12,2,0
24000.0,5200.0,0,1,1,0,37,14,3,1
22110.0,-8410.0,0,1,1,1,25,12,4,1
48900.0,28080.0,1,1,1,1,61,12,1,0
31005.0,0.0,0,1,0,0,27,12,1,0
98100.0,67100.0,1,1,1,1,29,16,3,1
96837.0,-7031.0,1,1,1,1,48,12,2,1
44790.0,107000.0,1,1,1,1,44,18,3,0
38145.0,1300.0,0,1,1,0,26,12,2,1
70200.0,-700.0,0,1,0,0,60,12,2,1
19206.0,21750.0,0,1,1,0,62,15,2,0
45702.0,45418.0,1,1,1,1,48,12,4,1
15486.0,772.0,0,1,0,0,30,14,3,0
62382.0,-4675.0,0,1,1,1,32,12,3,1
20826.0,10150.0,1,1,1,0,61,14,1,0
16374.0,400.0,0,1,0,0,40,12,2,0
143787.0,358200.0,1,1,1,1,48,18,2,1
89253.0,38700.0,0,1,0,1,42,12,5,1
50979.0,62600.0,1,1,0,1,39,12,4,1
35916.0,25599.0,0,1,1,0,37,18,1,0
58347.0,15300.0,1,1,1,1,46,12,4,1
70878.0,162100.0,1,1,0,1,36,13,4,1
28050.0,-2981.0,0,1,1,0,29,10,4,1
1962.0,-7438.0,0,1,1,0,36,14,1,0
29970.0,21100.0,1,1,0,0,28,16,2,1
80490.0,14248.0,1,1,1,1,43,14,4,1
15000.0,400.0,0,1,1,1,47,10,6,1
17736.0,-450.0,0,1,0,0,36,12,3,0
59937.0,15400.0,0,1,0,1,41,14,4,1
14592.0,900.0,0,1,1,1,44,13,2,0
13326.0,3549.0,0,1,1,1,31,15,5,1
14430.0,-4500.0,0,1,0,0,27,12,1,0
42660.0,1449.0,0,1,0,1,33,12,3,1
48663.0,14000.0,0,1,1,1,45,12,4,1
48828.0,62500.0,1,1,0,1,61,12,2,1
59340.0,21299.0,1,1,1,1,63,12,2,1
47547.0,-200.0,1,1,0,1,34,12,4,1
40860.0,9900.0,0,1,1,0,35,16,3,0
39453.0,480.0,1,1,0,1,32,12,3,1
36201.0,4899.0,0,1,1,1,27,12,5,1
62700.0,44500.0,0,1,1,0,40,17,8,1
34854.0,22749.0,0,1,1,1,35,12,2,1
101826.0,46603.0,1,1,1,1,54,12,7,1
88689.0,7249.0,1,1,1,1,54,12,3,1
50367.0,4420.0,0,1,1,1,29,12,4,1
34752.0,-4384.0,0,1,0,1,43,16,1,0
37626.0,500.0,0,1,0,1,27,17,2,1
10650.0,334.0,0,1,1,0,44,12,2,0
33084.0,18000.0,0,1,1,1,34,14,4,1
58095.0,125170.0,1,1,1,0,31,14,1,0
29289.0,39036.0,0,1,1,1,42,14,3,0
57360.0,-1456.0,0,1,0,1,28,15,2,1
27405.0,2300.0,0,1,0,1,32,13,2,0
38862.0,-2667.0,0,1,1,1,44,14,3,1
80400.0,50700.0,1,1,1,1,42,18,4,1
25752.0,20150.0,0,1,1,1,33,12,1,0
48363.0,-290.0,0,1,1,1,30,17,4,1
16866.0,945.0,0,1,0,1,43,15,1,0
19644.0,-200.0,0,1,0,1,37,14,3,0
23670.0,15500.0,0,1,1,1,49,12,5,1
78450.0,36998.0,0,1,1,1,37,12,3,1
28350.0,124000.0,1,1,1,1,41,14,4,1
25275.0,106150.0,1,1,1,0,25,16,1,0
39126.0,5999.0,0,1,0,1,31,16,3,1
70071.0,17900.0,0,1,1,0,28,16,2,1
33954.0,12452.0,1,1,1,1,43,16,5,1
25950.0,1855.0,0,1,1,0,30,13,3,1
51252.0,-4569.0,1,1,1,1,42,17,5,1
49410.0,3900.0,0,1,0,0,31,14,4,1
85860.0,34900.0,1,1,1,1,54,16,6,1
18378.0,-1700.0,0,1,0,0,26,13,4,0
25257.0,2760.0,0,1,1,0,42,16,1,0
39450.0,-601.0,0,1,1,1,36,12,5,1
23481.0,6442.0,0,1,0,0,31,14,2,0
37068.0,12950.0,0,1,0,1,58,8,2,1
100287.0,259198.0,1,1,1,0,39,18,1,0
52248.0,2400.0,0,1,1,1,28,17,4,1
44736.0,6043.0,0,1,1,1,40,14,4,1
22011.0,7800.0,0,1,1,1,38,5,5,1
31434.0,-1050.0,0,1,1,0,31,18,1,0
102150.0,9000.0,0,1,1,1,59,13,4,1
43314.0,4500.0,0,1,0,0,30,16,2,1
28131.0,4339.0,0,1,0,0,38,16,3,0
24924.0,-1300.0,0,1,1,1,35,9,3,1
60069.0,62149.0,1,1,1,1,49,12,4,1
20640.0,8200.0,0,1,1,1,32,12,1,0
33738.0,-13670.0,0,1,1,0,55,17,2,1
45027.0,-3751.0,0,1,0,1,38,14,5,1
26646.0,62679.0,0,1,1,0,28,16,1,0
26844.0,2329.0,1,1,0,1,44,12,2,1
38604.0,7196.0,1,1,1,1,26,16,2,1
20646.0,3300.0,0,1,1,0,44,12,1,0
38889.0,35450.0,1,1,1,1,28,16,1,0
20922.0,5866.0,1,1,1,0,31,16,1,0
32712.0,12049.0,0,1,1,1,43,14,4,1
59748.0,9400.0,0,1,1,0,30,16,1,0
37815.0,-2950.0,0,1,0,1,39,11,1,0
30450.0,2000.0,1,1,0,0,36,12,2,1
92931.0,52400.0,1,1,0,1,47,16,4,1
14556.0,100.0,0,1,0,0,35,15,4,0
36525.0,16170.0,0,1,1,0,46,12,2,0
46029.0,9700.0,1,1,1,1,39,10,2,1
14640.0,0.0,0,1,0,0,60,10,1,0
40050.0,3500.0,0,1,0,1,41,18,2,0
30900.0,47300.0,0,1,1,1,53,12,2,0
59046.0,9000.0,0,1,1,1,36,12,2,1
87735.0,188700.0,1,1,1,1,55,1,2,1
33921.0,20084.0,1,1,1,0,38,16,4,1
33690.0,7500.0,0,1,1,0,35,12,3,1
20430.0,8500.0,0,1,1,1,30,14,1,0
47691.0,40050.0,1,1,1,1,32,14,2,1
14181.0,2312.0,0,1,1,1,60,12,1,0
47316.0,24566.0,1,1,1,1,38,12,4,1
43317.0,373556.0,1,1,1,1,59,16,1,0
25689.0,3749.0,1,1,1,0,27,13,2,1
36294.0,10150.0,1,1,1,1,29,14,4,1
69714.0,46232.0,1,1,1,1,38,12,3,1
21156.0,-5830.0,0,1,0,1,42,12,6,1
33312.0,77200.0,0,1,1,1,36,12,2,0
15000.0,2850.0,0,1,1,1,38,12,1,0
4605.0,5000.0,0,1,1,0,43,17,5,1
35700.0,41750.0,0,1,1,0,50,18,1,0
48501.0,4550.0,1,1,1,0,34,16,4,1
39165.0,2718.0,0,1,1,1,40,13,4,1
33489.0,1049.0,1,1,0,1,37,18,1,0
69780.0,47598.0,1,1,1,1,46,12,5,1
27111.0,23312.0,0,1,1,1,41,12,4,1
41415.0,-50.0,0,1,0,1,41,12,4,1
43914.0,5930.0,0,1,1,0,44,16,2,0
36552.0,12596.0,0,1,1,1,36,12,4,1
60000.0,46000.0,1,1,1,1,48,18,1,0
27000.0,-3100.0,0,1,0,1,46,16,2,1
48705.0,-6700.0,0,1,0,0,33,12,3,1
103080.0,132100.0,0,1,1,1,43,12,3,1
14160.0,18500.0,0,1,1,0,42,12,3,1
90300.0,5199.0,0,1,0,1,46,18,3,1
26298.0,785.0,0,1,1,0,43,12,2,1
70923.0,108359.0,1,1,1,1,53,12,2,1
28080.0,3750.0,0,1,1,0,43,12,4,0
40683.0,1534.0,0,1,1,1,51,12,4,1
44067.0,2750.0,0,1,0,1,45,10,4,1
32739.0,4847.0,0,1,1,1,33,15,3,0
73020.0,30800.0,1,1,1,1,27,16,2,1
29970.0,18500.0,0,1,1,0,35,12,2,0
59685.0,26800.0,0,1,1,1,30,16,3,1
46245.0,749.0,0,1,1,1,33,12,4,1
54963.0,23210.0,0,1,1,1,35,12,4,1
22779.0,-6943.0,0,1,1,0,34,15,3,1
65280.0,8000.0,0,1,0,1,42,13,3,1
10374.0,1158.0,0,1,1,1,54,12,2,1
74472.0,32754.0,1,1,1,1,34,14,3,1
25353.0,-6051.0,0,1,1,1,45,12,1,0
29913.0,21900.0,0,1,1,0,44,12,1,0
89520.0,70682.0,0,1,1,1,42,13,5,1
27213.0,-2542.0,0,1,0,1,34,12,4,1
99645.0,17600.0,0,1,1,1,38,18,3,1
70374.0,34900.0,0,1,0,1,46,12,5,1
22992.0,8420.0,0,1,1,0,26,1,2,1
76992.0,32920.0,1,1,1,0,32,16,5,1
57783.0,43500.0,0,1,0,1,51,13,2,1
25497.0,0.0,0,1,0,0,58,15,3,0
20175.0,3274.0,0,1,1,1,29,12,2,0
37170.0,-4201.0,0,1,0,1,28,18,2,1
71691.0,80850.0,0,1,0,1,49,12,3,1
48471.0,38399.0,1,1,1,1,43,16,4,0
39882.0,131844.0,1,1,1,1,32,14,5,1
69840.0,4100.0,0,1,1,1,41,12,2,1
71358.0,1018238.0,0,1,1,1,45,18,2,0
34290.0,131408.0,1,1,1,1,48,16,2,1
39675.0,1072.0,0,1,0,1,60,12,2,1
35424.0,53749.0,0,1,0,1,52,12,3,1
50400.0,45500.0,0,1,0,1,35,17,2,1
48054.0,4450.0,0,1,0,1,39,12,3,1
102666.0,95700.0,0,1,1,1,34,16,3,1
34803.0,24699.0,1,1,1,0,56,14,2,1
36693.0,-2600.0,0,1,1,1,64,12,8,1
69435.0,115000.0,1,1,1,1,59,13,2,1
30504.0,22050.0,0,1,0,1,37,12,2,0
26901.0,5299.0,1,1,0,0,27,12,2,1
20430.0,6240.0,0,1,1,1,43,12,4,1
61986.0,5600.0,0,1,1,1,39,18,4,1
46869.0,20600.0,1,1,1,0,44,14,2,1
52800.0,-6000.0,0,1,0,1,29,15,4,1
29997.0,-8950.0,0,1,1,0,29,12,4,1
75948.0,65480.0,0,1,1,1,42,12,2,1
73311.0,36983.0,1,1,1,1,54,12,2,1
26877.0,5250.0,0,1,1,0,30,8,1,0
23454.0,158.0,0,1,0,1,41,12,1,0
22050.0,-13960.0,0,1,1,0,27,16,1,0
35328.0,66674.0,1,1,1,1,37,16,6,1
79206.0,32292.0,0,1,1,0,32,16,2,1
40350.0,6320.0,0,1,1,1,38,12,4,1
67425.0,72650.0,1,1,1,1,45,12,3,1
36354.0,5162.0,0,1,1,1,36,12,1,0
80700.0,51000.0,1,1,1,1,46,14,4,1
44874.0,21900.0,0,1,1,1,42,12,4,1
75612.0,6700.0,0,1,1,1,52,16,2,1
83868.0,41725.0,0,1,1,1,37,13,3,1
108795.0,19375.0,1,1,1,0,44,18,3,1
16092.0,42150.0,0,1,1,1,61,12,2,0
19200.0,6250.0,0,1,1,1,45,12,4,1
91689.0,72475.0,1,1,1,1,41,15,5,1
53700.0,23833.0,0,1,1,1,34,14,4,1
42780.0,10475.0,0,1,1,1,30,18,1,0
47238.0,63700.0,1,1,1,1,41,18,1,0
35772.0,-2950.0,0,1,1,1,41,15,4,1
77457.0,17950.0,0,1,1,1,41,18,4,1
9666.0,35.0,0,1,0,1,25,12,1,0
21042.0,2406.0,0,1,1,0,25,12,1,1
36012.0,-6594.0,0,1,1,0,32,18,1,0
38091.0,10700.0,0,1,1,1,42,12,4,1
47727.0,43352.0,0,1,1,1,49,12,5,1
19497.0,0.0,0,1,0,0,30,6,1,0
31239.0,34908.0,0,1,1,0,43,12,3,1
72300.0,15000.0,0,1,1,1,33,12,4,1
79860.0,14500.0,0,1,1,1,33,16,2,1
33693.0,2570.0,0,1,1,0,31,13,1,0
77523.0,23152.0,0,1,1,1,48,18,4,1
79818.0,79565.0,1,1,1,1,35,14,2,1
44883.0,21419.0,1,1,1,1,41,14,2,0
63690.0,-9000.0,0,1,0,0,39,16,1,0
103563.0,53950.0,1,1,1,1,52,18,4,1
23802.0,-1900.0,0,1,0,1,37,12,3,1
11325.0,2600.0,0,1,1,0,58,12,2,0
61029.0,10275.0,0,1,1,1,33,15,5,1
31926.0,-750.0,0,1,1,0,28,12,2,1
36936.0,19600.0,0,1,1,0,31,16,1,0
82971.0,102132.0,1,1,1,1,53,13,2,1
45741.0,21810.0,0,1,1,1,38,14,5,1
46593.0,5100.0,0,1,1,1,44,14,1,0
75372.0,41119.0,0,1,1,1,35,17,4,1
23097.0,-240.0,0,1,1,0,27,12,4,1
58428.0,-6600.0,1,1,0,1,44,12,4,1
47928.0,6400.0,1,1,0,1,34,18,3,1
51990.0,65500.0,1,1,1,1,54,13,2,1
26943.0,10410.0,0,1,0,0,33,14,2,0
62184.0,-9100.0,1,1,1,0,39,18,1,0
43788.0,46850.0,1,1,1,1,43,13,3,0
70926.0,37510.0,1,1,1,1,47,18,3,1
29556.0,84228.0,1,1,1,1,56,12,2,1
48270.0,85000.0,1,1,1,1,34,16,2,0
16395.0,1560.0,0,1,0,0,35,15,1,0
75804.0,30800.0,0,1,1,1,63,16,4,1
23409.0,1049.0,0,1,1,0,29,16,1,0
70392.0,27332.0,1,1,1,1,52,12,2,1
41283.0,3000.0,0,1,1,1,33,12,4,1
65700.0,53948.0,0,1,1,1,43,14,5,1
58920.0,19679.0,0,1,0,1,49,13,4,1
64026.0,5168.0,0,1,0,0,50,12,2,1
29220.0,59400.0,0,1,1,1,38,15,3,1
30558.0,4799.0,0,1,0,1,62,12,4,1
33345.0,1574.0,0,1,1,1,38,12,4,1
20340.0,49.0,0,1,0,0,26,14,1,0
66987.0,77875.0,1,1,1,1,58,12,2,1
44244.0,7804.0,1,1,1,0,47,12,5,1
55107.0,73300.0,1,1,1,1,47,16,4,1
17955.0,-1388.0,0,1,1,1,34,12,4,1
29562.0,16700.0,0,1,1,0,31,17,1,0
11106.0,3200.0,0,1,1,0,41,12,1,0
101496.0,167000.0,1,1,1,0,45,16,1,0
38061.0,43.0,0,1,0,0,46,13,1,0
56877.0,26877.0,1,1,0,1,49,12,3,1
153018.0,398241.0,1,1,0,1,35,16,2,1
89952.0,79500.0,1,1,1,1,41,18,4,1
38595.0,4900.0,1,1,0,1,50,14,4,1
17484.0,27999.0,0,1,1,1,57,12,3,0
39981.0,-21548.0,0,1,0,0,27,14,2,1
50373.0,144498.0,1,1,1,1,62,12,2,1
26142.0,92375.0,1,1,1,1,57,12,1,0
22383.0,579.0,0,1,1,0,32,12,4,1
20388.0,264.0,1,1,0,1,60,11,2,1
49920.0,25130.0,1,1,0,1,35,12,2,1
74688.0,51011.0,1,1,1,1,55,13,4,1
26241.0,4850.0,1,1,0,1,35,12,1,0
50070.0,-8860.0,0,1,1,1,38,14,5,1
68142.0,5000.0,0,1,0,1,28,16,3,1
54708.0,-13201.0,0,1,1,0,27,18,2,1
30150.0,6227.0,0,1,1,1,52,8,2,1
139938.0,141300.0,1,1,1,1,53,18,4,1
63846.0,10074.0,0,1,1,1,50,17,5,1
22299.0,60.0,0,1,1,1,63,12,3,0
25200.0,600.0,0,1,1,1,25,12,4,1
48966.0,114000.0,1,1,1,1,44,12,4,1
24237.0,3710.0,0,1,1,0,42,12,1,0
68673.0,36800.0,0,1,1,1,48,12,3,1
20760.0,7955.0,0,1,0,0,55,12,1,0
45384.0,9614.0,0,1,1,0,43,12,4,1
36459.0,30900.0,0,1,1,0,26,14,4,1
21300.0,17499.0,0,1,0,1,54,12,1,0
60225.0,11000.0,0,1,0,1,38,12,4,1
23136.0,-5200.0,0,1,0,0,50,12,1,0
57234.0,2547.0,0,1,1,1,37,12,3,1
36000.0,5500.0,1,1,1,0,29,16,1,0
42213.0,1380.0,1,1,1,1,41,9,5,1
74220.0,15100.0,0,1,1,1,40,12,5,1
17286.0,35050.0,0,1,0,1,37,16,3,0
38322.0,-50.0,0,1,1,1,27,12,3,1
21576.0,14500.0,1,1,1,1,39,18,1,0
53454.0,52624.0,1,1,0,1,55,13,2,1
82035.0,33910.0,0,1,1,0,42,12,5,1
104661.0,14000.0,1,1,1,1,36,16,3,1
29148.0,4015.0,0,1,1,1,60,13,3,1
49200.0,-10115.0,0,1,1,1,34,12,3,1
52845.0,15900.0,0,1,1,1,41,14,2,1
49944.0,132800.0,1,1,1,0,60,16,1,0
24906.0,44600.0,0,1,1,1,46,17,1,0
63360.0,12230.0,0,1,1,1,33,18,5,1
58572.0,9000.0,0,1,1,1,33,12,4,1
43200.0,13705.0,0,1,1,1,33,14,3,1
41580.0,17147.0,1,1,1,0,46,16,2,0
50400.0,5800.0,0,1,1,0,39,18,2,0
16002.0,44310.0,0,1,1,0,53,13,1,0
61161.0,40527.0,0,1,1,1,29,14,1,0
64359.0,13100.0,0,1,1,1,39,16,4,1
25560.0,21589.0,0,1,1,1,59,12,1,0
13101.0,-7500.0,0,1,0,0,34,12,1,0
59187.0,-9705.0,0,1,1,1,35,13,3,1
31896.0,120700.0,0,1,1,1,54,17,1,0
51288.0,81500.0,1,1,1,1,61,12,2,1
43521.0,-7610.0,0,1,1,1,29,13,3,1
29760.0,2200.0,0,1,1,0,27,16,4,1
58368.0,42114.0,1,1,0,1,41,17,5,1
12240.0,-5000.0,0,1,1,1,50,12,2,0
16203.0,2100.0,0,1,0,0,26,14,1,0
135300.0,227000.0,1,1,1,1,35,17,3,1
13275.0,-541.0,0,1,1,0,26,13,3,1
39537.0,65000.0,0,1,1,1,64,10,2,1
72129.0,-14800.0,0,1,0,1,56,18,4,1
46521.0,27240.0,1,1,1,0,45,14,1,0
89988.0,99329.0,1,1,1,1,58,16,2,1
55446.0,62707.0,0,1,1,1,45,14,4,1
18030.0,6000.0,0,1,1,0,37,12,1,1
35064.0,-250.0,0,1,0,1,40,12,5,1
47784.0,-6400.0,0,1,0,1,38,11,4,1
64797.0,13840.0,0,1,1,1,39,12,6,1
86811.0,-105.0,0,1,1,1,35,14,4,1
41361.0,835.0,0,1,1,0,47,13,2,1
44805.0,11509.0,1,1,1,1,29,14,3,1
121701.0,15630.0,0,1,0,1,48,15,2,1
23316.0,-200.0,0,1,0,1,28,18,1,0
18666.0,-5500.0,0,1,1,0,26,12,3,1
71478.0,80060.0,1,1,1,1,42,16,1,0
55725.0,22772.0,0,1,1,1,53,12,2,1
38979.0,5300.0,0,1,0,1,58,12,2,1
32874.0,124100.0,0,1,1,1,35,16,1,0
12444.0,4626.0,1,1,1,0,39,12,2,1
14400.0,45.0,0,1,0,0,29,11,4,1
73650.0,10708.0,0,1,1,1,29,14,2,1
35652.0,-3200.0,0,1,0,1,44,18,2,0
73560.0,41400.0,0,1,0,1,44,12,4,1
57252.0,8420.0,0,1,1,1,41,12,4,1
69789.0,35077.0,0,1,1,1,35,14,3,1
20373.0,18000.0,0,1,1,1,50,13,2,0
48426.0,-8219.0,0,1,0,1,43,8,3,1
27927.0,950.0,0,1,1,0,30,12,4,1
47796.0,108600.0,1,1,1,1,43,11,4,1
14028.0,7640.0,1,1,1,0,25,12,2,1
30960.0,1500.0,0,1,0,0,25,12,1,0
17880.0,-16200.0,0,1,0,0,29,16,2,1
69942.0,36500.0,0,1,1,1,34,16,3,1
21612.0,-5300.0,0,1,0,0,42,12,2,0
55992.0,23198.0,1,1,0,1,38,14,5,1
42606.0,16050.0,0,1,1,1,51,11,2,1
37833.0,-758.0,0,1,1,1,49,12,3,1
20100.0,-1801.0,0,1,0,0,28,12,1,0
45963.0,58249.0,0,1,1,1,27,13,2,1
20370.0,27650.0,0,1,0,1,34,15,3,0
47790.0,2000.0,0,1,0,1,28,13,3,1
39888.0,27407.0,1,1,1,1,54,18,1,0
52365.0,6000.0,0,1,0,1,46,12,2,1
21969.0,-2050.0,0,1,0,1,48,14,1,0
50013.0,6400.0,1,1,1,1,50,12,2,1
31530.0,12600.0,0,1,1,1,39,16,1,0
31176.0,-6190.0,0,1,0,1,49,12,1,0
41607.0,-1720.0,1,1,1,1,42,16,3,1
80676.0,37292.0,1,1,1,1,53,12,2,1
67800.0,28000.0,0,1,0,1,36,17,2,1
69282.0,1334.0,0,1,1,1,54,18,2,1
29427.0,10269.0,0,1,1,0,35,12,1,0
70815.0,18450.0,1,1,0,1,46,14,4,1
42411.0,3306.0,0,1,1,1,28,12,2,0
32520.0,19700.0,1,1,1,1,56,2,3,1
45870.0,38800.0,1,1,1,1,47,14,2,1
34200.0,-11010.0,0,1,1,1,25,13,3,1
113076.0,106825.0,1,1,1,1,42,17,4,1
48135.0,35860.0,0,1,1,1,36,16,4,1
6168.0,1300.0,0,1,1,1,37,12,5,0
73278.0,124600.0,1,1,1,1,53,14,2,1
11490.0,500.0,0,1,0,1,56,13,2,0
58896.0,22500.0,1,1,0,1,50,16,3,0
33270.0,-30000.0,0,1,0,1,30,17,3,1
44352.0,4700.0,1,1,0,1,30,13,4,1
34518.0,3880.0,0,1,1,1,26,12,3,1
11520.0,37800.0,1,1,1,1,57,14,3,0
20163.0,1000.0,0,1,0,0,38,15,1,0
46035.0,45500.0,0,1,1,1,33,18,1,0
33270.0,-2801.0,0,1,0,1,36,10,8,1
33663.0,65398.0,1,1,1,1,60,12,2,1
77430.0,17080.0,1,1,1,1,32,12,4,1
44043.0,-2800.0,0,1,0,1,34,17,4,1
27060.0,37100.0,0,1,1,1,38,13,3,0
14805.0,-50.0,0,1,0,1,52,12,1,0
44880.0,14740.0,0,1,1,1,39,12,4,1
94980.0,15000.0,0,1,1,1,37,15,2,1
74385.0,14120.0,1,1,1,1,56,12,3,1
26523.0,11760.0,1,1,0,1,27,16,3,1
12789.0,-1430.0,0,1,0,1,27,16,2,0
40800.0,-5900.0,0,1,0,0,47,12,1,0
31998.0,-5075.0,0,1,0,0,52,12,2,1
24348.0,3675.0,1,1,1,0,28,12,3,0
29370.0,-3600.0,0,1,0,1,54,8,4,1
40776.0,15399.0,0,1,1,1,29,16,4,1
22104.0,-4735.0,0,1,0,0,25,14,1,0
43032.0,66300.0,1,1,1,0,42,13,1,0
110985.0,10800.0,0,1,1,1,36,16,4,1
9600.0,900.0,0,1,1,1,39,10,3,0
90726.0,13600.0,1,1,1,1,62,14,2,1
66381.0,34850.0,0,1,0,1,44,12,3,1
49689.0,56560.0,0,1,1,1,39,12,4,1
15207.0,1249.0,0,1,0,1,58,8,1,0
49200.0,-12000.0,0,1,0,1,37,18,4,1
62700.0,-3800.0,0,1,0,1,30,18,4,1
53184.0,21349.0,0,1,1,1,54,12,2,1
51528.0,74600.0,0,1,1,1,38,18,6,1
25908.0,-3100.0,0,1,0,1,29,13,3,1
40200.0,13999.0,0,1,1,1,31,12,3,1
18150.0,-148500.0,0,1,1,0,29,12,2,1
99789.0,1000.0,0,1,0,1,38,15,4,1
54081.0,42711.0,1,1,1,1,38,12,4,1
42432.0,74700.0,1,1,1,1,60,12,3,0
99084.0,110350.0,1,1,1,1,50,14,2,1
68790.0,27500.0,1,1,1,1,59,16,5,1
30000.0,-15720.0,0,1,1,0,27,18,1,0
34671.0,-11400.0,0,1,1,0,33,16,1,0
41184.0,13515.0,1,1,1,1,52,10,2,1
33363.0,-4245.0,0,1,1,1,26,12,4,1
30102.0,8850.0,0,1,1,1,52,16,3,1
67764.0,61698.0,1,1,1,1,49,12,3,1
88770.0,81348.0,0,1,1,1,34,16,4,1
36930.0,35400.0,0,1,1,0,39,14,3,0
54150.0,102619.0,1,1,1,1,43,14,3,1
72600.0,7100.0,0,1,1,1,41,17,4,1
36531.0,8814.0,0,1,1,0,25,17,1,0
104502.0,278303.0,1,1,1,1,40,16,5,1
62640.0,29500.0,1,1,0,1,31,16,2,1
85689.0,74289.0,1,1,0,1,36,13,2,1
69003.0,57775.0,0,1,1,1,36,16,4,1
68538.0,112361.0,0,1,1,1,48,16,1,0
45201.0,23380.0,0,1,1,1,33,17,4,1
44553.0,-3675.0,0,1,1,1,46,13,2,1
43620.0,12150.0,0,1,1,1,32,14,3,1
78174.0,55800.0,1,1,1,1,30,18,3,1
28245.0,200.0,0,1,0,0,42,18,2,1
17619.0,-2055.0,0,1,1,0,26,14,1,0
62766.0,78559.0,1,1,1,1,58,13,2,1
77700.0,83300.0,0,1,1,1,43,12,5,1
67488.0,19500.0,0,1,1,1,59,12,4,1
44184.0,9549.0,0,1,1,1,55,9,3,1
158721.0,135196.0,1,1,1,1,44,16,3,1
18246.0,-3900.0,0,1,0,1,43,12,5,1
41886.0,-1000.0,0,1,1,1,35,12,2,0
77706.0,22100.0,0,1,1,1,42,12,5,1
24594.0,38500.0,0,1,1,0,41,18,1,0
55263.0,1098624.0,1,1,1,1,37,16,3,0
40515.0,7600.0,1,1,0,1,36,12,3,1
45279.0,1865.0,0,1,1,0,40,13,3,1
53100.0,30949.0,1,1,0,1,31,12,1,0
111372.0,64337.0,1,1,1,1,49,15,2,1
96864.0,-9380.0,0,1,1,0,42,12,3,1
40500.0,19400.0,0,1,1,1,54,15,2,0
18375.0,8111.0,0,1,0,1,55,12,3,1
148770.0,202075.0,1,1,1,1,29,16,2,1
90525.0,98175.0,1,1,1,1,57,12,4,1
12954.0,5600.0,0,1,1,1,52,12,5,0
26925.0,19949.0,1,1,0,1,48,14,4,0
50250.0,49000.0,1,1,1,1,44,18,2,0
53364.0,-10559.0,0,1,1,0,32,12,4,1
66576.0,24550.0,0,1,1,1,46,18,1,0
91992.0,20100.0,0,1,1,1,52,13,8,1
40392.0,13202.0,0,1,1,1,39,11,6,1
57300.0,47999.0,0,1,1,1,28,18,4,1
34080.0,5100.0,0,1,0,1,35,8,6,1
55602.0,10300.0,0,1,0,1,32,16,4,1
31665.0,9040.0,0,1,0,1,44,9,4,1
100563.0,35914.0,1,1,1,1,33,18,3,1
34392.0,-578.0,0,1,1,0,36,13,4,1
30321.0,6505.0,0,1,1,1,41,12,6,1
39261.0,-300.0,0,1,1,1,43,12,3,1
14850.0,34999.0,0,1,0,1,38,12,5,1
47430.0,79100.0,1,1,1,1,30,16,2,0
45927.0,13250.0,0,1,1,1,44,14,3,1
169200.0,484198.0,1,1,1,1,49,17,2,1
23367.0,1606.0,0,1,0,0,31,14,3,0
14670.0,-4960.0,0,1,1,1,58,12,2,1
24891.0,350.0,0,1,0,0,34,18,3,1
29952.0,52499.0,1,1,1,0,38,16,1,0
28080.0,51499.0,1,1,0,1,61,12,4,0
31722.0,2000.0,0,1,1,1,34,12,3,1
18144.0,12999.0,1,1,0,1,54,12,3,0
103848.0,27700.0,1,1,1,1,51,17,4,1
117900.0,4000.0,0,1,1,0,35,12,3,1
70125.0,32000.0,1,1,1,1,44,16,2,0
50064.0,55200.0,0,1,1,1,42,13,3,1
99318.0,104856.0,1,1,1,1,59,15,6,1
35940.0,28300.0,0,1,1,1,30,13,4,1
84069.0,99900.0,1,1,1,1,50,12,4,1
28458.0,7650.0,0,1,1,0,27,16,1,0
39876.0,12203.0,0,1,1,1,35,12,3,1
50574.0,8200.0,0,1,1,1,38,12,6,1
40500.0,-12400.0,0,1,1,0,39,12,1,0
36900.0,14499.0,0,1,0,1,48,18,1,0
107940.0,69000.0,1,1,1,1,34,16,4,1
7209.0,26499.0,0,1,1,0,49,16,1,0
20568.0,-64.0,0,1,0,1,47,14,2,1
107640.0,69000.0,1,1,1,1,51,16,2,1
18030.0,1200.0,0,1,1,0,27,12,2,0
26316.0,30340.0,0,1,1,1,41,14,3,0
45468.0,-4150.0,0,1,0,1,44,12,7,1
34452.0,3050.0,0,1,1,1,48,9,6,1
36120.0,17500.0,0,1,0,1,46,12,3,1
24378.0,-200.0,0,1,0,1,43,12,4,0
58200.0,31900.0,1,1,1,1,41,16,6,1
15387.0,7500.0,0,1,1,0,40,12,1,0
36390.0,12400.0,1,1,0,0,45,16,1,0
42534.0,-813.0,1,1,0,1,45,12,3,1
22800.0,0.0,0,1,0,0,43,12,2,1
86403.0,2000.0,0,1,0,1,36,14,3,1
55128.0,43536.0,1,1,1,1,62,18,2,1
23100.0,-4850.0,0,1,0,0,36,16,2,0
30000.0,11600.0,1,1,1,0,31,15,2,1
38940.0,200.0,0,1,1,1,35,16,2,1
42888.0,43150.0,0,1,1,1,58,12,3,0
54516.0,69300.0,0,1,0,1,58,12,4,1
30120.0,2750.0,0,1,1,1,30,18,1,0
31626.0,950.0,0,1,0,0,35,16,1,0
53391.0,15348.0,1,1,0,1,42,16,1,0
42192.0,9266.0,1,1,0,1,42,13,4,1
41460.0,15900.0,0,1,1,1,28,12,4,1
15126.0,502.0,0,1,1,0,38,12,1,0
54150.0,43175.0,1,1,1,1,45,18,1,0
14010.0,-985.0,0,1,1,1,43,12,2,1
48180.0,9200.0,0,1,1,1,32,16,1,0
48219.0,19099.0,0,1,1,1,34,12,3,1
38412.0,4200.0,0,1,1,1,61,12,4,1
28845.0,-3750.0,0,1,0,1,42,16,2,1
40641.0,120097.0,1,1,1,1,55,12,2,1
42915.0,22200.0,0,1,0,1,49,18,1,0
52236.0,-3000.0,0,1,0,1,38,16,6,1
66225.0,-14700.0,0,1,0,1,35,12,4,1
26964.0,3049.0,0,1,1,1,38,14,4,1
34557.0,4499.0,0,1,0,1,34,16,2,1
78000.0,50500.0,0,1,1,1,47,16,5,1
129621.0,-10500.0,0,1,1,1,31,18,2,1
32865.0,24100.0,1,1,1,1,37,16,3,1
86868.0,-16900.0,0,1,1,1,40,16,3,1
59139.0,1972.0,0,1,0,1,26,16,2,1
14850.0,2799.0,0,1,1,1,60,8,1,0
74100.0,57599.0,1,1,1,1,36,16,3,1
21675.0,-2100.0,0,1,0,1,52,12,3,1
46002.0,20240.0,1,1,1,1,33,16,7,1
29688.0,42300.0,0,1,1,1,43,12,5,1
56880.0,-2825.0,0,1,1,1,36,12,1,0
53490.0,108998.0,0,1,1,1,53,10,3,1
31077.0,8400.0,0,1,1,1,38,14,4,0
16200.0,15650.0,0,1,1,1,58,13,2,0
21216.0,29122.0,1,1,0,0,55,13,1,0
71829.0,11750.0,0,1,1,1,39,12,4,1
28434.0,-10475.0,0,1,1,1,32,16,4,1
19140.0,-3800.0,0,1,0,1,41,17,2,0
23259.0,-1907.0,0,1,1,1,39,12,4,1
23412.0,-42964.0,0,1,1,0,43,16,1,0
47556.0,44500.0,1,1,0,1,36,14,4,1
38310.0,14400.0,0,1,1,0,49,14,1,0
54840.0,6778.0,0,1,1,1,43,16,4,1
65097.0,8799.0,0,1,0,1,36,18,4,1
33420.0,8412.0,0,1,1,0,46,16,2,0
31203.0,1999.0,0,1,1,1,33,12,4,1
133596.0,177000.0,1,1,1,1,44,12,3,1
34215.0,5400.0,0,1,0,0,32,16,4,1
18909.0,-5119.0,0,1,0,0,31,12,1,0
42060.0,300.0,0,1,0,0,38,14,1,0
48720.0,29925.0,0,1,1,1,45,12,3,1
107301.0,371901.0,1,1,1,1,50,14,3,1
51294.0,81323.0,1,1,1,1,44,16,4,1
42090.0,9799.0,0,1,0,1,44,13,3,1
26400.0,-2000.0,0,1,1,0,26,14,1,0
28320.0,-1000.0,0,1,0,1,38,14,3,1
53862.0,33700.0,0,1,0,1,54,18,3,1
58881.0,15627.0,0,1,1,1,34,12,5,1
20970.0,-5547.0,0,1,0,1,38,12,3,0
36975.0,4200.0,0,1,1,1,41,13,6,1
37917.0,2699.0,0,1,0,1,41,12,4,1
71250.0,29650.0,1,1,1,1,33,15,4,1
43305.0,9325.0,1,1,0,1,36,12,4,1
52737.0,4766.0,1,1,1,0,33,13,2,1
44754.0,-5500.0,0,1,0,1,37,18,1,0
70872.0,242674.0,1,1,1,1,52,12,2,1
54879.0,26950.0,1,1,1,1,34,14,5,1
40581.0,413.0,0,1,1,1,51,12,4,1
52557.0,-5800.0,0,1,0,1,36,13,4,1
17550.0,5.0,0,1,0,0,34,16,1,0
28800.0,2750.0,0,1,1,0,36,12,4,1
45210.0,7920.0,0,1,1,1,36,14,6,1
35196.0,-3490.0,0,1,0,1,36,10,2,0
31845.0,112749.0,0,1,1,0,39,13,3,1
28194.0,19799.0,0,1,1,1,61,12,2,1
16068.0,-1300.0,0,1,0,0,26,13,2,0
30138.0,4499.0,0,1,1,1,50,12,4,1
24210.0,600.0,0,1,1,0,30,16,1,0
63660.0,-5501.0,0,1,0,0,33,13,2,1
17913.0,499.0,0,1,0,0,55,14,1,0
31014.0,249.0,0,1,0,1,33,14,1,0
13260.0,-18000.0,0,1,1,0,55,12,1,0
29046.0,-8300.0,0,1,1,1,38,12,5,1
25002.0,36500.0,0,1,1,0,37,13,3,0
57096.0,-301.0,1,1,0,1,29,14,3,1
29376.0,34000.0,0,1,1,1,34,14,1,0
20028.0,-268.0,0,1,1,0,41,16,2,0
33738.0,16200.0,0,1,1,1,36,12,5,1
34545.0,50248.0,0,1,1,0,50,13,2,1
27261.0,-451.0,0,1,1,1,42,12,4,1
68610.0,42800.0,0,1,1,1,45,17,4,1
16320.0,0.0,0,1,0,0,51,12,10,1
52236.0,31847.0,1,1,0,1,29,17,4,1
55167.0,151548.0,1,1,1,1,56,1,4,1
75384.0,3899.0,1,1,0,0,49,12,5,1
85839.0,4250.0,0,1,0,1,52,16,2,0
52590.0,14500.0,0,1,1,1,49,12,2,1
36000.0,100.0,0,1,1,0,32,12,3,1
138441.0,144426.0,1,1,1,1,45,16,2,1
64245.0,12650.0,1,1,0,1,41,12,4,1
36750.0,1400.0,0,1,0,0,36,18,4,0
30543.0,1934.0,0,1,1,1,34,14,3,0
59700.0,20000.0,0,1,0,1,39,18,3,1
24180.0,15999.0,0,1,1,1,61,8,2,0
67509.0,72000.0,1,1,1,1,37,17,5,1
54132.0,79700.0,0,1,0,0,56,17,1,0
65667.0,22610.0,1,1,1,0,37,12,4,1
27414.0,0.0,0,1,0,0,30,14,4,1
42642.0,4449.0,0,1,0,1,58,12,3,1
21924.0,8009.0,1,1,1,1,62,12,2,1
45747.0,-4452.0,0,1,1,0,27,12,4,1
62865.0,38300.0,1,1,1,1,31,16,2,1
18450.0,2640.0,0,1,1,0,32,12,1,0
0.0,16000.0,0,1,0,1,60,4,6,1
25317.0,-2051.0,1,1,1,1,28,12,3,1
20529.0,-2650.0,0,1,0,0,28,12,1,0
66123.0,7456.0,0,1,1,1,30,16,4,1
57672.0,37400.0,0,1,1,1,55,12,3,1
46416.0,-2350.0,0,1,1,1,30,18,1,0
38307.0,178935.0,1,1,1,1,63,14,1,0
55305.0,17500.0,1,1,1,1,36,15,3,1
13362.0,-1600.0,0,1,0,1,54,10,1,1
55782.0,26500.0,1,1,1,1,34,16,1,0
24120.0,1323.0,0,1,1,1,34,9,3,0
56028.0,19431.0,0,1,1,1,38,14,4,1
28080.0,18930.0,0,1,0,1,43,12,5,1
28683.0,327.0,0,1,1,0,26,12,3,1
200997.0,298000.0,1,1,1,1,58,17,3,1
52437.0,19515.0,0,1,1,1,47,17,4,1
62778.0,5636.0,0,1,1,1,43,12,4,1
62553.0,171850.0,1,1,1,1,47,12,6,1
36720.0,37348.0,1,1,1,1,55,8,2,1
20796.0,15899.0,1,1,1,0,38,14,1,0
90300.0,38100.0,1,1,1,1,35,18,3,1
12750.0,725.0,0,1,0,0,41,13,6,1
31050.0,15250.0,0,1,1,1,35,15,3,1
48798.0,-2450.0,0,1,0,0,27,12,1,1
19806.0,25570.0,0,1,1,1,39,14,4,1
30318.0,6444.0,0,1,0,1,43,13,1,0
45045.0,40949.0,1,1,1,1,50,14,1,0
39786.0,30000.0,1,1,0,1,44,14,3,0
38754.0,70349.0,1,1,1,1,61,12,5,1
59430.0,17600.0,0,1,0,1,37,13,4,1
34596.0,3559.0,0,1,1,1,39,14,4,0
49362.0,10280.0,1,1,1,1,26,16,2,1
17340.0,1500.0,0,1,1,1,59,10,4,1
46824.0,13700.0,1,1,0,0,53,13,2,1
19173.0,950.0,0,1,1,0,44,12,1,0
15444.0,-3070.0,0,1,0,1,43,16,7,0
41439.0,28361.0,0,1,1,0,37,14,1,0
57363.0,25600.0,0,1,1,1,32,18,3,1
19263.0,3300.0,0,1,1,0,48,12,5,1
80694.0,33500.0,0,1,0,1,34,10,3,1
91362.0,70899.0,1,1,1,1,49,16,3,1
57678.0,26299.0,0,1,1,0,46,12,2,0
17547.0,94050.0,1,1,1,1,48,10,2,0
86847.0,74972.0,1,1,1,1,41,16,5,1
19548.0,200.0,0,1,0,0,26,12,1,0
34356.0,-3424.0,0,1,0,1,26,11,4,1
10761.0,0.0,0,1,0,0,53,12,1,0
50646.0,63595.0,0,1,1,0,54,12,3,1
39366.0,-1126.0,0,1,1,0,36,13,4,1
27276.0,9223.0,0,1,0,0,56,12,1,0
33336.0,43999.0,1,1,1,1,42,13,5,1
34800.0,-3120.0,0,1,1,1,25,12,2,1
81690.0,98900.0,1,1,1,1,57,18,4,1
27966.0,-470.0,0,1,1,1,27,16,2,1
48120.0,20300.0,1,1,1,1,44,15,4,1
49107.0,45399.0,1,1,1,1,52,12,3,1
54582.0,5999.0,0,1,0,1,56,12,2,1
18750.0,6100.0,0,1,1,0,30,12,4,0
12810.0,500.0,0,1,1,0,29,12,1,0
42804.0,-2650.0,0,1,1,1,25,14,2,1
62463.0,5500.0,1,1,1,1,48,16,4,1
41715.0,-2751.0,0,1,1,1,50,12,4,1
30654.0,-1.0,0,1,0,1,41,12,3,1
31680.0,15508.0,1,1,1,1,56,12,1,0
29937.0,-3500.0,0,1,1,1,31,12,6,1
54585.0,70150.0,0,1,1,1,43,18,2,0
32850.0,-2000.0,0,1,0,0,40,13,3,0
45546.0,-3682.0,0,1,0,1,40,18,4,1
30225.0,26421.0,0,1,1,0,45,14,2,0
47790.0,36270.0,1,1,1,1,56,12,3,1
44529.0,44100.0,0,1,1,1,39,18,1,0
13140.0,10080.0,0,1,0,0,59,4,4,1
41781.0,25800.0,1,1,1,1,46,12,4,1
30120.0,36199.0,0,1,0,1,45,12,1,0
18477.0,-1950.0,0,1,1,1,33,14,1,0
68817.0,549.0,0,1,1,1,34,15,5,1
81282.0,61400.0,1,1,0,1,54,18,1,0
79920.0,49850.0,1,1,0,1,43,12,4,1
40488.0,-4270.0,0,1,1,1,38,16,4,1
44292.0,1905.0,0,1,1,1,51,12,8,1
36906.0,-387.0,0,1,0,1,47,12,4,1
24144.0,-400.0,0,1,0,1,34,12,3,1
44838.0,828.0,0,1,1,1,47,11,3,1
24780.0,10900.0,0,1,1,1,42,18,3,0
22638.0,2150.0,0,1,0,0,46,12,2,0
24432.0,-3070.0,0,1,0,1,34,13,3,1
56580.0,181500.0,1,1,1,1,47,12,2,1
72300.0,-7001.0,0,1,0,1,45,14,5,1
55542.0,76400.0,1,1,1,1,32,16,2,1
59235.0,13450.0,1,1,0,1,44,12,4,1
39312.0,8800.0,0,1,1,1,48,10,2,1
29784.0,3500.0,0,1,0,1,60,12,1,0
27675.0,690.0,0,1,1,1,49,12,3,1
39204.0,299.0,0,1,0,0,43,12,2,0
65844.0,-37.0,0,1,0,1,31,16,4,1
21534.0,6975.0,0,1,0,0,28,13,3,1
41082.0,26359.0,1,1,1,1,59,12,2,1
39705.0,71569.0,1,1,0,1,39,13,4,1
26865.0,6513.0,0,1,1,0,34,13,3,0
39255.0,5300.0,0,1,1,0,37,16,2,0
49701.0,29767.0,1,1,1,1,48,12,4,1
30780.0,-180.0,0,1,0,1,51,14,5,1
15699.0,33350.0,0,1,1,1,46,12,3,1
53340.0,10250.0,0,1,1,1,27,13,2,1
90996.0,6800.0,1,1,1,0,31,18,1,0
84063.0,522380.0,1,1,1,1,48,16,5,1
25500.0,3000.0,0,1,1,0,45,12,2,1
23892.0,5249.0,0,1,1,0,35,14,1,0
38253.0,-500.0,0,1,1,0,36,14,5,1
63915.0,33567.0,0,1,1,1,46,12,2,1
42150.0,5500.0,0,1,1,0,26,18,1,0
146577.0,778628.0,1,1,1,1,43,13,5,1
48732.0,17300.0,0,1,1,1,41,12,4,1
70971.0,121853.0,1,1,1,1,58,18,1,0
47094.0,43975.0,0,1,1,1,43,14,4,1
35607.0,250.0,0,1,0,1,32,13,6,1
73830.0,11400.0,1,1,0,1,58,15,6,1
36342.0,31075.0,0,1,1,1,59,13,1,0
27000.0,-7850.0,0,1,0,0,48,13,2,1
19302.0,-377.0,0,1,1,1,36,12,1,0
68388.0,11886.0,0,1,1,1,40,14,4,1
73194.0,13370.0,1,1,1,1,43,16,4,1
36390.0,2500.0,0,1,1,1,31,16,1,0
51090.0,6957.0,1,1,0,1,53,15,3,1
35130.0,25200.0,1,1,0,0,33,16,1,0
64656.0,-6393.0,0,1,1,1,47,17,4,1
31209.0,-250.0,0,1,0,1,43,10,2,1
49596.0,32100.0,1,1,1,1,43,13,3,1
67500.0,179800.0,1,1,1,1,51,16,1,0
156036.0,114000.0,1,1,1,1,53,17,3,1
48042.0,17199.0,0,1,0,1,50,12,5,1
76827.0,36450.0,0,1,1,1,51,18,3,1
32994.0,29692.0,0,1,1,1,36,15,1,0
114573.0,49099.0,1,1,0,1,56,12,3,1
55920.0,5940.0,1,1,0,1,31,18,4,1
51960.0,-9500.0,0,1,0,1,34,13,2,1
3900.0,-64.0,0,1,0,0,46,12,4,1
24045.0,140.0,0,1,1,1,36,18,1,0
61866.0,440.0,0,1,0,1,49,12,5,1
38772.0,44963.0,1,1,1,1,37,17,1,0
29832.0,36600.0,1,1,1,1,61,12,1,0
24558.0,29999.0,0,1,1,1,41,16,4,1
70746.0,56700.0,1,1,0,1,36,16,2,1
63606.0,-11700.0,0,1,1,1,34,13,2,1
66921.0,117999.0,1,1,1,1,60,12,2,1
58302.0,-6201.0,0,1,1,1,36,14,5,1
58323.0,24448.0,0,1,1,1,31,18,4,1
30147.0,19472.0,1,1,0,0,35,14,2,1
18594.0,-25.0,0,1,0,0,26,12,3,0
35142.0,92810.0,0,1,0,0,49,16,1,0
73890.0,205385.0,0,1,1,1,54,12,2,1
29343.0,-6109.0,0,1,0,1,31,15,2,1
20196.0,-4564.0,0,1,1,1,33,12,4,1
54954.0,87200.0,0,1,1,1,33,12,2,1
135114.0,139560.0,1,1,1,1,43,14,2,1
46500.0,46150.0,1,1,1,0,32,18,2,1
27204.0,900.0,0,1,0,0,43,12,1,0
37218.0,7900.0,1,1,1,0,27,16,1,0
13500.0,172.0,0,1,1,0,34,14,1,0
27945.0,110000.0,1,1,0,1,56,12,2,0
55563.0,56053.0,1,1,0,1,37,16,2,1
33270.0,3400.0,0,1,1,0,34,12,4,1
21600.0,0.0,0,1,0,1,31,12,1,0
11604.0,43000.0,0,1,1,1,38,5,4,1
73722.0,3200.0,0,1,1,1,42,12,5,1
73614.0,90762.0,0,1,1,1,60,12,2,1
67470.0,266499.0,0,1,0,1,36,18,3,1
28143.0,100.0,0,1,1,0,41,12,4,1
49848.0,23250.0,1,1,1,1,50,18,3,0
24540.0,24210.0,0,1,1,1,50,12,4,1
33150.0,10020.0,0,1,1,1,35,12,5,1
120069.0,4000.0,0,1,0,1,45,18,4,1
64995.0,-36000.0,1,1,1,0,30,16,1,0
21639.0,249.0,0,1,0,1,42,12,4,1
19422.0,93.0,0,1,1,0,36,12,2,0
20805.0,5300.0,0,1,1,0,35,14,1,0
61230.0,154000.0,0,1,1,1,35,18,1,0
20460.0,11500.0,0,1,1,1,31,11,2,0
60369.0,31900.0,1,1,1,1,30,16,1,0
12774.0,-3074.0,0,1,0,0,44,13,1,0
25488.0,6200.0,0,1,1,1,51,15,1,0
46872.0,23998.0,0,1,0,1,43,13,4,1
62592.0,-20892.0,0,1,1,1,31,16,3,1
28215.0,18799.0,0,1,1,1,28,12,5,1
94614.0,26130.0,0,1,1,1,38,13,2,1
51798.0,1299.0,0,1,1,1,42,12,4,1
49959.0,40000.0,1,1,1,1,33,16,4,1
102108.0,75000.0,1,1,1,1,49,18,4,1
34062.0,4356.0,0,1,1,0,34,14,1,0
100008.0,73800.0,0,1,1,1,53,1,2,1
30600.0,1214.0,0,1,1,0,49,16,5,1
35100.0,13000.0,0,1,1,1,42,12,4,1
88770.0,21838.0,0,1,1,1,38,16,4,1
78243.0,-3230.0,0,1,1,1,52,14,4,1
21384.0,0.0,0,1,1,0,30,13,1,0
38859.0,34948.0,0,1,0,1,40,16,4,1
63954.0,-25570.0,0,1,0,1,42,16,6,1
42600.0,-680.0,0,1,1,1,38,13,3,1
63630.0,58110.0,1,1,1,1,53,18,1,0
22668.0,41899.0,0,1,1,1,44,12,6,1
43470.0,-700.0,0,1,1,0,41,13,5,1
121173.0,152500.0,1,1,1,1,48,13,3,1
17505.0,29.0,0,1,1,1,30,11,3,1
27120.0,-4875.0,0,1,0,1,31,12,2,1
20400.0,7000.0,0,1,1,1,45,12,2,1
56754.0,242658.0,1,1,1,1,48,16,3,1
29121.0,1400.0,0,1,1,1,41,12,4,1
53154.0,25136.0,1,1,1,1,35,16,2,1
104190.0,105798.0,0,1,1,1,36,16,4,1
44466.0,39197.0,0,1,1,1,33,16,5,1
30060.0,1349.0,0,1,1,0,26,16,1,0
36180.0,8500.0,0,1,0,0,36,14,1,0
26484.0,13499.0,0,1,1,1,61,12,4,1
110643.0,79400.0,1,1,1,1,53,12,2,1
19488.0,3500.0,0,1,1,1,33,12,4,1
33060.0,3000.0,0,1,1,1,44,12,3,0
19380.0,0.0,0,1,0,1,63,12,3,1
50235.0,3249.0,0,1,1,0,45,16,2,0
35322.0,-1222.0,0,1,0,1,38,16,3,0
16320.0,5000.0,0,1,1,0,59,9,5,1
21933.0,2400.0,0,1,1,0,33,12,1,0
28935.0,10549.0,0,1,1,1,32,12,4,1
46920.0,45000.0,0,1,1,0,59,12,6,1
66102.0,125821.0,1,1,1,1,39,17,2,1
7938.0,-2130.0,0,1,0,0,31,16,1,0
64200.0,99000.0,1,1,0,1,44,18,1,0
32361.0,11800.0,0,1,1,1,33,12,1,0
28980.0,350.0,0,1,0,1,34,12,6,1
50082.0,28000.0,0,1,0,0,37,16,3,1
21240.0,-502302.0,0,1,0,1,46,13,4,1
55743.0,-1600.0,0,1,1,1,48,12,4,1
33498.0,6530.0,0,1,1,0,32,18,2,1
62400.0,92446.0,1,1,1,1,53,12,3,1
24009.0,200.0,0,1,1,0,36,12,1,0
54627.0,62198.0,1,1,1,1,44,14,1,0
32271.0,-2480.0,0,1,1,1,31,12,5,1
108840.0,78656.0,1,1,1,1,41,16,2,1
66477.0,82015.0,1,1,1,1,51,12,3,1
19800.0,2500.0,0,1,1,0,38,8,2,0
72165.0,83200.0,1,1,1,1,44,17,3,1
15888.0,0.0,0,1,0,0,28,14,1,0
21000.0,-2347.0,0,1,0,0,41,14,1,0
18216.0,-5875.0,0,1,1,0,31,13,3,0
76050.0,82734.0,1,1,1,1,53,13,4,1
29916.0,-4493.0,0,1,1,1,27,8,4,1
54591.0,21900.0,0,1,1,1,40,16,1,0
73902.0,32550.0,0,1,1,1,26,16,2,1
51804.0,164000.0,1,1,1,1,54,12,3,1
21456.0,-21020.0,0,1,1,0,25,13,1,0
50682.0,186605.0,1,1,1,1,52,12,2,1
22542.0,30900.0,1,1,0,1,47,12,3,1
18168.0,-3000.0,0,1,0,1,43,9,7,1
22044.0,9649.0,0,1,1,1,44,12,4,1
42561.0,15123.0,1,1,1,1,38,12,9,1
30408.0,600.0,0,1,1,1,37,12,4,1
28830.0,0.0,0,1,1,0,31,12,2,0
16347.0,-6.0,0,1,1,1,35,14,4,1
43728.0,-2384.0,0,1,1,1,30,13,4,1
52248.0,66947.0,1,1,1,0,46,13,3,0
59841.0,-1812.0,0,1,1,1,27,16,3,1
88971.0,118000.0,1,1,1,1,39,14,3,1
60300.0,18500.0,1,1,1,1,35,16,2,1
25941.0,10000.0,0,1,1,1,33,12,4,1
66033.0,18315.0,1,1,1,1,43,18,4,1
51645.0,5521.0,0,1,0,1,45,17,2,0
22950.0,13800.0,0,1,1,0,43,12,1,0
18198.0,2200.0,0,1,1,0,26,12,2,0
25080.0,-520.0,0,1,1,1,31,14,4,1
61575.0,56943.0,1,1,1,1,47,18,3,1
54906.0,2798.0,0,1,1,1,30,18,5,1
39597.0,45598.0,0,1,1,1,36,13,4,1
40557.0,-7119.0,0,1,0,1,42,12,4,1
39828.0,5500.0,0,1,0,1,40,12,4,1
101637.0,105799.0,1,1,1,1,39,16,4,1
63207.0,6180.0,0,1,1,1,32,17,2,1
27240.0,130000.0,0,1,1,1,62,12,1,0
69138.0,9000.0,0,1,1,1,43,15,3,1
27015.0,-1951.0,0,1,1,0,31,13,1,0
21300.0,42000.0,0,1,1,1,36,12,6,1
40596.0,1575.0,0,1,1,0,38,14,4,1
43920.0,24972.0,0,1,1,1,49,12,2,0
85755.0,114200.0,0,1,1,1,36,16,1,0
27291.0,12550.0,0,1,1,1,44,12,1,0
63000.0,127180.0,1,1,1,1,53,15,4,1
31596.0,2119.0,0,1,1,1,42,12,4,1
26739.0,3400.0,0,1,1,0,34,12,1,0
77280.0,106000.0,0,1,1,1,57,18,2,0
37056.0,2000.0,0,1,1,0,33,12,4,1
15600.0,13200.0,0,1,1,1,27,12,1,0
78762.0,17600.0,1,1,0,1,44,18,4,1
36420.0,9500.0,0,1,0,0,43,17,1,0
34308.0,2300.0,0,1,1,0,33,12,4,1
10545.0,1031.0,0,1,1,0,25,13,1,0
20646.0,10699.0,0,1,1,1,53,12,3,1
79404.0,95300.0,1,1,1,1,56,18,1,0
86814.0,18300.0,1,1,1,1,35,17,4,1
101946.0,99199.0,1,1,1,1,58,14,2,1
59400.0,2850.0,0,1,1,0,30,16,4,1
66150.0,-1290.0,0,1,1,1,28,14,4,1
79548.0,147300.0,1,1,1,1,46,16,4,1
36027.0,20249.0,0,1,1,1,59,12,2,1
19200.0,1120.0,0,1,1,1,58,12,1,0
83250.0,84000.0,0,1,1,1,39,13,2,1
41538.0,16100.0,0,1,1,1,53,12,3,1
82995.0,6400.0,1,1,1,1,38,15,5,1
40917.0,11909.0,0,1,1,1,44,12,5,1
65151.0,54244.0,1,1,1,1,38,15,3,1
39132.0,13706.0,1,1,1,1,43,14,4,1
16860.0,1425.0,0,1,1,1,33,12,1,0
50430.0,10499.0,0,1,0,1,50,12,3,1
77697.0,73816.0,1,1,1,1,45,17,4,1
62112.0,3000.0,0,1,1,1,42,12,7,1
17100.0,-6290.0,0,1,0,1,36,13,5,1
70779.0,384150.0,1,1,1,1,63,16,3,1
31242.0,-3420.0,0,1,0,1,51,1,4,0
120420.0,4000.0,0,1,1,1,49,18,3,1
83319.0,6800.0,0,1,1,0,46,12,3,1
54327.0,12349.0,0,1,1,1,45,12,8,1
71844.0,50594.0,1,1,1,1,43,16,4,1
62490.0,61550.0,1,1,1,1,30,14,3,1
32430.0,-2218.0,0,1,1,1,49,14,1,0
12156.0,1000.0,1,1,1,0,36,12,3,0
61176.0,79150.0,1,1,1,1,40,13,5,1
43707.0,158.0,0,1,1,1,42,12,5,1
20901.0,2225.0,0,1,1,0,32,15,5,1
67836.0,43502.0,1,1,1,1,39,18,6,1
20160.0,4200.0,0,1,1,1,36,12,5,0
95178.0,39950.0,1,1,1,1,51,14,3,1
71346.0,26700.0,0,1,0,1,38,12,3,1
67335.0,21000.0,1,1,1,1,50,16,4,1
46302.0,-700.0,0,1,1,1,30,13,3,1
31689.0,25270.0,0,1,1,1,58,4,2,1
48138.0,77900.0,1,1,1,1,62,12,3,1
46404.0,107999.0,1,1,1,1,64,12,2,1
29664.0,-4300.0,0,1,0,0,31,12,3,1
54558.0,-13190.0,0,1,1,1,26,15,2,1
30105.0,100.0,0,1,0,1,44,12,2,1
36300.0,4700.0,0,1,1,1,32,16,1,0
31224.0,2300.0,0,1,1,0,35,14,1,0
51840.0,191800.0,1,1,1,1,46,14,2,0
32433.0,10050.0,0,1,1,0,43,15,2,0
39816.0,-3000.0,0,1,0,1,40,16,5,0
57774.0,41300.0,0,1,1,1,34,16,4,1
43887.0,2799.0,0,1,1,1,53,12,2,1
23550.0,11200.0,0,1,1,0,30,16,1,0
62856.0,7470.0,0,1,1,1,43,18,4,1
40647.0,-4933.0,0,1,1,0,27,14,2,1
47361.0,-1200.0,0,1,1,1,32,12,5,1
71421.0,0.0,1,1,1,1,52,18,1,0
51897.0,65950.0,1,1,1,1,50,14,2,1
29880.0,44237.0,0,1,1,1,62,11,1,0
54600.0,148600.0,1,1,1,1,48,18,2,0
76899.0,361990.0,1,1,1,1,54,15,2,1
30765.0,25999.0,0,1,1,1,53,18,1,0
135447.0,5300.0,0,1,1,1,32,18,4,1
35472.0,60398.0,0,1,1,0,51,4,2,0
39600.0,2591.0,0,1,1,1,28,16,2,1
46200.0,16050.0,1,1,1,1,34,16,1,0
19596.0,-1200.0,0,1,1,0,41,12,2,0
35385.0,500.0,0,1,0,0,29,14,3,1
57228.0,9181.0,0,1,0,0,33,12,4,1
44442.0,-5000.0,0,1,1,1,26,15,3,1
46929.0,17250.0,1,1,0,1,37,12,4,1
25740.0,-4830.0,0,1,1,1,31,12,3,1
46155.0,53948.0,1,1,1,1,55,10,5,1
50610.0,7609.0,0,1,1,1,41,14,3,1
55545.0,71197.0,1,1,1,1,60,12,2,1
16596.0,2300.0,0,1,1,0,27,12,4,1
29886.0,21950.0,1,1,1,1,47,10,4,1
30264.0,29759.0,0,1,1,0,25,16,1,0
33744.0,-1678.0,0,1,1,0,29,15,2,1
10830.0,1679.0,0,1,1,1,56,12,2,0
20403.0,75.0,0,1,0,0,26,12,1,0
64935.0,-1644.0,0,1,1,0,29,12,4,1
25605.0,-4810.0,1,1,1,0,27,1,1,0
48780.0,-14700.0,0,1,0,1,40,15,2,1
29250.0,4000.0,0,1,1,0,45,12,4,1
41724.0,-1565.0,0,1,1,0,32,9,2,1
27390.0,9334.0,0,1,1,1,44,14,4,1
28740.0,17450.0,0,1,1,1,34,13,6,1
43563.0,10300.0,0,1,1,1,34,15,2,0
31131.0,5327.0,0,1,0,0,42,13,3,0
24192.0,-2760.0,0,1,1,0,26,12,3,1
42924.0,9100.0,0,1,1,1,33,12,1,0
17655.0,835.0,0,1,1,1,32,15,1,0
38973.0,-20700.0,0,1,1,1,41,13,3,0
94737.0,171738.0,1,1,1,1,33,16,5,1
50304.0,314.0,0,1,0,1,44,15,3,1
70974.0,107669.0,1,1,1,0,64,12,4,1
37986.0,14100.0,0,1,1,1,48,12,3,1
63012.0,21200.0,1,1,1,1,49,13,4,1
38418.0,71000.0,1,1,1,1,59,12,2,1
17760.0,7507.0,0,1,1,1,34,12,1,0
20325.0,8137.0,0,1,1,0,44,12,1,0
43887.0,33546.0,1,1,1,0,34,18,1,0
60120.0,82249.0,1,1,1,1,39,15,3,1
25500.0,1500.0,0,1,1,0,38,12,1,0
44052.0,136700.0,1,1,1,0,54,14,2,1
50025.0,21844.0,0,1,1,1,36,16,4,1
24138.0,-280.0,0,1,1,1,33,12,4,1
56217.0,16783.0,0,1,1,1,28,16,4,1
55662.0,5938.0,0,1,1,1,34,16,4,1
25500.0,600.0,0,1,1,1,33,12,4,1
57300.0,5000.0,0,1,1,1,42,15,5,1
23577.0,4000.0,0,1,0,1,38,16,1,0
20406.0,-660.0,0,1,1,0,46,12,5,1
99480.0,109399.0,1,1,0,1,35,18,3,1
28233.0,24745.0,1,1,1,1,52,12,3,1
42345.0,3150.0,0,1,1,0,28,16,3,1
179100.0,983000.0,0,1,1,1,47,16,2,1
42840.0,19800.0,0,1,1,1,44,12,6,1
65334.0,46583.0,0,1,1,1,42,12,4,1
39744.0,11749.0,0,1,1,1,37,12,3,1
45690.0,2100.0,1,1,0,1,39,12,5,1
34329.0,-30.0,0,1,0,0,36,17,1,0
32343.0,74450.0,0,1,1,1,37,16,1,0
57150.0,2200.0,0,1,1,1,34,16,4,1
70545.0,134069.0,1,1,1,1,43,18,6,1
49422.0,7327.0,1,1,0,1,44,12,3,1
10200.0,0.0,0,1,0,0,58,12,2,0
32805.0,2072.0,0,1,1,1,55,12,3,1
29784.0,779.0,0,1,0,1,62,12,5,1
78801.0,50499.0,0,1,1,1,53,12,2,1
15579.0,280.0,0,1,1,0,32,12,4,0
54846.0,-9925.0,0,1,1,1,28,18,3,1
101532.0,8565.0,1,1,0,1,49,14,2,1
59952.0,93783.0,1,1,1,1,39,16,4,1
29295.0,-383.0,0,1,1,1,45,12,8,1
91653.0,240464.0,1,1,1,1,40,18,4,1
32118.0,61899.0,1,1,1,0,58,12,1,1
61920.0,29857.0,1,1,1,1,36,13,4,1
70260.0,28400.0,1,1,1,1,32,18,3,1
64800.0,66500.0,1,1,1,0,47,16,1,0
93915.0,2125.0,1,1,1,1,34,16,4,1
52800.0,100300.0,1,1,0,1,51,17,2,1
39732.0,16000.0,1,1,0,1,39,12,5,1
42513.0,19000.0,0,1,1,1,28,12,4,1
70974.0,24042.0,1,1,1,1,36,17,3,1
48921.0,-3301.0,0,1,1,1,36,14,5,1
75144.0,1250.0,1,1,1,1,57,12,3,1
48252.0,41588.0,1,1,1,0,44,14,1,0
10863.0,1100.0,0,1,0,1,58,12,4,1
16860.0,4000.0,0,1,1,0,46,12,4,1
50400.0,65323.0,1,1,1,1,41,16,4,1
34770.0,-17501.0,0,1,0,1,46,14,4,1
33705.0,35303.0,1,1,1,1,54,10,2,0
10203.0,-200.0,0,1,1,0,37,9,1,0
39627.0,22484.0,0,1,1,1,36,14,3,1
123111.0,31971.0,1,1,1,1,55,18,2,1
48996.0,12700.0,1,1,1,1,38,15,3,1
84759.0,99300.0,1,1,1,1,41,12,4,1
52434.0,10000.0,0,1,0,1,42,14,1,0
31350.0,15000.0,1,1,0,1,56,12,3,1
70092.0,17049.0,0,1,1,1,51,18,5,1
55716.0,-2900.0,0,1,0,1,43,14,5,1
24048.0,5399.0,0,1,1,1,51,12,2,1
52920.0,26974.0,1,1,1,1,40,18,3,1
54996.0,-4300.0,0,1,0,1,37,12,4,1
38940.0,1300.0,0,1,1,1,34,15,4,1
57420.0,10400.0,0,1,1,1,44,12,2,1
43302.0,9406.0,0,1,1,0,29,11,4,1
39255.0,2699.0,0,1,1,1,43,14,5,1
143781.0,8250.0,0,1,1,1,29,17,3,1
33606.0,-49376.0,0,1,1,0,37,13,4,1
29754.0,16782.0,0,1,1,0,28,12,1,0
71010.0,102705.0,0,1,1,1,45,16,4,1
76233.0,20080.0,0,1,0,1,46,13,4,1
38190.0,11612.0,0,1,1,1,34,12,4,1
54594.0,8349.0,0,1,1,1,40,14,4,1
26550.0,599.0,0,1,0,1,28,12,4,1
69162.0,53821.0,0,1,1,1,56,12,7,1
16512.0,4500.0,0,1,1,1,42,13,1,0
21750.0,14600.0,0,1,1,1,51,12,2,0
38484.0,-17818.0,0,1,1,1,33,15,3,1
37188.0,2399.0,0,1,1,0,40,16,3,0
39000.0,1134098.0,1,1,1,1,38,18,1,0
44604.0,6000.0,1,1,1,1,38,15,2,1
42204.0,9346.0,1,1,1,0,30,15,3,1
29019.0,1948.0,0,1,1,1,34,14,5,1
100116.0,35831.0,1,1,1,1,47,14,4,1
38496.0,3400.0,0,1,0,1,43,16,4,1
106272.0,115100.0,1,1,1,1,44,14,4,1
55815.0,54100.0,1,1,1,1,40,12,4,1
38640.0,0.0,0,1,0,0,34,12,1,0
164097.0,523535.0,1,1,1,1,36,18,2,1
34710.0,3971.0,1,1,0,0,31,13,4,1
33993.0,1265.0,0,1,1,1,40,12,1,0
55986.0,-5600.0,0,1,0,0,45,13,6,1
18726.0,-600.0,0,1,0,1,42,12,4,0
34986.0,4007.0,0,1,1,0,50,16,1,0
57180.0,44000.0,1,1,1,1,43,16,3,0
44472.0,-5250.0,0,1,1,1,38,12,5,1
42960.0,-5000.0,0,1,0,0,40,16,1,0
58632.0,107750.0,1,1,1,1,31,16,5,1
49050.0,256699.0,0,1,1,1,55,14,2,0
35913.0,66049.0,0,1,0,1,45,12,4,1
31242.0,-10100.0,0,1,0,0,35,12,3,1
36531.0,6259.0,0,1,1,1,37,12,5,1
93120.0,116632.0,1,1,1,1,39,18,2,0
83460.0,133600.0,1,1,1,1,53,16,4,0
80211.0,28000.0,1,1,1,1,47,12,2,1
27171.0,23915.0,1,1,1,1,42,13,2,0
69870.0,37699.0,1,1,1,1,50,12,4,1
20700.0,-3250.0,0,1,0,1,30,10,5,1
32364.0,-2001.0,0,1,1,1,35,12,1,0
38610.0,16500.0,0,1,1,1,38,17,1,0
31260.0,-36000.0,0,1,1,0,50,16,1,0
22914.0,-567.0,0,1,1,1,26,1,4,1
76104.0,152500.0,1,1,1,1,63,18,2,0
101331.0,630632.0,1,1,1,1,50,17,1,0
35535.0,1500.0,0,1,0,1,33,12,2,1
26682.0,3600.0,0,1,1,1,43,12,5,1
21480.0,0.0,0,1,0,0,44,12,1,0
33903.0,-2985.0,0,1,0,1,42,18,3,0
27000.0,12080.0,0,1,1,1,36,12,4,1
28179.0,400.0,1,1,0,0,33,13,1,0
40800.0,-59450.0,0,1,0,0,25,16,1,0
25647.0,13320.0,0,1,0,1,36,13,1,0
30714.0,-13229.0,0,1,1,0,33,12,5,1
49134.0,22899.0,0,1,1,1,41,12,5,1
67488.0,8350.0,0,1,1,1,39,12,5,1
44298.0,28470.0,1,1,0,1,43,16,5,1
17028.0,34739.0,0,1,1,1,38,14,3,1
38304.0,-1420.0,0,1,1,0,54,12,1,0
26598.0,-7400.0,0,1,0,1,34,15,3,1
85320.0,-12396.0,1,1,1,1,37,17,3,1
34842.0,4070.0,1,1,1,1,30,16,2,1
77424.0,302594.0,0,1,1,1,49,18,2,1
86700.0,145139.0,1,1,1,1,47,12,2,1
25245.0,-3380.0,0,1,0,1,28,14,2,1
70368.0,12000.0,0,1,0,1,26,16,2,1
21810.0,-680.0,0,1,1,1,34,10,5,1
28710.0,7850.0,0,1,1,0,35,14,1,0
14985.0,0.0,0,1,0,0,26,11,8,1
19296.0,39980.0,0,1,1,0,36,12,2,0
40296.0,91999.0,1,1,1,1,41,12,4,1
43326.0,13263.0,0,1,1,1,45,16,5,1
16884.0,3149.0,0,1,1,0,34,14,1,0
50250.0,47509.0,0,1,1,1,43,12,4,1
45750.0,139998.0,1,1,1,1,61,12,2,1
57678.0,63600.0,1,1,1,1,60,14,2,1
34692.0,18090.0,0,1,1,0,41,15,1,0
27132.0,7500.0,0,1,1,1,51,12,4,1
36618.0,-2000.0,0,1,0,0,29,15,1,0
94125.0,36100.0,1,1,1,1,29,16,2,1
26958.0,28760.0,1,1,1,1,32,16,1,0
56802.0,129011.0,1,1,1,1,44,16,4,1
30036.0,17350.0,0,1,1,1,30,16,4,1
31290.0,73499.0,0,1,1,1,54,12,4,1
12360.0,0.0,0,1,0,0,40,12,4,1
124020.0,71500.0,1,1,1,1,54,18,3,1
15756.0,18310.0,0,1,1,1,34,12,3,1
54045.0,-2551.0,1,1,1,1,46,18,1,0
14040.0,1000.0,0,1,1,0,40,12,2,0
74556.0,38355.0,1,1,1,1,35,15,2,1
52416.0,50100.0,1,1,1,1,42,13,4,1
128793.0,184549.0,1,1,1,1,39,18,4,1
11157.0,-2660.0,0,1,1,0,25,14,1,0
100491.0,58899.0,1,1,1,1,32,16,2,1
52110.0,113600.0,1,1,1,1,47,16,2,1
25392.0,59150.0,0,1,1,0,57,12,2,0
31230.0,-875.0,0,1,1,0,32,17,1,0
51600.0,2927.0,0,1,1,0,31,13,2,1
36600.0,5700.0,0,1,1,1,32,12,2,1
66210.0,13500.0,1,1,1,0,42,18,3,1
59166.0,46099.0,1,1,1,1,61,16,5,0
109653.0,169100.0,1,1,1,1,44,16,4,1
39450.0,23110.0,1,1,1,1,34,16,4,1
51234.0,4999.0,1,1,0,1,50,9,2,1
16590.0,13100.0,0,1,1,0,32,12,1,0
33414.0,16998.0,0,1,1,1,56,11,3,1
41415.0,5800.0,1,1,1,1,34,16,5,1
42144.0,27029.0,1,1,0,1,56,15,2,1
73641.0,28600.0,1,1,1,1,43,14,2,1
47826.0,22849.0,0,1,1,0,38,14,1,0
80664.0,32992.0,1,1,1,1,40,15,4,1
37641.0,6302.0,0,1,1,1,26,17,1,0
64731.0,10225.0,0,1,1,1,30,18,2,1
29655.0,881.0,1,1,1,0,26,12,2,0
63240.0,4150.0,1,1,1,0,46,18,2,1
54819.0,5617.0,0,1,1,1,34,16,2,1
88074.0,6457.0,1,1,0,1,44,18,4,1
52110.0,44000.0,1,1,1,1,50,17,2,0
31800.0,12510.0,0,1,1,1,38,12,5,1
13770.0,2300.0,0,1,1,0,45,12,8,0
24870.0,-550.0,0,1,0,1,38,14,3,0
70065.0,60499.0,0,1,1,1,50,17,1,0
54900.0,34678.0,0,1,1,1,29,16,4,1
30972.0,-4100.0,0,1,0,0,36,12,4,1
36000.0,11500.0,0,1,1,0,54,15,2,0
30762.0,70700.0,0,1,1,1,33,13,2,0
17037.0,0.0,0,1,0,0,39,12,1,0
24840.0,-4422.0,1,1,1,1,32,15,3,1
12084.0,0.0,0,1,0,1,49,12,1,0
53292.0,11999.0,0,1,1,1,53,12,4,1
19413.0,1303.0,0,1,1,0,34,12,1,0
128040.0,131630.0,1,1,1,1,60,18,3,1
25443.0,-9312.0,0,1,0,0,37,15,2,0
13503.0,2475.0,0,1,1,1,30,12,2,0
61500.0,84000.0,1,1,1,1,42,15,4,1
68772.0,52300.0,0,1,1,1,36,13,4,1
48966.0,48856.0,1,1,1,1,37,12,3,1
59769.0,77000.0,1,1,0,1,46,16,4,1
54993.0,1199.0,0,1,1,1,28,16,2,1
17400.0,-292.0,0,1,1,0,27,12,4,1
6765.0,1400.0,0,1,1,1,37,14,4,1
50220.0,54200.0,0,1,1,1,52,12,4,1
49668.0,25525.0,1,1,1,1,42,16,2,1
27768.0,-650.0,0,1,0,1,40,12,5,1
72648.0,7700.0,0,1,0,1,28,17,2,1
42252.0,66049.0,0,1,1,1,52,14,2,0
37359.0,-2038.0,0,1,0,1,61,12,2,1
66360.0,95474.0,1,1,1,1,52,15,3,1
91017.0,164392.0,1,1,1,1,46,14,4,1
29739.0,-7250.0,0,1,1,1,41,17,1,0
18240.0,41600.0,0,1,1,1,41,12,3,0
57843.0,7999.0,0,1,1,0,45,12,2,1
38820.0,5325.0,0,1,1,1,47,12,5,1
54015.0,4668.0,0,1,1,1,30,13,3,1
45270.0,7700.0,0,1,0,1,59,12,2,1
17079.0,15.0,0,1,1,0,39,9,5,1
38454.0,2976.0,0,1,1,1,30,13,4,1
38076.0,131663.0,1,1,1,1,61,11,2,0
44394.0,3487.0,0,1,0,1,26,14,2,1
23208.0,1411.0,0,1,1,0,31,16,1,0
73590.0,2600.0,0,1,1,1,34,13,4,1
39840.0,-1790.0,0,1,0,1,42,13,6,1
88596.0,79328.0,1,1,1,1,48,16,1,0
88980.0,12900.0,0,1,1,1,46,16,3,1
35124.0,-6640.0,0,1,1,0,35,15,2,0
135072.0,445500.0,1,1,1,1,62,17,4,1
14121.0,9057.0,1,1,0,1,32,12,1,0
74532.0,182010.0,1,1,1,1,41,18,2,1
96774.0,38250.0,0,1,1,1,44,15,3,1
48423.0,22800.0,0,1,1,1,47,12,2,1
27684.0,5545.0,1,1,0,0,62,14,2,1
32640.0,1000.0,0,1,0,1,60,13,2,1
28440.0,53800.0,1,1,1,1,60,12,2,1
37356.0,14825.0,0,1,1,1,52,13,3,1
35733.0,24450.0,0,1,1,1,42,12,5,1
69873.0,55906.0,0,1,1,1,51,12,4,1
16803.0,-3600.0,0,1,1,0,34,15,1,0
51816.0,18700.0,0,1,1,1,32,16,1,0
32913.0,6478.0,0,1,0,1,57,12,2,1
75057.0,68423.0,1,1,1,0,37,18,1,0
37377.0,28000.0,0,1,1,1,55,8,3,1
58758.0,14775.0,0,1,1,1,45,14,2,1
34425.0,-6460.0,0,1,1,1,40,12,4,1
67989.0,-107.0,0,1,0,1,45,12,2,1
86505.0,81700.0,1,1,1,1,29,18,3,1
12000.0,9750.0,0,1,1,0,31,12,1,0
32595.0,12500.0,0,1,1,1,61,5,3,1
9315.0,27500.0,1,1,1,0,36,18,1,0
71217.0,28100.0,1,1,1,1,47,16,2,1
65565.0,65391.0,1,1,1,1,50,17,4,1
38517.0,7200.0,0,1,1,1,48,13,4,1
41292.0,-124.0,1,1,1,1,45,13,5,1
43398.0,56300.0,1,1,0,1,57,16,2,1
18018.0,300.0,0,1,0,1,34,14,3,1
51150.0,28600.0,1,1,1,1,38,18,1,0
31500.0,301.0,0,1,0,0,37,15,6,1
24750.0,13499.0,0,1,0,0,31,16,1,0
21888.0,6465.0,0,1,1,0,39,12,2,0
40677.0,5863.0,1,1,1,1,40,12,4,1
48639.0,84050.0,0,1,1,1,52,14,5,0
89940.0,23799.0,1,1,1,1,48,14,5,1
101226.0,105000.0,1,1,1,1,40,16,6,1
37944.0,9305.0,0,1,1,1,39,12,4,1
38478.0,161.0,1,1,1,0,28,16,3,1
43164.0,6499.0,0,1,1,1,36,12,4,1
35064.0,-8100.0,0,1,0,0,30,18,1,0
192990.0,122000.0,1,1,1,1,49,14,3,1
29301.0,-12000.0,0,1,0,0,27,12,3,1
28560.0,59000.0,1,1,1,1,58,12,3,1
61524.0,56227.0,1,1,1,1,56,15,2,1
191715.0,142100.0,1,1,1,1,37,18,3,1
34791.0,27999.0,1,1,1,1,57,12,4,1
20094.0,1450.0,0,1,1,1,36,7,4,1
57603.0,-14351.0,0,1,1,1,35,12,2,1
43560.0,127174.0,0,1,1,1,51,16,1,0
34494.0,13800.0,0,1,1,1,26,13,2,1
32100.0,45000.0,1,1,1,1,43,15,1,0
36912.0,101408.0,1,1,1,1,56,12,3,1
40674.0,-550.0,0,1,1,0,35,10,2,1
43572.0,715.0,0,1,1,0,33,12,4,1
49635.0,8846.0,0,1,1,1,32,16,3,1
18279.0,-5946.0,0,1,1,0,35,12,3,0
38820.0,52000.0,0,1,1,0,60,14,1,0
47730.0,13250.0,1,1,1,0,47,16,1,0
67596.0,38500.0,1,1,1,1,41,18,1,0
59433.0,0.0,0,1,0,1,42,17,5,1
32838.0,42498.0,1,1,1,0,49,13,1,0
33804.0,-2500.0,0,1,0,1,42,13,2,0
92583.0,14549.0,0,1,1,1,47,18,3,1
69264.0,63176.0,0,1,1,1,37,16,4,1
27702.0,26800.0,1,1,1,1,61,12,8,1
47190.0,80799.0,1,1,1,1,53,13,1,0
25614.0,-2474.0,0,1,0,0,40,14,4,1
35082.0,-2485.0,0,1,0,0,48,12,4,1
102600.0,40999.0,1,1,1,1,53,16,5,1
30510.0,7280.0,0,1,1,0,38,14,2,0
23331.0,6701.0,1,1,1,1,36,15,3,0
30000.0,450.0,0,1,0,0,47,13,3,0
48588.0,14910.0,0,1,1,1,31,13,4,1
41031.0,60459.0,1,1,1,1,37,18,2,1
155196.0,87000.0,1,1,1,1,43,17,4,1
70668.0,4509.0,0,1,1,1,45,18,6,1
86574.0,1749.0,0,1,1,0,27,18,1,0
20400.0,450.0,0,1,1,1,36,12,4,1
22527.0,1149.0,0,1,0,0,43,13,1,0
28614.0,728.0,0,1,1,1,39,16,3,1
25260.0,3842.0,0,1,1,0,27,16,1,0
44697.0,8500.0,0,1,1,1,29,12,1,0
60651.0,-28701.0,0,1,0,1,36,9,4,1
13668.0,-4140.0,0,1,1,0,38,13,3,0
36900.0,35300.0,0,1,1,1,39,13,3,1
37995.0,7500.0,0,1,1,1,30,12,3,1
68175.0,22600.0,1,1,1,1,40,12,5,1
36036.0,18250.0,0,1,1,1,64,13,1,0
46383.0,1550.0,0,1,0,1,29,12,2,1
82488.0,-13701.0,1,1,1,1,34,16,4,1
29514.0,21750.0,0,1,1,0,28,12,1,1
53664.0,7500.0,0,1,1,1,28,12,3,1
42864.0,4800.0,0,1,1,0,32,14,2,1
35505.0,16250.0,1,1,1,1,25,12,3,1
39120.0,5000.0,0,1,1,1,39,6,7,1
69615.0,20390.0,1,1,1,0,28,13,2,1
58905.0,80749.0,1,1,1,1,43,12,4,1
101187.0,94675.0,0,1,1,1,55,12,5,1
42771.0,5480.0,0,1,1,0,29,15,1,0
36882.0,36145.0,0,1,1,1,35,12,3,1
8136.0,8849.0,0,1,1,1,56,12,2,1
22215.0,-6150.0,0,1,0,0,53,6,1,0
26526.0,-5715.0,0,1,1,1,42,12,4,1
18768.0,-1900.0,0,1,0,0,36,14,3,0
26730.0,15500.0,0,1,1,1,25,12,1,0
40446.0,-7817.0,0,1,1,0,35,14,3,1
118197.0,314600.0,1,1,1,1,47,16,4,1
55080.0,44043.0,0,1,1,1,54,12,2,1
25638.0,200.0,0,1,0,1,55,12,2,1
47184.0,61500.0,1,1,1,1,43,13,4,1
14496.0,1400.0,0,1,1,0,44,9,5,0
35520.0,33313.0,0,1,1,1,44,12,1,0
75282.0,77786.0,0,1,1,0,31,12,1,0
97845.0,203200.0,1,1,1,1,39,14,2,1
30105.0,1750.0,0,1,1,0,30,14,1,0
83610.0,49500.0,0,1,1,1,52,12,4,1
65976.0,28100.0,0,1,1,1,44,13,3,1
83610.0,30200.0,1,1,1,0,29,17,2,1
77016.0,77975.0,0,1,1,1,47,14,2,1
24546.0,18500.0,0,1,1,0,42,12,2,0
91536.0,87509.0,1,1,1,1,29,16,2,1
54144.0,21800.0,1,1,1,0,32,16,1,0
11880.0,1000.0,0,1,1,0,44,10,5,0
35706.0,28049.0,0,1,1,0,37,14,4,1
24117.0,12961.0,0,1,1,1,52,16,1,0
14076.0,-1645.0,0,1,1,0,35,12,4,1
24693.0,4763.0,0,1,1,1,27,12,3,1
53496.0,58675.0,1,1,1,1,42,13,4,1
25434.0,-337.0,0,1,0,1,51,12,3,0
21099.0,150.0,0,1,0,1,44,12,3,0
61800.0,-4770.0,0,1,0,1,47,12,5,1
73815.0,65612.0,1,1,1,1,57,17,3,1
99030.0,19000.0,1,1,1,1,38,16,3,1
30480.0,14950.0,0,1,1,1,35,16,1,0
31857.0,5800.0,0,1,1,0,33,12,4,1
40308.0,4947.0,0,1,1,0,41,12,5,1
31623.0,9500.0,1,1,1,0,33,18,1,0
29235.0,2200.0,0,1,1,0,29,18,2,0
17424.0,-1788.0,0,1,1,0,35,13,3,0
52965.0,18800.0,0,1,0,1,56,16,2,1
34950.0,79518.0,0,1,1,1,39,14,2,0
91725.0,-5373.0,0,1,1,1,44,14,3,1
67512.0,109800.0,1,1,1,1,37,13,4,1
13653.0,16500.0,0,1,1,1,55,14,2,0
73071.0,34030.0,1,1,1,1,34,12,4,1
31686.0,-120.0,0,1,0,1,28,13,4,1
132996.0,19500.0,0,1,1,1,56,18,6,1
54708.0,20849.0,0,1,1,1,45,12,1,0
38511.0,14903.0,0,1,1,1,49,8,2,1
55296.0,149700.0,1,1,1,1,50,12,1,0
95472.0,55050.0,1,1,1,1,33,18,3,1
68553.0,12299.0,0,1,1,1,47,16,2,0
65136.0,4700.0,0,1,1,1,49,13,3,1
50292.0,-6258.0,0,1,1,1,40,16,4,1
54252.0,17285.0,1,1,1,1,44,14,4,1
68010.0,24961.0,1,1,1,1,54,13,2,1
40854.0,9550.0,1,1,1,1,43,12,4,1
21588.0,-100.0,0,1,1,0,30,13,1,0
88134.0,113044.0,1,1,1,1,48,14,4,1
138942.0,174232.0,1,1,1,1,44,16,4,1
41922.0,6450.0,0,1,1,1,31,12,5,1
16779.0,98.0,0,1,1,1,39,12,4,1
12480.0,-10000.0,0,1,0,1,27,12,2,1
59331.0,177331.0,1,1,1,1,47,18,4,1
58689.0,2075.0,1,1,0,1,32,17,5,1
68352.0,52475.0,1,1,1,1,44,12,5,1
51141.0,375.0,0,1,0,1,41,12,4,1
24480.0,5400.0,1,1,1,0,51,14,1,0
49428.0,9322.0,0,1,1,0,27,16,2,1
26526.0,21068.0,1,1,1,1,33,12,1,0
63546.0,-17201.0,0,1,1,1,36,16,5,1
3780.0,-26180.0,0,1,1,0,33,16,4,1
23319.0,49949.0,1,1,1,1,56,12,5,1
45822.0,-19900.0,1,1,1,1,38,18,5,1
13800.0,4800.0,0,1,1,1,48,12,2,0
22242.0,400.0,0,1,0,0,43,14,2,0
39060.0,10423.0,0,1,1,0,45,15,2,0
80400.0,92899.0,1,1,1,1,47,13,6,1
30117.0,33075.0,0,1,1,0,33,18,4,1
54450.0,94599.0,1,1,1,1,63,12,2,1
36120.0,16900.0,0,1,0,0,42,18,1,0
28086.0,1499.0,0,1,1,0,38,12,4,1
59430.0,29000.0,0,1,1,0,35,14,3,0
27954.0,52015.0,0,1,1,1,39,14,1,0
24765.0,980.0,0,1,1,1,48,14,1,0
46533.0,-14300.0,0,1,1,0,36,14,6,1
23319.0,4000.0,0,1,1,1,49,13,5,0
21765.0,3.0,0,1,1,0,28,16,1,0
75477.0,14362.0,0,1,1,1,56,16,2,1
53856.0,17934.0,0,1,1,0,45,13,1,0
52170.0,4900.0,0,1,1,1,44,15,1,0
29139.0,-16290.0,0,1,0,1,49,12,5,1
44922.0,0.0,0,1,1,1,46,12,2,1
17880.0,17700.0,1,1,1,1,53,12,1,0
142569.0,101300.0,1,1,1,1,43,16,4,1
146100.0,38900.0,1,1,1,1,38,16,4,1
68715.0,76249.0,1,1,1,1,54,8,3,1
59736.0,161940.0,1,1,1,1,47,15,4,1
39162.0,-1000.0,0,1,0,1,35,13,5,1
84687.0,74800.0,1,1,1,1,40,18,2,1
16320.0,2006.0,0,1,1,0,53,12,2,0
42318.0,6225.0,0,1,1,0,37,12,5,1
53895.0,69699.0,1,1,1,1,54,12,2,1
33540.0,18549.0,1,1,1,1,55,12,2,1
38466.0,5112.0,0,1,1,1,40,14,4,1
26100.0,6100.0,0,1,1,1,56,12,3,1
47754.0,-3253.0,0,1,1,0,39,14,7,1
34950.0,-3501.0,0,1,0,1,43,12,2,0
31221.0,42817.0,1,1,1,0,30,15,1,0
54009.0,27400.0,1,1,1,1,35,16,5,1
17310.0,1450.0,0,1,0,0,31,12,6,0
89388.0,81550.0,0,1,1,1,38,16,2,1
64038.0,-3400.0,0,1,0,1,36,16,4,1
83472.0,33405.0,1,1,1,1,36,16,2,1
68535.0,25794.0,0,1,1,1,44,18,4,1
81252.0,13950.0,0,1,0,1,40,16,5,1
49959.0,151998.0,0,1,1,1,57,12,2,1
52476.0,13849.0,0,1,1,1,44,12,4,1
57186.0,19600.0,0,1,1,1,42,18,1,0
24030.0,-5931.0,1,1,1,1,46,15,2,0
71061.0,6400.0,0,1,0,1,33,15,5,1
64659.0,53650.0,1,1,1,1,43,16,1,0
37242.0,9050.0,1,1,1,1,55,1,3,1
53775.0,92700.0,0,1,1,1,46,14,2,0
21720.0,5800.0,0,1,0,1,33,15,1,0
42408.0,-1840.0,0,1,0,1,33,15,3,1
64500.0,22000.0,0,1,1,1,35,14,1,0
16224.0,-1500.0,0,1,0,0,42,12,6,0
68808.0,55380.0,1,1,0,1,43,16,4,1
62355.0,-4000.0,0,1,0,1,34,16,4,1
18555.0,4764.0,0,1,1,0,42,12,2,1
23910.0,2850.0,0,1,1,0,43,13,4,0
64296.0,22000.0,0,1,1,1,33,12,4,1
23415.0,-9438.0,1,1,1,0,33,14,1,0
102189.0,107257.0,1,1,1,1,44,12,2,1
48900.0,41241.0,1,1,1,1,42,14,3,1
22560.0,0.0,0,1,0,0,40,14,1,0
44040.0,23550.0,1,1,1,0,39,18,3,0
32244.0,2140.0,1,1,1,1,35,12,2,1
25068.0,8025.0,0,1,1,1,34,12,5,1
71205.0,16247.0,0,1,1,1,50,17,2,1
78180.0,32300.0,1,1,1,1,43,13,5,1
48747.0,16040.0,1,1,1,1,45,12,5,1
21630.0,-410.0,0,1,1,0,30,13,3,0
44871.0,16376.0,0,1,1,1,31,16,1,0
23880.0,13000.0,0,1,0,1,56,12,1,0
14283.0,100.0,0,1,0,1,27,15,2,0
36600.0,-2000.0,1,1,0,1,44,12,4,1
43920.0,9600.0,1,1,1,1,44,18,1,0
67350.0,81849.0,0,1,1,1,59,12,2,1
52110.0,-12509.0,1,1,1,1,40,18,4,1
25383.0,22049.0,1,1,1,1,47,12,1,0
16200.0,-1500.0,0,1,1,0,42,14,4,1
58164.0,5300.0,0,1,1,1,37,12,3,1
43281.0,9550.0,1,1,1,1,31,16,3,1
40719.0,2757.0,0,1,0,0,35,14,3,1
29706.0,2280.0,0,1,1,1,41,16,2,0
39015.0,-741.0,0,1,0,0,28,18,2,1
66000.0,6110.0,0,1,0,1,52,14,3,1
69690.0,11300.0,0,1,1,1,43,18,4,1
169962.0,387836.0,1,1,1,1,29,16,2,1
51030.0,31599.0,1,1,1,1,40,15,1,0
57465.0,16600.0,1,1,1,1,42,18,3,1
15372.0,19249.0,0,1,1,1,59,7,2,1
62370.0,-8000.0,0,1,0,0,36,16,6,1
51150.0,21250.0,0,1,1,1,47,13,5,1
47703.0,33748.0,0,1,0,1,37,12,4,1
38376.0,5900.0,0,1,1,0,40,12,2,0
103896.0,171000.0,1,1,1,1,50,14,2,1
29427.0,-3395.0,0,1,0,0,29,12,4,0
66801.0,295898.0,1,1,1,1,40,14,3,1
28410.0,240.0,0,1,1,0,31,7,11,1
16878.0,-3670.0,0,1,0,0,25,16,1,0
34236.0,43432.0,1,1,1,0,47,12,5,1
39996.0,6000.0,1,1,1,1,33,17,2,1
78663.0,15000.0,0,1,1,1,45,15,4,1
23640.0,70050.0,0,1,1,1,45,9,3,1
40650.0,29400.0,0,1,1,0,40,16,1,0
67824.0,5500.0,0,1,1,1,30,12,4,1
57642.0,62030.0,1,1,1,1,41,16,1,0
101589.0,-8334.0,1,1,1,1,45,18,5,1
37872.0,76399.0,0,1,1,1,37,10,2,0
52503.0,3700.0,0,1,1,1,44,12,4,1
76209.0,1516.0,1,1,0,1,48,14,5,1
28032.0,-100.0,0,1,0,0,36,12,1,0
18966.0,-1000.0,1,1,0,1,34,12,5,1
35310.0,3038.0,0,1,0,1,48,12,3,1
44379.0,-4650.0,1,1,0,1,35,13,5,1
28635.0,2300.0,1,1,1,0,27,12,1,0
50070.0,-3475.0,0,1,1,1,45,14,6,1
20400.0,1000.0,0,1,1,1,41,15,2,0
77493.0,39100.0,1,1,1,0,39,14,2,1
61410.0,35199.0,1,1,1,1,39,15,4,1
26505.0,5740.0,1,1,0,1,49,16,2,0
44898.0,31500.0,1,1,1,1,42,13,2,0
32289.0,20699.0,0,1,0,1,42,13,3,1
36348.0,2500.0,0,1,1,1,32,12,3,1
49596.0,40900.0,0,1,0,1,42,12,4,1
93924.0,89600.0,0,1,1,1,39,12,4,1
34095.0,4540.0,0,1,1,1,51,15,1,0
23541.0,-1300.0,0,1,1,0,43,14,1,0
36870.0,-5975.0,0,1,0,1,44,14,4,1
30090.0,19188.0,0,1,1,1,45,14,4,1
71673.0,12220.0,1,1,1,1,31,16,2,1
41574.0,33300.0,1,1,1,0,35,18,2,1
65601.0,42200.0,0,1,0,1,48,15,5,1
10899.0,1000.0,0,1,0,0,39,6,3,0
51102.0,12700.0,0,1,0,1,48,18,4,1
10578.0,6341.0,1,1,0,0,35,15,1,0
29850.0,12418.0,0,1,1,1,64,10,2,1
57414.0,1760.0,0,1,1,1,42,16,5,1
84000.0,111768.0,0,1,1,1,48,17,2,1
21600.0,1800.0,0,1,1,1,34,15,7,1
39045.0,-500.0,0,1,1,1,40,12,3,1
65940.0,94500.0,1,1,1,1,48,18,2,1
46071.0,61567.0,1,1,1,1,60,12,3,1
18297.0,8000.0,0,1,1,1,48,12,2,0
77496.0,78019.0,1,1,1,1,43,18,4,1
73350.0,87750.0,1,1,1,1,53,12,2,1
15363.0,829.0,0,1,1,1,28,12,3,0
45453.0,58950.0,1,1,1,1,50,16,3,0
29772.0,1198.0,0,1,0,1,53,10,2,1
79290.0,41260.0,1,1,0,1,57,16,4,1
68346.0,224400.0,1,1,1,1,59,16,2,1
63894.0,500.0,1,1,1,1,43,18,2,1
40494.0,7575.0,0,1,1,1,53,14,2,0
33363.0,3100.0,0,1,1,1,33,14,4,1
24267.0,-3699.0,0,1,1,1,36,12,5,1
18594.0,5674.0,0,1,1,0,32,12,1,0
26910.0,18500.0,0,1,0,1,40,13,4,1
29586.0,-2258.0,0,1,0,1,35,9,5,1
112509.0,18885.0,0,1,1,1,34,16,3,1
23070.0,2160.0,0,1,1,0,30,12,1,0
49920.0,11100.0,0,1,1,1,32,12,3,1
22950.0,-3364.0,0,1,0,1,48,11,3,0
90258.0,242150.0,1,1,1,1,59,14,2,1
107823.0,15474.0,1,1,1,1,46,17,4,1
18588.0,200.0,0,1,1,0,56,12,2,0
31950.0,42671.0,1,1,1,1,35,16,4,1
103041.0,321000.0,1,1,1,1,61,18,2,1
33471.0,13803.0,0,1,1,0,44,15,1,0
25452.0,42600.0,1,1,1,1,50,14,1,0
9180.0,500.0,0,1,0,0,30,12,4,1
12399.0,13486.0,0,1,1,1,46,9,1,0
88698.0,102800.0,1,1,1,1,40,18,5,1
24480.0,3400.0,0,1,1,0,44,12,3,1
22800.0,33999.0,0,1,1,0,41,12,4,0
62430.0,91900.0,1,1,1,1,28,16,3,1
96153.0,150000.0,1,1,1,1,49,14,3,1
60696.0,42630.0,1,1,1,1,42,18,4,1
51612.0,12300.0,0,1,1,1,44,14,4,1
29196.0,5909.0,1,1,1,0,51,16,5,1
159096.0,79098.0,1,1,1,1,41,18,4,1
53598.0,-69.0,0,1,1,0,28,16,2,1
50889.0,15815.0,0,1,1,0,45,12,1,0
74277.0,4500.0,0,1,1,1,44,14,4,1
54540.0,24217.0,1,1,1,1,50,12,4,1
55908.0,8100.0,0,1,1,1,30,17,2,1
38481.0,17150.0,0,1,1,1,36,13,4,1
61086.0,10200.0,0,1,1,1,46,14,3,1
25800.0,-4575.0,0,1,1,0,31,9,5,1
26580.0,16350.0,0,1,0,1,42,14,5,0
9906.0,0.0,0,1,0,0,34,13,1,0
94200.0,179000.0,1,1,1,1,47,18,4,1
49698.0,20250.0,0,1,1,1,46,14,4,1
91575.0,86432.0,1,1,1,1,45,18,1,0
29061.0,26800.0,0,1,1,1,31,13,3,0
35070.0,-2550.0,1,1,1,1,37,12,5,0
13590.0,730.0,0,1,1,1,29,12,1,0
44226.0,3205.0,0,1,1,1,29,14,4,1
37380.0,100469.0,1,1,1,1,61,8,2,1
36147.0,-71.0,1,1,1,1,34,12,4,1
12240.0,0.0,0,1,0,0,36,12,3,0
13395.0,-230.0,0,1,0,1,43,8,2,0
51732.0,18175.0,1,1,1,1,50,13,4,1
50232.0,8000.0,0,1,1,0,49,12,1,0
50031.0,700.0,0,1,1,1,42,12,6,1
95430.0,324000.0,1,1,1,1,62,16,3,1
37491.0,-2800.0,0,1,1,0,37,12,2,1
25380.0,1700.0,1,1,1,1,25,12,1,0
49710.0,27097.0,1,1,0,0,42,17,3,1
49440.0,55933.0,1,1,0,1,64,15,1,0
22548.0,6450.0,0,1,1,0,36,12,2,1
22413.0,-1845.0,0,1,0,1,30,12,4,1
75759.0,34574.0,1,1,1,1,52,18,2,1
46110.0,21275.0,1,1,1,1,39,14,4,1
57603.0,36800.0,0,1,1,1,54,16,1,0
41334.0,43036.0,1,1,1,0,38,18,1,0
40134.0,9300.0,1,1,1,1,27,12,2,1
9408.0,108221.0,1,1,1,1,42,12,6,1
96369.0,61115.0,1,1,1,1,49,14,4,1
49572.0,5650.0,0,1,1,1,33,16,4,1
78990.0,271859.0,1,1,1,1,60,17,3,1
52572.0,28900.0,1,1,1,1,35,16,2,1
38112.0,19257.0,1,1,1,1,50,12,2,1
38337.0,18300.0,1,1,1,1,60,12,5,1
111636.0,253705.0,1,1,1,1,41,18,4,1
54570.0,0.0,0,1,0,0,48,18,3,1
58548.0,6425.0,0,1,1,1,47,16,3,1
30000.0,-2000.0,0,1,0,0,35,12,2,1
59877.0,22870.0,1,1,1,1,35,9,4,1
89727.0,53322.0,1,1,1,1,36,18,2,1
51048.0,15597.0,0,1,1,0,38,12,3,1
34827.0,-8000.0,0,1,0,0,37,18,2,0
54729.0,24199.0,0,1,1,1,46,12,3,1
51000.0,94400.0,0,1,1,1,55,14,3,1
38931.0,-2958.0,0,1,1,0,26,13,3,1
76974.0,29250.0,0,1,1,1,34,16,5,1
168.0,8000.0,0,1,1,1,29,12,2,0
47139.0,8947.0,0,1,0,1,46,12,4,1
34701.0,30725.0,1,1,1,1,48,18,2,0
71646.0,41950.0,1,1,1,1,48,16,2,0
14436.0,3549.0,0,1,1,1,45,12,1,0
75888.0,31500.0,0,1,1,1,39,16,4,1
53148.0,88759.0,1,1,1,1,53,18,1,0
30558.0,61699.0,1,1,1,1,35,15,4,1
66504.0,43447.0,1,1,1,1,58,18,2,1
9690.0,800.0,0,1,1,1,43,5,6,0
96756.0,27600.0,1,1,1,1,38,16,1,0
26202.0,-5967.0,0,1,1,1,35,12,5,1
36000.0,5800.0,0,1,1,1,41,16,5,0
21753.0,976.0,0,1,1,0,36,8,6,1
42546.0,-9000.0,0,1,0,1,38,12,4,1
55035.0,12400.0,1,1,1,0,40,16,1,0
78879.0,31829.0,1,1,1,1,28,12,4,1
64419.0,3000.0,0,1,1,1,60,18,2,1
26475.0,8749.0,0,1,1,1,42,12,1,0
41763.0,-15532.0,0,1,0,1,37,16,2,0
25641.0,60700.0,0,1,1,1,37,10,4,0
57381.0,18400.0,0,1,1,0,30,16,2,1
63999.0,7099.0,1,1,1,1,39,14,4,1
21726.0,7320.0,1,1,1,1,41,12,4,1
31404.0,700.0,0,1,0,0,48,12,3,1
15303.0,12365.0,1,1,0,0,51,15,1,0
25395.0,12000.0,0,1,1,1,50,11,1,0
42030.0,36108.0,0,1,1,1,38,14,1,0
92514.0,21047.0,0,1,1,0,41,17,2,1
39018.0,49642.0,0,1,1,1,45,18,2,0
37020.0,7299.0,0,1,1,1,40,12,3,1
51975.0,35749.0,1,1,1,1,63,10,2,1
33174.0,14006.0,0,1,1,1,37,15,4,1
32196.0,65200.0,1,1,1,1,59,13,2,0
41850.0,11300.0,0,1,1,1,35,14,5,1
61233.0,26400.0,1,1,0,1,51,12,3,1
53880.0,350700.0,0,1,1,1,32,12,4,1
63261.0,-31500.0,0,1,1,1,59,12,3,1
30795.0,51987.0,1,1,0,0,58,12,2,1
56190.0,14499.0,0,1,1,1,41,18,3,1
24843.0,56290.0,1,1,1,1,56,12,4,1
37887.0,29300.0,1,1,1,1,52,10,2,1
67593.0,4849.0,1,1,1,1,31,16,3,1
55500.0,6055.0,0,1,0,0,38,12,2,1
31830.0,1900.0,1,1,0,1,32,14,1,0
24351.0,500.0,0,1,0,1,33,14,3,1
55944.0,1586.0,0,1,0,1,53,12,2,1
40179.0,26500.0,0,1,1,1,39,14,3,1
114360.0,38479.0,0,1,1,1,44,13,3,1
49359.0,13500.0,0,1,1,1,51,12,2,1
40152.0,97899.0,1,1,1,1,57,14,3,1
20430.0,-1940.0,0,1,1,0,57,18,1,1
62475.0,6975.0,0,1,1,1,26,2,2,1
75003.0,156498.0,1,1,1,1,54,14,2,1
36030.0,2600.0,0,1,0,0,29,16,1,0
117600.0,218400.0,1,1,1,1,55,14,4,1
43452.0,20890.0,1,1,0,1,46,12,5,1
40329.0,6000.0,0,1,1,1,52,14,2,1
28785.0,164700.0,1,1,1,0,59,15,1,0
46050.0,29000.0,1,1,1,0,31,18,1,0
18915.0,5296.0,0,1,1,0,30,12,1,0
57282.0,28579.0,0,1,1,1,36,16,1,0
51489.0,53010.0,1,1,1,1,60,12,2,1
50676.0,13180.0,0,1,1,1,31,12,4,1
25965.0,8601.0,0,1,1,0,34,14,1,0
13497.0,0.0,0,1,0,1,53,11,2,1
38820.0,1750.0,0,1,1,1,44,9,2,0
94758.0,187271.0,1,1,1,1,60,18,2,1
39279.0,17900.0,0,1,1,0,42,18,4,1
49140.0,-7278.0,0,1,0,1,39,12,5,1
36156.0,4800.0,0,1,1,1,44,12,1,0
122802.0,33185.0,1,1,1,1,30,18,2,1
68445.0,1300.0,0,1,1,1,36,14,4,1
42231.0,99169.0,1,1,1,1,61,12,2,1
20025.0,8550.0,0,1,1,0,29,13,2,0
40800.0,-2245.0,0,1,1,0,32,12,5,1
44502.0,44148.0,0,1,1,1,37,13,4,1
8679.0,-727.0,0,1,1,1,28,12,3,1
108420.0,47958.0,1,1,1,1,55,18,3,1
33999.0,3180.0,0,1,1,1,30,18,1,0
65676.0,181830.0,0,1,1,1,38,12,3,1
69150.0,208500.0,1,1,1,1,50,18,4,1
12684.0,-278.0,0,1,1,0,28,12,3,0
36084.0,3350.0,0,1,1,0,28,18,3,0
74370.0,10950.0,0,1,1,0,27,12,3,1
40212.0,-500.0,0,1,1,1,36,16,4,1
16665.0,3500.0,0,1,1,0,37,14,1,0
60090.0,17726.0,1,1,1,1,42,18,1,0
52875.0,10300.0,0,1,1,1,32,18,2,1
67320.0,36199.0,0,1,1,1,45,13,3,1
26430.0,9700.0,1,1,1,0,26,16,2,0
10404.0,-2500.0,0,1,0,1,46,12,1,0
34758.0,22620.0,0,1,1,1,35,12,1,0
74439.0,76585.0,1,1,1,1,43,14,4,1
119460.0,119678.0,1,1,1,1,33,18,6,1
29952.0,8924.0,1,1,1,1,48,12,1,0
37104.0,59350.0,1,1,1,1,57,10,2,1
57834.0,765.0,0,1,1,1,30,16,2,1
36402.0,900.0,0,1,0,1,30,11,5,1
42540.0,30100.0,0,1,1,1,52,12,2,1
56304.0,29400.0,0,1,1,1,45,14,4,1
53112.0,78818.0,1,1,1,1,50,12,2,1
61500.0,112000.0,1,1,1,1,41,17,4,1
57492.0,47449.0,1,1,1,1,47,12,6,1
42750.0,53000.0,0,1,1,1,38,14,4,1
17994.0,23300.0,0,1,1,1,46,12,4,0
115812.0,81370.0,1,1,1,1,37,14,3,1
53946.0,160200.0,0,1,1,1,32,14,3,1
40203.0,37923.0,1,1,0,1,63,12,4,1
48900.0,13090.0,0,1,1,1,35,14,3,1
44094.0,-5600.0,0,1,1,1,26,16,2,1
38400.0,18000.0,0,1,1,1,36,12,1,0
35298.0,56350.0,1,1,1,0,40,14,1,0
93756.0,102349.0,0,1,1,1,55,16,2,1
35832.0,-8000.0,0,1,0,1,33,12,4,1
35046.0,10847.0,0,1,1,0,30,14,1,0
36000.0,13000.0,0,1,1,1,58,12,7,1
47328.0,24200.0,0,1,1,0,55,10,5,1
36447.0,4151.0,0,1,1,1,30,13,1,0
74013.0,119250.0,0,1,1,1,37,18,3,1
27615.0,10999.0,0,1,1,1,39,12,4,1
42915.0,4975.0,1,1,1,1,49,18,3,0
30720.0,-1805.0,0,1,1,0,26,16,1,0
59976.0,77878.0,1,1,1,1,37,18,3,1
30396.0,24499.0,1,1,1,1,46,12,3,1
79872.0,290000.0,1,1,1,1,61,14,3,1
24936.0,685.0,1,1,1,0,43,12,9,1
27000.0,4000.0,0,1,1,0,29,12,1,0
36000.0,1700.0,0,1,1,1,31,12,5,1
27462.0,481.0,0,1,1,1,29,14,5,1
31050.0,20700.0,0,1,1,0,26,17,1,0
71100.0,-14995.0,0,1,0,1,33,12,5,1
38007.0,1100.0,0,1,0,1,42,12,5,1
39996.0,6050.0,1,1,1,1,32,13,5,1
23985.0,25300.0,1,1,1,1,46,12,1,0
116199.0,2100.0,1,1,1,1,55,14,2,1
25686.0,-1800.0,0,1,1,1,33,13,4,1
68739.0,40416.0,1,1,1,1,38,13,4,1
26538.0,17250.0,0,1,1,0,38,17,1,0
30636.0,-4609.0,1,1,1,1,31,18,4,1
62430.0,73150.0,0,1,1,1,48,18,6,1
40767.0,28247.0,1,1,1,1,54,12,2,1
41238.0,108470.0,1,1,1,1,53,12,2,1
7914.0,230.0,0,1,1,0,28,12,3,1
41583.0,-23550.0,0,1,1,0,27,16,3,1
64044.0,2427.0,0,1,1,0,40,16,2,0
54510.0,50300.0,0,1,1,1,51,12,4,1
42906.0,1350.0,0,1,0,1,34,12,4,1
31368.0,-13517.0,1,1,1,1,52,12,3,1
18507.0,10307.0,0,1,1,1,46,13,2,1
32244.0,-3978.0,0,1,1,0,29,14,1,0
49272.0,67100.0,1,1,1,1,54,12,2,1
33177.0,-11199.0,0,1,0,0,40,12,1,0
34935.0,17460.0,0,1,1,1,50,18,1,0
16719.0,425.0,0,1,1,1,47,12,3,0
31056.0,5640.0,0,1,1,1,47,9,6,1
35700.0,48330.0,0,1,1,1,57,11,3,1
56058.0,840.0,0,1,1,1,34,12,3,1
100011.0,63249.0,1,1,1,1,46,18,1,0
53550.0,81270.0,0,1,1,1,30,16,2,1
131781.0,132500.0,1,1,1,1,41,17,4,1
17442.0,52500.0,0,1,1,1,63,12,2,0
59469.0,-2900.0,0,1,0,1,38,17,3,1
14532.0,2600.0,0,1,1,0,26,13,3,1
50625.0,206100.0,1,1,1,1,56,12,3,1
25758.0,-1255.0,0,1,1,1,30,17,2,1
37530.0,5900.0,0,1,1,1,44,14,4,1
15306.0,-7404.0,0,1,1,0,36,6,6,1
89451.0,7526.0,0,1,1,0,37,18,3,1
55806.0,34879.0,1,1,0,1,40,18,1,0
42639.0,78700.0,1,1,0,1,47,18,2,0
82575.0,22332.0,0,1,0,1,45,14,7,1
47316.0,28762.0,1,1,1,1,45,16,1,0
51480.0,32150.0,0,1,1,1,26,16,2,1
41592.0,-2135.0,0,1,1,1,49,12,4,1
38712.0,7465.0,0,1,1,1,38,12,4,1
81000.0,39150.0,1,1,1,1,44,12,2,1
21630.0,2999.0,0,1,1,1,35,14,1,0
10755.0,36025.0,0,1,1,0,60,12,1,0
20232.0,-3700.0,0,1,0,0,48,10,10,1
36300.0,9400.0,0,1,1,1,46,13,2,1
33816.0,3600.0,0,1,1,1,58,8,3,1
81948.0,1536798.0,1,1,1,1,53,14,2,1
49728.0,26168.0,0,1,1,1,43,12,3,1
29703.0,-20460.0,0,1,1,1,43,16,1,0
53736.0,21550.0,0,1,1,1,40,13,5,1
48594.0,4870.0,0,1,1,1,37,13,5,1
75600.0,101010.0,1,1,1,1,46,18,4,1
46323.0,8476.0,0,1,1,1,29,12,4,1
69612.0,1771.0,0,1,1,1,32,16,4,1
75045.0,15799.0,0,1,1,1,32,18,4,1
29040.0,125000.0,0,1,1,0,54,14,1,0
11310.0,24039.0,0,1,1,1,48,12,3,1
40710.0,114335.0,1,1,1,1,55,9,2,1
18468.0,1075.0,0,1,1,0,59,12,1,0
110316.0,86582.0,1,1,1,1,60,18,3,1
46161.0,25299.0,0,1,0,0,34,10,2,1
60069.0,30500.0,0,1,1,1,42,18,4,1
18012.0,3487.0,0,1,1,0,38,12,1,0
58050.0,103300.0,1,1,1,1,43,15,2,1
35676.0,-997.0,0,1,0,1,60,13,4,1
31470.0,6140.0,1,1,1,1,26,14,4,1
44160.0,37600.0,0,1,1,1,27,16,1,0
58173.0,22450.0,0,1,0,1,31,16,2,1
52836.0,37650.0,0,1,1,1,50,13,2,1
35706.0,-50.0,0,1,1,0,29,12,5,1
90900.0,81200.0,0,1,1,1,52,18,2,0
46818.0,1800.0,1,1,1,1,39,13,4,1
45963.0,162564.0,1,1,0,0,54,18,1,0
33840.0,42500.0,1,1,1,1,49,12,2,0
62700.0,68750.0,0,1,1,1,56,11,2,1
51153.0,27930.0,1,1,1,1,43,18,5,1
70263.0,90090.0,0,1,1,1,48,12,4,1
100845.0,196400.0,1,1,1,1,33,13,2,1
73212.0,-4200.0,0,1,0,1,26,12,2,1
36195.0,-290.0,0,1,1,1,40,16,4,1
27036.0,7460.0,0,1,1,0,57,13,1,0
43536.0,-4401.0,0,1,0,0,40,17,3,0
28713.0,-95.0,0,1,1,1,33,11,2,0
36024.0,200.0,0,1,0,1,49,18,3,0
44535.0,46507.0,0,1,1,1,26,12,2,1
41634.0,17099.0,0,1,0,1,42,12,4,1
21192.0,24351.0,0,1,1,1,64,11,2,1
42036.0,9200.0,0,1,1,1,35,18,2,1
57195.0,35310.0,0,1,1,1,49,13,5,1
7854.0,2300.0,0,1,1,0,50,10,5,0
43425.0,30200.0,0,1,1,1,33,16,5,1
45015.0,680.0,0,1,1,1,51,13,4,1
68676.0,1050.0,0,1,1,1,39,12,4,1
54330.0,80000.0,1,1,1,1,43,14,2,0
28293.0,4615.0,0,1,1,0,34,13,4,1
31905.0,15599.0,0,1,1,0,31,12,2,0
19254.0,13300.0,0,1,1,0,34,12,2,0
70845.0,200000.0,1,1,1,1,57,14,2,1
99600.0,117080.0,1,1,1,1,48,16,3,1
67092.0,126000.0,1,1,1,1,56,12,2,1
69600.0,109000.0,0,1,1,1,46,18,1,0
49380.0,37400.0,0,1,1,1,56,12,4,1
56958.0,66845.0,1,1,1,1,58,12,1,0
28113.0,89509.0,0,1,0,1,57,12,3,1
55779.0,23167.0,0,1,1,0,46,16,1,0
33645.0,-8340.0,0,1,1,1,44,18,1,0
41058.0,38400.0,0,1,1,0,31,18,1,0
58911.0,19250.0,1,1,0,1,35,16,3,1
88764.0,57700.0,0,1,1,1,38,15,2,1
70047.0,75422.0,1,1,1,1,52,18,3,1
26103.0,2030.0,0,1,1,1,47,12,2,0
40389.0,-6060.0,0,1,1,1,56,16,2,1
43230.0,8700.0,0,1,1,0,26,18,1,0
27105.0,-5520.0,0,1,1,1,42,14,2,0
39894.0,17399.0,1,1,1,1,46,12,3,1
79701.0,12900.0,0,1,0,1,52,13,6,1
85158.0,140397.0,1,1,1,1,48,15,2,1
43605.0,33749.0,1,1,1,0,29,16,2,1
44400.0,24400.0,0,1,1,1,47,12,3,0
43536.0,1821.0,0,1,1,1,44,12,4,1
54456.0,26000.0,1,1,1,1,42,12,3,1
46140.0,1998.0,0,1,0,1,52,18,2,1
40503.0,62250.0,0,1,1,1,32,12,4,1
54996.0,7100.0,0,1,1,1,27,15,3,1
52404.0,6250.0,1,1,1,0,32,13,4,1
17592.0,9034.0,0,1,1,0,39,14,1,0
10368.0,4947.0,1,1,1,1,40,12,3,1
51288.0,2167.0,0,1,0,0,34,16,4,1
40581.0,129998.0,1,1,1,1,57,18,2,1
100002.0,10799.0,0,1,1,1,50,12,1,0
9300.0,-700.0,0,1,0,0,41,12,1,0
66939.0,34047.0,0,1,1,1,33,12,6,1
26790.0,8591.0,1,1,1,0,41,18,1,0
16854.0,-6472.0,0,1,1,1,26,14,3,0
66759.0,17000.0,0,1,0,1,60,13,2,0
28047.0,14099.0,0,1,1,1,54,18,1,0
24966.0,57184.0,1,1,1,1,62,15,1,0
55464.0,67703.0,0,1,1,1,40,12,5,1
61410.0,5800.0,0,1,1,1,26,13,2,1
42147.0,6999.0,0,1,1,0,47,12,4,1
25977.0,61887.0,1,1,1,1,58,18,2,1
100296.0,28200.0,0,1,1,1,32,17,2,1
33639.0,5248.0,0,1,0,1,46,12,4,1
40971.0,-9968.0,0,1,1,1,29,12,3,1
27582.0,9700.0,0,1,0,1,33,13,2,0
34506.0,13560.0,0,1,1,1,36,11,4,1
74100.0,67020.0,1,1,1,1,45,16,5,1
64215.0,40000.0,1,1,1,1,49,16,4,1
32109.0,9500.0,1,1,0,1,29,13,1,0
11649.0,2500.0,0,1,1,0,25,12,2,0
17820.0,197590.0,0,1,1,1,48,13,4,1
12291.0,20000.0,0,1,1,1,41,13,5,1
86412.0,109230.0,1,1,1,1,35,16,4,1
78972.0,80500.0,1,1,1,1,59,14,2,1
45870.0,5581.0,0,1,1,1,38,12,2,1
68019.0,56805.0,1,1,1,1,36,16,4,1
15300.0,-5600.0,0,1,0,0,45,14,2,0
28725.0,3150.0,0,1,1,1,32,10,5,1
32436.0,66484.0,1,1,1,0,50,16,2,0
26190.0,63249.0,1,1,0,1,50,12,2,1
10200.0,68.0,0,1,1,0,53,6,4,1
19440.0,-425.0,0,1,0,1,37,14,3,0
54543.0,8200.0,0,1,1,1,44,16,6,1
59976.0,24087.0,1,1,1,1,55,18,3,1
53670.0,14099.0,0,1,1,1,36,15,3,1
97365.0,128950.0,1,1,1,1,49,18,4,1
42480.0,5900.0,0,1,1,1,43,17,2,0
29238.0,57185.0,0,1,1,1,53,18,2,1
74850.0,25000.0,0,1,1,0,44,16,1,0
37515.0,49999.0,1,1,1,1,31,18,1,0
29739.0,3429.0,0,1,1,0,28,16,3,1
95580.0,25800.0,1,1,1,1,46,16,2,1
28956.0,8000.0,0,1,1,1,34,12,5,1
156600.0,47000.0,1,1,1,1,44,16,3,1
40362.0,3225.0,0,1,1,0,46,12,4,1
67434.0,5899.0,0,1,1,1,40,13,4,1
119364.0,72100.0,1,1,0,1,50,17,2,1
75159.0,14000.0,0,1,1,1,35,15,3,1
27891.0,26900.0,0,1,1,1,44,14,1,0
12864.0,2377.0,0,1,1,0,49,12,4,0
31494.0,12700.0,0,1,1,1,31,14,4,1
21582.0,660.0,0,1,0,1,30,14,5,1
29637.0,-310.0,0,1,1,0,31,14,3,1
58659.0,92384.0,0,1,1,1,46,12,3,1
66000.0,5270.0,0,1,1,0,53,15,2,0
42975.0,15700.0,0,1,1,0,39,14,2,1
64737.0,514.0,0,1,0,1,35,18,4,1
13506.0,-4936.0,0,1,1,1,36,12,3,1
38220.0,38000.0,1,1,1,1,42,13,5,1
16446.0,2301.0,0,1,1,0,43,12,1,0
14523.0,1199.0,0,1,1,1,26,13,2,1
16812.0,32900.0,0,1,1,1,42,13,1,0
61377.0,8400.0,0,1,1,0,39,13,5,1
70896.0,52288.0,1,1,0,1,52,12,2,1
44430.0,869.0,0,1,1,1,38,12,6,1
50163.0,53525.0,0,1,1,1,55,12,3,0
60.0,-2000.0,0,1,0,1,38,12,2,0
17535.0,199.0,0,1,0,1,51,13,3,0
18312.0,800.0,0,1,1,1,25,12,1,0
72960.0,32000.0,0,1,1,1,33,12,4,1
73920.0,98858.0,0,1,1,1,52,16,1,0
42927.0,6230.0,1,1,1,1,41,14,4,1
23619.0,6099.0,1,1,0,0,40,16,2,0
14280.0,-32.0,0,1,1,0,47,6,4,0
11112.0,5000.0,0,1,1,0,33,14,1,0
